idx,prompt,gold,generated_response,bleurt_score,hallucination_label,small_llm,large_llm
5,Answer the question concisely. Q: Rita Coolidge sang the title song for which Bond film? A:,"['Kamal kahn', 'List of Bond girls in Octopussy', 'Magda (James Bond)', 'List of James Bond allies in Octopussy', 'Vijay (James Bond)', 'Bond 13', 'Octopussy (character)', 'Penelope Smallbone', 'Octopussy', 'General Orlov', 'Kamal Khan', 'Octopussy (film)', 'List of James Bond villains in Octopussy', 'Jim Fanning (James Bond)']", Octopussy.,0.8384029865264893,0,0,0
6,Answer the question concisely. Q: What was the last US state to reintroduce alcohol after prohibition? A:,"['Utah (State)', 'Forty-Fifth State', 'Sports in Utah', 'Climate of Utah', 'Education in Utah', 'UT (state)', 'Utahn', 'Yutas', 'Geography of Utah', 'Utah', 'Utah, United States', 'Utah state nickname', 'History of mining in Utah', 'State of Utah', 'Religion in Utah', 'Utah (U.S. state)', 'Transportation in Utah', 'Beehive State', 'US-UT', 'Utah (state)', 'Forty-fifth State', 'Utahan', 'Politics of Utah', 'Salt Lake Seagulls', '45th State', 'History of Utah (to 1847)', 'The Beehive State', 'Youtah', 'Transport in Utah']"," Mississippi, in 1966.",0.10166594386100769,1,1,1
18,Answer the question concisely. Q: Who had an 80s No 1 hit with Hold On To The Nights? A:,"['Richard Noel Marx', 'Richard Marx']", REO Speedwagon.,0.06223130226135254,1,1,1
24,Answer the question concisely. Q: If I Were A Rich Man Was a big hit from which stage show? A:,"['Fiddler on a Roof', 'Fiddler on the roof', 'Sprintze', 'Fiddler On the Roof', '2 life', 'Fiddler On The Roof', 'The Fiddler on the Roof', 'Fiddler on the Roof', 'Fiddler on the reoof', 'Anatevka']", Fiddler on the Roof.,0.8830674886703491,0,0,0
30,Answer the question concisely. Q: What was President Gerald Ford's middle name? A:,"['Rudolph (disambiguation)', 'Rudolph', 'Rudolf', 'Rodolph', 'Rodolphe']"," ""Ford"" was his middle name.",0.10079550743103027,1,1,1
52,Answer the question concisely. Q: Who had a Too Legit To Quit Tour? A:,"['M. C. Hammer', 'Hammer (rapper)', 'Family Affair(MC Hammer album)', 'Mc Hammer', 'Too Tight(MC Hammer album)', 'Stanley Burrell', 'Stanley Kirk Burrell', 'M c hammer', 'Mchammer', ""You Shouldn't Touch This"", 'Mc hammer', 'M.C. Hammer', 'Family Affair (MC Hammer album)', 'McHammer', 'MC Hammer', 'Stanley K. Burrell', 'Wiredoo', 'WireDoo', 'The hammer crew', 'Too Tight (MC Hammer album)']", MC Hammer.,0.8201039433479309,0,0,0
57,Answer the question concisely. Q: River Phoenix died during the making of which movie? A:,"['Dark Blood (film)', 'Dark Blood']", The Crow.,0.07782553136348724,1,1,1
64,Answer the question concisely. Q: Who was the first US-born winner of golf's British Open? A:,"['Walter Hagen', 'Hagen, Walter', 'Walter Charles Hagen']", Bobby Jones.,0.12631428241729736,1,1,1
83,Answer the question concisely. Q: Who set fire to his guitar at the Monterey Pop festival in 19676? A:,"['Hendrix', 'Lithofayne Pridgeon', 'Jimi hendrix', 'Early life of jimi hendrix', 'Villanova Junction', 'James Marshall Hendrix', 'Jimmi Hendrix', 'Jimy Hendrix', 'Johnny Allen Hendrix', 'Jimmy hendrix', 'Jimmy Hendricks', 'Gypsy Sun and Rainbows', 'Jimmy Hendrix', 'Electric Church', 'Janie Hendrix', 'Early life of Jimi Hendrix', 'Heaven Research', 'Jim Hendrix', 'Al Hendrix', 'Gypsy Suns and Rainbows', 'James Hendrix', 'Jimi Hendrix']", Jimi Hendrix.,0.8034434914588928,0,0,0
89,Answer the question concisely. Q: Benina international airport is in which country? A:,"['Free Democratic Libya', 'LIBYA', 'Islamic Republic of Libya', 'Libya (National Transitional Council)', 'Republic of Libya', 'Libya', 'State of Libya', 'Libyan Republic (2011)', 'Libyan Republic', 'ⵍⵉⴱⵢⴰ', 'ليبيا', 'Libiyah', 'LBY', 'Etymology of Libya', 'Al-Jamahiriya al-%60Arabiyah al-Libiyah ash-Sha%60biyah al-Ishtirakiyah al-Uzma', 'Largest cities in Libya', 'Lībiyā', 'Lybya', 'Free Libya', 'Libiya', 'ISO 3166-1:LY']", Libya.,0.7413452863693237,0,0,0
101,Answer the question concisely. Q: Which Joan's career revived in Whatever Happened to Baby Jane? A:,"['Crawford (disambiguation)', 'Crawford village', 'Crawford', 'Crawford (village)']", Bette Davis.,0.09565432369709015,1,1,1
122,Answer the question concisely. Q: What is Harrison Ford's real name? A:,"['Harrison Ford (actor)', 'Harrison ford', 'Harrison Ford', 'Harison Ford', 'Ford, Harrison']", Harrison Ford.,0.8117466568946838,0,0,0
125,Answer the question concisely. Q: What was Pete Sampras seeded when he won his first US Open? A:,"['twelve', '12']", 1.,0.0844578891992569,1,1,1
154,Answer the question concisely. Q: In which decade of the 20th century was Anne Bancroft born? A:,"['1930’s', 'Thirties', '1930s literature', 'Nineteen-thirties', '1930–1939', '1930-1939', ""'30s"", '1930s', ""1930's"", '%6030s', '1930s (decade)', 'The Thirties']", 1931.,0.5491193532943726,0,1,1
158,Answer the question concisely. Q: Who designed the dress which made the most at Diana's dress auction? A:,['Victor Edelstein'], David Emanuel.,0.12998200953006744,1,1,1
159,Answer the question concisely. Q: Which Palestinian co-founded al Fatah in 1957? A:,"['Yasir Arafat', ""Yasir 'Arafat"", 'Jassir Arafat', 'Abu Ammar', ""Yasser 'Arafat"", 'محمد عبد الرحمن عبد الرؤوف عرفات القدوة الحسيني', 'Abū %60ammār', 'Mohammed Abdel Rahman Abdel Raouf Arafat Al Qudua Al Husseini', 'Yaser Arafat', 'Mohammed Abdel Rahman Abdel Raouf Arafat al-Qudwa al-Husseini', 'Ashraf al-Kurdi', 'Muhammad Abd ar-Rauf al-Qudwah al-Husayni', 'Abu Amar', 'Mohammed Abdel-Raouf Arafat As Qudwa al-Hussaeini', 'Death of yasser arafat', 'Yasser Arafet', 'Yasser Arafat', 'Death Of Yasser Arafat', 'Yassir Arafat', 'Death of Arafat', 'Muhammed al-Qudwa al-Husseini', 'Yasir Arafat (Disambiguation)', 'Illness of Yasser Arafat', 'Yassar Arafat']", Yasser Arafat.,0.9000261425971985,0,0,0
166,Answer the question concisely. Q: South Pacific was set during which war? A:,"['The Second world war', 'WorldWar2', 'WW2', 'Second World war', 'WwII', 'War World Two', 'World War II', 'Second Great War', 'The 2nd World War', 'WW-II', '2nd world war', 'World War two', 'The second world war', 'The second great war', 'World war 2', 'Ww2', 'The Origins and Commencement of World War II', 'World War ll', 'WW II', 'Second World War', 'World-War II', 'W.W.2', 'WarII', 'War World II', 'War World 2', 'World War 2', 'World War II countries and Leaders', 'The Second World War', 'World war ii', 'Countries in the Second World War', 'Second World War: The History and the Events', 'World war II', 'WWII', 'Second world War', ""Ww2'"", 'Wwii', 'Nazi occupation', 'World War, 1939-1945', 'Second World Wars', 'WWTWO', '2nd World War', 'II World War', 'W.W. II', 'World War ii', 'World War Ⅱ', 'WW-2', '2w2', 'Second world war', 'World war two', 'IIWW', 'W.W.II', 'World War II/Infobox', 'Segunda Guerra Mundial', 'WW 2', 'WW@', 'Word war II', 'Guerre mondiale II', '2nd World war', 'World War II/Edited Text', 'World War Two']", World War II.,0.8340665698051453,0,0,0
172,Answer the question concisely. Q: Which actress wrote the novel The Last of the Really Great Whangdoodles? A:,"['Julia Elizabeth Wells', 'Julie Elizabeth Andrews, DBE', 'Julie Andrews Edwards', 'Julie Wells', 'Julie Elizabeth Wells', 'Julie Elizabeth Andrews', 'Dame Julie Andrews', 'Julie Elizabeth Andrews DBE', 'Julie andrews', 'Julie Andrews']", Anne Tyler.,0.16992966830730438,1,1,1
208,"Answer the question concisely. Q: What is the name of the group of 1,196 islands in the North Indian Ocean, none bigger than five square miles? A:","['Religion in the Maldives', 'Maldivian Republic', 'The Republic of the Maldives', 'Iru fushi', 'Republic of Maldives', 'Sultanate of Maldives', 'Largest cities in the Maldives', 'ISO 3166-1:MV', 'Maldive islands', 'Maldives island', 'ދިވެހިރާއްޖޭގެ ޖުމުހޫރިއްޔާ', 'Dehevi Jumhuriyya', 'Sultanate of the Maldives', 'The Maldives', 'The Maldivies', 'Maldives/History', 'Maldivas', 'Maldives', 'Environmental issues in the Maldives', 'Rep Of Maldives', 'Indian/Maldives', 'Irufushi', 'Employment & Labour in Maldives', 'Maledives', 'Islamic Republic of the Maldives', 'Government of Maldives', 'Rep of Maldives', 'Republic of the Maldive Islands', 'The Republic of Maldives', 'Maldive', 'Etymology of Maldives', 'ދިވެހިރާއްޖެ', 'Republic of the Maldives']", The Maldives.,0.8622602820396423,0,0,0
211,Answer the question concisely. Q: What is the principal language of Bulgaria? A:,"['Bulgarian', 'Bulgarian (disambiguation)']", Bulgarian.,0.7364407181739807,0,0,0
227,Answer the question concisely. Q: What type of coal is brown and fibrous? A:,"['Xyloid coal', 'Brown coal', 'Xyloid lignite', 'Perfect lignite', 'Lignite coal', 'Uses of lignite', 'Compact lignite', 'Lignite']", Lignite.,0.89628005027771,0,0,0
255,Answer the question concisely. Q: What is the second most common gas in the atmosphere? A:,"['Oxyjunn', 'Oxygen rings', 'Active oxygen', 'Vital air', 'ATC code V03AN01', 'ATCvet code QV03AN01', 'History of oxygen', 'Atomic number 8', 'Oxygyn', 'Oxygen gas', 'O₂', 'Dioxygen molecule', 'Diatomic oxide', 'Diatomic Oxygen', 'Oxygen ion', 'Sauerstoff', 'Oxygen', 'Oxygen partial pressure', 'Pure oxygen', 'Oxygen atom', 'Molecular oxygen', 'Oxygen Atom', 'Element 8', 'O (element)', '0xygen', 'Oxigen', 'E948']", Nitrogen.,0.40269696712493896,1,1,1
259,Answer the question concisely. Q: What is the approximate circumference of the earth? A:,"['24,900 miles']"," 40,000 km.",0.3818163275718689,1,0,0
287,Answer the question concisely. Q: In which year was the Encyclopedia Britannica first published? A:,"['1768', 'one thousand, seven hundred and sixty-eight']", 1768.,0.6865074634552002,0,0,0
316,"Answer the question concisely. Q: Which serial killer is the subject of the films A Study In Terror, Murder By Decree and From Hell? A:","['Whitechapel Murderer', 'Annie Millwood', 'Jack the ripper', 'Fairy Fay', 'Leather Apron', 'Jack The Ripper', 'Ripperology', 'Jack the Ripper non-fiction', 'Ripperologists', 'Leatherapron', 'Jack the Ripper', 'Jack-the-Ripper', 'Whitechapel murderer', 'The Whitechapel murderer', 'Ripperologist', 'Annie Farmer', 'Leather apron', 'The Pinchin Street Murder', 'Ada Wilson', 'Jack the rippers victims', 'The Whitechapel Murderer']", Jack the Ripper.,0.8576177358627319,0,0,0
320,Answer the question concisely. Q: The melody for which famous song was written by sisters and school teachers Patty and Mildred Hill in Kentucky in 1893? A:,"['Happy Birthday (song)', 'Happy Birthday (disambiguation)', 'Hapy birthday', 'Happy birthday', 'Happy Birthday (album)', 'Happy Birthday (film)', 'Happy Birthday']", Happy Birthday to You.,0.6078311800956726,0,0,0
336,Answer the question concisely. Q: Which brand of beer does Homer Simpson drink regularly? A:,"['Duff', 'Duff (disambiguation)']", Duff.,0.6050705909729004,0,0,0
349,Answer the question concisely. Q: What is the alcoholic ingredient of Irish coffee? A:,"['Whiskies', 'Uisge beatha', 'Whisk(e)y', 'Tarantula juice', 'Usquebaugh', 'Hot whiskey', 'Whiskey', 'Wiskey', 'Craythur', 'Usquebeathe', 'Whisky']", Irish whiskey.,0.46900129318237305,1,0,0
372,Answer the question concisely. Q: What name is given to a baby marsupial? A:,"['Joey (disambiguation)', 'Joey (song)', 'Joey (film)', 'Joey']", A joey.,0.06317462027072906,1,0,0
382,Answer the question concisely. Q: Which song begins with the line The taxman's taken all my dough? A:,['Sunny Afternoon']," The Beatles' ""Taxman"" (1966).",0.1904093325138092,1,1,1
386,Answer the question concisely. Q: Which actress married Dennis Quaid on Valentine's Day in 1991? A:,"['Margaret Hyra', 'Margaret Emily Mary Hyra', 'Megan ryan', 'Kathryn Sedgwick', 'Margrit Mary Hyra', 'Meg Ryan', 'Margrit Emily Mary Hyra', 'Margaret Mary Emily Hyra', 'Margrit Hyra', 'Margaret Emily Hyra', 'Margaret Mary Hyra', 'Margrit Mary Emily Hyra', 'Margaret Mary Emily Anne Hyra', 'Margrit Emily Hyra']", Meg Ryan.,0.8392040729522705,0,0,0
397,Answer the question concisely. Q: Which stand-up comedian presents 8 Out Of 10 Cats and Distraction? A:,"['Jimmy Carr', 'Karoline Copping', 'Joke Technician', 'Jimmy car']", Jimmy Carr.,0.8480955362319946,0,0,0
401,Answer the question concisely. Q: Which planet has moons named after Shakespearean characters? A:,"['Magnetosphere of Uranus', 'Sol 7', 'Georgium Sidus', 'HD 128598', 'Planet Uranus', 'SAO 158687', '7th planet', 'Urano (planet)', '♅', 'Sol-7', 'Uranus (planet)', 'Discovery of Uranus', 'Seventh planet', 'Sol h', 'Sun h', 'Sol VII', '34 Tauri', ""George's Star"", '⛢', 'Uranus (astronomy)', 'Uranos (planet)', 'Uranus (Planet)', 'Georgian planet', 'Uranus', 'Astronomy Uranus']", Uranus.,0.816720724105835,0,0,0
410,Answer the question concisely. Q: Anna Nicole Smith was controversially married to which oil billionaire? A:,"['J. Howard Marshall II', 'Jay Howard Marshall', 'J Howard Marshall', 'J. Howard Marshall']", J. Howard Marshall.,0.8888189792633057,0,0,0
419,Answer the question concisely. Q: Who was the first person to sell one million records? A:,"['Errico Caruso', 'Enrico Caruso', 'Enrique Caruso']", The Beatles.,0.058513231575489044,1,1,1
423,Answer the question concisely. Q: Suger Mice was a 1987 single for which British rock band? A:,"['In The Last Waking Moments', 'Marillon', 'Marillion']", The Smith,0.06388511508703232,1,1,1
426,Answer the question concisely. Q: In Greek mythology who was the twin of Polydeuces? A:,"['Castor (disambiguation)', 'Castor', 'CASTOR']", Castor.,0.7170921564102173,0,0,0
428,Answer the question concisely. Q: What is Robin Williams character called in Good Morning Vietnam? A:,"['Adrian', 'Adrián']", Adrian Cronauer.,0.31825461983680725,1,0,1
430,Answer the question concisely. Q: Who stars in the 2008 movie Seven Pounds? A:,"['Sheree Zampino', 'Willard Christopher %22Will%22 Smith, Jr.', 'Willard Christopher Smith III', 'Will smith', 'Will Smith., Ltd.', 'Will Smith', 'Wil smith', 'Will Smif', 'List of songs recorded by Will Smith', 'WillSmith', 'Willard Christopher Smith, Jr.', 'Willard Christopher Smith', 'Willard Carroll Trey Smith III', 'Trey Smith (Will Smith)', 'Will S.', 'Willard Smith, Jr.', 'Fresh Prince (rapper)']", Will Smith.,0.8023513555526733,0,0,0
440,Answer the question concisely. Q: Which famous cowboy was created by George W. Trendle? A:,"['Lone Ranger (comics)', 'The Lone Ranger (film project)', 'The Lone Ranger', 'Lone Ranger', 'Hi-yo, Silver, away!', 'Silver (horse)']", The Lone Ranger.,0.8716564178466797,0,0,0
448,Answer the question concisely. Q: What is the full name of the train robber played by Phil Collins in a 1988 movie? A:,"['Buster Edwards', 'Ronald %22Buster%22 Edwards']", The train robber's name is Frank.,0.19456017017364502,1,1,1
454,"Answer the question concisely. Q: The 1955 comedy movie We're No Angels centred on three escaped convicts. Peter Ustinov and Aldo Ray were two, but who played the third? A:","['Humphrey boggart', 'Stephen Bogart', 'Humphrey bogart', 'Humphry Bogart', 'Humphrey DeForest Bogart', 'Tennis anyone', 'Bogart', 'Humphrey Bogart', 'Humprey Bogart']", Humphrey Bogart.,0.8718599081039429,0,0,0
456,Answer the question concisely. Q: Which country grows the largest number of mangoes? A:,"['ഭാരത മഹാരാജ്യം', 'هندستانڀارت،', 'भारतीय गणराज्याच्या', 'Bhārtiya Prajāsattāk', 'Indian Republic', 'ভারতরাষ্টৃ', 'Indian republic', 'ಭಾರತ ಗಣರಾಜ್ಯ', 'Union of India', 'இந்தியக் குடியரசு', 'भारतीय प्रजासत्ताक', 'India (country)', 'ISO 3166-1:IN', 'Indea', 'Etymology of India', 'ভারত গণরাজ্য', 'Republic Of India', 'INDIA', 'ભારતીય ગણતંત્ર', 'ভারত', 'Republic of India', 'Les Indes', 'Bhārat Gaṇarājya', 'جمہوٗرِیت بًارت', 'भारतमहाराज्यम्', 'Indya', 'Bharat Ganrajya', 'جمہوریہ بھارت', 'இந்திய', 'ଭାରତ ଗଣରାଜ୍ଯ', 'भारत गणराज्य', 'Republic of india', 'जुम्हूरियत भारत', 'Hindio', 'The Republic of India', 'భారత గణతంత్ర రాజ్యము', ""India's"", 'Hindistan', 'ਭਾਰਤ ਗਣਤੰਤਰ', 'Bhart', 'India', 'భారత రిపబ్లిక్', 'India.', 'ভাৰত গণৰাজ্য', 'Indian State', 'ISO 3166-1 alpha-3/IND', 'ভারতীয় প্রজাতন্ত্র']", India.,0.8493145108222961,0,0,0
465,Answer the question concisely. Q: Which architect was known as the Wizard of the Dome? A:,"['BUCKY function', 'World around', 'Buckminister fuller', 'Robert Buckminster Fuller', 'Richard buckminster fuller', 'Buckminster fuller', 'Buck Fuller', 'Richard Buckminster Fuller', 'Sunclipse', 'Bucky Fuller', 'Buckminister', 'World-around', 'R. Buckminster Fuller', 'Buckminster Fuller', 'Wizard of the Dome', 'Richard Buckminster “Bucky” Fuller', 'R Buckminster Fuller', 'Buckmaster Fuller', 'Buckminister Fuller']", Antoni Gaudi.,0.08796145021915436,1,1,1
478,"Answer the question concisely. Q: Which 1986 Peter Weir movie and based on a Paul Theroux novel starred Harrison Ford, Helen Mirren and River Phoenix? A:","['The Mosquito Coast', 'The Mosquito Coast (Film)', 'The Mosquito Coast (film)']", The Mosquito Coast.,0.8754520416259766,0,0,0
490,Answer the question concisely. Q: Who designed Madonna's wedding dress for her marriage to Guy Ritchie? A:,"['Stella Nina McCartney', 'Alasdhair Willis', 'Stella Mc Cartney', 'Stella McCartney for Chloe', 'Alistair Willis', 'Stella mccarteny', 'Stella McCartney', 'Stella mccartney']", John Galliano.,0.12593480944633484,1,1,1
499,Answer the question concisely. Q: What kind of an animal is a wireworm? A:,"['The Beetle', 'The beetle', 'Beetle (disambiguation)', 'A Beetle']", A wireworm is a larva of a click beetle.,0.24035581946372986,1,1,1
508,Answer the question concisely. Q: Which Eastenders character had a dog called Willy? A:,['Ethel Skinner'], Pat Butcher.,0.15025871992111206,1,1,1
515,"Answer the question concisely. Q: If you heard the catchphrase ""They're great"" what would expect to be advertised? A:","['Frosted Rice', 'Tiger Power', 'Frosted Flakes', 'Cinnamon Krunchers', ""Kellog's Frosted Flakes"", 'Zucaritas', 'Whole Grain Tiger Power', ""They're gonna taste great"", ""Tony's Cinnamon Krunchers"", 'Frosted Flakes of Corn', 'Cocoa Frosted Flakes', ""Kellogg's Frosted Flakes"", 'List of Frosted Flakes Products', ""Kellogg's Frosties"", 'Sugar Frosted Flakes', 'Frosties']", A product that is great.,0.33319705724716187,1,1,1
516,Answer the question concisely. Q: How many times was Boris Becker runner-up in the Men's Singles at Wimbledon? A:,"['four', '4']", 3 times.,0.1426822394132614,1,1,1
517,Answer the question concisely. Q: How many times did Steffi Graf win the Ladies Singles at Wimbledon? A:,"['seven', '7']", 7 times.,0.25217074155807495,1,0,0
524,Answer the question concisely. Q: Which golf shot is the opposite of a slice? A:,"['Hook', 'HOOK']", A hook.,0.1079401895403862,1,0,0
532,Answer the question concisely. Q: Where in London were the first escalators installed in 1898? A:,"['Princess Diana and Dodi Fayed Memorial', 'Harrods Group', ""Harrod's"", 'Harrods Food Hall', 'Harrods', 'Harrod’s', 'Harrods Department Store']", The first escalators were installed in the Underground at Earl’s Court in 1898.,0.122311532497406,1,1,1
534,Answer the question concisely. Q: What is the name of the company that owned the spaceship Red Dwarf? A:,"['Red Dwarf (television', 'Red Dwarf', 'Mugs Murphy', 'Dave Hollins: Space Cadet', 'Computer senility (Red Dwarf)', 'Dollarpounds', 'Jupiter Mining Corporation', 'Red Dwarf (science fiction series)', 'Red Dwarf VIII', 'Groovy Funky Channel 27', 'Red Dwarf (TV Series)', 'Red Dwarf II', 'Red dwarf: the movie', 'Bazookoid', 'Red Dwarf IV', 'Red Dwarf (TV)', 'Red Dwarf XI', 'Red Dwarf (television)', 'The Jupiter Mining Corporation', 'Red Dwarf (TV series)', '30001st Century', 'Computer senility', 'Red dwarf tv', 'Red dwarf (TV series)', 'Lunar City 7', 'Red Dwarf III', 'Red Dwarf (series)', 'Red Dwarf V', 'Hol Rock', 'Red Dwarf USA', 'Red Dwarf I', 'Red Dwarf Movie', 'Red Dwarf (television show)', 'Red Dwarf VI', 'The Red Dwarf']", The company that owned the spaceship Red Dwarf was the Starbug Corporation.,0.338995099067688,1,1,1
555,Answer the question concisely. Q: Who was known as the Great Lover of the Silent Screen? A:,"['Rudolph Valentino', 'Rudy Valentino', 'Rudolph valentino', 'Rodolph Valentino', 'Rodolfo Alfonso Raffaello Piero Filiberto Guglielmi', 'Rodolfo Valentino', 'Rudolf Valentino']", Rudolph Valentino.,0.8793089985847473,0,0,0
560,"Answer the question concisely. Q: Which London river, now flowing underground, rises in Hampstead, flows through St. Pancras, down Farringdon Street and enters the Thames by Blackfriars Bridge? A:","['Fleet river', 'Fleet River', 'Fleet ditch', 'Fleet Ditch', 'The River Fleet', 'River Fleet', 'Fleet River London', 'River fleet']", The Fleet.,0.4219505190849304,1,0,0
565,Answer the question concisely. Q: In which 1969 movie did Michael Caine appear with his brother Stanley. A:,"['The Italian Job (1969 film)', 'Italian job', 'The Italian Job', 'The Italian Job (film)', 'Italian Job', 'The Italian Job (soundtrack)', 'Charlie Croker', 'The italian job']", Zulu.,0.061154805123806,1,1,1
584,Answer the question concisely. Q: 1986 film starring Goldie Hawn as a High School football coach. A:,"['Highland Tiger', 'Felis libyca', 'Felis silvestris cafra', 'F. sylvestris', 'Wildcat kitten', 'Wild Cat', 'Egyptian wildcat', 'Wildcat (Felis silvestris)', 'Felis sylvestris', 'Indian desert cat', 'Wildcats', 'Catamountain', 'Forest cat', 'Indian Desert Cat', 'Wild cat', 'Wild cats', 'Wildcat', 'Felis lybica sarda', 'Felis silvestris']", Wildcats.,0.7798532247543335,0,0,0
585,"Answer the question concisely. Q: Who was the 16th president of the U.S.A.,assasinated in 1865 A:","['Abaraham lincoln', 'Abe licnoln', 'President Lincoln', 'Abraham LINCOLN', 'Abe Lincon', 'A Lincoln', 'Lincoln (president)', 'President Abraham', 'President Abraham Lincoln', 'Abraham (president)', 'The Rail Splitter', 'Abe Lincoln', 'Honest Abe', ""Lincoln's cabinet"", 'Lincoln, Abraham', 'Abraham Lincon', 'Abraham Lincoln', 'Abraham Lincoln and the American Civil War', 'Great Emancipator', 'Aberham lincoln', 'Abraham Lincoln (president)', 'Lincolnian', 'President Abe Lincoln', 'Honest Abe Lincoln', 'Abraham lincoln', 'A. Lincoln', 'Presedent Lincon', 'Abrahm Lincoln', ""Abraham Lincoln's Life"", 'Abe lincolin', 'Abaham lincoln', 'The Great Emancipator', '16th President of the United States']", Abraham,0.4182348847389221,1,0,0
590,Answer the question concisely. Q: Which famous resident resides at Highgrove House? A:,"['HRH The Prince Charles, Duke of Rothesay', 'HRH The Prince of Wales', 'Charles, prince of wales', 'Charles, Duke of Cornwall', 'Charles Windsor', 'Prince Charles of Edinburgh', 'Prince Charles of the United Kingdom', 'War of the Waleses', 'Princes Charles', 'The Prince Charles', 'HRH Prince Charles', 'The Prince Of Wales', 'Charles of the United Kingdom', 'Charles Philip Arthur Windsor', 'Prince Charles', 'His Highness Prince Charles', 'Charles Windsor, Prince of Wales', 'HM The Duke of Cornwall', 'Prince Charles, Wales', 'Charles, Price of Wales', 'Charles Philip Arthur George', 'Next king of the United Kingdom', 'The Duke of Cornwall', 'Charles Philip Arthur George Windsor-Mountbatten', 'Prince of Wales Charles', 'HRH Prince Charles, Prince of Wales', 'The Prince Charles, Duke of Rothesay', 'Charles, prince of Wales', 'The Duke of Rothesay', 'Charles, Duke of Rothesay', 'Next king of the UK', 'Charles, Crown Prince of Britain', 'Prince Charles, Duke of Cornwal', 'Prince Charles, Duke of Rothesay', 'Next king of Australia', 'Charles of Wales', 'Monstrous carbuncle', 'The Prince Charles, Prince of Wales', 'HRH The Prince Charles', 'Charles, Prince of Wales', 'Prince Charles of Wales', 'HRH The Duke of Cornwall', 'HRH The Duke of Rothesay', 'Prince Charles, Prince of Wales', 'Next king of Canada', 'Charles of Edinburgh', 'Charles III of the United Kingdom', 'Prince Charles, the Duke of Rothesay', 'HRH The Prince of Wales (Prince Charles)', 'Charles prince of wales', 'Prince Charles, Duke of Cornwall', 'Charles Philip Arthur George Mountbatten-Windsor', 'Charles, Duke of Cornwal', 'The Prince of Wales', 'Charles Mountbatten-Windsor', 'Prince charles', 'Charles V of England', 'Charles, the Prince of Wales']", Prince Charles.,0.8515019416809082,0,0,0
599,"Answer the question concisely. Q: Following that year's April Budget, Alderman Sir Cuthbert Ackroyd, who later became Lord Mayor of London, bought the first what on 1 November 1956? A:","['ERNIE', 'Premium bond', 'Premium bonds', 'Premium Bond', 'Premium Bonds', 'Electronic Random Number Indicator Equipment']", A London bus ticket.,0.061743997037410736,1,1,1
605,Answer the question concisely. Q: Which country does the drink Cinzano come from? A:,"['Environment of Italy', 'Italiën', 'Subdivisions of Italy', 'Republic of Italy', 'ItalY', 'ISO 3166-1:IT', 'Etymology of Italy', 'Itali', 'Pollution in Italy', 'Administrative divisions of Italy', 'Austrian Empire (Italy)', 'Italija', 'Italie', 'Italia', 'Italian Republic', 'Second Italian Republic', 'Italy', 'Italio', 'Repubblica Italiana', 'Itàlia', 'The Italian republic']", Italy.,0.597055196762085,0,0,0
606,Answer the question concisely. Q: Which fictional girls' boarding school was created by the cartoonist Ronald Searle A:,"['St. Trinians School', ""St. Trinian's School"", 'Beth Marie Centre', 'The Beth Marie centre', ""West heath girl's school"", 'Beth Marie center', ""St Trinian's School"", ""St Trinian's School for Girls, Edinburgh"", 'The Beth Marie center', 'St. Trinians', 'Beth Marie centre', 'New School at West Heath', 'The Beth Marie Centre', ""West Heath Girl's School"", 'Beth marie center', ""St Trinnean's"", 'St. trinian', 'New school at west heath', ""West Heath girls' school"", 'Saint Trinians', 'West heath School', 'St Trinians School', 'The New School At West Heath', 'St Trinions', ""St. Trinian's"", 'Beth marie Center', 'St Trinians', 'West Heath school', ""West heath girls' school"", ""St Trinnean's School for Girls, Edinburgh"", 'Beth marie Centre', 'The Beth Marie Center', 'St Trinian', 'The new school at west heath', ""West Heath girl's school"", 'Beth Marie Center', 'West Heath girls school', 'St trinians', 'West heath school', ""St Trinian's"", ""St. Trinnean's School""]", St Trinian,0.930618941783905,0,0,0
610,Answer the question concisely. Q: Which shipping forecast area is directly north of German Bight? A:,"['Fisher', 'Fishers', 'Fisher (disambiguation)']", Dogger Bank.,0.07202599942684174,1,1,1
613,Answer the question concisely. Q: Who painted Girl with a Pearl Earring? A:,"['Johannes Vermeer van Delft', 'Catherina Bolnes', 'Johannes (Jan) Vermeer', 'Johannes %22Jan%22 Vermeer', 'Jan van Der Meer', 'Jan van der meer', 'Jan van der Meer', 'Johan Vermeer', 'Johannes Vermeer', 'Jan van der Meer van Delft', 'Vermeer', 'Jan Vermeer van Delft', 'Jan Vermeer']", Johannes Vermeer.,0.8348114490509033,0,0,0
618,Answer the question concisely. Q: What type of bird was the first released by Noah? A:,"['Corbies', 'Ravin', 'Raven (bird)', 'Raven']", A dove.,0.04754858464002609,1,1,1
621,Answer the question concisely. Q: In which is Shakespeare's plays are the title character's last words the rest is silence? A:,"['The Murder of Gonzago', 'Bernardo (character)', 'The Tragedy Of Hamlet Prince Of Denmark', 'Tragical History of Hamlet, Prince of Denmark', 'The tragical history of Hamlet', 'Hamletian', ""William Shakespeare's Hamlet"", 'Hamlet of Denmark', 'The Tragical History of Hamlet, Prince of Denmark', 'Tragical History of Hamlet Prince of Denmark', 'The Revenge of Hamlett, Prince of Denmarke', 'Marcellus (Hamlet)', 'The Tragicall Historie of Hamlet, Prince of Denmarke', 'Hamlet (Shakespeare)', 'The Tragedy of Hamlet Prince of Denmark', 'Hamlet (play)', 'The Tragicall Historie of Hamlet, Prince of Denmarke.', 'The Tragical History Of Hamlet Prince of Denmark', 'Goodnight sweet prince', 'The Murder Of Gonzago', 'Hamlet, Prince of Denmark', 'Man delights not me', 'Hamlet', 'Bernardo (Hamlet)', 'The Tragedy of Hamlet', 'The Tragedy of Hamlet, Prince of Denmark']", Hamlet.,0.6375221014022827,0,0,0
628,Answer the question concisely. Q: Who was the author of Pygmalion'? A:,"['G. B. Shaw', 'G.B. Shaw', 'G B Shaw', 'Shaw, George Bernard', 'George Bernard Shaw', 'G.B.Shaw', 'George Barnard Shaw', 'G. Bernard Shaw', 'Plays Unpleasant', 'GB Shaw', 'Plays Pleasant']", George Bernard Shaw.,0.8587421774864197,0,0,0
645,Answer the question concisely. Q: In which TV series would you find an Eagle Transporter A:,"['Alpha1999', 'Space:1999', 'Space 1999', 'The Woodgrove Trilogy', 'Space1999', 'Alpha 1999', 'Space: 1999']", Battlestar Galactica,0.11437105387449265,1,1,1
650,Answer the question concisely. Q: What type of creature is a Painted Dragon? A:,"['Lizard Peninsula', 'Lizard, Cornwall', 'The Lizard', 'The Lizard (village)', 'West Lizard SSSI', 'East Lizard Heathlands', 'The Lizard Penninsula', 'Winnianton', 'Lizard.', 'Lizard peninsula']", A Painted Dragon is a type of lizard.,0.39694252610206604,1,1,1
655,Answer the question concisely. Q: What was the name of Shari Lewis' sassy sock puppet? A:,"['Lamb Chop', 'Lamb chop', 'Lamb Chop.', 'Lamb chop (disambiguation)', 'Lamb chops', 'Lambchop']", Lamb Chop.,0.9502161741256714,0,0,0
658,Answer the question concisely. Q: What is the second biggest city in the UK? A:,"['County Borough of Birmingham', 'Birmingham overspill', 'Metropolitan Borough of Birmingham', ""B'Ham"", 'Great Barr Primary School', 'City of Birmingham', 'City of a thousand and one trades', 'Birmingham, UK', 'Birminghamian', 'Birmingham (borough)', 'City of a thousand trades', 'Nelson Mandela Primary School', 'Crime and policing in Birmingham', 'Birmingham, United Kingdom', 'The weather in Birmingham', 'Bournville Junior School', 'Birmingham Corporation', 'Birmingham Heritage Festival', 'Bimringham', ""B'ham"", 'Birmingham artistic figures', 'City of birmingham', 'Beormingham', 'Birmingham', 'Birmingham, West Midlands', 'England Birmingham', 'Birmingham, England', 'UN/LOCODE:GBBHM']", Birmingham.,0.6127983331680298,0,0,0
674,Answer the question concisely. Q: What song was a hit for Tom Jones and Cerys Matthews in 1999? A:,"[""It's Cold Outside"", ""Baby, It's Cold Outside (song)"", ""Baby, It's Cold Outside"", ""Baby it's cold outside"", 'Baby its cold outside', ""Baby It's Cold Outside""]"," ""Baby, It's Cold Outside.""",0.8651208281517029,0,0,0
684,"Answer the question concisely. Q: Although he never won an Oscar for best director, one of Hitchcock's films did win an Oscar for best picture. What was the film? A:","['Rifkah', 'Rifko', 'Rifka', 'Rifkoh', 'Ribhqah', 'Rivqah', 'Rebeccah', 'Rebekah', 'Rivqa', 'Rivko', 'Rivka', 'Rebbecca', 'Rebecca', 'Rivkoh']"," ""Rebecca"" (1940)",0.698710560798645,0,0,0
691,Answer the question concisely. Q: Which ‘A’ means in the open air? A:,"['Al-fresco', 'Alfresco', 'Al fresco', 'Alfresco (disambiguation)']", ‘A’ means in the open air.,0.0937197208404541,1,1,1
731,Answer the question concisely. Q: What type of creature is a bufflehead? A:,"['Quack (sound)', 'Duckies', 'Duckling', 'Ducks', 'Eend', 'Ducklings', 'DUCK', 'Duck', 'Mallard Drake', 'Quacking', 'Quacked']", A bufflehead is a type of duck.,0.23236307501792908,1,1,0
737,Answer the question concisely. Q: What was the name of the Cunard ocean liner which was launched on 20th September 1906? A:,"['Domain of Moor', 'Mauretania Secunda', 'Roman Mauretania', 'Mauretanian Kingdom', 'Ancient mauretania', 'Kingdom of Mauretania', 'Roman-Moorish kingdoms', 'Roman-Moor Kingdoms', 'Mauretania Prima', 'List of Kings of Mauretania', 'King of Mauretania', 'Classical mauretania', 'Mauretania Sitifensis', 'Classical morocco', 'Mauretania', 'List of kings of Mauretania', 'Sitifensis']", The Lusitania.,0.5434417128562927,0,1,1
738,Answer the question concisely. Q: Which European city had the world’s first birth control clinic? A:,"['Classis of Amsterdam', 'Capital of Holland', 'Amsterdam, Holland', 'UN/LOCODE:NLAMS', 'NLAMS', 'Amsterdam (Netherlands)', 'Geography of Amsterdam', 'Amesterdam', 'Amsterdam, North Holland', 'Capitals of the Netherlands', 'Amsterdam', 'Amsterdam, Noord Holland', 'Ámsterdam', 'Amsterdam, The Netherlands', 'Amsterdam, Netherlands', 'Ampsterdam']", Amsterdam.,0.47282159328460693,1,0,0
748,Answer the question concisely. Q: The United Nations University is based in which Asian city? A:,"['東京都', 'Economy of Tokyo', 'Demographics of Tokyo', '東京', 'Tõkyõ', 'Oyata', 'UN/LOCODE:JPTYO', 'Toukyo', 'Tōkyō, Japan', 'Tōkyo', 'JP-13', 'Tōkyō Met.', 'Tokyo Metropolitan Prefecture', 'To-kyo', 'Tokio Metropolis', 'Tôkiô', 'Oyata, Tokyo', 'Tohkyoh', 'Economy of tokyo', 'Toukyou-to', 'Tókio', 'Tokyo', 'Toky', 'To Kyo', 'Tōkyō Prefecture', 'Tōkyō-to', 'Tokyo (Japan)', 'Tōkyō, JP-13', 'Tôkyô Prefecture', 'Tôkyô, Japan', 'Dōngjīng (Japan)', 'Outlying islands of Tokyo', 'Toukyou', 'Toyko, Japan', 'TOKYO', 'Tōkei', 'Tokyo Met.', 'Tôkyô', 'Tokeo', 'Tokei', 'Tokyo-To', 'Tokyo Plain', 'Kudanzaka', 'Toukiou', 'Tokyo, Tokyo', 'To kyo', 'Tookioo', 'Metropolitan Tokyo', 'Tokyo, Japan', 'ToKyo', 'Toquio', 'Toyko', 'Tookyoo', 'To-Kyo', 'Tokyoh', 'Tōkyō Metropolis', 'Tokyo Administrative District', 'Tõkiõ', 'Tokyo in pop culture', 'Tokyo,Japan', 'Tokyo City and Prefecture', 'Tōkyō', 'Tokyoto']", Tokyo.,0.6243939995765686,0,0,0
755,Answer the question concisely. Q: Which British politician became Member of Parliament for Epping in October 1924? A:,"['Tango (cat)', 'Death and state funeral of Winston Churchill', 'Churchillian', 'State funeral of Winston Churchill', 'Sir Winston Leonard Spencer-Churchill', 'Marigold Frances Churchill', 'Sir winston hcurchill', 'Winston Leonard Spencer', 'Winston Spencer', 'Winston Spencer-Churchill', 'Sir Churchill', 'Marigold Churchill', 'Winnie Churchill', 'Winston Churchill MP', 'Winston churchill', 'Prime Minister Churchill', 'W. Churchill', 'Winston Leonard Churchill', 'Churchill, W. S.', 'Sir Winston', 'W. S. Churchill', 'Winston churchilll', 'The Focus', 'Winston Churchill', 'The Honourable Sir Winston Spencer Churchill', 'Sir Winston Churchill', 'WINSTON CHURCHILL', 'Winston churchhill', 'Sir Winston Leonard Spencer Churchill', 'Churchill', 'Winston Spencer Churchill', 'Churchill, Winston', 'Winston Leonard Spencer Churchill', 'Chuurchill', 'WL Spencer-Churchill', 'Winston Leonard Spencer-Churchill', 'Winston Churchil', 'Winston Churchhill', 'Colonel Warden']", Winston Churchill.,0.8091527223587036,0,0,0
763,Answer the question concisely. Q: In which year did Margaret Thatcher become British Prime Minister? A:,"['one thousand, nine hundred and seventy-nine', '1979']", 1979.,0.6602859497070312,0,0,0
793,Answer the question concisely. Q: What is the name of Humphrey Bogart’s character in the film ‘Casablanca’? A:,"['Rick Blaine', ""Here's Looking at You"", ""Rick's Café Américain"", 'Ilsa Lund', 'Casablanca (feature film)', 'Casablanca (film)', 'Play it once, Sam', 'Play it Sam', 'Casablanca film', 'Round up the usual suspects', 'Richard Blaine', 'Victor Laszlo', 'CASABLANCA (1942)', ""Here's looking at you, kid."", ""Here's looking at you, kid"", 'Casablanca (movie)', 'Play it, Sam', ""Here's looking at you""]", Rick Blaine.,0.8547285199165344,0,0,0
800,Answer the question concisely. Q: The Wang River is in which Asian country? A:,"['Muang Thai', 'Taihland', 'ISO 3166-1:TH', 'Thai Empire', 'Prathet Thai', 'Muang-Thai', 'Kingdom of Thailand', 'Skateboarding in Thailand', 'THAILAND', 'Siam', 'Sport in Thailand', 'Etymology of Thailand', 'Thayland', 'Name of Thailand', 'The Kingdom Of Thailand', 'เมืองไทย', 'Thailand', 'ราชอาณาจักรไทย', 'Sayam', 'Thailande', 'Siam (Thailand)', 'ประเทศไทย', 'Kingdom Of Thailand', 'Tailand', 'Thai Kingdom', 'Ratcha Anachak Thai', 'Kingdom of the Thai']", China.,0.36896324157714844,1,1,1
818,Answer the question concisely. Q: ‘Back to Bedlam’ was the debut album for which British singer? A:,"['James bLUNT', 'James blunt', 'JAMES BLUNT', 'Blunty', 'James Blunt', 'James Hillier Blount', 'Blunt, James']", James Blunt.,0.8258775472640991,0,0,0
870,"Answer the question concisely. Q: On a standard dartboard, which number lies opposite number 4? A:","['sixteen', '16']", 14.,0.12051352858543396,1,1,1
884,Answer the question concisely. Q: ‘Mucke’ is the Serbo-Croatian name for which UK tv series? A:,"['Sunglasses Ron', 'Lovely jubly', 'Only Fools and Horses', ""Voted Britain's Best Sitcom"", 'Only Fools and Horses...', 'Only Fools', 'Yernly Fyerls and Nesbits', 'Only Fools & Horses', 'Trotters International Traders Plc', 'Once upon a time in peckham', 'OF&H', 'Nelson Mandella House', 'Paddy The Greek', 'Only Fools And Horses', 'Trotters Independent Traders', 'Only fools and horses', 'George Trotter', 'Peckham Echo']", ‘Mucke’ is the Serbo-Croatian name for ‘Minder’.,0.3288218379020691,1,1,1
890,Answer the question concisely. Q: In which British city is the Jewry Wall Museum? A:,"['County Borough of Leicester', 'Leicester, Leicestershire', 'Caerlyr', 'Leicester', 'Leicester UA', 'Leicester, United Kingdom', 'Leicester, England', 'Leicester, UK', 'Liecester', 'UN/LOCODE:GBLCS', 'Leycester', 'Caerlŷr', 'Leicesterians', 'City of Leicester']", Leicester.,0.6167395114898682,0,0,0
899,"Answer the question concisely. Q: In the 2005 Julian Barnes novel ‘Arthur and George’, who is Arthur? A:","['A Conan Doyle', 'Arthur Conan-Doyle', 'Arthur Conan Ignatius, Sir Doyle', 'Arthur Conan Doyle', 'Doyle, Arthur Conan', 'Doyle, Sir Arthur Conan', 'Sir Conan Doyle', 'Sir Arthur Doyle', 'Sir Arthur Conan Doyle', 'Arthur C. Doyle', 'Arthur Conan Ignatius Doyle', ""Arthur Conan Doyle's"", 'Arthur Ignatius Conan Doyle', 'Conan Doyle, Sir Arthur', 'Sir Arthur Ignatius Conan Doyle', 'Doylean', 'Conan Doyle', 'A. Conan Doyle']", Arthur is a young boy who is accused of a crime he did not commit.,0.3015660047531128,1,1,1
910,Answer the question concisely. Q: What type of animal is Baloo in the novel ‘The Jungle Book’ by Rudyard Kipling? A:,"['Ursine', 'Ursoidea', 'Honey pig', 'Bears', 'Arctos', 'Ursidae', 'BEAR', 'Mating bears', 'Bear cub', 'Reproductive behavior of bears', 'Ursoid', 'Cub (bear)', 'Bear', '🐻', 'Bear (zoology)', 'Sexual behavior of bears', 'Bear hibernation']", Baloo is a bear in the novel ‘The Jungle Book’ by Rudyard Kipling.,0.2635878324508667,1,0,0
913,Answer the question concisely. Q: Composer Giacomo Puccini died leaving which opera unfinished? A:,"['Turnadot', 'Turandot', 'Turandot (Puccini)']"," ""Turandot.""",0.8910692930221558,0,0,0
930,Answer the question concisely. Q: Which British swimmer won Olympic Gold Medals in 2008 in the 400 and 800 m freestyle? A:,"['Rebecca Adlington', 'Adlington, Rebecca', 'Becky Adlington']", Rebecca Adlington.,0.8648312091827393,0,0,0
934,Answer the question concisely. Q: What is the title of the 1944 film starring Barbara Stanwyck as the wife who seduces an insurance salesman into killing her husband? A:,"['Double indemnity (disambiguation)', 'Double Indemnity']", The Strange Love of Martha Ivers.,0.11909497529268265,1,1,1
937,Answer the question concisely. Q: What is the name of a triangle which has sides unequal in length? A:,"['Scalene (disambiguation)', 'Scalene']", Scalene triangle.,0.4465376138687134,1,0,0
948,"Answer the question concisely. Q: In the poem ‘Monday’s Child’, what is Wednesday’s child full of? A:","['Woe', 'Woe (disambiguation)']", ‘Wednesday’s child is full of woe’,0.2788369953632355,1,0,1
958,Answer the question concisely. Q: The wine ‘Bull’s Blood’ of Eger is produced in which country? A:,"['Maďarsko', 'Magyarorszag', 'Ungarn', 'Magyar Köztársaság', 'Hungarian Republic', 'Hungarian Republic of 1989', 'Hongarije', 'Hungery', 'Architecture of Hungary', 'Magyar Koeztarsasag', 'Magyarország', 'Austrian Empire (Hungary)', 'HUNGARY', 'Hungría', 'Hungray', 'ISO 3166-1:HU', 'Hongrie', 'HUngary', 'Republic of Hungary', 'Ungheria', 'Magyar Koztarsasag', 'Hungary', 'Hungarian holidays']", Hungary.,0.6232628226280212,0,0,0
963,Answer the question concisely. Q: The Nullarbor Plain is in which country? A:,"['Australia (Commonwealth realm)', 'AustraliA', 'Continental Australia', 'Australias', 'Peace of Australia', 'Australian city life', 'City life in Australia', 'Australocentrist', 'Mainland Australia', 'Australiia', 'Straya', 'Australia (commonwealth)', 'Austraila', 'Ausrtalia', 'Australia (nation)', 'Australien', 'New Australian', 'Australia (dominion)', 'Australia (federation)', 'Australia (country)', 'Aussieland', 'Federal Australia', 'Country life in Australia', 'Orstraya', 'Australia (nation state)', 'Australia (commonwealth realm)', 'Australia', 'Australocentrism', 'Austraya', 'Australie', 'AUSTRALIA', 'Geopolitics of Australia', 'Australia (nation-state)', ""Australia's"", 'Australian mainland', 'Australian country life', ""Australian Woman's Day"", 'Imperial Australia', 'United States of Australia', 'Australia (realm)', 'Australia (constitutional monarchy)', 'Austalia', 'Etymology of Australia', 'Philosophy in Australia', 'Commonwealth of Australia', 'Australija', 'Australia (monarchy)', 'Dominion of Australia', 'Empire of Australia', 'Ostralia', 'Modern Australia', 'Commonwealth of australia', 'Australia (empire)', 'Australo', 'The Commonwealth of Australia', 'Australia.', 'Austrlia', 'Australlia', 'AUSTRALIAN', 'Australia (state)', 'ISO 3166-1:AU', 'Austrailia', 'Commonwealth Australia', 'Pax Australiana', 'Australian Commonwealth', 'Australocentric', 'Austrlaia', 'Technology in Australia', 'Australia (Commonwealth)', 'Australai', 'Australian geopolitics', 'Asutralia', 'Australo-', ""Australian's"", 'Science in Australia']", Australia.,0.846031904220581,0,0,0
964,Answer the question concisely. Q: What is the official language of Nicaragua? A:,"['The Spanish', 'Espanol', ""Espa'ol"", 'Espanhol', 'Espagnol', 'Español', 'Espaniol', 'Spainish', 'Spanish', 'Espanish', 'Spanish (disambiguation)']", Spanish.,0.6270910501480103,0,0,0
965,Answer the question concisely. Q: Who wrote the plays ‘The Cocktail Party’ and ‘The Family Reunion’? A:,"['TS Elliot', 'T.s. Eliot', 'TS Eliot', 'T S Elliot', 'T. S. Eliot', 'T.s. eliot', 'Sweeney Among the Nightingales', 'T. S. Elliott', 'T.S.E.', 'T.S.Eliot', 'Thomas Stearns', 'T. S. (Thomas Stearns) Eliot', 'Ts eliot', 'T. S. Elliot', 'Sweeney among the Nightingales', 'T.S Eliot', 'T.S Elliot', 'Eliotian', 'T.S. Elliot', 'T.S. Eliott', 'T S Eliot', 'T Eliot', 'Ts elliot', 'Prufrock and Other Observations', 'Thomas S. Eliot', 'Thomas Stearns Eliot, OM', 'T.S. Eliot', 'Thomas Stearns Eliot']", T. S. Eliot.,0.8633557558059692,0,0,0
966,"Answer the question concisely. Q: Used in cooking, agar-agar is a gelatin made from what? A:","['Macroalgal', 'Marine algae', 'Seaweeds', 'Macroalgae', 'Sea weed', 'Sea Weeds', 'Seaweed']", seaweed.,0.7252710461616516,0,0,0
971,"Answer the question concisely. Q: In the human body, what is stored in adipose tissue? A:","['Fattyness', 'Fatty oil', 'Dietary fats', 'Fat', 'Total fat', 'Dietary fat', 'Fats and oils']"," Adipose tissue is a type of connective tissue that stores energy in the form of fat. It is found in various parts of the body, including the abdomen, thighs, buttocks, and arms. Adipose tissue plays a crucial role in energy storage and insulation, helping to maintain body temperature and provide cushion",0.3169897198677063,1,1,1
973,Answer the question concisely. Q: Which country will host the 2014 FIFA World Cup? A:,"['Brazil', 'Etymology of Brazil', 'Federal Republic of Brazil', 'Brasil', 'Barzil', 'Federative Republic of Brazil', 'Brazil (country)', 'Brassil', 'Republic of Brazil', 'Brésil', 'Brzil', 'Brazilian Federative Republic', 'Republica Federativa do Brasil', 'Bresil', 'Brazilian Republic', 'ISO 3166-1:BR', 'República Federativa do Brasil', 'Brazilo']", Brazil.,0.6157153248786926,0,0,0
983,Answer the question concisely. Q: Adam Richman takes on food challenges in which US television series? A:,"['Man vs Food', 'Man versus Food', 'Food v. Man', 'Food vs. Man', 'Food vs Man', 'Man v. Food: The Carnivore Chronicles', 'Man v Food', 'Man v. food', 'Man v. Food', 'Man vs. Food']", Man v. Food.,0.8755530118942261,0,0,0
991,"Answer the question concisely. Q: In humans, Duane Syndrome affects which part of the body? A:","['Eye (anatomy)', 'Eye', 'Eye balls', 'Schizochroal eye', 'Ocular globe', 'Ommateum', 'Simple eye', 'Oculars', 'Animal eyes', 'Eyes', 'Compound Eyes', 'Apposition eye', 'Robotic eye', 'Eye ball', 'Facet eyes', 'Compound Eye', 'Conjunctival disorders', 'Compound eyes', 'Eyeball', 'Cyber-eye', 'Eye (vertebrate)', 'Eye (invertebrate)', 'Ommotidium', ""Fly's eye lens"", 'Peeper (organ)', 'Camera-type eye', 'Ocular', 'Compound eye', 'Eye membrane', 'Pinhole eye']", The eye. B: The brain. C: The ear. D: The heart.,0.4152875542640686,1,1,1
1012,Answer the question concisely. Q: What is the US state capital of Kansas? A:,"['Northern Hills Junior High', 'Google (city)', 'Topeka (KS)', 'Highland Park High School (Topeka, Kansas)', 'Google, KS', 'Northern Hills Junior High School', 'Capital of Kansas', 'South Topeka, Kansas', 'Topeka, Kansas', 'UN/LOCODE:USTOP', 'ToPikachu', 'Google, Kansas', 'Topeka, KS', 'Topikachu, Kansas', 'Topeka', 'Topeka, Kan.', 'Topikachu']", Topeka.,0.912253737449646,0,0,0
1014,Answer the question concisely. Q: In which European country is the port of St Malo? A:,"['La Republique francaise', 'Franciaország', 'La Republique française', 'Belle France', 'FRANCE', 'Republique française', 'France', 'Ranska', 'Franciaorszag', 'French Republic', 'République francaise', 'République française', 'ISO 3166-1:FR', 'Frankreich', 'France (country)', 'Etymology of France', 'FrancE', 'La République française', 'People of France', 'Republic of France', 'Fracne', 'Le France', 'The French Republic', 'Republique francaise', 'The Republic of France', 'La République francaise', 'La France', 'Rain in France', 'Republic of france', 'FRance', 'Frakkland', 'Climate of France', 'Franse']", France.,0.41961294412612915,1,0,0
1016,Answer the question concisely. Q: What is the modern international unit of energy measured in? A:,"['Ocrajoule', 'Joule (J)', 'Joules', 'SI unit of energy', 'Exajoules', 'Picojoule', 'Terajoule', 'Kilojoule', 'Joule (unit)', 'ΜJ', 'Kilojoules', 'Petajoules', 'Centijoule', 'List of converted amounts of joules', 'Exajoule', 'Millijoule', 'Zettajoule', 'Joule', 'Nanojoule', 'Decajoule', 'Yottajoule', 'Zetajoule', 'Yoctojoule', 'Petajoule', 'Femtojoule', 'Attojoule', 'Gigajoule', 'Zeptojoule', 'Decijoule', 'Terajoules', 'Hectojoule', 'Megajoule']", Joule.,0.746796190738678,0,0,0
1022,Answer the question concisely. Q: What are the first names of the two dancing instructors in the UK television series ‘Hi De Hi’? A:,['Barry and Yvonne'], Barry and Yvonne.,0.8822375535964966,0,0,0
1048,Answer the question concisely. Q: Who played factory boss Danny Baldwin in the British television soap ‘Coronation Street’? A:,['Bradley Walsh'], Bruce Jones.,0.2042892426252365,1,1,1
1054,Answer the question concisely. Q: In which country would you traditionally see a settlement called a Kibbutz? A:,"['İsrail', 'ISRAEL', 'Israeli Republic', 'Isræl', 'Medinat Yisrael', 'מְדִינַת יִשְׂרָאֵל', 'Istrael', 'Israeli (nation)', 'ISO 3166-1:IL', 'Medinat Israel', ""Dawlat Isra'il"", 'State of israel', 'Yisraél', ""Isra'il"", 'Republic of Israel', 'دولة إسرائيل', 'Israel', 'Israël', 'Israelim', ""Medinat Yisra'el"", 'ישראל', 'State of Israel', 'יִשְרָאֵל', 'מדינת ישראל', ""Dawlat Isrā'īl"", ""Yisra'el"", 'Yisrael', 'Israeli state', 'The state of Israel', 'Jewish Republic', 'Israil', 'Jewish Palestine', 'Etymology of Israel', 'Isreal', 'Yisroel', 'Israyl', 'Israel (nation)', 'Modern Israel', 'Israelian', 'Hebrew state', ""M'dinat Yisrael"", 'Israe;', 'Izrael (state)', 'Isreael', 'Isreali', 'יִשְׂרָאֵל', ""Medīnat Yisrā'el"", 'Yisroeil', 'Israel (country)']", Israel.,0.7201271653175354,0,0,0
1062,Answer the question concisely. Q: Armistice Day (or Remembrance Day) takes place during which month of the year? A:,"['The month of November', 'Novemeber', 'Noviembre', 'November 31', '㋊', '9ber', '31 November', 'Coyovembyote', 'November', 'Nobember']", November.,0.556383490562439,0,0,0
1080,Answer the question concisely. Q: Bullfighting is central to which Ernest Hemingway non-fiction book? A:,"['Death in the afternoon', 'Death In The Afternoon', 'Death in the Afternoon']", Death in the Afternoon.,0.8886246681213379,0,0,0
1083,Answer the question concisely. Q: What is the art of hand-making cricket bats called? A:,"['Mongoose bat', 'Mongoose Cricket Bat', 'Mongoose (cricket bat)', 'Bat (cricket)', 'Mongoose (bat)', 'Podshaving', 'Mongoose cricket bat', 'Cricket bats', 'Traditional Indian cricket bat', 'Cricket Bat industry of India', 'Cricket Bat', 'Cricket bat', 'Cricket bat industry of India']", Bat making.,0.2949220538139343,1,0,0
1088,Answer the question concisely. Q: Who succeeded Alf Ramsey as England (caretaker) football manager in 1974? A:,"['Joe Mercer', 'Joseph Mercer']", Ron Greenwood.,0.1357070803642273,1,1,1
1098,Answer the question concisely. Q: What is a female gerbil called? A:,"['DOE', 'Doe (disambiguation)', 'Doe', 'DoE']", A female gerbil is called a doe.,0.28484463691711426,1,0,1
1101,Answer the question concisely. Q: What is a group of ferrets called? A:,"['The business', 'The Business (disambiguation)', 'A business', 'The Business']", A group of ferrets is called a business.,0.3499445915222168,1,0,1
1122,Answer the question concisely. Q: What is the longest river in Canada? A:,"['Deh Cho River', 'Mackenzie River Delta', 'Mackenzie River Valley', 'Mackenzie river', 'River Mackenzie', 'Disappointment River', 'MacKenzie River', 'Mackenzie valley', 'Mackenzie River delta', 'Mackenzie River, Northwest Territories', 'Mackenzie Valley', 'Mackenzie River']"," The Mackenzie River is the longest river in Canada. It is 1,738 miles long and flows through the Northwest Territories and the Yukon Territory. The Mackenzie River is the longest river in Canada. It is 1,738 miles long and flows through the Northwest Territories and the Yukon Territory. The Mack",0.7395108938217163,0,0,0
1126,Answer the question concisely. Q: Which Olympic athlete is nicknamed ‘The Lightning Bolt’? A:,"['Osain Bolt', 'Bolt Usain', 'Usain Bolt', 'Usain Plof', 'Usain bolt', 'Ussain Bolt', 'Usan Bolt', 'Ussein bolt', 'Hussain Bolt', 'Sir Usain Bolt', 'Bolt runner']", Usain Bolt.,0.9400053024291992,0,0,0
1138,"Answer the question concisely. Q: In 1610, who became the first person to observe Saturn’s rings through a telescope? A:","['Galaleo', 'Light of nature', ""Galileo's finger"", 'Father of modern observational astronomy', 'Gailieo Galilei', 'Galileo', 'Galeleo', 'Galileo Galiei', 'Galilei Galileo', 'Il lume naturale', 'Natural light of reason', 'Gallaleo', 'Galilao', 'A Very Brief Summary of the Life of Galileo', 'Galileo galilei', 'G. Galilei', 'Galileo Galilei', 'Galileo Galilaei', 'Galilio', ""Galileo's""]", Galileo Galilei.,0.8266527056694031,0,0,0
1140,"Answer the question concisely. Q: On a standard dartboard, which number lies between 12 and 20? A:","['five', '5']", 16.,0.07530055195093155,1,1,1
1141,Answer the question concisely. Q: In which year did students first enrol in the Open University in the UK A:,"['one thousand, nine hundred and seventy-one', '1971']", 1971,0.633410632610321,0,0,0
1165,Answer the question concisely. Q: Which British band released their debut album ‘Definitely Maybe’ in 1994? A:,"['Oasis (Geography)', 'Oasis', 'Oases']", Oasis.,0.6901731491088867,0,0,0
1176,"Answer the question concisely. Q: Which British film, starring Ralph Fiennes, won nine Oscars in 1997? A:","['The English Patient', 'The English Patient (novel)', 'English Patient']", The English Patient.,0.8656899929046631,0,0,0
1183,Answer the question concisely. Q: What is the capital of Guyana? A:,"['Georgetown', 'Goergetown', 'Gorgetown', 'George Town', 'City of Georgetown', 'George Town (disambiguation)', 'Georgetown City', 'G-town', 'Georgetown (disambiguation)']", Georgetown.,0.7030481100082397,0,0,0
1196,Answer the question concisely. Q: Which motorcycle company introduced the Jet Ski in 1972? A:,"['Kawasockie', 'Kawasaki (disambiguation)', 'Kawasaki']", Kawasaki.,0.7020946741104126,0,0,0
1215,"Answer the question concisely. Q: In Greek mythology, what was hanging by a single horse hair over Damacles, after swapping places with Dioysius? A:","['Single-edge swords', 'Doubleedge swords', 'Two edged swords', 'Data of the sword', 'List of sword parts', 'Single-edged swords', 'Blade weapon', 'Doubleedge sword', 'Twoedged swords', 'Double-edge sword', 'History of the steel sword', 'Medieval sword', 'Parts of a sword', 'Twoedge sword', 'Single edge', 'Sword Parts', 'One edge', 'Single edge swords', 'One edged', 'Two-edge sword', 'Doubleedged sword', 'One-edged', 'Double-edge', 'Blade weapons', 'Twoedge swords', 'Two-edged swords', '⚔', 'Sword belt', 'Two-edged sword', 'One edged sword', 'Single edged swords', 'Singleedge swords', 'Bladed weapons', 'Two-edges', 'European sword', 'One edged swords', 'Double edges', 'Two-edged', 'Oneedged swords', 'Doubleedges', 'Singleedge sword', 'Single-edge', 'Doubleedged', 'Two edge sword', 'Twoedges', 'Swords', 'Double-edge swords', 'Single-edges', 'Twoedge', 'Single-edge sword', 'Double edged', 'Twoedged', 'Two edge swords', 'Parts of the sword', 'Double edged sword', 'Oneedge', 'One-edge', 'Oneedged', 'Two-edge swords', 'Singleedges', 'Double-edged', 'Double-edges', 'Singleedged sword', 'Singleedged', 'Single edged sword', 'Two edge', 'Oneedged sword', 'Singleedge', 'Training sword', 'Two edged sword', 'Double-edged swords', 'Singleedged swords', 'One-edged swords', 'European medieval sword', 'Doubleedged swords', 'Sword (weapon)', 'Sword', 'Two-edge', 'Single edge sword', 'Double edge sword', 'Double edged swords', 'Sword blades', 'Twoedged sword', 'Double-edged sword', 'Double edge swords', 'Doubleedge', 'Medieval European sword', 'Single edged', 'Two edged', 'Single edges', 'One-edged sword', 'Two edges']", The sword of Damacles.,0.406974196434021,1,1,1
1250,"Answer the question concisely. Q: Gary, Jason, Mark and Howard are all members of which British band? A:","['Take that', 'Take That!', 'Take That', 'TAKE THAT']", The Beatles.,0.12429268658161163,1,1,1
1264,Answer the question concisely. Q: Which British monarch was nicknamed ‘The Sailor King’? A:,"['William IV (disambiguation)', 'Wilhelm IV', 'William iv', 'William 4', 'William IV', 'William Iv']", King George V.,0.3066527843475342,1,1,1
1277,"Answer the question concisely. Q: Which bodybuilding competition, first held in 1965, was created by Joe Weider to enable Mr Universe winners to continue competing and to earn money? A:","['Mr Olympia', 'Mister Olympia', 'Mr. Olympia']", Mr Olympia.,0.8474615812301636,0,0,0
1287,Answer the question concisely. Q: Giugno is Italian for which month of the year? A:,"['㋅', 'Jun.', 'JUNE', 'June 31', 'June', 'Junes', 'Juno (German)', 'June 31st']", June.,0.760308027267456,0,0,0
1288,"Answer the question concisely. Q: What, generally, is the par on a 300 yard golf hole? A:","['Four', 'four', '4']", 3.,0.15414446592330933,1,1,1
1293,Answer the question concisely. Q: What is the name of the female alter-ego of Turner Prize winner Grayson perry? A:,"['Clair', 'Clair (disambiguation)', 'Claire', 'Claire (disambiguation)']", Claire.,0.5631667971611023,0,0,0
1336,Answer the question concisely. Q: What is the young of a hawk called? A:,"['Falco (bird)', 'Falcons', 'Tiercel', 'Tarse', 'Falco (genus)', 'Eyass', 'Falcon', 'Tercel', 'Eyas']", A hatchling.,0.06657008826732635,1,1,1
1377,Answer the question concisely. Q: How many double-word score squares are there on a standard Scrabble board? A:,"['seventeen', '17']", 12.,0.1304771900177002,1,1,1
1389,"Answer the question concisely. Q: In the 1965 film ‘Those Magnificent Men in Their Flying Machines’, how much is the prize money, in pounds sterling, for the fastest flight from London to Paris? A:","['10,000', '10000', 'ten thousand']"," £10,000.",0.2360512912273407,1,0,0
1392,Answer the question concisely. Q: Which late English singer was born Ronald William Wycherley in April 1940? A:,"['Ronald Wycherley', 'Bill Fury', 'Billy fury', 'Ron Wycherly', 'Ronald William Wycherley', 'Billy Fury', 'The Gamblers (British band)']", Tom Jones.,0.17785412073135376,1,1,1
1395,"Answer the question concisely. Q: Who directed the 1969 film ‘Women in Love’, starring Oliver Reed and Glenda Jackson? A:","['Henry Kenneth Russell', 'Henry Kenneth Alfred Russell', 'Henry Kenneth Alfred %22Ken%22 Russell', 'Ken Russell', 'Ken Russel']", Ken Russell.,0.8284972906112671,0,0,0
1403,Answer the question concisely. Q: The ‘Ffestiniog Railway’ in Wales runs from Blaenau Ffestiniog to which harbour town? A:,"['Borth-y-Gest', 'Portmadoc', 'Lord of Gest', 'Borth y Gest', 'Porthmadog, Wales', 'Porthmadog']", Porthmadog.,0.9184598326683044,0,0,0
1417,Answer the question concisely. Q: What is zoophobia a fear of? A:,"['Animal Phylogeny', 'Basal metazoan', 'Animal types', 'Animalia Kingdom', 'Anamalia', 'Animal', 'New animal phylogeny', 'Animalia', 'Non-human animal', 'Kingdom Animal', 'Kingdom animal', 'Basal metazoa', 'KingdomAnimalia', 'Animal reproduction', 'Animal Characteristics', 'Metazoan', 'Animals', 'Animal phylum', 'Metazoon', 'Animal (Metazoan) Evolution', 'Classification of animals', 'Metazoic', 'Anumal', 'Metazoans', 'Animal life', 'Kingdom Animalia', 'Kingdom animalia', 'New Animal Phylogeny', 'Metazoa', 'ANIMAL', 'Nonhuman animal', 'Water animal', 'Animal body']", Zoophobia is a fear of animals.,0.3042870759963989,1,1,0
1422,"Answer the question concisely. Q: In our solar system, the sun is composed of mostly which gas? A:","['Atomic number 1', 'Compressed Gaseous Hydrogen', 'Inflammable air', 'Dihydrogen', 'Element I', 'Hydrogen molecule', 'Proteum', 'Element 1', 'Molecular hydrogen', 'Monatomic hydrogen', 'H₂', 'Gaseous hydrogen', 'H (element)', 'Compressed gaseous hydrogen', 'Hydrogen', 'History of hydrogen', 'Hydrogen position in periodic table', 'E949']", hydrogen.,0.6245489716529846,0,0,0
1434,"Answer the question concisely. Q: In March 1994, what was ‘David and Jerry’s Guide to the World Wide Web’ renamed? A:","['Yahoo! Education', 'Yahoo Traffic Server', 'Yahoo.cm', 'Yahoo. com', 'Yahoo Inc.', 'Yahoo! Developer Network', 'Yahoo logos', 'Yahoo! Shine', 'Yahoo inc', 'Yahoo! Inc', 'Yahooo', 'Yahoo! UK & Ireland', 'Yahho', 'Myyahoo', 'YHOO', 'Yaoo', 'Yahoo Local', 'Yahoo, Inc.', 'Yahoocom', 'Yahoo Contributor Network', 'Maven Networks', 'Yahoo! board of directors', 'Y !', 'One Search', 'Yahoo TV', 'Yahoo! Inc.', 'Www.yahoo.com', 'Yahoo! Screens', 'Yaho', 'Yahoo Shopping', 'Uk.yahoo.com', 'Yahoo! services', 'Yahoo', 'Yahoo com', 'Yahoo logo', 'Yahoo! Canada', 'OneSearch', 'Yahoo! Real Estate', 'Yhoo', 'YAHOO!', 'Yahoo Mobile', 'Yahoo.com', 'Yahoo! Broadcast', 'Yahoo.con', 'Yahoo Real Estate', 'Yahoo!.com', 'Yahoo Advertising', 'Yahoo! Lifestyle', 'Yahoo ceo', 'Yahoo!, Inc.', 'Yahoo1', 'Yahoo.', 'List of Yahoo! Services', 'Yahoo Visa', 'Yahoo Shine', 'Yahoo! logo', 'Yahoo! Hong Kong', 'Yahoo! HK', 'AS10310', 'Yahoo! Advertising', 'Yahoo! Homes', 'Yahoo.net', 'Yahoo!', 'Yahoo! TV', 'Yahoo! Local', 'Yahoo.om', 'Yahoo! Web Analytics', 'Yahoo! Schweiz', 'Yahoo.c', 'Yahoo! Incorporated', 'Y!', 'Yahoo! logos', 'Yahoo india.com', 'YAHOO', 'Yahooom', ""Jerry's Guide to the World Wide Web"", 'Yahoo.org', 'Yahoo! Shopping', 'Net Controls', 'Yahoo Store', 'Maven Networks, Inc.', 'Yahoo Gallery', 'Yahoo! Europe', 'Www yahoo com']", ‘Yahoo,0.788056492805481,0,0,0
1436,Answer the question concisely. Q: Late British singer-songwriter John Simon Ritchie was better known by what name? A:,"['John Simon Ritchie-Beverly', 'John Simon Ritchie', 'Sid vicious', 'Sid Vicious', 'Simon Ritchie', 'Sid viscious', 'John Simon Ritchie Beverly']", Sid Vicious.,0.8838703632354736,0,0,0
1454,"Answer the question concisely. Q: Rapunzel, Mother Gothel and Paulo are all characters in which 2010 animated film? A:","['Rapunzel (2010 film)', 'Rapunzel Unbraided', 'Healing Incantation', 'Gothel (Disney)', ""Disney's Rapunzel"", 'Tangled Characters', 'Tangled (movie)', 'List of Tangled characters', 'Princess Rapunzel', 'Tangled', ""List of Characters in Disney's Tangled"", 'Rapunzel (film)', 'Rapunzel: A Tangled Tale', 'Tangled (soundtrack)', 'Rapunzel (2009 film)', 'Tangled (2010 film)', ""List of characters in Disney's Tangled""]", Tangled.,0.8564476370811462,0,0,0
1485,"Answer the question concisely. Q: What was the name of the 1960’s rock band which comprised Eric Clapton, Ginger Baker, Steve Winwood and Ric Grech? A:","['Blind Faith', 'Blind faith']", Blind Faith.,0.843008816242218,0,0,0
1496,Answer the question concisely. Q: Which duo wrote the UK television series ‘Dad’s Army’? A:,"['David John Croft', 'Here Comes the Queen', 'Jeremy Lloyd and David Croft', 'David Croft (TV producer)', 'David John Andrew Sharland', 'David John Sharland', 'David Sharland', 'Jimmy Perry and David Croft']", Jimmy Perry and David Croft.,0.898118257522583,0,0,0
1501,Answer the question concisely. Q: ‘Boat Race’ is Cockney rhyming slang for which part of the body? A:,"['Human Face', 'Face', 'Facial feature', 'Faces', 'Human faces', 'Human face']", ‘Boat Race’ is Cockney rhyming slang for ‘face’.,0.171046644449234,1,0,1
1505,Answer the question concisely. Q: What was the World’s first teletext information service? A:,"['Ceefax in Vision', 'Pages from ceefax', 'Pages from Ceefax', 'Ceefax AM', 'BBC Nightscreen', 'BBC Ceefax', 'CEEFAX', 'Ceefax']", The BBC’s Ceefax.,0.6494640707969666,0,0,0
1519,Answer the question concisely. Q: What is the surname of Django in the 2012 film ‘Django Unchained’? A:,"['Freeman', 'Free men (disambiguation)', 'Freemen (disambiguation)', 'Free men', 'Free man', 'Freeman (disambiguation)', 'Freemen', 'Freeman (album)']"," Django Unchained is a 2012 American revisionist Western film written and directed by Quentin Tarantino, starring Jamie Foxx, Christoph Waltz, Leonardo DiCaprio, Kerry Washington, and Samuel L. Jackson, with Walton Goggins, Dennis Christopher, James Remar, and Don Johnson in supporting roles",0.14108717441558838,1,1,1
1521,Answer the question concisely. Q: The 2009 film ‘The Hangover’ is set in which city? A:,"['Las Vegas City Council', 'Las Vegas, NV', 'Las Vegas', 'City of Las Vegas', 'Las Vegas (NV)', 'Las Vegas/Climate', 'Las vegas', 'UN/LOCODE:USLAS', 'Las Vegas NV', 'LasVegas', 'Vegas', 'Las Vegas, Nevada', 'Las vegas, nv', 'LV, NV', 'The City of Las Vegas', 'Las vagas']", Las Vegas.,0.8293380737304688,0,0,0
1524,"Answer the question concisely. Q: Historical figures John Rann, John MacLaine, James Hind and Claude Duval were all notorious what? A:","['Highwaymen', 'Representations of highwaymen in popular culture', 'Highway robbery', 'Highway robber', 'Highway-robber', 'Highwayman']", highwaymen.,0.7173060774803162,0,0,0
1526,Answer the question concisely. Q: Which US comedian/actor is credited with saying ‘A man is only as old as the woman he feels’? A:,"[""I don't want to belong to any club that will accept me as a member"", 'Julius Henry Marx', 'Grouchu', 'Groucho Marxist', 'Groucho Marx', 'I would never join any club that would accept me as a member', 'Julius Marx', 'I refuse to join any club that would have me as a member', 'Groucho', ""I wouldn't join any club that would have me as a member"", 'I prefer not to join any club that would have me as a member', ""I don't want to belong to any club that will accept people like me as a member"", 'Groucho marx', 'Julius Henry %22Groucho%22 Marx', 'Marxist of the groucho variety', ""I don't care to belong to a club that accepts people like me as members"", 'Groucho Marxism']", George Burns.,0.14888092875480652,1,1,1
1544,Answer the question concisely. Q: Which was the first country outside the UK to screen the television series ‘Doctor Who’? A:,"['N Z', 'Nouvelle-Zelande', 'Kiwiland', ""New Zealand's"", 'New Zealand.', 'Nz', 'New Zealand,', 'NEW Z', 'N Zealand', 'NEW ZEALAND', 'New Zealend', 'Administrative divisions of new zealand', 'New Zaeland', 'N z', 'Kiwistan', 'Enzed', 'NewZealand', 'NZ', 'Name of New Zealand', 'Staten Landt', 'New+Zealand', 'NZL', 'Nu Tirani', 'Neo Zealand', 'ISO 3166-1:NZ', 'New Zealnd', 'AoTeAroa', 'Sheepland', 'Aotearoa / New Zealand', 'Subdivisions of New Zealand', 'Its got that new zeal', 'New Zealand', 'Newzealand', 'New Zeland', 'New-Zealand', 'New Zeeland', 'Administrative divisions of New Zealand', 'New Zealnad', 'Staten Land', 'N.Z.', 'Staaten land', 'New.Zealand', 'Mew Zealand', 'Maoriland', 'N. Zealand', 'Etymology of New Zealand', 'New Xealand', 'Māoria', 'New zelanad', 'Niu Tireni', 'New zealand', 'New zeland', 'Nova Zeelandia', 'New zeeland']", Australia.,0.34793320298194885,1,1,1
1561,Answer the question concisely. Q: What type of creature is a discus? A:,"['Fish proteins', 'Fin-fish', 'Fish vs fishes', 'Ichthyoid', 'Fish versus fishes', '🐟', 'Fish (Biology)', 'Fishes or fish', 'Piscines', 'Fish or fishes', 'Fisshes', 'Fishes', 'Fishes versus fish', 'Fush', 'Sick fish', 'Fishbones', 'Pisces (zoology)', 'Finfish', 'Marine fish', 'Fish (zoology)', 'Ichthyes', 'Fish', 'Ichthyofauna', 'Inchthyic', 'Fish venoms']", A discus is a freshwater fish that is native to the Amazon River basin in South America. It is a popular aquarium fish due to its vibrant colors and unique shape.,0.28427571058273315,1,1,0
1567,Answer the question concisely. Q: What does the Latin phrase ‘Fortes fortuna juvat’ translate to in English? A:,"['Fortune Favours the Bold', 'Fortune favors the bold', 'Audentes fortuna iuvat', 'Fortis Fortuna Adiuvat', 'Fortune favours the bold', 'Fortune Favours The Brave', 'Fortune Favors the brave', 'Fortune Favours the Brave', 'Fortune Favors the Brave', 'Fortune favours the brave', 'Fortes fortuna adiuvat', 'Fortune Favors the Bold', 'Virtutis Fortuna Comes']"," ‘Fortes fortuna juvat’ translates to ‘Fortune favors the brave’ in English. This phrase is often used to encourage people to take risks and pursue their goals, as fortune is more likely to favor those who are brave enough to take action.",0.3269640803337097,1,0,0
1575,Answer the question concisely. Q: The board game Pachisi originated in which country? A:,"['ഭാരത മഹാരാജ്യം', 'هندستانڀارت،', 'भारतीय गणराज्याच्या', 'Bhārtiya Prajāsattāk', 'Indian Republic', 'ভারতরাষ্টৃ', 'Indian republic', 'ಭಾರತ ಗಣರಾಜ್ಯ', 'Union of India', 'இந்தியக் குடியரசு', 'भारतीय प्रजासत्ताक', 'India (country)', 'ISO 3166-1:IN', 'Indea', 'Etymology of India', 'ভারত গণরাজ্য', 'Republic Of India', 'INDIA', 'ભારતીય ગણતંત્ર', 'ভারত', 'Republic of India', 'Les Indes', 'Bhārat Gaṇarājya', 'جمہوٗرِیت بًارت', 'भारतमहाराज्यम्', 'Indya', 'Bharat Ganrajya', 'جمہوریہ بھارت', 'இந்திய', 'ଭାରତ ଗଣରାଜ୍ଯ', 'भारत गणराज्य', 'Republic of india', 'जुम्हूरियत भारत', 'Hindio', 'The Republic of India', 'భారత గణతంత్ర రాజ్యము', ""India's"", 'Hindistan', 'ਭਾਰਤ ਗਣਤੰਤਰ', 'Bhart', 'India', 'భారత రిపబ్లిక్', 'India.', 'ভাৰত গণৰাজ্য', 'Indian State', 'ISO 3166-1 alpha-3/IND', 'ভারতীয় প্রজাতন্ত্র']", India.,0.8493145108222961,0,0,0
1580,"Answer the question concisely. Q: At the age of 86, which US actor married 40 year old make up artist Arlene Silver in 2012? A:","['Dick Van Dyk', 'Dr. Sloan', 'Richard Van Dyke', 'Dick van Dyke', 'Dyck Van Dike', 'Dick Van Dyke', 'Richard Wayne Van Dyke', 'Dick van dyke', 'Learn Not to Burn', 'Dick Van Dike', 'Dick VanDyke']", Mickey Rooney.,0.25446656346321106,1,1,1
1600,Answer the question concisely. Q: Which English city is known as ‘The Lace City’? A:,"['County Borough of Nottingham', 'Cookie Club', 'Nottingham, Nottinghamshire', 'Nottm', 'City of Nottingham', 'Nottingham, East Midlands', 'Coppice Farm Primary School', 'Nottingham, England', 'Snotingaham', 'Shottingham', 'The Creative Quarter Nottingham', 'Nottingham, UK', 'Nottingham', 'Nottingham Enterprise Zone', 'Tigguo Cobauc', 'Creative Quarter, Nottingham', 'Nottingham, United Kingdom', 'Poultry Walk, Nottingham', 'Nottingham UA']", Nottingham.,0.6048164963722229,0,0,0
1601,Answer the question concisely. Q: What is the minimum legal age for a female to marry in Kuwait? A:,"['15 years', '15 time', 'fifteen  time']", 17.,0.1088213324546814,1,1,1
1606,Answer the question concisely. Q: In 1985 the Fayed brothers purchased which London-based department store? A:,"['Princess Diana and Dodi Fayed Memorial', 'Harrods Group', ""Harrod's"", 'Harrods Food Hall', 'Harrods', 'Harrod’s', 'Harrods Department Store']", Harrods.,0.8360873460769653,0,0,0
1607,Answer the question concisely. Q: Who became US President in 1913? A:,"['Thomas W. Wilson', 'President wilson', 'Wilson, Woodrow', 'Thomas Woodrow Wilson', 'Woodrow wilson', 'Presidency of Woodrow Wilson', 'President Woodrow Wilson', ""President Wilson's"", 'T Woodrow Wilson', 'W. Wilson', ""Woodrow Wilson's"", 'Woodrow Wilson', 'Wildrow Woodson', 'President Wilson', '28th President of the United States', 'T. Woodrow Wilson']", Woodrow Wilson.,0.8347505331039429,0,0,0
1610,Answer the question concisely. Q: In which year did divorce become officially legal in the Republic of Ireland? A:,"['one thousand, nine hundred and ninety-seven', '1997']", 1996.,0.16093283891677856,1,1,1
1614,Answer the question concisely. Q: In food E Numbers 100-109 are which colour? A:,"['Yellowest', 'Whiteyellow', 'Yelow', 'Yellow color', 'Yellowishness', 'Yellower', 'White-yellow', 'Rgb(255, 255, 0)', 'Dark yellow', 'Yellowwhite', 'Symbolism of yellow', 'Yellow (color)', 'Yellow (colour)', 'Yellowy', 'Yellow white', 'Yellowishly', 'White yellow', 'Yellow (Colour)', '(255, 255, 0)', 'Yellow', 'Royal yellow', 'Yellow-white']", E100-109 are colours. E100-109 are colours. E100-109 are colours. E100-109 are colours. E100-109 are colours. E100-109 are colours. E100-109 are colours. E100-109 are colours. E100-109 are colours. E,0.5039997100830078,0,1,1
1615,Answer the question concisely. Q: The discovery of what in Australia in February 1851 is traditionally attributed to Edward Hammond Hargraves? A:,"['Gold compound', 'Aurous', 'Gold consumption', 'Auric (Ion)', 'Gold (metal)', 'Gold metal', 'Gold compounds', '🜚', 'Gold toxicity', 'Element LXXIX', 'Atomic number 79', 'Aurric', 'Au (element)', 'Flour gold', 'Native gold', 'Lode gold', 'E175 (E number)', 'Monatomic gold', 'Gold jewelry', 'Auric compound', 'Gold making', 'Australium', 'Gold Lot', 'Use of gold', 'Gold', 'Gold poisoning', 'Element 79', 'Gold (mineral)', 'Gold (element)', 'Aurate', 'Goldness']", Gold.,0.5061353445053101,0,0,0
1618,Answer the question concisely. Q: How is the year 1994 depicted in Roman Numerals? A:,"['MCMLXXXXIV', 'March 1994', 'July 1994', 'August 1994', 'September 1994', '1994', 'December 1994', 'February 1994', 'MCMXCIV', 'April 1994', 'June 1994', 'November 1994', '1994 a.d.', 'May 1994', 'January 1994', 'October 1994', 'May 31st, 1994', 'Deaths in 1994', 'Heisei 6']", MCMXCIV.,0.882171094417572,0,0,0
1626,Answer the question concisely. Q: What is the name of the perfume launched by British boyband JLS in January 2013? A:,"['Idealized love', 'Loveliest', 'Love', 'Loves', 'Prem (Hinduism)', 'Sacrificial love', 'True Love (The feeling)', 'Chemistry of love', 'Lovable', '💑', 'Idealised love', 'Love interest', 'Loving relationship', 'Latin words for love', 'Lovingly', '愛', 'Loveworthy', 'Lovelier']", JLS by JLS.,0.20339283347129822,1,1,1
1629,Answer the question concisely. Q: What colour ink was traditionally used by Roman emperors to sign important documents? A:,"['Purplingly', 'Purple (colour)', 'Purplishness', 'Purple', 'Purpled', 'Purplest', 'Northwestern Purple (color)', 'Heather Purple', 'Words which rhyme with Purple', 'Purpleish', 'Purple flowers', 'Purplishly', 'Purpling', 'Purple (color)', 'List of terms associated with the color purple', 'Purple vs. violet', 'Purples', 'Purpler']", Purple. The colour purple was reserved for the emperor and his family. The answer is 3 words long.,0.32010418176651,1,1,0
1634,Answer the question concisely. Q: Edith Cresson became the first female Prime Minister of which European country? A:,"['La Republique francaise', 'Franciaország', 'La Republique française', 'Belle France', 'FRANCE', 'Republique française', 'France', 'Ranska', 'Franciaorszag', 'French Republic', 'République francaise', 'République française', 'ISO 3166-1:FR', 'Frankreich', 'France (country)', 'Etymology of France', 'FrancE', 'La République française', 'People of France', 'Republic of France', 'Fracne', 'Le France', 'The French Republic', 'Republique francaise', 'The Republic of France', 'La République francaise', 'La France', 'Rain in France', 'Republic of france', 'FRance', 'Frakkland', 'Climate of France', 'Franse']", France.,0.41961294412612915,1,0,0
1676,Answer the question concisely. Q: Who bought Donington Park’s Dunlop Bridge at a memorabilia auction? A:,"['Evans, Chris', 'Chris Evans (politician)', 'Christopher Evans (disambiguation)', 'Christopher Evans', 'Chris Evans', 'Evans, Christopher', 'Chris Evans (disambiguation)']"," The bridge was bought by a private collector for £1,000.",0.13154952228069305,1,1,1
1687,Answer the question concisely. Q: Which is the highest mountain in North America? A:,"['Denali North Peak', 'Mount McKinley', 'Mount McKinley North Peak', 'Mt McKinley (Denali)', 'Churchill peaks', 'Mount McKinley South Buttress', 'Highest mountain in North America', 'Большая Гора', 'Mount Mckinley', 'Mt. Denali', 'Mount mckinley', 'Mt McKinley', 'Mount McKinely', 'Mount McKinley East Buttress', 'Mt. McKinley', 'Mt. mckinley', 'Mount Denali', 'MT MCKINLEY', 'Denali East Buttress', 'Mount McKinley (Alaska)', 'Denali', 'Denali South Buttress', 'Mt mckinley']", Mount McKinley.,0.8321726322174072,0,0,0
1691,Answer the question concisely. Q: Under what name did the Japanese car company Nissan formerly sell its cars in the UK? A:,"['Nissan Motor', 'Nissan Motor Company, Limited', 'Nissan 180 Plan', 'Nsany', 'Nissan Motor Co. Ltd.', 'Nissan foria', 'Nissan Commercial Vehicles', 'Nissan cars', 'Nissan North America', 'Nissan North America, Inc.', 'Tom Lane (Nissan)', 'Nissan Motors', 'Nissan Red and Blue Stage', 'Nissan Motor Co., Ltd.', 'Nissan Satio Store', 'Nissan Motor Co.', 'The Nissan Motor Company', 'Nissan Bluebird Store', 'Nissan North America Inc.', 'Nissan Red Stage', 'Nissan USA', 'Nissan Revival Plan', 'Nissan vehicles', 'Nissan', 'Cabstar', '日産', 'Nissan Saito Store', 'Nissan Motor Store', 'Nissan Motor Company, Ltd.', 'Nissan Cherry Store', 'Nissan Motor Company Ltd', 'Nissan (automobile)', 'Nissan Motor Corporation', 'Nissan Motor Corporation, U.S.A.', 'Nissan Motor Co (Australia)', 'Nissan Jidosha KK', 'Nissan Foria', 'DATSUN', '.datsun', 'Nissan Blue Stage', 'Nissan car', 'Nissan Motor Company', 'Nissan Motor Corporation U.S.A.']", Datsun.,0.8456621170043945,0,0,0
1699,Answer the question concisely. Q: At which battle of 2 December 1805 did Napoleon defeat a combined Austrian-Russian army? A:,"['Battle of Slavkov', 'Battle of Three Emperors', ""Austerlitz: Napoleon's Greatest Victory"", 'Battle of the Three Emperors', 'Pratzen plateau', 'Pratzen Heights', 'Battle of austerlitz', 'The Battle of the Three Emperors', 'The Battle of Austerlitz', 'Battle of the three emperors', 'Battle of three emperors', 'Battle of Austerlitz', 'Battle Of Austerlitz', 'Austerlitz campaign']", Austerlitz.,0.364715576171875,1,0,0
1702,Answer the question concisely. Q: What is the pleasant activity of osculation? A:,"['Kissings', 'Kissy kiss', 'Philematologist', 'Snogg', 'Philematology', 'Screen kiss', '💏', 'Smooch', 'New years kiss', 'Yankee Dime', 'Kiss', ""Kissin'"", 'Basorexia', 'Kiss And Kissing', 'Kissing']", Kissing.,0.7476744651794434,0,0,0
1707,Answer the question concisely. Q: Which bird was once called apteryx? A:,"['Kiwi', 'Apteryx', 'Apterygidae', 'Kiwi bird', 'Kiwi (Bird)', 'Liittle Spotted Kiwi', 'Apterygiformes', 'Brown kiwi', 'Kiwis', 'Kiwi (bird)']", The kiwi.,0.5518745183944702,0,0,0
1712,Answer the question concisely. Q: Which edible nut is found on a variety of Hickory Tree? A:,"['Pecan tree', 'Carya olivaeformis', 'Illinois Nut Hickory', 'Carya illinoinensis', 'Pecans', 'Pecan nut', 'Carya oliviformis', 'Pecan', 'Bitter pecan', 'Carya illinoensis', 'Pecan trees', 'Carya illinoiensis', 'Illinois nut hickory', 'Pecano', 'Carya pecan']", Hickory Nut.,0.5276945233345032,0,1,1
1747,Answer the question concisely. Q: An anchor hallmark on a valuable metal item denotes it was made in which city? A:,"['County Borough of Birmingham', 'Birmingham overspill', 'Metropolitan Borough of Birmingham', ""B'Ham"", 'Great Barr Primary School', 'City of Birmingham', 'City of a thousand and one trades', 'Birmingham, UK', 'Birminghamian', 'Birmingham (borough)', 'City of a thousand trades', 'Nelson Mandela Primary School', 'Crime and policing in Birmingham', 'Birmingham, United Kingdom', 'The weather in Birmingham', 'Bournville Junior School', 'Birmingham Corporation', 'Birmingham Heritage Festival', 'Bimringham', ""B'ham"", 'Birmingham artistic figures', 'City of birmingham', 'Beormingham', 'Birmingham', 'Birmingham, West Midlands', 'England Birmingham', 'Birmingham, England', 'UN/LOCODE:GBBHM']", New York.,0.14309024810791016,1,1,1
1756,"Answer the question concisely. Q: Released in 1974, what was the title of David Bowie’s eighth studio album/LP? A:","['DIAMOND DOGS', 'Diamond Dogs (band)', 'The Diamond Dogs', 'The Diamond Dogs (band)']", Diamond Dogs.,0.7278553247451782,0,0,0
1780,Answer the question concisely. Q: Used frequently in laboratories what is the common name of Drosophila? A:,"['Fruitfly', 'Fruit fly', 'Fruit fly (disambiguation)', 'Fruit Fly', 'Fruit flies']", Fruit fly.,0.8502506613731384,0,0,0
1783,"Answer the question concisely. Q: In the year 1800, who was King of Great Britain and King of Ireland? A:","['George III, King of Great Britain and Ireland', 'King george the 3rd', 'George iii', 'George III, King of Great Britain', 'Farmer George', 'George III of Corsica', 'GEORGE III', 'King George 3', 'King George III', 'George III of England', 'George iii of the united kingdom', 'George III', 'George III of Great Britain', 'George III of Scotland', 'King George III of the United Kingdom', 'George III of Great Britain and Ireland', 'George III of Hanover', 'King George III of Great Britain', 'George the Third', 'George III of Britain', 'George III of the United Kingdom', 'George III of the UK', 'George III Guelph', 'Mad King George', 'List of titles and honours of King George III', 'George William Frederick', 'George III %22the Mad%22 of the United Kingdom', 'King George 3 of the United Kingdom', 'George Iii']", George III.,0.8495922088623047,0,0,0
1791,Answer the question concisely. Q: Which commission was set up to investigate the assassination of JFK? A:,"['Warren Commission Report', 'The Warren Commission', ""The President's Commission on the Assassination of President Kennedy"", 'Warren Commission', ""President's Commission on the Assassination of President John F. Kennedy"", 'Warren Report', 'Warren Comission', 'Warren commision', 'Warren commission', ""President's Commission on the Assassination of JFK"", 'The Warren Report', ""President's Commission on the Assassination of President Kennedy"", ""President's Commission on the Assassination of John F. Kennedy"", 'Kennedy assassination commission']", The Warren Commission.,0.8728631734848022,0,0,0
1793,Answer the question concisely. Q: Which London residential suburb is the site of Lord’s Cricket Ground? A:,"[""St. John's Wood"", 'St John’s Wood', ""St John's Wood"", ""St John's Wood, London, England"", ""St John's Wood, London"", 'St Johns Wood']", St John’s Wood.,0.8531153202056885,0,0,0
1795,Answer the question concisely. Q: Which element is integral to all organic compounds? A:,"['Carbon atom', 'Kohlenstoff', 'Carbon Atom', 'Carbons', 'Carbon atoms', 'Carbonaceous', 'Carbon unit', 'Carbonous', 'History of carbon', 'Carbon (element)', 'Atomic number 6', 'C (element)', 'Carbonic', 'Carbon']", Carbon.,0.6299433708190918,0,0,0
1798,Answer the question concisely. Q: Which confectionary manufacturer markets Galaxy milk chocolate? A:,"['Fourth planet', 'Sol 4', 'Mars surface features', 'Mars', 'Mars/Planet', 'Hydrology of Mars', 'Magnetosphere of Mars', 'Marte (planet)', 'Mars (planet)', 'Sol-4', '2003 opposition of Mars', '4th planet', 'Planet Mars', 'Sun e', 'Sol e', 'Mars (Planet)', 'Physical characteristics of Mars', 'Mars opposition', 'Sol IV', 'Oblate Mars', 'Opposition of Mars', 'Mars orbit']", Mars.,0.47779905796051025,1,0,0
1822,"Answer the question concisely. Q: Born Natalia Zacharenko, under what name did she find fame? A:","['Nathalie Wood', 'Wood, Natalie', 'Natalie Wood', 'Natasha Gurdin', 'Natalie Wagner', 'Natalia Nikolaevna Zakharenko']"," Natalia Zacharenko, better known as Natalia Zakharenko, is a Ukrainian singer and actress. She is best known for her role in the 2008 film “The Edge of the World” and for her work as a singer in the Ukrainian pop group “Natalia and Friends.” Q:",0.21887770295143127,1,1,1
1846,Answer the question concisely. Q: Which town’s Crab Fair features a world-famous face-pulling or “gurning” contest? A:,"['Egremont', 'Egremont (disambiguation)']"," Ulverston, Cumbria.",0.24732181429862976,1,1,1
1849,Answer the question concisely. Q: Which now obsolete unit originated as the distance a person could walk in an hour? A:,"['League', 'League (disambiguation)', 'Leagues', 'Legua', 'League (politics)', 'Chuulghan', 'Chuulgan']", The furlong.,0.07065214216709137,1,1,1
1851,Answer the question concisely. Q: “Scandicrime” drama The Bridge is mainly set in Copenhagen and in which Swedish city? A:,"['Municipality of Malmoe', 'History of Malmö', 'Municipality of Malmo', 'Malmo urban area', 'Malmoe, Sweden', 'UN/LOCODE:SEMMA', 'History of Malmo', 'Malmo', 'Municipality of Malmö', 'Malmö urban area', 'History of Malmoe', 'Malmö', 'Malmø', 'Maelmo', 'Malmö Theatre Academy', 'Malmo, Sweden', 'Malmoe kommun', 'Malmoe stad', 'Demographics of Malmo', 'Malmö, Sweden', 'Malmoe urban area', 'Mälmo', 'Malmoe']", Malmö.,0.6624788045883179,0,0,0
1853,Answer the question concisely. Q: Which college’s chapel doubles as Oxford’s cathedral? A:,"['Christ Church', 'Christ Church (disambiguation)']", Christ Church.,0.792170524597168,0,0,0
1859,"Answer the question concisely. Q: Victoria Coren, as she then was, married whom in November 2012? A:","['Dave Mitchell (disambiguation)', 'David B. Mitchell', 'David mitchell', 'DAVID MITCHELL', 'Dave Mitchell', 'David Mitchell', 'David Mitchell (soccer)', 'Mitchell, David', 'David Mitchell (footballer)', 'David Mitchell (football)', 'David Mitchell (disambiguation)']"," David Williams, a professional poker player.",0.2788383662700653,1,1,1
1862,"Answer the question concisely. Q: When David killed Goliath, how many of his five stones did he use? A:","['One (EP)', 'No. 1 (disambiguation)', 'Number One (film)', 'One (single)', 'One-', '1 (disambiguation)', '1 album', 'One (telecommunications)', 'ONE', 'Number 1 (single)', '01 (disambiguation)', '01', 'Number 1 (album)', 'One (Album)', 'Number One (disambiguation)', 'Number One (song)', '1 (album)', 'Number One (album)', 'Number 1 (Album)', '1 (album) (disambiguation)', 'One (album)', 'Number One (Song)', 'Number 1 (disambiguation)', 'No. 1 (album)', 'One (album disambiguation)', 'No 1 (disambiguation)', 'No.1 (song)', 'One (song)', '1 (film)', 'Number 1 (song)', 'Number One (character)', 'One (novel)', 'One (disambiguation)']", One.,0.36479777097702026,1,0,0
1882,Answer the question concisely. Q: What was placed in Earth’s orbit by Discovery in 1990? A:,"['Hubble Space telescope', 'Hubble Space Telescope', 'Hubble', 'Hubblecast', 'Hubble Space Telescope Servicing Mission 2', 'Hubble telescope', '1990-037B', 'The hubble', 'Space Telescope Operations Control Center', 'Hubble Space Telscope', 'Telescópio Espacial Hubble', 'Hubble Telescope', 'Hubble space telescope', 'Hubble Space Telescope (HST)', 'Hubble (spacecraft)', 'Starry-Eyed Hubble', 'HST(telescope)', 'Telescopio Espacial Hubble', 'Hubble Space Telescope Servicing Mission 1', 'Hubbel Space Telescope', 'The Hubble Telescope']", The Hubble Space Telescope.,0.7305421829223633,0,0,0
1897,Answer the question concisely. Q: Which prophet secretly anointed David as King of Israel? A:,"['שְׁמוּאֵל', 'An-Nabi Samwil', 'Samuel (bible)', 'Samuel (Bible)', 'Samuel the Prophet', 'Schmuel', 'Samuel', 'Samuel (Biblical figure)', 'Samuel (biblical figure)', 'Deir Nabi Samwil', 'Samuel in Islam', 'Shmueil', 'Samuel (Biblical figure & a Prophet)', ""Shmu'el"", ""Shemu'el"", 'Samuel (The Prophet,Biblical figure)']", Samuel.,0.6268537640571594,0,0,0
1912,"Answer the question concisely. Q: What is the symbol for the chemical element protactinium, atomic number 91? A:","['(Pa.)', 'Pa', 'P. A.', 'PA (disambiguation)', 'P.a.', 'Pa (disambiguation)', 'P A', 'PA', 'P-A', 'P.A.', 'Pa.']", Pa.,0.8904165625572205,0,0,0
1919,"Answer the question concisely. Q: Which legendary sunken land lies off the Isles of Scilly, to the south-west of Cornwall? A:","['Leonais', 'Parmenie', 'Leonais Lyonnesse', 'Llyonesse', 'Lyonnesse', 'Leonnoys', 'Leonois', 'Lyonesse', 'Lyonesse, Leonnoys']", The mythical land of Lyonesse.,0.43079644441604614,1,0,0
1931,Answer the question concisely. Q: Oil seed rape belongs to which plant family? A:,"['Mustards', 'Mustard', 'Mustard (disambiguation)']", Brassicaceae.,0.133980393409729,1,1,1
1936,"Answer the question concisely. Q: Angelica, Chuckie and Tommy feature in which cartoon tv series? A:","['RUGRATS', 'The Rugrats']", Rugrats.,0.750061571598053,0,0,0
1969,"Answer the question concisely. Q: ""What """"C"""" is a name given to any straight line that joins two places on a curve?"" A:","['Chord', 'Chord (disambiguation)', 'Chords']"," ""A chord.""",0.265652596950531,1,0,0
1974,Answer the question concisely. Q: Which ex-World Heavyweight Champion boxer signed up for Celebrity Big Brother 2014? A:,"['Evander Hollyfield', 'Evander Holyfield', 'Vander Holyfield', 'Real Deal Holyfield', 'Candi Calvana Smith', 'Evan Fields', 'Evander Holfield']", Evander Holyfield.,0.8648658990859985,0,0,0
2014,Answer the question concisely. Q: Who holds the post of Defence Secretary? A:,"['Michael Cathal Fallon', 'Michael Cathel Fallon', 'Michael Fallon']", The Defence Secretary is the senior civil servant in the Ministry of Defence. He is responsible for the day-to-day running of the Ministry and for the formulation of defence policy. He is also the principal adviser to the Secretary of State for Defence on all matters relating to defence. The Defence Secretary is appointed by the Prime Minister and,0.31632763147354126,1,1,1
2027,Answer the question concisely. Q: Which noted woman from the Caribbean tended wounded soldiers during the conflict? A:,"['Mother Seacole', 'Mary SEACOLE', 'Mary Seacole (film)', 'Mary Jane Seacole', 'Mary Jane Grant', 'Mary Seacole']"," Harriet Tubman, who was born in the Caribbean and later became a noted abolitionist and Union spy during the Civil War.",0.13637030124664307,1,1,1
2031,Answer the question concisely. Q: What is the official summer sport of Canada? A:,"['Lacrosse', 'LaCrosse', 'Lacrosse (sport)', 'Baggataway', 'Lacross', 'LACROSSE', 'Lacrosse players', 'Lacrosse player', 'Indians created lacrosse', 'Baggatiway']", The official summer sport of Canada is Lacrosse.,0.4135751724243164,1,0,0
2038,"Answer the question concisely. Q: As well as municipalities, which country is made up of 26 states and one federal district? A:","['Brazil', 'BRAZIL', 'Etymology of Brazil', 'Federal Republic of Brazil', 'Brasil', 'Barzil', 'Federative Republic of Brazil', 'Brazil (country)', 'Brassil', 'Republic of Brazil', 'Brésil', 'Brzil', 'Brazilian Federative Republic', 'Republica Federativa do Brasil', 'Bresil', 'Brazilian Republic', 'ISO 3166-1:BR', 'República Federativa do Brasil', 'Brazilo']", The United States of America.,0.34131085872650146,1,1,1
2054,"Answer the question concisely. Q: What surname connects equestrians Michael, Ellen, William, Robert and John? A:","['WHITAKER', 'Whitaker', 'Whitaker (disambiguation)']", The answer is TROTTER. The question is a good example of a cryptic crossword clue. The answer is a word that is a synonym of the word in the question. The answer is a word that is a synonym of the word in the question. The answer is a word that is a synonym of the word,0.34751731157302856,1,1,1
2058,Answer the question concisely. Q: Which bird is the international symbol for happiness? A:,"['Sialia', 'Blue bird', 'Bluebird', 'Bluebirds']", The parrot.,0.11008362472057343,1,1,1
2072,"Answer the question concisely. Q: According to T.S. Eliot, which “is the cruellest month”? A:","['APRIL', 'April (disambiguation)', 'April (album)', 'April (film)']", April.,0.2381744384765625,1,0,0
2089,"Answer the question concisely. Q: In June 2015, after severe flooding, which capital city saw a mass escape of zoo animals? A:","['Asia/Tbilisi', 'Capital of Georgia', 'Tbilisi, Georgia', 'Thbilisi', 'Tfilis', 'Tbisili', '5linesradio', 'Tblisi', ""Tp'ilisi"", 'Tbilissi', ""T'Bilisi"", 'Tbilisi, GA', 'Tbilisi/Tiflis', 'Tiflis', 'Tphilisiis', 'Tifflis', 'Teflis', ""T'bilisi"", '5 Lines Radio', 'Tbilisi, Republic of Georgia', 'Tbilisi, USSR', 'Tbilisi', 'Tiblisi', 'Capital of Georgia (country)', 'Tiflis Province, Ottoman Empire', 'Tbilsi', 'თბილისი', 'Tibilisi']"," In June 2015, after severe flooding, which capital city saw a mass escape of zoo animals?",0.14724524319171906,1,0,1
2101,Answer the question concisely. Q: Which Beatles offering was first shown on British TV on Boxing Day 1967? A:,"['Magical mystery tour', 'The Magical Mystery Tour', 'Magical Mystery Tour (disambiguation)', 'Magical Mystery Tour (EP)', 'Magical Mystery Tour', 'Magical Mistery Tour', 'The Magical Mistery Tour', 'Magical Mystery Tour (album)', 'Magical Mystery Tour (double EP)']", Magical Mystery Tour.,0.8600945472717285,0,0,0
2102,Answer the question concisely. Q: Claude Littner is the new face in the latest series of which programme? A:,"['The Apprentice (disambiguation)', 'The Apprentice', 'The apprentice', 'The Apprentice (novel)', 'The Apprentice: The Ultimate Job Interview', 'Apprentice, The']", The Apprentice.,0.8484100103378296,0,0,0
2110,Answer the question concisely. Q: Which rock star is known as 'The Boss'? A:,"['Bruce Springsteen and The E Street Band', 'Bruce Springsteen & the E-Street Band', 'Bruce Springsteen & The E-Street Band', 'Bruce Frederick Springsteen', 'Bruce %22The Boss%22 Springsteen', 'Springstein', 'Bruce Springsteen & the E Street Band', 'Bruce Springstein', ""Bruce Springsteen's awards and honors"", 'Bruce Springsteen', 'Springsteen', 'Bruce Springsteen and the E Street Band', 'Bruce Springstein and The E Street Band', 'Bruce springsteen', 'Springsteen, Bruce', 'Bruce Springstien', 'Bruce Springsteen and the E-Street Band', 'Bruce Springsteen & The E Street Band', 'Bruce Frederick Joseph Springsteen']", Bruce Springsteen.,0.7806068658828735,0,0,0
2113,Answer the question concisely. Q: Bradford and Brighton both have a newspaper called what? A:,"['Argos (Greek mythology)', 'Argus (disambiguation)', 'Argos (mythology)', 'Argus']", The Argus.,0.4839751720428467,1,0,0
2115,Answer the question concisely. Q: Who became head coach of Sunderland in March 2015? A:,"['Advocaat, Dick', 'Dick Advocaat']", Sam Allardyce.,0.08505591750144958,1,1,1
2119,Answer the question concisely. Q: IBM Halt is one of nine railway stations in which Clydeside town? A:,"['Greenock, Renfrewshire', 'Greenock, Inverclyde', 'Greenock', 'Famous Greenockians', 'Famous greenockians', 'Greenock, Scotland', 'Port of Greenock']", Dumbarton.,0.18152455985546112,1,1,1
2126,Answer the question concisely. Q: What is the heraldic name for the colour green? A:,"['Green (heraldry)', 'Verte', 'Vert', 'Vert (heraldry)', 'Green (vexillology)', 'Sinople (heraldry)']", Vert.,0.6210495233535767,0,0,0
2143,Answer the question concisely. Q: The eyes of Dr. T. J. Eckleberg are a dominant symbol in which 1925 novel and later films? A:,"['George Wilson (Gatsby)', 'Nick Carroway', 'Dr. T.J. Eckleburg', 'Meyer Wolfsheim', 'Wolfshiem', 'The Great Gatsby', 'Trimalchio (book)', 'Tom Buchanan', 'Great Gatsby', 'Jordan Baker (The Great Gatsby)', 'T.J. Eckelburg', 'Nick Carraway', 'The Great gatsby', 'Daisy Fay', 'Meyer Wolfshiem', 'Myrtle Wilson', 'Nick Caraway', 'George Wilson (The Great Gatsby)', 'The great gatsby', 'Dr. T. J. Eckleberg', 'Trimalchio (novel)', 'The Rise of the Colored Empires', 'Dr. T. J. Eckleburg', 'THE GREAT GATSBY', 'So we beat on, boats against the current, borne back ceaselessly into the past', 'Oggsford', 'Tom Buchanan (The Great Gatsby)']", The Great G,0.41536766290664673,1,1,0
2155,Answer the question concisely. Q: Who retired from the ‘Eggheads’ team in May 2014? A:,"['DAPHNE Fowler', 'Daphne Hudson', 'Daphne Fowler', 'Daphne Bradshaw']", Jeremy Vine.,0.17955684661865234,1,1,1
2157,"Answer the question concisely. Q: Who wrote the 1982 novel, ‘The Prodigal Daughter’? A:","['JEFFREY ARCHER', 'Baron Archer of Weston-super-Mare', 'Jeffrey Howard Archer, Baron Archer of Weston-super-Mare', 'Lord Archer of Weston Super Mare', 'Lord Archer of Weston-Super-Mare', 'The Clifton Chronicles', 'Lord Archer of Weston-super-Mare', 'Jeffrey Archer', 'Jeffrey Archer, Baron Archer of Weston-super-Mare', 'Jeffrey Howard Archer, Baron Archer', 'Baron Archer of Weston-Super-Mare', 'Jeffrey Howard Archer']", Jeffrey Archer.,0.8303754329681396,0,0,0
2176,Answer the question concisely. Q: Which gland controls the release of hormones? A:,"['Pituitary glands', 'Pituitary Gland', 'Receptors, pituitary hormone', 'Hypophysical', 'Pituary gland', 'Pituatary gland', 'Hypophyse', 'Glandula pituitaria', 'Pituitary diseases', 'Hypophysis cerebri', 'Pituitary gland', 'Pituitary', 'Pituitary body']", The pituitary gland controls the release of hormones.,0.4127522110939026,1,0,0
2184,Answer the question concisely. Q: Who was the question master in the original series of TV’s Going For Gold? A:,['Henry Kelly']," The late, great, Michael Aspel.",0.038654401898384094,1,1,1
2186,Answer the question concisely. Q: Who plays Mrs. Hudson in the BBC tv series ‘Sherlock’? A:,"['Una Stubbs', 'UNA STUBBS']", Una Stubbs.,0.9157539010047913,0,0,0
2187,Answer the question concisely. Q: JSC. What phrase was trending worldwide on Twitter after the events of 7th Jan. 2015? A:,"['Je suis Charlie', 'Je Suis Charlie', 'Я Шарли Эбдо', 'I am Charlie', 'Je suis Charlie (motto)', 'Je suis Hypercacher', 'Som Charlie Hedbo', 'Je suis Juif', 'انا شارلي', 'Jsem Charlie Hebdo', 'Jesuischarlie', 'Yo soy Charlie', 'من چارلی هستیم', 'Iamcharlie', 'Ich bin Charlie', 'JE SUIS CHARLIE', 'Je suis Ahmed', 'Je suis Muslim']", #JSC.,0.12562349438667297,1,1,1
2191,"Answer the question concisely. Q: “Dreams from my father, a story of race and heritance” is about which politician? A:","['Burack obama', 'Senator Obama', 'Barack hussein Obama', 'Barack Obama Jr.', 'President Barack Hussain Obama', 'Sen Obama', 'Senator Barack Obama', 'Pres. Obama', 'Obama II', 'Barack Obama Junior', 'Barack Hussein Obama Junior', 'Barack Hussein Obama II', 'Barack Hussein Obama Jr.', 'Baraka Obama', 'Barack Obama', 'President Barack Hussein Obama', 'Barac obama', 'Bacak Obama', 'Barack H. Obama, Jr', 'Obama 44', 'Barack Obama Jr', 'Barack Hussein Obama, Jr.', 'Berrack Obama', 'Barack H. Obama Junior', '44th president of the united states of america', 'President barack obama', 'OBAMA', 'Barack Hussein Obama Jr', 'President Obama', 'Barack H. Obama Jr.', 'Obama, Barack', '2008 Democratic Presidential Nominee', 'Baraq Obama', 'Barack H Obama Jr', 'Barack', 'Barak h obama', 'Baraq Hussein Obama', 'Obama Hussein Barack', 'Bobama', 'Barrak Obama', 'Borrack Obama', ""O'Bama"", 'Barak Obamba', 'BARACK OBAMA', 'Barrack Obama', 'President Barack H. Obama', 'Berack Obama', 'Barackobama', 'President Barack Hussein Obama II', 'Barak Obama', 'Barack II', 'Barack H. Obama II', 'Barack Obama, Jr.', 'Barack H. Obama, Jr.', 'Obama, Barrack', 'B. H. Obama', ""Barack O'Bama"", 'Barak obama', 'Berak Obama', 'Barack Obama, Jr', 'Obahma', 'Barack H Obama Jr.', 'Brock Obama', 'Barack Obama, Junior', 'President Barack Obama', 'Barack Hussein Obama, Junior', 'Barach Obama', 'Domestic policy of Barack Obama', 'Barack Hussein', 'Barakeh Obama', 'Baruch Obama', 'Barack Obana', 'Barack H Obama', 'B. Hussein Obama', 'Barak h. obama', 'Barrack Hussain Obama', 'Sen. Barack Obama', 'Presidant barack obama', 'Barack Obama.', 'Barrack Hussein Obama', 'Barack H Obama, Jr.', ""Barack Obama's"", 'Barack obama', 'President Barack', 'Barack obma', 'Barac Obama', 'United States President Barack Obama', 'BHOII', 'Obama', 'Barack H Obama, Junior', 'Brack obama', 'Obamma', 'Berrak Obama', 'Obama Barack', ""O'bama"", 'Hussein Obama', 'Brack Obama', 'Obama, Barack Hussein', 'Barack H. Obama', ""Obama's Birthday"", 'Barack H. Obama, Junior', 'Barak hussein obama', '0bama', 'Barakc Obama', 'Barok Oboma', 'B. Obama', 'Barack Hussein Obama', 'Barack Obama II', 'US President Barack Obama', 'Barack H Obama Junior', 'BarackObama', 'Barack H Obama, Jr', 'Barack H. Obama Jr', 'Barack Hussein obama', 'Obama barack', 'Barack Hussein Obama, Jr', 'Barack Obamba', 'Barack Obbama', 'OBAMA!', 'Borack Obama', 'Barack Obama jr', 'Barry Obama', 'Sen. Obama', 'Barrack obama', 'Barack Obam', 'Professor Obama', '44th President of the United States', 'President obama', 'Barck Obama', 'Barock obama', 'Barack OBama']", Barack Obama.,0.8987030386924744,0,0,0
2195,Answer the question concisely. Q: What term is used when a clot forms in a blood vessel? A:,"['Thrombo-embolic disease', 'Thromboprophylaxis', 'Obstruction of a blood vessel', 'Thromboembolic disease', 'Intracranial thrombosis', 'Thrombotic disease', 'Venous occlusive disease', 'Vascular thrombosis', 'Iliac vein thrombosis', 'Axillary vein thrombosis', 'Atherothrombosis', 'Thrombotic', 'Chronic thromboembolic disease', 'Thromboembolic stroke', 'Trombosis', 'Thrombosis', 'Thromboembolism', 'Thrombosed', 'Arterial thrombosis', 'Obstruction (blood vessel)', 'Prothrombotic risk factors']", Thrombosis.,0.9088982343673706,0,0,0
2196,Answer the question concisely. Q: Which is the second largest bay in Britain? A:,"['Morecambe', 'Morecambe, Lancashire']", The Firth of Clyde.,0.12715357542037964,1,1,1
2219,Answer the question concisely. Q: Who is the only person to win both a Nobel Prize for Literature and an Oscar? A:,"['G. B. Shaw', 'G.B. Shaw', 'G B Shaw', 'G.B. SHAW', 'Shaw, George Bernard', 'George Bernard Shaw', 'G.B.Shaw', 'George Barnard Shaw', 'G. Bernard Shaw', 'Plays Unpleasant', 'GB Shaw', 'Plays Pleasant']", William Faulkner.,0.33218783140182495,1,1,1
2220,"Answer the question concisely. Q: In Egyptian mythology, what was personified by the god Geb? A:","['Lexicography of Earth', 'Sol 3', 'Sol III', 'Formation of the Earth', '🌍', '🌏', '🌎', 'The Planet Earth', 'EartH', 'Composition of the Earth', 'Mean density of the Earth', 'Globe (Earth)', ""Earth's mean density"", 'The Earth', 'Tellus (Planet)', 'Sol Prime', 'Earth (planet)', 'Third planet from the Sun', ""Earth's surface"", 'Terra (Planetry Science)', 'Terra (planet)', 'Terra (name for the earth)', 'Local Planet', 'Surface area of earth', 'Planet of Water', '♁', 'The EARTH', 'Sol-3', 'Etymology of the word %22Earth%22', 'Earth (word)', '806.4616.0110', 'Earf', 'World (geography)', 'Eareth', 'Erde', 'Earth (Planet)', 'Earth’s surface', 'Sun d', 'Home Planet', 'Sol d', 'Tierra (planet)', 'Telluris', 'Third Planet', 'Earth, Sol', 'EARTH', 'Sol3', 'Surface of the Earth', 'Blue and green planet', 'Whole World', 'Earth', '🗺', 'Green and blue planet', 'The planet earth']", The earth.,0.7490506768226624,0,0,0
2229,Answer the question concisely. Q: To whom did human-rights lawyer Amal Alamuddin become engaged in April 2014? A:,"['Max (pig)', 'George T. Clooney', 'List of George Clooney awards and nominations', 'George T Clooney', 'George Cloony', 'George Clooney', 'George Klooney', 'George Timothy Clooney', 'Goerge Clooney', 'George timothy clooney', 'The Challenge (2011 film)', 'George clooney', 'Clooney, George']", George Clooney.,0.8463818430900574,0,0,0
2255,Answer the question concisely. Q: What term is used for a leap striking both heels together? A:,"['Ballet terms', 'Fish dive', 'En dedans', 'Entree (ballet)', 'Grand jete', 'À la seconde', 'Grand jeté', 'Avant (ballet)', 'Glossary of ballet terms', 'En dehors', 'Glissading', 'Fish dive (ballet)', 'Grand Adage', 'Port de Bras', 'Plie', 'Glissade (ballet)', 'Plié', 'Croisées', 'Grand Pas Classique', 'Grand Adagio', 'Sauté (ballet)', 'Croises', 'Croisée', 'Retiré', 'Relevé (dance)', 'Dance positions in ballet', 'Glissade (dance move)', 'Rond de jambe', 'Croise', 'Grand adage', 'Port de bras', 'Croisee', 'Allegro (ballet)', 'Grand battement', 'Glossary of ballet terms:en dedans', 'Pas d’action', ""Pas d'action"", 'Ballabili', 'Entrée (ballet)', 'Piqué (ballet)', 'Grand ballabile', 'Demi pointe', 'Entrechat', 'Ballet term', 'En pointe', 'Grand Coda', 'Pas de bourrée', 'Croisé', 'Adagio (ballet technique)', 'Ballet glossary', 'Croisees', 'Coda (ballet)', 'Attitude (ballet position)', 'Glossary of ballet', 'Ballet terminology', 'Fouett', 'Penché', 'List of ballet terms', 'Grand coda', 'Glossary of Ballet terms', 'Pas assemblé', 'Adagio (ballet)', 'Chainés', 'Ballabiles', ""Tour En L'air"", 'Fondu (ballet)', 'Allegro (ballet technique)', 'Croisés']", A double jump.,0.12244510650634766,1,1,1
2262,Answer the question concisely. Q: Name the manufacturer of the British World War II bomber the Lancaster A:,"['AVRO (television)', 'Algemene Vereniging Radio Omroep', 'Toppop3', 'AVRO (broadcaster)', 'AVRO']", Avro,0.29574814438819885,1,0,0
2268,"Answer the question concisely. Q: Ushuaia, which is now generally accepted as the southernmost city in the world, is in which country? A:","['Arxintina', 'Argintina', 'Argentyna', 'آرژانتین', 'República Argentina', 'Land of silver', 'Argentina', 'ארגנטינה', 'Arghantina', 'Republica Argentina', 'Argentine republic', 'Аргентына', 'Nación Argentina', 'Argentinien', 'Nacion Argentina', 'Argie', 'アルゼンチン', 'Airgintín', 'Аржентина', 'Argentína', 'Argentine Republic', 'Argentīna', 'Argentinean', 'Argentiina', 'The Argentine Republic', 'Arxentina', 'Արգենտինա', ""Arc'hantina"", 'ARGENTINA', 'Argies', 'Antonia Merce Y Luque', 'People of Argintina', 'ISO 3166-1:AR', 'Argentinië', 'אַרגענטינע', 'Arjantin', 'अर्जेन्टीना', 'الأرجنتين', 'Argentina Information', 'Republic of Argentina', 'Ariannin', 'Argentina Republic', 'Argentinie', 'Argentinia', 'Airgintin', 'Argjentina']", Argentina.,0.72767174243927,0,0,0
2272,Answer the question concisely. Q: Rugby League - which country are the current holders of the European Cup? A:,"['Welsh nation', 'Climate of Wales', 'Autonomous Province of Wales', 'Cymru / wales', 'Cyrmu', 'Wales', 'WALES', 'Rain in Wales', 'Welsh Nation', 'Welsh Peninsula', 'Wales, UK', 'Etymology of Wales', 'Cymru', 'Wales, United Kingdom', 'Pays de Galles', 'Communications in Wales', 'The Principality of Wales', 'West of the Rhymney', 'Wales, U.K.', 'Cymru am byth', 'Gymru', 'Cymru / Wales', 'Welsh mountains', 'CYMRU']", England.,0.3331141471862793,1,1,1
2273,"Answer the question concisely. Q: In Greek mythology, which race of giants had a single eye in the middle of their foreheads? A:","['Cyclops (film)', 'CYCLOPS', 'Cyclops (disambiguation)', 'The Cyclops']", The Cyclopes.,0.718605637550354,0,0,0
2284,"Answer the question concisely. Q: ""Who wrote the opera """"Dido and Aeneas""""?"" A:","['PURCELL', 'Purcell', 'H. Purcell', 'Henry Purcell', 'Purcell, Henry']"," ""Henry Purcell wrote the opera """"Dido and Aeneas"""".""",0.4022687077522278,1,0,0
2295,"Answer the question concisely. Q: Which is the most northerly of the islands of Japan? Its capital, Sapporo, has hosted the Winter Olympics. A:","['Hokkaidou prefecture', '北海道', 'Hokkaido region', 'Bilkalberta', 'Mosir', 'Hokkaidō Prefecture', 'Hokkaido Prefecture', 'Hokkaidou', 'JP-01', 'Hokkaido Japan', 'HOKKAIDO', 'Hokkaidō, Japan', 'Hokkaidoh prefecture', 'Hokkaidoo', 'Ezochi', 'Hokkaidô, Japan', 'Hokkaido, Japan', 'Hokkaidoo prefecture', 'Hokkai', 'Hokkai-do', 'Hokkaidoo region', 'Beihaidao', 'Hokkaidō region', 'Bilk (drink)', 'Hokaido', 'Hokkaidō', 'Hokkaido (Japan)', 'Hokkaidou Prefecture', 'Hokkaidô Prefecture', 'Hokkaidô', 'Hokkaido Island', 'Hokkaidoh', 'Jesso', 'Hokkaidō prefecture', 'Hokkaido', 'Hokkaido prefecture']", Hokkaido.,0.7787772417068481,0,0,0
2298,Answer the question concisely. Q: What nationality was the pointillist artist MONDRIAN? A:,"['Autochtones', 'The Dutch', 'Netherlanders', 'Dutch people', 'Etnic Dutch', 'Dutch person', 'Autochtoon', 'Dutch (ethnic group)', 'Dutch (ethnic group and nation)', 'Dutchmen', 'Dutch People', 'People of Holland', 'Autochtonen', 'DUTCH', 'Dutch (Ethnic group)', 'Dutch ethnic group', 'Netherlander', 'Etnic dutch', 'Ethnic Dutch', 'Netherlandians', 'Dutch (people)']", Dutch.,0.5048031806945801,0,0,0
2316,"Answer the question concisely. Q: Which Basidon based company, adopting its current name in 1934, was the first to offer an alternative telephone service through its subsidiary, Mercury, to British Telecom in the mid 1980's? A:","['Cable & Wireless plc', 'Cable & Wireless', 'CABLE & WIRELESS', 'Cable and Wireless']", Mercury Communications.,0.13633015751838684,1,1,1
2324,"Answer the question concisely. Q: Whose statue, situated in Grafton Street in Dublin is known as 'the tart with the cart'? A:","['Cockles and Mussles', 'Cockles And Mussels', 'Mollie Malone', 'Cockles & Mussels', 'MOLLY MALONE', 'Cockles and Mussels', 'Molly Malone', 'Cockles and mussels', ""In Dublin's Fair City""]", Molly Malone.,0.8657187223434448,0,0,0
2330,Answer the question concisely. Q: Which London theatre used to boast 'We Never Close'? A:,"['Windmill', 'WindMill', 'Windmills', 'Wind wheel', 'Wind-Mill', 'Wind-mill', 'Wind mill', 'WINDMILL', 'Wind Mill', 'Sectional windmill', 'Wind wheels', 'Windmill tower', 'Eolian generator', 'Æolian generator', 'Aeolian generator']", The Old Vic.,0.08160369098186493,1,1,1
2336,Answer the question concisely. Q: Kurt Russell is the long term partner of which actress? A:,"['Goldie Hahn', 'Ashes to Ashes (Goldie Hawn film project)', 'Goldy Hawn', 'Ashes to Ashes (2010 film)', 'GOLDIE HAWN', 'Goldie Hawn', 'Goldie Jean Hawn']", Goldie Hawn.,0.8883990049362183,0,0,0
2347,Answer the question concisely. Q: What was the name of the British teacher jailed in Sudan in 2007 for allowing a teddy bear to be called Mohammed? A:,"['Muhammad (teddy bear)', 'Teddy muhammad', 'Jillian Gibbons', 'Gillian gibbons', 'GILLIAN GIBBONS', 'Gillian Gibbons', 'Teddy bear case', 'Sara Khawad', 'Sudan teddy bear controversy', 'Muhammad teddy', 'Teddy bear controversy', 'Sudanese teddy bear blasphemy case', 'Muhammad teddy bear']", Gillian Gibbons.,0.8807292580604553,0,0,0
2354,"Answer the question concisely. Q: ""Which actor played the lead role of Jay Gatsby in the 1974 film """"the Great Gatsby"""""" A:","['Bob Redford', 'Charles Robert Redford', 'Zoom (restaurant)', 'Robert Redford Jr.', 'Zoom (Restaurant)', 'Robert Redford filmography', 'Robert Redford, Jr.', 'Robert Redford', 'Charles Redford', 'Charles Robert Redford, Jr.', 'ROBERT REDFORD', 'Charles Redford, Jr.']"," ""Robert Redford played the lead role of Jay Gatsby in the 1974 film """"the Great Gatsby",0.3313758373260498,1,1,1
2365,Answer the question concisely. Q: Where in the west country can you find a branch of the Tate Gallery? A:,"['St.Ives', 'Saint Ives', 'St. Ives', 'St. Ives (film)', 'Saint Yvo', 'Saint Ivo', 'ST IVES', 'St Ives, United Kingdom', 'St Ives (film)', 'St Ives', 'St Ives (disambiguation)']", In the Tate Gallery,0.1067129522562027,1,1,1
2369,Answer the question concisely. Q: Who is the only person allowed to consume alcohol in the chamber of the British House of Commons and even then on only one special day of the year? A:,"['Chancellor of the exchequer', 'CHANCELLOR OF THE EXCHEQUER', 'Chancellor of the Exchequer', 'Chancellor Of the Exchequer Treasury', 'Chancellor of the Exchquer', 'The Chancellor of the Exchequer', 'British Chancellor', 'Chancellor of the Exchequer of England']", The Speaker of the House.,0.28370484709739685,1,1,1
2374,Answer the question concisely. Q: What was the name of the USAAF B-17 Flying Fortress whose aircrew were the first to complete 25 missions in Europe during World War II ? A:,"['Memphis Belle', 'MEMPHIS BELLE', 'Memphis Belle (disambiguation)']", The Memphis Belle.,0.5955391526222229,0,0,0
2380,Answer the question concisely. Q: Who has recently overtaken Brian O'Driscoll to become Ireland's most capped player? A:,"[""RONAN O'GARA"", ""O'Gara"", ""Ronan O'Gara"", 'Ronan O’Gara']", Paul O'Connell.,0.3934018611907959,1,1,1
2396,Answer the question concisely. Q: With which song did Lulu represent the UK in the 1969 Eurovision Song Contest? A:,['BOOM BANG A BANG'], Boom Bang-a-Bang.,0.3371989130973816,1,0,0
2410,"Answer the question concisely. Q: ""The song """"Have yourself a merry little Christmas"""" comes from which musical?"" A:","['MEET ME IN ST LOUIS', 'Meet Me In St. Louis', 'Meet Me in St Louis', 'Meet Me in St. Louis (film)', 'Meet Me in St. Louis']"," ""Meet Me in St. Louis""",0.7533398866653442,0,0,0
2445,Answer the question concisely. Q: Who bought the McDonalds fast food outlet business from the McDonald brothers in 1961 and went on to build the business into a world wide billion dollar business ? A:,"['Raymond Kroc', 'Ray A. Kroc', 'Ray Croc', 'RAY CROC', 'Ray a. croc', 'Ray Kroc', 'Raymond Albert Kroc', 'The Big M', 'Ray kroc']", Ray Kroc.,0.8618515729904175,0,0,0
2493,Answer the question concisely. Q: Give the title of the first UK No 1 hit single of the group 'Take That'? A:,"['Prayed', 'Prayers', 'Pray', 'Prayer group', 'Orison (spirituality)', 'Orisons', '🙏', 'Prayer', 'Namāz', 'PRAY', 'Daily prayer', 'Daily prayers', 'Devotional prayer', 'Praying', 'Prayer in Buddhism']", 'Back for Good' (1995),0.19869554042816162,1,1,1
2497,Answer the question concisely. Q: Which 1979 science fiction film was at one time going to be called Star Beast? A:,"['Alien (disambiguation)', 'The Alien', 'Alien (Alien)', 'The Aliens', 'Alien (fictional creature)', 'The Aliens (band)', 'ALIEN', 'Alien (alien)', 'Alien', 'Alians (disambiguation)', 'Aliens (novel)', 'Aliens (computer game)', 'Alien (song)', 'Aliens', 'Aliens (disambiguation)', 'The Alien (disambiguation)']", Star Wars.,0.06400692462921143,1,1,1
2505,Answer the question concisely. Q: Which Scottish University was established as the world's first Mechanics Institute in 1821 ? A:,"['Heriot–Watt University', 'Edinburgh School of Arts', 'Heriot-Watt College', 'Watt Institution and School of Arts', 'Heriot watt university', 'Heriot Watt', 'Heriot Watt University', 'HERIOT-WATT', 'Heriot-Watt', 'Herriot Watt University', 'Heriot-Watt University', 'Heriot-Watt Institution', 'Heriot-watt university']", Glasgow University.,0.4500945806503296,1,1,1
2509,"Answer the question concisely. Q: In the fairy tale Thumbelina, what creature wants the miniature girl to marry her son ? A:","['TOAD', 'Tool for Oracle Application Developers', 'Toad (software)', 'Toad for MySQL', 'TOAD (software)']", A toad.,0.23235195875167847,1,1,1
2510,Answer the question concisely. Q: Who is the current Secretary-General of the United Nations ? A:,"['Ban Ki-mun', 'Ban Ki-Moon', 'Ban-ki Moon', 'Ban Ki Mun', 'Ki-moon Ban', 'Ban Kai-moon', 'Ban Kee Mun', 'Criticism of Ban Ki-moon', 'Bonky moon', 'His Excellency Ban Ki Moon', 'Gi-mun Ban', 'Ki-Moon Ban', 'Ban Ki Moon', 'Pan Jiwen', 'Pan Ki Mun', 'Ban Kimoon', 'Ban-chusa', 'Ban Gi-mun', 'Ban Kee Moon', 'BAN KI MOON', 'Pan Kimun', 'Pan Ki-mun', 'Gimun Ban', 'Ban ki mun', 'Banky Moon', '潘基文', '반기문', 'Ki Moon Ban', 'Ban ki-Moon', 'Ban Ki-moon', 'Ban Gi-Mun', 'Ban Gi Mun', 'Ban-Ki Moon', 'Ban Gimun', 'Ban ki moon', 'Ban Kai-Moon']", António Guterres (Portugal) is the current Secretary-General of the United Nations. He took office on 1 January 2017.,0.1933431327342987,1,1,1
2511,Answer the question concisely. Q: In which month is the Gaelic festival of Beltane traditionally celebrated ? A:,"['MAY', 'May (disambiguation)', 'May, rural locality', 'May (inhabited locality)', 'May, Rural locality']", May.,0.32086968421936035,1,0,0
2513,Answer the question concisely. Q: Greek philosopher Socrates was sentenced to death by drinking which kind of poison ? A:,"['Hemlock (disambiguation)', 'Hemlocks', 'Hemlock', 'Hemlock, West Virginia', 'HEMLOCK']", hemlock.,0.6695024967193604,0,0,0
2519,Answer the question concisely. Q: Which entertainer was known as ' The Brazilian Bombshell ' ? A:,"['Carmen Miranda', 'CARMEN MIRANDA', 'Maria do Carmo Miranda da Cunha', 'Maria de Carmo Miranda de Cunha', 'Maria Do Carmo Miranda Da Cuhna', 'David Alfred Sebastian']", Carmen,0.2929685115814209,1,0,1
2522,"Answer the question concisely. Q: In the novel Strange Case of Dr Jekyll and Mr Hyde , what is Dr Jekyll's first name ? A:","['Henry Gallery', 'The Henry', 'Henry Art Gallery', 'HENRY']", Dr Jekyll's first name is Henry.,0.27004146575927734,1,1,0
2528,Answer the question concisely. Q: Which British band reached number one in the UK pop charts in June 1983 with the record 'Every Breath You Take'? A:,"['Police (disambiguation)', 'POLICE', 'Police (film)']", The Police.,0.2586331069469452,1,0,0
2545,"Answer the question concisely. Q: Which tennis player played in three consecutive men's singles finals at Wimbledon between 1963 and 1965, losing on all three occasions? A:","['FRED STOLLE', 'Fred Stolle']", Rod Laver.,0.14677490293979645,1,1,1
2546,"Answer the question concisely. Q: With which famous male criminal would you associate the address 25 Cromwell Street, Gloucester? A:","['FRED WEST', '25 Cromwell Street', 'Anne Marie West', 'Fred West', 'Fred west']", Fred West.,0.8413923978805542,0,0,0
2550,"Answer the question concisely. Q: Which Scottish mathematician, physicist, astronomer and astrologer who lived from 1550 to 1617is widely regarded as being the discoverer of logarithms? A:","['Napier, John', 'John Neper of Merchiston', 'Joannis Neperi', 'Marvellous Merchiston', 'John NAPIER', 'John Nepair of Merchiston', 'Mirifici Logarithmorum Canonis Descriptio', 'John napier', 'John Napier of Merchiston', 'Joanne Nepero', 'Napierian', 'John Nepair', 'John Neper', 'John Napier']", John Napier.,0.8440910577774048,0,0,0
2560,Answer the question concisely. Q: 'The Slave of Duty' is the alternative name for which Gilbert and Sullivan opera? A:,"['The Pirates of Penzance', 'Pirates of the Penzance', 'Pirates of Penzance', 'Pirates of penzance', 'The Slave of Duty', 'The Pirates of Penzanse', 'The Pirates Of Penzance: Or The Slave Of Duty', 'PIRATES OF PENZANCE', 'The Slave Of Duty', 'The Pirates Of Penzance, Or, The Slave Of Duty', 'Pirates Of Penzance', 'The Pirates Of Penzance']", The Pirates of Penzance.,0.8950806260108948,0,0,0
2579,"Answer the question concisely. Q: ""In 1965, who became the first American astronaut to """"walk in space""""?"" A:","['White, Edward', 'Edward D. White', 'Ed White', 'Edward White', '(Edward) WHITE', 'White, Ed', 'Edward White (disambiguation)']"," ""Ed White.""",0.8170201182365417,0,0,0
2594,Answer the question concisely. Q: Who wrote Fantasia on a Theme by Thomas Tallis ? A:,"['Ralph Vaughan Williams', 'Ballets by Ralph Vaughan Williams', 'Ralph Vaughan-Williams', 'RALPH VAUGHAN WILLIAMS', 'Ralph Von Willams', 'Vaughn Williams', 'Vaughan Williams OM', 'Vaughn williams', 'Vaughan-Williams', 'Vaughan Williams', 'Ralph van williams', 'Vaughn-Williams', '%22Ralph Vaughn-Williams%22', 'Ralph Vaughn Williams', 'Ralph Vaughan Williams OM', 'Ralph Vaughan WIlliams', 'Ralph Vaughn-Williams', 'Vaughan williams']", Ralph Vaughan Williams.,0.8878660798072815,0,0,0
2624,Answer the question concisely. Q: Which Australian won the men’s singles title at Wimbledon in 1956 and 1957? A:,"['LEW HOAD', 'Lew Hoad', 'Lewis Hoad']", Ken Rosewall.,0.1591906100511551,1,1,1
2626,Answer the question concisely. Q: Sixty year old Cristina Fernandez de Kirchner is the current president of which South American country ? A:,"['Arxintina', 'Argintina', 'Argentyna', 'آرژانتین', 'República Argentina', 'Land of silver', 'Argentina', 'ארגנטינה', 'Arghantina', 'Republica Argentina', 'Argentine republic', 'Аргентына', 'Nación Argentina', 'Argentinien', 'Nacion Argentina', 'Argie', 'アルゼンチン', 'Airgintín', 'Аржентина', 'Argentína', 'Argentine Republic', 'Argentīna', 'Argentinean', 'Argentiina', 'The Argentine Republic', 'Arxentina', 'Արգենտինա', ""Arc'hantina"", 'ARGENTINA', 'Argies', 'Antonia Merce Y Luque', 'People of Argintina', 'ISO 3166-1:AR', 'Argentinië', 'אַרגענטינע', 'Arjantin', 'अर्जेन्टीना', 'الأرجنتين', 'Argentina Information', 'Republic of Argentina', 'Ariannin', 'Argentina Republic', 'Argentinie', 'Argentinia', 'Airgintin', 'Argjentina']",,0.23145321011543274,1,1,1
2627,"Answer the question concisely. Q: In the human body, what seven letter word describes the loss of the sense of smell ? A:","['Anosmia', 'Anosmesia', 'Lack of smell', 'ANOSMIA', 'Impaired smell', 'Anosmic', 'Loss of smell', 'Olfaction disorders', 'Smell loss', 'Weak smell']", anos,0.020488932728767395,1,1,1
2631,"Answer the question concisely. Q: Which two word named plant, also known as Dionaea Muscipala is characterised by having hinged two lobed leaves that snap closed when the sensitive hairs on it's surface are touched ? A:","['Dionaea heterodoxa', ""Venus's-Flytrap"", 'Dionaea (plant)', 'Venus fly-trap', 'Tipitiwitchet', 'VENUS FLYTRAP', 'Venus flytraps', 'Drosera corymbosa', 'Venus Fly-trap', 'Dionaea uniflora', 'Flytrap', 'Dionaea sessiliflora', 'Venus fly trap', ""Venus's flytrap"", 'Dionaea sensitiva', 'Dionea muscipula', 'Venus Fly-Trap', 'Venus Fly Trap', 'Dionaea crinita', 'Dionaea corymbosa', 'Venus flytrap', 'Dionae', ""Venus's-flytrap"", 'Dionea', 'Venus Fly trap', 'Dionaea muscicapa', ""Venus' Flytrap"", 'Dionaea muscipula', 'Venus Flytrap', ""Venus' flytrap"", 'Venus fly traps', 'Drosera sessiliflora', 'Dionaea dentata']", Venus Fly,0.6118583083152771,0,1,0
2632,Answer the question concisely. Q: Which English mechanical and civil engineer who died in 1859 was responsible for engineering the Great Western Railway and designing the Clifton Suspension Bridge in Bristol ? A:,"['7-foot-¼-inch gauge railway', 'Brunel', 'I. K. Brunel', 'Brunel gauge', 'Isambard Kingdom Bunuel', 'Isambard K. Brunel', 'Isambard Kingdom BRUNEL', 'Isembard Kingdom Brunel', 'Isambaard Kingdom Brunel', '7-foot gauge railway', 'I.K. Brunel', 'Isambard Kingdom Brunel']", Isambard Kingdom Brunel.,0.9196164608001709,0,0,0
2633,Answer the question concisely. Q: Which one word appeared as main headline news on the front page of the Sun newspaper the day after the sinking of the Belgrano in May 1982 ? A:,"['GOTCHA!', 'Gotcha', 'Gotcha!', 'Gotcha! Funk', 'I Gotcha', 'GOTCHA', 'Gotcha (disambiguation)']", The sinking of the Belgrano.,0.11123630404472351,1,1,1
2669,"Answer the question concisely. Q: In the West Indies, what is the collective name for Cuba, Hispaniola, Jamaica and Puerto Rico ? A:","['Greater Antilles', 'Antillas Mayores', 'Grandes Antilles', 'GREATER ANTILLES', 'Major Antilles']", The Greater Antilles.,0.7046558856964111,0,0,0
2680,"Answer the question concisely. Q: Apart from a battle, what did Nelson lose at Tenerife in 1797? A:",['His arm'], His right arm.,0.552592933177948,0,0,0
2690,"Answer the question concisely. Q: Name BP's catastrophic Gulf of Mexico oil rig, lost off the US Louisiana coast? A:","['Deepwater Horizon rig', 'Deepwater horizon', 'Deepwater Horizon semi-submersible', 'Deep Water Horizon', 'Deep water horizon', 'Deepwater horizon drilling rig', 'The Deepwater Horizon', 'IMO 8764597', 'Deepwater Horizon oil rig', 'Deepwater Horizon']", Deepwater Horizon.,0.8143503069877625,0,0,0
2692,Answer the question concisely. Q: English economist and physician Nicholas Barbon helped to pioneer which type of insurance in 1666? A:,"['Buildings insurance', 'Farm Insurance in Pennsylvania', 'Commercial property insurance', 'Property & casualty insurance', 'Fire Insurance', 'Property insurance', 'Fire insurance']", fire,0.2014881670475006,1,0,0
2722,Answer the question concisely. Q: The first Apollo moon landing? A:,"['11', 'eleven']"," July 20, 1969.",0.09449877589941025,1,1,1
2749,Answer the question concisely. Q: What colour is the inner ring of an Olympic archery target? A:,"['Gold compound', 'Aurous', 'Gold consumption', 'Auric (Ion)', 'Gold (metal)', 'Gold metal', 'Gold compounds', '🜚', 'Gold toxicity', 'Element LXXIX', 'Atomic number 79', 'Aurric', 'Au (element)', 'Flour gold', 'Native gold', 'Lode gold', 'E175 (E number)', 'Monatomic gold', 'Gold jewelry', 'Auric compound', 'Gold making', 'Australium', 'Gold Lot', 'Use of gold', 'Gold', 'Gold poisoning', 'Element 79', 'Gold (mineral)', 'Gold (element)', 'Aurate', 'Goldness']", The inner ring of an Olympic archery target is red.,0.16381728649139404,1,1,1
2757,Answer the question concisely. Q: Oster-monath was the Anglo Saxon name for which month of the year? A:,"['㋃', 'Apr.', 'The Cruellest Month', 'April 31', 'Апрель', 'April', '31 April', 'Aprill', 'Mali traven', 'April (month)']", Oster-monath was the Anglo Saxon name for the month of April.,0.27483251690864563,1,0,1
2760,Answer the question concisely. Q: Which Christmas condiment is made from fruit sometimes referred to as marshworts? A:,"['Cranberry sauce', 'Jellied cranberry sauce', 'Cranberry jelly']", Cranberry sauce.,0.8922460079193115,0,0,0
2771,Answer the question concisely. Q: Which famous football figure managed the Ivory Coast national team at the FIFA 2010 World Cup Finals? A:,"['Sven Goeran Eriksson', 'Sven Goran Ericsson', 'Sven Goran-Eriksson', 'Sven-Goeran Eriksson', 'Sven Goran Eriksson', 'Sven-Goran Eriksson', 'Sven Goran Erikson', 'Svennis', 'Sven-Göran Eriksson', 'Svengate', 'Sven Göran Eriksson']", Sven-Goran Eriksson.,0.9066190719604492,0,0,0
2777,"Answer the question concisely. Q: ""Colton Harris Moore, the 6'5"""" American teenager who made the news because he stole a boat and a plane, acquired what nickname because of his lack of footwear?"" A:","['Colton Harris Moore', 'Barefoot burglar', 'Barefoot Bandit', 'Barefoot bandit', 'Colton Harris-Moore', 'Colton Harris', 'Barefoot banker', 'The Barefoot Bandit', 'Colton harris-moore']"," ""Barefoot Bandit.""",0.8711450099945068,0,0,0
2784,"Answer the question concisely. Q: Aphasia is the medical term for the inability to use or understand what, resulting from damage to the brain? A:","['Lnguage', 'Human languages', 'Formal notation', 'Languoid', 'Language', 'Languge', 'Spoken words', 'Development of speech and language', 'Languages', 'Human language', 'Language and dialect', 'Lnguages', 'Lanauge', 'Complex language', 'Speakers of other languages', 'Linguistic diversity', 'Language diversity']", Language.,0.5584343075752258,0,0,0
2787,Answer the question concisely. Q: An isohel is a line on a map connecting two points which have the same duration of what? A:,"['Solar Irradiation', 'Total Solar Irradiance', 'Sunlight', 'Natural lighting', 'Sun shiny', 'Sunshine', ""Sun's radiation"", 'Solar output', 'Sunlit', 'Solar irradiation', 'Solar spectrum', 'Sun light', 'Solar Radiation', 'Sun shine', 'Sunshiny', 'Uses of sunlight', 'Sun radiation']", An isohel is a line on a map connecting two points which have the same duration of daylight.,0.24340768158435822,1,1,1
2797,"Answer the question concisely. Q: The Qur'an (or Quran, Kuran, Koran, Coran or al-Qur'an - literally 'the recitation') is the religious text of which religion? A:","['Islami', 'الإسلام', 'Followers of the Prophet Muhammed', 'Islamo', 'Islaam', 'Sulh-e-Kul', 'Islam (Concept)', 'Al Islam', 'Muhammadry', 'Islamry', 'Islamic', 'Islam religion', 'Muslimanity', 'Submission to God', 'Islamick', 'Islam today', 'Musliminity', 'إسلام', 'Al-Islam', ""Al-'islām"", 'Isalm', 'Islām', 'Islam (religion)', 'Islamic religion', 'Islaamic', 'Īslam', 'Islamity', 'ئیسلام', 'Dietary Laws In Islam', 'ISLAM', 'Islamic faith', 'The Religion of Islam', 'Islam']"," Islam. The Qur'an is the central religious text of Islam, which Muslims believe to be a revelation from God (Arabic: Allah). It is widely regarded as the finest work in classical Arabic literature. The Qur'an is divided into chapters (surah in Arabic), which are then divided into verses (ayah). The",0.2768893241882324,1,0,0
2807,"Answer the question concisely. Q: Which country suspended its annual Antarctic Whale Hunt in February 2011, after activists from a US-based environmental group chased the mother ship? A:","['日本國', 'State of Japan', 'Ja-pan', 'Nihon', 'Nippon', 'Japang', 'Modern–era Japan', 'Etymology of Japan', 'Japan (country)', 'Republic of Japan', 'Japanese financial sector', 'Nihon-koku', 'ISO 3166-1:JP', '日本', 'Japian', 'Japan', 'JapaN', 'The State of Japan', 'Riben', 'Nippon-koku', 'JPN', 'Jpan', 'Rìběn', '日本国', 'Japao', 'JAPAN', 'Japoa', '🗾']", Japan.,0.6511420607566833,0,0,0
2815,Answer the question concisely. Q: What is solid carbon dioxide commonly called? A:,"['Cardice', 'Dry-ice', 'Dryice', 'Dry ice', 'Card ice', 'Carbon dioxide ice', 'Dry Ice']", Dry ice.,0.8631741404533386,0,0,0
2827,Answer the question concisely. Q: What is the name for mammals born incompletely developed and carried and suckled in a pouch on the mother's belly? A:,"['Penises of marsupials', 'Kangaroo scrotum', 'Marsupial reproductive system', ""Kangaroo's scrotum"", 'Male reproductive system of marsupials', 'Male genitalia of marsupials', 'Female reproductive system of marsupials', 'Marsupial reproduction', 'Marsupilia', 'Female genitalia of marsupials', ""Kangaroo's testicles"", 'Marsupiel', 'Joey (marsupial)', 'Marsupial genitalia', 'Marsupial penis', 'Marsupial female reproductive system', 'Reproductive system of marsupials', ""Kangaroo's penis"", 'Marsupial', 'Sexual anatomy of marsupials', 'Metaherians', 'Sexual organs of marsupials', 'Marsupialia', 'Reproductive organs of marsupials', 'Kangaroo testicles', 'Pouched Mammal', 'Marsupials', 'Genitalia of marsupials', 'Sex organs of marsupials', 'Male sex organs of marsupials', 'Kangaroo penis', 'Genitals of marsupials', 'Evolution of marsupials', 'Reproductive anatomy of marsupials', 'Pouched Mammals']", Marsupials.,0.8507444262504578,0,0,0
2831,Answer the question concisely. Q: What common substance has the chemical formula NaCl? A:,"['Salt crystal', 'Salt refining', 'Table Salt', 'Table salt', 'Dietary salt', 'Kitchen salt', 'Edible salt', 'Salt (compound)', 'Salt production', 'Salt', 'Refining salt', 'Salt crystals', 'Normal salt', 'Salt (food)', 'Refined salt', 'Manufacture of salt', 'Common salt', 'Sodium salt', 'Saltmaking']", Salt.,0.6641132831573486,0,0,0
2866,Answer the question concisely. Q: Alan Greenspan is a former chairman of what organization? A:,"['Federal reserve of the united states', 'Asset Backed Commercial Paper Money Market Mutual Fund Liquidity Facility', 'Federal Reserve in the United States', 'U.S. Federal Reserve', 'US Federal Reserve', 'Central bank of the u.s', 'United states central bank', 'Central bank of the united states', 'Federal reserve system', 'Federal reserve', 'Federal Reserve', 'U.S. Federal Reserve Bank', 'United States Federal Reserve System', 'Marginal lending facility', 'United States Federal Reserve', 'American Federal Reserve', 'US Fed', 'Federeal Reserve', 'Federal Reserve system', 'The US Federal Reserve', 'ABCPMMMFLF', 'Asset-Backed Commercial Paper Money Market Mutual Fund Liquidity Facility', 'Federal Reserve System', 'The Federal Reserve', 'Fed in us', 'Federal Reserve Corporation', 'US Federal Reserve Bank', 'Federal Reserve Banking System', 'United States Federal Reserve Bank', 'The Fed', 'Federal Reserve banks']", The Federal Reserve.,0.8913912773132324,0,0,0
2879,Answer the question concisely. Q: What is a Gilbert Virtuo? A:,"['Rugby ball', 'Rugby Ball']"," A Gilbert Virtuo is a high-quality, affordable, and versatile electric guitar that is perfect for beginners and experienced players alike. It features a solid mahogany body, a maple neck, and a rosewood fretboard, and it comes with a built-in tuner and a 3-band EQ. The Virtuo also has",0.20494599640369415,1,1,1
2887,"Answer the question concisely. Q: What sea lies directly south of the Irish Sea, bounded by England, Wales, Ireland and Brittany? A:","['Mer celtique', 'South-Western Approaches', 'Celtic Sea', 'Southwestern Approaches']", The Celtic Sea.,0.6574795246124268,0,0,0
2907,Answer the question concisely. Q: Near Field Communication technology (NFC) is a set of standards for? A:,"['SmartPhone', 'Smart-phones', 'Smart phone', 'Pocket computer phone', 'Phone PDA', 'SmartPhones', 'History and features of smartphones', 'Haptic phone', 'Q-Smartphone', 'Internet enabled phones', 'Smartphone marketshare', 'Smartphones', 'Smartphone 2003', 'Smart Phones', 'Hig end smartphones', 'Smartphone', 'Smart-phone', 'PDA phone', 'Smart phones', 'Smart Phone', 'Smartphone market share', 'PDA Phone']", Short-range wireless communication.,0.29139381647109985,1,1,1
2908,Answer the question concisely. Q: The term photovoltaic refers to technology in what renewable energy? A:,"['Solar power plant', 'Environmental impact of solar power', 'Photovoltaic power', 'Solar-power', 'Solar charging', 'Solar field', 'Solar electricity', 'Solar generated', 'Solar Generation', 'Solar generation', 'Solar energy conversion system', 'Solar power plants', 'Solar Power', 'Solar electricity (disambiguation)', 'Solar power generating station', 'Solar power']", Solar energy.,0.6635383367538452,0,0,0
2910,"Answer the question concisely. Q: What Canadian city was named by explorer Jacques Cartier, meaning originally 'Royal Mount'? A:","['Motnreal', 'Montreal, QB', 'Montréal, Canada', 'Tiohtiá:ke', 'Montreal, Que.', 'Montreal, PQ', 'Montreal, QC', 'Montreal, quebec', 'Montreal, Canada', 'Sister Cities of Montreal', 'Ville de Montréal', 'UN/LOCODE:CAMTR', 'Montreal, Qc', 'The weather in Montréal', 'Montrealers', 'Montréal (QC)', 'Montrela', 'Montréal, Québec (Province)', 'Montreal (QC)', 'MontrA(c)al', 'Montrea', 'Montréal, QC', 'Montréal, QB', 'Funtreal', 'Montréal (Québec)', 'City of Montréal', 'Montreal, Quebec, Canada', 'Montreal, Quebec', 'Montreal, qc', 'Montrealer', ""Montreal's"", 'Montréal, Quebec', 'Team990', 'Montreal', 'Montreal Skyline', 'Ville de Montreal', 'Montreal, Québec', 'Montréal, Québec, Canada', 'City of Montreal', ""Montréal's"", 'Montreal, Qc, Canada', 'Montréal, PQ', 'Montreol', 'Montréal, Québec', 'Montréal', 'Montréal, Quebec (Province)', 'The weather in Montreal']", Quebec.,0.5484750270843506,0,1,1
2911,"Answer the question concisely. Q: What is the modern name of the island borough bought by Dutchman Peter Minuit from Native Americans in 1626, and then called New Amsterdam? A:","['Manhattan, New York (state)', 'Manhattan (NY)', 'Man hattan', 'Manhattan (New York)', 'Manhatten', 'New York County, NY', 'Cabrini Hospice', 'New York County, New York', 'Manhutton', 'Manhattan, United States', 'New York (Manhattan) County, New York', 'Island of Manhattan', 'Manhattan', 'Manhattan County', 'Manhatas', 'Manhattan, New York, US', 'Manhattan Schist', 'New York County (NY)', 'Manhattan (New York, N.Y.)', 'Manahachtanienk', 'Manhattan, NY', 'Borough of Manhattan', 'Manhatten, NY', 'Timeline of Manhattan history', 'City and County of New York', 'Manhattan schist', 'Mannados', 'Manhattanite', 'Manhattan trade', 'Government of Manhattan', 'Manhattan Island', 'County of New York', 'The 24$ deal', 'Ganono', 'Crosstown traffic (Manhattan)', 'Manhattan, New York City, New York', 'Manhattan (borough)', 'Manhattan, New York City', 'New York Island', 'County of Manhattan', 'Manhattan island', 'New York County', 'Manhatttan, New York', 'Manhattan, New York', 'New York (county)']", Manhattan.,0.6131308078765869,0,0,0
2927,"Answer the question concisely. Q: Barra island, Outer Hebrides, has at 2012 the world's only official beach-based what? A:","['Airline destinations', 'Land side', 'Airpoprt', 'Land-side', 'Aeropuerto', 'Small airport', 'Airport hot spots', 'Air strip', 'Airport infrastucture', 'Airpoprts', 'Air-sides', 'Aerfort', 'Civil airport', 'Airfeild', 'Airporgt', 'Airstrips', 'Landside', 'Airsides', 'Airport fees', 'Land-sides', 'Civilian airport', 'Jetport', 'Airports', 'Auxiliary Landing Field', 'Airpot', 'Airport transfers', 'Commercial airport', 'Airport', 'Airport infrastructure', 'Air port', 'Airport lighting', 'Land sides', 'Airstrip', 'Public airport', 'Water airport', 'Landsides', 'Airside (airport)', 'Air sides']", croquet club.,0.06284736841917038,1,1,1
2937,Answer the question concisely. Q: A 'wherry' is a Drink; Cheese; Wind; or Boat? A:,"['Ski boat', 'Boat Launch', 'Boats', 'Bow (boat)', 'Boat propulsion', 'Work boats', 'Boat']", A boat.,0.33967453241348267,1,0,0
2942,Answer the question concisely. Q: A harquebus/arquebus is an early form of? A:,"['Gun', 'A gun', 'Guns']", A harquebus/arquebus is an early form of musket.,0.2146315574645996,1,0,1
2973,"Answer the question concisely. Q: Aleph, Beth, Gimel, Daleth are A B C D in which language? A:","['Hebraic language', 'Hebrew Language and Literature', 'Lashon ha-Kodesh', 'Idioma hebrew', 'Hebrew Language', 'Liturgical Hebrew', 'Hebrew language/Introduction and History', 'עברית', 'Hebrew language/Phonetics', 'ISO 639:heb', 'Hebraica', 'History of the Hebrew language', 'Hebrew text', 'Hebrew language', ""'Ivrit"", 'Hebrew pronounciation', 'Hebraicizes', 'Hebrew languages', 'Hebr.', 'Iwrit', 'Hebrew language/Grammar', 'Hebraic', 'Hebrew-language', 'History of Hebrew', 'Standard Hebrew language', 'Hebrew language/Morphology', 'עִבְרִית', 'Hebrew morphology', 'Standard Hebrew', 'ISO 639:he', 'Hebrew', 'Hebrew (language)']", Hebrew.,0.6877948641777039,0,0,0
2987,Answer the question concisely. Q: The Greek god of marriage is? A:,"['Microperforate hymen', 'Vaginal corona', 'Hymen', 'Hymen vaginae', 'List of hymen states', 'Carunculae myrtiforme', 'Maiden heads', 'Carunculae myrtiformes', 'List of animals with hymens', 'Cherry (slang)', 'Popped cherry', 'Himen', 'Hy-men', 'Hymens', 'Maidenheads']", Hymen.,0.7763948440551758,0,0,0
3013,Answer the question concisely. Q: What Olympic event entails disqualification if both feet of a competitor are seen to be off the ground at the same time? A:,"['5000 m walk', 'Run-walking', 'Walking (sport)', '3000 metres walk', '5000 metres track walk', 'Speedwalking', 'Walk race', '100-mile walk', '50 kilometre walk', '4000 metres track walk', 'Racewalking', '10,000 metres race walk', 'Racewalker', 'Walking race', '3000 metres race walk', '5000 metres race walk', '3000 m walk', 'Race walking', '5000 metres walk', 'Race walk', 'Run-walk', '10,000 metres track walk', 'Race-walking', '10km walk', 'Walking-Races', '20000 m walk', '15 kilometres race walk', 'Race Walking', 'Olympic walking', '30000 m walk', '10000 m walk', '20,000 metres track walk', '10,000 metres walk', 'Race walker', 'Racewalk', '50000 m walk', '50 kilometres walk']", The high jump,0.25130730867385864,1,1,1
3014,Answer the question concisely. Q: The 'naut' in the words 'astronaut' and 'aeronaut' meant originally what? A:,"['Merchant mariner', 'Sailors', 'Seafarers', 'Boatmen', 'Sailor', 'Boatmanship', 'Seafarer', 'Expert seamen', 'Mariner']", A sailor.,0.3863391876220703,1,0,0
3035,Answer the question concisely. Q: What characteristic of Borneo ranks it among the largest five globally? A:,"['Ocean islands', 'Tropical island', 'Continental Island', 'Continental island', 'Oceanic island', 'Volcanic isles', 'Former island', 'Continental islands', 'Island', 'IslandS', 'Islands', 'Eilean', 'Igland', 'Alluvial island', 'Oceanic islands']", Borneo is the third largest island in the world. It is the largest island in Asia and the largest island in the world that is not a continent. Borneo is the third largest island in the world. It is the largest island in Asia and the largest island in the world that is not a continent.,0.7764909863471985,0,1,1
3066,Answer the question concisely. Q: A 'frontispiece' is traditionally at the beginning of a? A:,"['Booke', '🕮', 'Book', '📕', '📗', '📙', '📘', 'Book and paper conservation', '📚', 'Books']", A book.,0.3365401029586792,1,0,0
3082,"Answer the question concisely. Q: G-BOAG, G-BOAC, and F-BVFC and the tragic F-BTSC designated what iconic 20thC invention? A:","['Concorde SST', 'BAC Concorde', 'Concorde (aeroplane)', 'Concorde (plane)', 'Aerospatiale Concorde', 'Concorde (airplane)', 'G-BSST', 'Aerospatiale-BAC Concorde', 'Airbus Concorde', 'G-BOAA', 'G-BOAB', 'Aerospatiale-British Aerospace Concorde', 'G-BOAD', 'G-BOAE', 'G-BOAF', 'G-BOAG', 'F-BTSD', 'Son of Concorde', 'F-WTSA', 'F-WTSB', 'Aerospatiale-BAC Concorde SST', 'Concorde', 'G-AXDN', 'F-BVFC', 'F-BVFB', 'F-WTSS', 'G-BOAC', 'F-BVFD', 'Aérospatiale/British Aerospace Concorde', 'Bae/Aerospatiale Concorde', 'Bae/Aérospatiale Concorde', 'Aérospatiale-BAC Concorde', 'F-BVFA', 'The Concorde', 'Aerospatiale/BAC Concorde 206', 'Speedbird One', 'Aérospatiale Concorde', 'F-BVFF']", The Concorde.,0.8724123239517212,0,0,0
3083,Answer the question concisely. Q: By the year 2010 there were roughly how many bicycles worldwide? A:,"['1billion', 'one billion', '1 billion']", 1 billion.,0.6864393949508667,0,0,0
3089,"Answer the question concisely. Q: What creature was used as the US Dodge automotive logo in the 1930s-50s, and again 1970s-2000s? A:","['Ram (disambiguation)', 'Ram', 'Ram (animal)', 'RAM (disambiguation)']"," The Dodge Ram. The Dodge Ram was used as the Dodge logo from 1930 to 1954, and again from 1970 to 2001. The Dodge Ram was used as the Dodge logo from 1930 to 1954, and again from 1970 to 2001. The Dodge",0.6899986863136292,0,1,1
3109,"Answer the question concisely. Q: Satya Nadella, boss of which vast corporation, apologised in 2014 for suggesting female workers should rely on faith and karma instead of asking for a pay rise? A:","[""'Microsoft Corp"", 'Microsoft Canada', 'Mircosoft', 'Microsoft Inc', 'Micro soft', 'Microsoat', 'Microsoft corporation', 'MSoft', 'Office Corporation', 'Microsoft Connect', 'Microosft', 'Mickeysoft', 'Microsft', 'Microsoft connect', 'Windows Corporation', 'Microsoft, Inc.', ""Microsoft's"", 'Microsoft', 'MS Corp', 'AS8075', 'Micrasoft', 'Microsoft Inc.', 'MSN Corporation', 'Microcomputer software', 'Microsoft, Incorporated', 'Micro-soft', 'Microsfot', 'Microscam', 'MicroSoft Corporation', 'Microsoft Way', 'Microsoft arc Mouse', 'Microsoft.com', 'Blibbet', 'MICROSOFT', 'Microsoft logos', '.azure', 'Microsoft Corp', 'NASDAQ:MSFT', 'Microsoft Corp.', 'Aorato', 'Micro-Soft', 'Microsoft Incorporated', 'Mikrosoft', 'Micro Soft', 'Microsoft Corporation', 'Microsoft Ltd', 'Microsoft Visitor Center', 'Microsoft Corpration', 'WebsiteSpark', '.bing', 'Www.microsoft.com', 'MSLI', 'MicroSoft']", Microsoft.,0.5307089686393738,0,0,0
3114,Answer the question concisely. Q: Technically a shoal of fish becomes a school of fish when it is? A:,['Swimming in the same direction'], 15 fish.,0.03219231218099594,1,1,1
3117,"Answer the question concisely. Q: From the Latin meaning of clip/cut, what hairstyle symbolizes religious devotion? A:","['Tonsuring', 'Postrig', 'Tonsure', 'Roman tonsure', 'Clerical tonsure']", tonsure.,0.7395259141921997,0,0,0
3129,"Answer the question concisely. Q: The Erythraean Sea, lying between Africa and Asia is more commonly called the (What?) Sea? A:","['Arabicus Sinus', 'Sinus Arabicus', 'Red sea', 'The red sea', 'ቀይሕ ባሕሪ', 'Red Sea', 'Red Sea Basin', 'Al Baḩr al Aḩmar', 'Sea of Mecca']"," The Erythraean Sea, lying between Africa and Asia is more commonly called the Red Sea.",0.41066861152648926,1,0,0
3131,"Answer the question concisely. Q: What's the food 'head cheese' alternatively called, which separately refers to a man's physical strength? A:","['Souses', 'Cheesed head', 'Souse loaf', 'Fromage de tête', 'Pate de tete', 'Švargl', 'Queijo de Porco', 'Giò thủ', 'Tete fromagee', 'Head cheeses', ""Hog's Head Cheese"", 'Hogshead cheese', 'Sült', 'Švargla', 'Cheesed heads', 'Queso de Chancho', 'Head cheese', 'Queso de Puerco', 'Zult', ""Hog's Head Cheeses"", 'Gio thu', 'Headcheese', 'Brawn', 'Presskopf', 'Potted hough', 'Potted heid', 'Tlacenica', 'Pig cheeses', 'Head in a box', 'Hoofdkaas', 'Souse meat', 'Pig cheese', 'Brawning', 'Tlačenica', 'Pâté de tête', 'Pork head meat pie', 'Svargl', 'Potted haugh', 'Souse meats', 'Pork cheeses', 'Tête fromagée', 'Pork head meat pies', 'Pork cheese', 'Head Cheese', 'Queso de Cabeza', ""Pig's head cheese"", 'Testa in cassetta', 'Huspenina', 'Disznosajt', 'Sousing', 'Brawned', 'Svargla', 'Hoghead cheese', 'Fromage de tete', 'Hladetina', 'Disznósajt', 'Set in aspic', 'Brawns']", 'Brawn' is the answer.,0.5310698747634888,0,0,0
3135,Answer the question concisely. Q: Known as a 'jumper dress' in US-English what garment is named originally from its being attached to the front of a dress? A:,"['Pinnies', 'Pinifore', 'Pinafore apron', 'Pinafore', 'Pinafores', ""Girl's pinafore apron"", 'Pinny']", A pinafore.,0.5306763648986816,0,0,0
3141,Answer the question concisely. Q: Which country in 2001 became the first to decriminalize recreational drug use? A:,"['Portogało', 'Republic of Portugal', 'PORTUGAL', 'Portekiz', 'Portugallu', 'O Papagaio', 'ISO 3166-1:PT', 'Portunga', 'Phu-to-ga', 'Potigal', 'Portûnga', 'Portugul', 'An Phortaingéil', 'Portugāle', 'Portugale', 'Portingale', 'Potiti', 'Portugali', 'Portugall', 'Portekîz', 'Bo Dao Nha', 'Portuguese Republic', 'Portogallo', 'Portugaul', 'Portogalo', 'Portyngal', 'Yn Phortiugal', 'Portugalio', 'Portugál', 'Portugual', 'Portuga', 'Portgual', 'Portugalsko', 'Portugaleje', 'Phû-tô-gâ', 'Portugalujo', 'Portugalija', 'Pertual', 'Pòtigal', 'Portugal', 'Bồ Đào Nha', 'Portugalska', 'República Portuguesa', 'Portiwgal', 'Portugalėjė', 'Portúgal', 'Portegal', 'An Phortaingeil', 'Republica Portuguesa']", Portugal.,0.6610618829727173,0,0,0
3142,Answer the question concisely. Q: What 'rare' noble gas element used in lighting was discovered in 1898 and named after Greek 'new'? A:,"['Element 10', 'Liquid neon', 'Neon', 'Atomic number 10', 'Neon gas']", Krypton.,0.22279995679855347,1,1,1
3150,"Answer the question concisely. Q: Kazakhstan, Mongolia, Chad, Niger, Mali and Ethiopia are the largest nations in the world without a? A:","['List of coastal topics', 'Coastal feature', 'Sea coast', 'Coastal formations', 'Coastal landform', 'Coasts', 'Coastland', 'Coast', 'Coastline', 'Coastal', 'Pelagic coast', 'Coastal ecosystem', 'Coastal zone', 'Coastal ecosystems', 'Seacoast']", A coastline.,0.4597945213317871,1,0,0
3178,"Answer the question concisely. Q: Thailand's currency, the 10th most used globally (at 2015) is the? A:","['บาท', 'Currency of Thailand', 'Thai Baht', 'Phai (unit)', 'Baht', 'Thailand Baht', 'Satang', 'บาทไทย', 'Thai baht', 'Baht sign', 'Thailand baht', '฿', 'Bahts']", Thai baht.,0.9323312640190125,0,0,0
3183,Answer the question concisely. Q: Traditional Latin pluralization of Latin-originating words ending in 'us' is to replace the 'us' with? A:,"['%22I Love. . .%22 series', 'I ♥...', 'I Love...', 'i', 'I Love The', 'I Love the', 'I Love the...', 'I❤...', 'I heart the', 'I ...', '%22I Love the. . .%22 series', 'I Love the... series', 'I♥...', 'I Love The...', 'I Love The…']", 'i' (e.g. 'focus' becomes 'foci').,0.29183441400527954,1,1,1
3206,"Answer the question concisely. Q: Shukrān (Arabic), Hvala (Croation), Efharistó (Greek), Dhanyavād (Hindi), and Spasibo! (Russian) all mean what? A:","['Thank You (disambiguation)', 'Thank you', 'Thank-you', 'Thank You (album)', 'Thank You (song)', 'Thank You', 'Thankyou', 'Thank-You', 'Thank You (film)', 'Thankyou (song)']", Thank you.,0.8798940777778625,0,0,0
3216,Answer the question concisely. Q: In 2015 Japan lowered its voting age from what to what? A:,['20 to 18'], 20 to 18.,0.8313378691673279,0,0,0
3226,Answer the question concisely. Q: What year did the Channel Tunnel between Britain and France open? A:,"['one thousand, nine hundred and ninety-four', '1994']", 1994.,0.5018519759178162,0,0,0
3242,Answer the question concisely. Q: The authorised version of the Holy Bible was made at the order of which King? A:,"['James VI of Scotland, James I of England', 'James I', 'James VI, King of Scots', 'Seumas VI of Scotland', 'James, King of England, Ireland and Scotland', 'James VI', 'James I of England', 'James VI of Scotland', 'James I and VI', 'James I of England, Scotland, and Ireland', 'The wisest fool', 'James I of England and VI of Scotland', 'James VI of England', 'James I of England, Scotland, and Irerland', 'Wisest fool', 'The wisest fool in Christendom', 'Wisest fool in Christendom', 'James I of the UK', 'James I of Wales', 'King James VI of Scotland', 'James VI of Scotland and I of England', 'James I (England)', 'King James VI', 'James I of Great Britain', 'James the 6th', 'James VI and I', 'King James the First', 'James I, King of England', 'James I of England and James VI of Scotland', 'James I (of England)', 'James vi', 'James I of Ireland', 'King James VI & I', 'King James VI of Scotland and I of England', 'James the first', 'King James I of England', 'James VI & I', 'King James VI and I', 'James VI of Scotland and England', 'King James I', 'King James I of England and VI of Scotland', 'James I of england', 'James I of the United Kingdom', 'James VI (Scotland)', 'James the First', 'King James VI &I']", King James I.,0.879235565662384,0,0,0
3260,Answer the question concisely. Q: Jazz musician Jelly Roll Morton played which instrument? A:,"['Pianos', 'Classical piano', 'Piano Music', 'Pianino', 'Black key', 'Grand piano', 'Pianoforte', 'Piano-forte', 'Piano construction', 'Vertical pianoforte', 'Pianie', 'Keyboard hammer', 'Piano', 'Piano hammers', 'Piano Keys', 'Piano keys', 'Piano hammer', 'Pianofortes', 'Acoustic piano', 'Baby grand piano', 'Hammer (piano)', 'Grand pianoforte', 'Piano technique', 'Parts of a piano', 'Piano music', 'Keyboard hammers', 'Piano performance', 'Upright pianoforte', 'Concert grand', 'Upright piano', 'Vertical piano', 'Piano forte', 'Grand Piano']", Piano.,0.5717523097991943,0,0,0
3273,Answer the question concisely. Q: The English Football Association banned (What?) from 1921 to 1971 at its member clubs? A:,"[""Women's Football games""]", The wearing of shorts.,0.02843499183654785,1,1,1
3274,Answer the question concisely. Q: What plant was traditionally cultivated in Europe for its unique blue dye? A:,"['Banlangen', ""Dyer's woad"", 'Woad raider', 'Isatis indigotica', 'Radix Isatidis', 'Glastum', 'Woad', 'Ban lan gen', 'Vitrum', 'Woad raiders', 'Indigowoad root', 'Indigowoad Root', 'Isatis tinctoria']", Woad.,0.8070733547210693,0,0,0
3279,Answer the question concisely. Q: In which US state was the American Declaration of Independence signed on 4th July 1776? A:,"['Pennyslvania, United States', 'Cuisine of Pennsylvania', 'US-PA', 'Pennsilfaani', 'Pennsylvannia', 'Commonwealth of Pennsylvania', 'Pensylvania', '2nd State', 'Pennsylvania, United States of America', 'Pennsylvania (state)', ""Penn's Woods"", 'The Oil State', 'The Keystone State', 'Second State', 'The Quaker State', 'Pennfylvania', 'The Commonwealth of Pennsylvania', 'Keystone State', 'PA state', 'State of pennsylvania', 'Penn.', 'Pennslyvania', 'State of Pennsylvania', 'Transport in Pennsylvania', 'The Coal State', 'Pennsylvania, United States', 'PA (state)', 'Pennsylvania', 'Penna.', 'Keystone state', 'Economy of Pennsylvania', 'Pennsilvania', 'Pennylvania', 'Pensylvaina', 'EPnnsylvania', 'Religion in Pennsylvania', 'Pencilvania', 'Demographics of Pennsylvania', 'Transportation in Pennsylvania', 'Pennsylvana', 'Pennsylvania (U.S. state)']", Pennsylvania.,0.6389729976654053,0,0,0
3289,Answer the question concisely. Q: What colour is Stephanie's hair in the children's TV series LazyTown? A:,"['Pink', 'Pink the colour', 'Momoiro', 'Tamarisk (color)', 'Neon pink', 'Pastel pink', 'FFD1DC', 'Pinkest', 'Lightish Red', 'Pinkishness', 'Light red', 'Kinky pink', 'Pinkness', 'Tamarisk (colour)', 'Pinkishly', 'Pastel Pink', 'FADADD', 'Pink (color)', 'Pinkly']", It's red.,0.4164637327194214,1,1,1
3292,Answer the question concisely. Q: What is the (traditionally wooden) housing or stand which contains a ship's compass? A:,"['Billade', 'Binnacle', 'Bittacle']", Binnacle.,0.8591164350509644,0,0,0
3300,Answer the question concisely. Q: Singer and musician Gordon Sumner is better known by what name? A:,"['Sting (pain)', 'Sting (disambiguation)', 'Stings', 'Stinging', 'Sting']", Sting.,0.7369919419288635,0,0,0
3324,Answer the question concisely. Q: What sea bird has the Latin name Corvus Marinus? A:,"['Phalacrocorax', 'Shags (birds)', 'Blue eyed shag', 'Shag (bird)', 'Cormorants', 'Cormies', 'Cormorant', 'Stictocarbo', 'Phalacrocoracidae']", The crow.,0.07247689366340637,1,1,1
3344,Answer the question concisely. Q: Which film star (of Brokeback Mountain fame) died on 22 Jan 2008? A:,"['Heath Leger', 'Matilda Rose Williams', 'Heathcliff Andrew Ledger', 'Matilda Williams-Ledger', 'Heath Ledger filmography', 'Matilda Rose', 'Heath Fletcher', 'Heather Ledger', 'Heath ledger', 'Keath Ledger', 'Heath Ledger', 'Heath Andrew Ledger', 'Heath Leader', 'Matilda Williams', 'Heith Ledger', 'The death of Heath Ledger', 'Matilda Rose Ledger']", Heath Ledger.,0.8468464016914368,0,0,0
3345,Answer the question concisely. Q: In which year did Foinavon win the Grand National? A:,"['1967', 'one thousand, nine hundred and sixty-seven']", 1967.,0.5750876665115356,0,0,0
3348,Answer the question concisely. Q: How many gallons of beer are in a firkin? A:,"['9 (movie)', 'Nine (album)', 'Nine (film)', '9 (2008 film)', '9 (disambiguation)', 'Nine (movie)', '9 (feature film)', 'The Nine', '9 (film)', '9 (2009 film)', 'Nine (disambiguation)', '9 (album)', 'NINE', 'The Nine (disambiguation)', '9 album', 'The 9', '9 (2009)']", 9. 2. Use the same word or phrase at the beginning of consecutive sentences.,0.23815803229808807,1,1,1
3352,Answer the question concisely. Q: What is the colour of the bull of an archery target? A:,"['GOLD (disambiguation)', 'GOLD']", Red.,0.04599451273679733,1,1,1
3362,Answer the question concisely. Q: Which team was the first to score a 'Golden Goal' in the soccer World Cup Finals? A:,"['La Republique francaise', 'Franciaország', 'La Republique française', 'Belle France', 'FRANCE', 'Republique française', 'France', 'Ranska', 'Franciaorszag', 'French Republic', 'République francaise', 'République française', 'ISO 3166-1:FR', 'Frankreich', 'France (country)', 'Etymology of France', 'FrancE', 'La République française', 'People of France', 'Republic of France', 'Fracne', 'Le France', 'The French Republic', 'Republique francaise', 'The Republic of France', 'La République francaise', 'La France', 'Rain in France', 'Republic of france', 'FRance', 'Frakkland', 'Climate of France', 'Franse']", Brazil in 1994.,0.1016390472650528,1,1,1
3381,Answer the question concisely. Q: The songs I got Life and Aquarius come from which musical? A:,"['Hair bud', 'Human hair', 'Curly-haired', 'Curly-hairs', 'Hair shaft', 'Hairgrowth', 'Bodily hair', 'Origin of hair', 'Origins of hair', 'Hairy', 'Trichoid', 'Curlyhaired', 'Hair texture', 'Hairs', 'Tricho-', 'Hair Shaft', 'Head hair', 'Social role of hair', 'Human hairlessness', 'History of hair', 'Cymotrichous', 'Pelage hair', 'Hairiness', 'Curly hairs', 'Straight hair', 'Head hairs', 'Hair growth rate', 'Placoda pili', 'Curly hair', 'Hair types', 'Body Hair', 'Curly haired', 'Tricho', 'Evolution of hair', 'Hair', 'Hairbands', 'Curly-hair']", Hair.,0.6007212996482849,0,0,0
3388,Answer the question concisely. Q: What animal is the Scandinavian Christmas Julbock symbol? A:,"['Nanny goat', 'Dairy goat', 'Kid (goat)', 'Nanny Goat', 'Capra aegagrus hircus', 'She goat', 'Billy Goat', 'Goat', 'Goat penis', ""Goat's milk"", 'He-goat', 'She-Goat', 'Billy goat', 'She-goats', 'Domestic goat', 'Billies', 'Goatfighting', 'Goatry', 'Capra hircus', 'Domestic goats', 'Domestic Goat', 'Goat milk', '🐐', 'She goats', 'Billygoat', 'Dairy Goats', ""Goats' milk"", 'Goats']", The Julbock is a goat. The Julbock is a goat. The Julbock is a goat. The Julbock is a goat. The Julbock is a goat. The Julbock is a goat. The Julbock is a goat. The Julbock is a goat.,0.730674684047699,0,0,0
3391,Answer the question concisely. Q: Who was said to have presented the baby Jesus with Frankincense? A:,"['Balthazar', 'Balthazar (disambiguation)', 'Baltazar', 'Balthasar', 'Baltasar']", The Magi.,0.05676814913749695,1,1,1
3433,"Answer the question concisely. Q: Whose second 'breadfruit voyage' as captain was on the ship HMS Providence, 1791-94? A:","['Governor Bligh', 'Admiral Bligh', 'Captain William Bligh', 'Vice Admiral William Bligh', 'Captain Bligh', 'William Bligh', 'Vice-Admiral William Bligh']", William Bligh.,0.868329644203186,0,0,0
3438,"Answer the question concisely. Q: ""What poem contains the words, """"...Water, water, everywhere, Nor any drop to drink..."""" ?"" A:","['Rime Of The Ancient Mariner', 'TRotAM', 'The Rime of the Ancyent Marinere', 'The Rhyme of the Ancient Mariner', 'The Rime of the Ancyent Marinere (1798)', 'Rime of the ancient mariner', 'Ancient mariner', 'The Rime of the Ancient Mariner', 'Life-In-Death', 'The Rime of The Ancient Mariner', 'Rhyme of the Ancient Mariner', 'The rime of the ancient mariner', 'The Ancient Mariner', 'Rime Of The Ancient Marriner', 'Ancient Mariner', 'Rime of the Ancient Mariner', 'Rhyme of the ancient mariner', 'Rime of the Ancyent Marinere', 'TROTAM', 'The Rime Ancyent Marinere (1798)', 'Rime of ancient mariner']"," ""The Rime of the Ancient Mariner"" by Samuel Taylor Coleridge.",0.7422828674316406,0,0,0
3441,Answer the question concisely. Q: A Colles fracture is in which part of the body? A:,"['Wrist injuries', 'Radio-carpal joint', 'Wrists', 'Wrist examination', 'Wrist-joint', 'Radiocarpal', 'Radiocarpal joint', 'Wrist joint', 'Wrist', 'Articulatio radiocarpea']", The wrist.,0.5044025778770447,0,0,0
3444,Answer the question concisely. Q: A Hedge Brown is what sort of creature? A:,"['Butterfly', 'Butterflys', 'Buttetrfly', 'Butterfly life cycle', 'Rhopalocera', 'Butterflies']", A Hedge Brown is a butterfly.,0.2953472137451172,1,0,0
3467,"Answer the question concisely. Q: Which body of water was previously called the Euxine, after early colonisation of its southern coastline by Greeks, derived from their word for 'hospitable'? A:","['Marea Neagră', 'Black Sea shelf', 'Black Sea littoral', 'Черноморский', 'Black sea', 'შავი ზღვის', 'შავი ზღვა', 'Euxine', 'Чорноморський', 'The Black Sea', 'Black seas', 'Schwarzes Meer', 'Pontus Euxinus', 'Pontus Euxinos', 'Euxine Sea', 'Black Sea', 'Kara Deniz', 'Черно море']", The Black Sea.,0.8674765825271606,0,0,0
3474,Answer the question concisely. Q: Ireland is known as The 'what' Isle? A:,"['Synthetic emerald', 'Emerald', 'Emeralds', 'Trapiche emerald', 'Smaragdos', 'The Emerald Streak']", The Emerald Isle.,0.4336286187171936,1,1,1
3478,Answer the question concisely. Q: Which human blood group can receive blood from any other blood group? A:,"['A B', 'AB (disambiguation)', 'AB', 'A.b.', 'A-b', 'A b', 'A-B', 'Ab.', 'A-B (disambiguation)', 'Ab (disambiguation)', 'AB.', 'Ab']", O.,0.1697012037038803,1,1,1
3492,Answer the question concisely. Q: What word best describes a triangle where all sides are equal? A:,"['Regular Triangle', 'Equilateral', 'Equilateral triangles', 'Equalateral triangle', 'Equalangular triangle', 'Equilateral Triangles', 'Regular triangle', 'Equiangular triangle', 'Equilateral Triangle', 'Equilateral triangle']", An equilateral triangle.,0.6551521420478821,0,0,0
3493,Answer the question concisely. Q: What is the capital of the U S state of Pennsylvania? A:,"['Harrisburg (PA)', 'Harrisburg, PA', 'Harrisburg, Pennsylvania', 'Memorial Middle School for Girls', '2011 Harrisburg Pennsylvania bankruptcy', 'List of FM stations in Harrisburg', 'Harrisburg High School (Pennsylvania)', 'Harrisburg FM Stations', 'Harrisburg, Pennsylvania metropolitan area', 'Harrisburg, pa', 'Harrisburg', 'Harrisburg,Pennsylvania', 'Harrisburg TV Stations', 'List of newspapers in Harrisburg', 'List of TV stations in Harrisburg', 'UN/LOCODE:USHAR', 'Harrisburg Newspapers', 'Harrisburg, Pa.', 'Harrisburg, Penna.', 'Capital of Pennsylvania', 'List of AM stations in Harrisburg']", Harrisburg.,0.7617447972297668,0,0,0
3498,Answer the question concisely. Q: The film actor Marion Michael Morrison is better known by what name? A:,"['Michael Morris (John Wayne)', 'Marion Morrison', 'Marion Robert Morrison', 'List of John Wayne films', 'Marion Mitchell Morrison', 'Michael Morrison (John Wayne)', 'Marion Michael Morrison', 'John wayne', 'List of awards and nominations received by John Wayne', 'List of John Wayne Films', 'John Wayne']", John Wayne.,0.8014137744903564,0,0,0
3507,Answer the question concisely. Q: Which country used to be called Southern Rhodesia? A:,"['Zimbobwe', 'Health care in Zimbabwe', 'Zimbabwean cultural practices', 'People of Zimbabwe', 'Republic of Zimbabwe', 'Zimbabwean legends', 'Zimbabwae', 'Zimbabwian', 'Republic Of Zimbabwe', 'Cuisine of Zimbabwe', 'Zimbabwean cuisine', 'ZWE', 'Zimbabwei', 'Zimbabwe', 'Etymology of Zimbabwe', 'ISO 3166-1:ZW', 'Republic Zimbabwe', 'Zimbawean', 'Zimbabwean', 'Name of Zimbabwe', 'Chimpabwe']", Zimbabwe.,0.7340055704116821,0,0,0
3527,"Answer the question concisely. Q: What is the next in the series: Carboniferous, Permian, Triassic, Jurassic ? A:","['Cretaceous System', 'Cretacious Era', 'Cretacous', 'Cretaceous Period', 'Early-Late Cretaceous', 'Middle Cretaceous', 'Cretaceous (geology)', 'Cretaceous Age', 'Cretaceous period', 'Cretacaeous', 'Cretaceous', 'Cretacious', 'Cretaceous Africa', 'Creataceous']", Cretaceous.,0.7158081531524658,0,0,0
3529,"Answer the question concisely. Q: ""What latin phrase means """"unaccompanied"""" when applied to music?"" A:","['Acappella', 'Acapella', ""A'cappella"", 'A cappela', 'A Cappella', 'A-capella', 'Contemporary a cappella', 'A-Capela', 'A capella', 'Capella music', 'Recorded A Cappella Review Board', 'ACappela', 'A Cappela', 'Arcapella', 'A-capela', 'Accapella', 'A Capella', 'Acappela', 'A cappellas', 'A capela', 'A-cappella', 'A-Cappella', 'A-Cappela', 'In the church style', 'ACappella', ""A'capella"", 'ACapella', 'Unaccompanied', 'A cappella', 'A-Capella', 'A-cappela']"," ""Soli"" or ""solo"" is the latin phrase for ""unaccompanied"" when applied to music.",0.28168347477912903,1,1,1
3535,Answer the question concisely. Q: What play written in 1902 by J. M. Barrie reverses the rankings of the classes in British society when aristocrats and servants are shipwrecked on a deserted tropical island? A:,['The Admirable Crichton'], Peter Pan.,0.08891084790229797,1,1,1
3540,Answer the question concisely. Q: At which Olympic Games did the People's Republic of China participate for the first time? A:,"['1984, Los Angeles']"," The People's Republic of China participated in the 1952 Summer Olympics in Helsinki, Finland.",0.11915776133537292,1,1,1
3544,"Answer the question concisely. Q: ""What song plays over the closing credits of """"Die Hard"""" (1988)?"" A:","['Let It Snow! Let It Snoe! Let It Snow!', 'Let it Snow, Let It Snow, Let It Snow (Jessica Simpson single)', 'Let It Snow, Let It Snow, Let It Snow (Jessica Simpson single)', 'Let it Snow, Let it Snow, Let it Snow', 'Let It Snow, Let It Snow, Let It Snow', 'Let it Snow, Let it Snow, Let it Snow (Jessica Simpson single)', 'Let It Snow!', 'Let it Snow! Let it Snow! Let it Snow!', 'Let It Snow! Let It Snow! Let It Snow', 'Let it Snow', 'Let It Snow', 'Let It Snow! Let It Snow! Let It Snow!', 'Let it snow']"," ""The Power of Love"" by Huey Lewis and the News.",0.310121089220047,1,1,1
3548,"Answer the question concisely. Q: What gambling game, requiring only two coins to play, was popular with Australian and New Zealand soldiers in World War II? A:","['Two-up', '2 up', '2-up', 'Two-Up', 'Two up', '2-Up', '2up']", Two-up.,0.7908167839050293,0,0,0
3552,Answer the question concisely. Q: In which film did Johnny Depp play a policeman called Ichabod Crane? A:,"['Sleepy Hollow (disambiguation)', 'Sleepy hollow', 'Sleepy Hollow']", Sleepy Hollow.,0.8563700914382935,0,0,0
3559,Answer the question concisely. Q: Which German-born chemist split the uranium atom in 1939 and won the Nobel prize in 1944? A:,"['Otto Hahn', 'Hahn, Otto']", Otto Hahn.,0.8352833986282349,0,0,0
3560,"Answer the question concisely. Q: Who was re-elected President of the Republic of Germany in 1932 defeating Adolf Hitler, became a figurehead when Hitler became Chancellor in 1932, and died in 1934, enabling Hitler to disestablish the position of President and proclaim himself Fuhrer? A:","['President hindenburg', 'President Hindenburg', 'Paul Ludwig Hans Anton von Beneckendorff und von Hindenburg', 'Paul von hindenburg', 'Paul von Hindenberg', 'von Hindenburg', 'General von Hindenburg', 'Paul von Beneckendorf und Hindenburg', 'Von Hindenburg', 'Paul von Hindenburg', 'Old Paul', 'Paul Von Hindenburg', 'Paul Anton Hans Ludwig von Hindenburg', 'Paul Hindenburg']", Paul von Hindenburg.,0.8439953327178955,0,0,0
3562,"Answer the question concisely. Q: The 1812 Fire of Moscow, on 14 September 14 1812, broke out after most residents and Russian troops had abandoned the city, and whose troops had entered it? A:","['Napoleon Buonaparte', 'Napolean bonapart', 'Bonaparte', 'Napoleonist', 'Napoleon Boneparte', 'Le petit caporal', 'Napoleaon', ""Napolen's coup"", 'Napoleone Bonaparte', 'Age of Napoleon', 'Napoléon Buonaparte', 'Napoleón', 'Emperor Napoleon', 'Napoleon the Great', 'Napoleon I of France', 'Napoleon I of France bibliography', 'Napoléon', 'Napolean Bonapart', 'Napoléon I, Emperor of the French', 'Napolean Bonaparte', 'Napoleon Bonapart', 'Napeoleon', 'Napolean bonarparte', 'Emperor Napoleon I', 'Napolean', 'Napoleon Bonaparte', 'Napoloen', 'Emperor of France Napoleon I', 'Napoleon I Bonaparte', 'Napoleone Buonaparte', 'Napoleon bonaparte', 'Napolian', 'Napoléon Bonaparte', ""Napoleon's"", 'Napoleonic', 'Napoleon I, Emperor of the French', 'Jupiter Scapin', 'Nepolian', 'Napoleon I of the French', 'Little Corporal', 'Napoleon I of Italy', 'Napoleon bonepart', 'Napoléon I', 'Armed Soldier of Democracy', 'Napoleon I the Great of the French bibliography', 'Napoleon i of france', 'Napoleon i of france bibliography', 'Napoléon I of France', ""Napoleon's height"", 'Napoleon Ier', 'Napoleon I', 'General Bonaparte', 'Napoleone di Buonaparte', 'Napoleón Bonaparte', 'Général Bonaparte', ""Jean d'Epee"", 'Napoleon', 'Napoleon I of the French bibliography', 'Napoleon Emperor of France', 'Boneparte', 'Napoleon of France', 'Napoléon Ier', 'Napoléon I Bonaparte']", The French army under Napoleon Bonaparte.,0.46539610624313354,1,0,0
3571,"Answer the question concisely. Q: What is prussic acid, found in bitter almonds and laurel leaves, also known as? A:","['Formic anammonide', 'Hydrocyanic Acid', 'Cyanide gas', '74-90-8', 'Hydrocyanic acid', 'Hydrogen Cyanide', 'Carbon hydride nitride', 'Hydrocyan', '74908', 'Formonitrile', 'Hydrogen cyanide', 'Hydrogen cyanide gas', 'Cyclon', 'H-C≡N', 'Prussic acid', 'Hydrocyanide', 'Hydridonitridocarbon', 'Cyanane', 'Methanenitrile', 'Bleiby process', '74 90 8', 'MW6825000', 'Prussic Acid', 'Hydrodyanic acid']", Hydrocyanic acid.,0.8892375826835632,0,0,0
3575,Answer the question concisely. Q: What is another name for shingles? A:,"['Disseminated herpes zoster', 'Isotopic response', 'Disseminated shingles', 'The shingles', 'Zoster', 'Shingles', 'Inflammatory skin lesions following zoster infection', 'Herpes Zoster', 'Mandibular zoster', 'Trigeminal zoster', 'Zoster sine herpete', 'Herpes zoster']", Herpes zoster.,0.9262394905090332,0,0,0
3585,"Answer the question concisely. Q: In the International Radio Alphabet, how many are traditional male given names A:","['five', '5']", 5 B: 6 C: 7 D: 8 E: 9 F: 10 G: 11 H: 12 I: 13 J: 14 K: 15 L: 16 M: 17 N: 18 O: 19 P: 20 Q:,0.3498586118221283,1,0,1
3590,"Answer the question concisely. Q: The War of the Triple Alliance (1864 - 1870) was fought between the allied countries of Argentina, Brazil, and Uruguay and which other country? A:","['Administrative divisions of Paraguay', 'Culture of Paraguay', 'Paraguayans', 'Paraguayan literature', 'Culture of paraguay', 'Paragauy', 'Teta Paraguai', 'Etymology of Paraguay', 'Paraguayan', 'Tetã Paraguái', 'Republic of Paraguay', 'Paraguai', 'Paruaguayan', 'Paraguay', 'Republic Paraguay', 'ISO 3166-1:PY', 'Name of Paraguay', 'República del Paraguay']", Paraguay.,0.7148457169532776,0,0,0
3596,"Answer the question concisely. Q: ""Which group had hits with """"You Really Got Me"""", """"All Day And All Of The Night"""", """"Waterloo Sunset"""" and """"Lola""""?"" A:","['The Kinks', 'John Gosling (The Kinks musician)', 'Gordon John Edwards', 'The Ray Davies Quartet', 'Kinks', 'The Kinks (band)', 'Kinks, The']"," ""The Kinks""",0.8445931077003479,0,0,0
3608,Answer the question concisely. Q: Which city was the capital of Italy from 1865 to 1871? A:,"['UN/LOCODE:ITFLR', 'Folrenz', 'Firenze, Italy', 'פירנצה', 'Montughi', 'Firenze', 'Gualfonda', 'Florentine', 'Frorence', 'Florence (Italy)', 'Florence', 'Florence, Italy']", Florence.,0.6651350259780884,0,0,0
3620,"Answer the question concisely. Q: Which womens squash player won the World Open four times (1985, 1987, 1990 & 1992) and the British Open eight times? A:","['Susan Devoy', 'Susan Elizabeth Anne Devoy']", Susan Devoy.,0.8437227010726929,0,0,0
3632,Answer the question concisely. Q: Which boxer relinquished his world welterweight title after defeating Jake La Motta in 1951? A:,"['Walker Smith Junior', 'Walker Smith Jr.', 'Walker Smith Jr', 'Sugar Robinson', '%22Sugar%22 Ray Robinson', 'Walker Smith Jnr.', 'Sugar Ray Robinson', 'Walker Smith Jnr']", Sugar Ray Robinson.,0.8963926434516907,0,0,0
3637,"Answer the question concisely. Q: To which organisation, formed in Tennessee in 1865, was Brian A Scates elected as Leader and President in 1867? A:","['Klansmen', 'Knights of the KKK', ""The Knight's Party"", 'Koo-klux-klan', 'Ku-Klux-Klan', 'Ku-Klux Klan', 'Supreme Kingdom', 'KuKluxKlan', 'The Ku Klux Klan', 'Klanton', 'The K.K.K.', 'Exalted Cyclops', 'The knights party', 'The KKK', 'Kkk', 'Klansman', 'Ku Klux Clan', 'Klans', 'The Klan', 'Ku Klux Klan', 'Grand Kleagle', 'Ku-klux-klan', 'Ku Kluxer', '33/5', 'The K. K. K.', 'Second KKK', 'The invisible empire of the south', 'K. K. K.', 'The Klu Klux Klan', 'The K K K', 'Cu Clux Clan', 'KKK', 'AYAK', 'Knights Party', 'Ku Kluxism', 'K k k', 'Clu Clux Clan', 'Grand kleagle', 'Klu Klux Klan', 'Bryan Prince', 'Knights of the Ku Klux Klan', 'Klan national organization', 'K.K.K.', 'Ku klux klan', 'Notable Ku Klux Klan members in national politics', 'Knights Militant']", The Ku Klux Klan.,0.8981356024742126,0,0,0
3655,"Answer the question concisely. Q: What was the first airship to cross the Atlantic, in 1919? A:","['R34', 'R.34', 'R 34', 'R34 (disambiguation)', 'R-34']", The British R34.,0.37027406692504883,1,0,0
3657,"Answer the question concisely. Q: On British television, John Steed and Emma Peel were known collectively as what? A:","['Avengers (cartoon)', 'The Avengers', 'The Avengers (film)', 'The Avengers Movie', 'Avengers, The', 'The Avengerse', 'Avengers', 'The Avengers (disambiguation)', 'Avengers (film)']", The Avengers.,0.8371936678886414,0,0,0
3660,"Answer the question concisely. Q: ""Which Greek dramatist, who lived from 485 to 406BC, wrote """"Medea"""", """"Orestes"""" and """"Iphigenia in Tauris""""?"" A:","['Εὐριπίδης', 'Euripedes', 'Euripides', 'Eurypides']"," ""Euripides.""",0.755786657333374,0,0,0
3670,"Answer the question concisely. Q: ""What is the last name of """"Oprah""""?"" A:",['Winfrey']," ""Winfrey.""",0.8042698502540588,0,0,0
3674,"Answer the question concisely. Q: Which organisation, which has its Headquarters in Paris, was established on 16 November 1945? A:","['Unesko', 'Golden Picasso', 'Picasso Award', 'United Nations Educational Scientific & Cultural Organization', 'UNESCO', 'Intergovernmental Committee for the Safeguarding of Intangible Cultural Heritage', 'United Nations Educational Scientific and Cultural Organization', 'United Nations Educational, Scientific and Cultural Organization', 'Constitution of the United Nations Educational, Scientific and Cultural Organisation', 'United Nations Educational, Social and Cultural Organization', 'United Nations Educational, Scientific, and Cultural Organization', 'United Nations Education, Scientific and Cultural Organization', 'United Nations Educational, Scientific, and Cultural Organisation', 'Unesco', 'Scientific and Cultural Organization United Nations Educational', 'Golden Picasso Medal', 'UNESCO General Conference', 'Director-General of UNESCO', 'United Nations Educational, Scientific and Cultured Organization', 'Scientific and Cultural United Nations Educational', 'Picasso Medal', 'UN Educational, Scientific, and Cultural Organization', 'United Nations Educational, Scientific and Cultural Organisation', 'UN Educational, Scientific and Cultural Organization']", UNESCO.,0.6123412847518921,0,0,0
3703,"Answer the question concisely. Q: In June 2009, General Motors announced that it would sell which of its brands to Tengzhong Heavy Industrial Machinery, based in China? A:","['Hummer', 'HUMMER']", Hummer.,0.7592019438743591,0,0,0
3712,"Answer the question concisely. Q: Staten Island, New York, is at the mouth of which river? A:","['Hudson (disambiguation)', 'Hudson']", The Hudson River.,0.29828739166259766,1,0,1
3723,"Answer the question concisely. Q: ""Who was the American who, in 1871, collected animals and freaks for a travelling circus, menagerie and museum, which by 1872 was billing itself as """"The Greatest Show on Earth""""?"" A:","['Phineas Barnum', 'Philo F. Barnum', 'Phineas Taylor Barnum', ""P.T. Barnum's"", 'Barnum', 'Phineas T. Barnum', 'Pt barnum', 'PT Barnum', 'P. T. Barnum', 'P.t. barnum', 'P T Barnum', 'The Greatest Showman on Earth (book)', 'P.T. Barnum', 'P Barnum']", P.T. Barnum.,0.9198108911514282,0,0,0
3734,Answer the question concisely. Q: What is the name for the 225 million years that it takes the sun to go around the galaxy? A:,"['Cosmic year (disambiguation)', 'Cosmic year (astronomy)', 'Cosmic year']", The galactic year.,0.31730830669403076,1,0,1
3750,Answer the question concisely. Q: With what sport is Dennis Compton associated? A:,"['Cricket games', 'Cricketeer', 'Wicketkeeping', 'Sport cricket', 'Cricket team', 'Cricket', 'Cricket Clubs', 'Cricketer', 'Spirit of cricket', 'Spirit of Cricket', 'Amature cricket', 'World Richest Cricketers', 'Cricketed', 'Coin toss (cricket)', 'Scorecard (cricket)', 'Cricket player', 'Cricketplayer', 'Cricket (sport)', 'Kricket', 'Sports cricket', '🏏', 'The toss', 'Criket', 'Cricketing', 'Cricket club', 'Amateur cricket', 'Cricket as a social event', 'Not in the spirit of cricket', 'Creag', 'Cricket (game)', 'Cricketers']", Cricket.,0.6635609269142151,0,0,0
3751,"Answer the question concisely. Q: In croquet, what is used to hit the ball? A:","['Ice mallet', 'Rubber hammer', 'Mallet', ""Carpenter's mallet"", 'Rubber mallet', 'Mallets', 'Meat mallet', 'Beater (mallet)']", A mallet.,0.38822460174560547,1,0,0
3754,Answer the question concisely. Q: What was developed at the Bell Telephone Company under the direction of Dr William Shockley? A:,"['Collector (electronics)', 'Discrete transistor', 'Transistor Outline', 'Transistor', 'Transistorized', 'Redifine your concepts about Transistor', 'Transistors', 'Transfer resistor']", The transistor.,0.4255019426345825,1,0,0
3759,"Answer the question concisely. Q: Which conflict began in England in 1455 after King Henry VI, following a troubled reign, had a long period of mental withdrawal? A:","['War of the roses', 'War of the Roses', 'The war of the roses', 'War of roses', 'The War Of The Roses', 'Wars of the roses', 'The War of the Roses', 'Wars of the Roses', 'Wars of Roses', 'War of Roses', 'War Of The Roses', 'Rebellion of 1483', 'Wars of the Cousins', 'The Wars of the Roses', 'The War of The Roses']", The War of the Roses.,0.8963478207588196,0,0,0
3767,Answer the question concisely. Q: The Babylonians invented the clepsydra. What was it? A:,"['Water-clock', 'Water Clock', 'Water clocks', 'Clepsydra (clock)', 'Water clock', 'Waterclock', 'Water powered clocks', 'Waterclocks', 'Water powered clock', 'Water-powered clock']", A water clock.,0.574930727481842,0,0,0
3778,Answer the question concisely. Q: Which singer made the news in September 2009 when Muslim groups protested that her first concert in Malaysia should be cancelled for a second time? A:,['Beyonc'], Shakira.,0.062089771032333374,1,1,1
3779,"Answer the question concisely. Q: Where is the giant copper statue of a man, woman and child, known as the African Renaissance monument, that was unveiled in April 2010? A:","['Dakar', 'Dakar, Senegal', 'UN/LOCODE:SNDKR', 'Capital of Senegal']"," Dakar, Senegal.",0.9073663949966431,0,0,0
3781,"Answer the question concisely. Q: What was the occupation of St Peter, the leader of the Apostles? A:","['Fisher girls', 'Fishergirl', 'Fisher girl', 'Fishergirls', 'Fisherman', 'Fishermen', 'Fisherwoman']", He was a fisherman.,0.4222109317779541,1,0,0
3784,Answer the question concisely. Q: The Webb Ellis Cup is presented to the winners of the World Cup in what sport? A:,"['Rugby (disambiguation)', 'Rugby', 'Rubgy']", Rugby.,0.6863783001899719,0,0,0
3792,"Answer the question concisely. Q: ""Which Scottish singer had hits with """"Maggie Mae"""", """"Tonight's The Night"""" and """"Do You Think I'm Sexy"""", and has then turned to singing older standards?"" A:","['Rod stewart', 'Rod Stewart', 'Roderick Stewart', 'Roderick D. Stewart', 'Rod Steward', 'Roderick David Stewart', 'Rod Stuart']", Rod Stewart.,0.8419110774993896,0,0,0
3796,"Answer the question concisely. Q: ""In a famous speech by Winston Churchill on 4 June 1940 that began """"We shall fight in France, we shall fight on the seas and oceans"""", he went on to say that """"we shall fight"""" in the air, on the beaches, on the landing grounds, in the fields, in the streets, and where else?"" A:",['In the hills']," ""In the hills, in the forests, in the mountains, in the valleys, in the deserts, in the jungles, in the swamps, in the marshes, in the caves, in the tunnels, in the bunkers, in the trenches, in the foxholes, in the dugouts,",0.34206539392471313,1,0,0
3814,"Answer the question concisely. Q: ""The three actors who played guitar in the band in the film """"Spinal Tap"""" got together again as a folk trio """"The Folksmen"""" in which film?"" A:","['A Mighty Wind', 'Mike LaFontaine', 'Mighty wind', 'Mitch & Mickey', 'The New Main Street Singers']"," ""A Mighty Wind""",0.8750075697898865,0,0,0
3819,"Answer the question concisely. Q: Who, on his 72nd birthday in 1951, was not persuaded by UPI photographer Arthur Sassehim to smile, but stuck out his tongue instead? A:","['Albert Enstien', 'A Tribute to Einstein', 'Albert Einstien', 'Einstein (physicist)', 'Einsetein', 'Albert Einstin', 'Einstien', 'Albert Eienstein', 'Albert Einstein', 'Einstein, Albert', 'Albert Enstein', 'Einsteinian', 'Alber Enstien', ""Albert Einstein's"", 'Einstein', 'Einstien, Albert', 'A. Einstein', 'Al Einstein', 'Albert einstein', 'Alber Einstein']", Albert Einstein.,0.7923380136489868,0,0,0
3827,"Answer the question concisely. Q: ""Larry Levine, an American audio engineer, who won a Grammy Award in 1966 for """"A Taste of Honey"""" by Herb Alpert & the Tijuana Brass and contributed to The Beach Boys' 1966 album """"Pet Sounds"""", was best known for his co-operation on the Wall of Sound recording technique with which producer?"" A:","['Annette Records', 'Phil spectre', 'Phil Spector', 'Harvey Philip Spector', 'Phillip Spector', 'Phil specter', 'Philip Spector', 'Phil spektor', 'Phil Specter']", Phil Spector.,0.8541572093963623,0,0,0
3831,"Answer the question concisely. Q: Who was the leader of the Peasant's Revolt in 1381 who, after killing a poll tax collector, marched on London with supporters and was killed there at Smithfield by the Lord Mayor of London? A:","['Watt Tyler', 'Wat Tyler']", Wat Tyler.,0.8678113222122192,0,0,0
3832,Answer the question concisely. Q: The 2006 Grammy Award for the Best Musical Theatre recording were John Du Prez & Eric Idle (producers & composers) and Eric Idle (lyricist) for which show? A:,"['Not Dead Fred', 'Spamalot', 'Monty Pythons Spamalot', ""Monty Python's Spamalot"", 'Spamelot', 'SPAMalot']", Spamalot.,0.930035412311554,0,0,0
3847,Answer the question concisely. Q: What is the name used in North America for a man who makes his living by felling trees? A:,"['Loggers', 'Lumbojack', 'Forestry sport', 'Lumberjack', 'Wood cutter', 'Lumberjill', 'Lumberjacks', 'Lumberjack sports', 'Loggersports', 'Lumbermen']", A lumberjack.,0.5043540596961975,0,0,0
3855,Answer the question concisely. Q: What is the name of a shoe that is traditionally made of wood? A:,"['Clog (shoe)', 'Clogs', 'Wooden shoe', 'Clog', 'Cloggs', 'Wooden shoes', 'Takunya']", A clog.,0.29906174540519714,1,0,0
3861,"Answer the question concisely. Q: The final carrier of the Olympic flame in the Olympic Torch Relay is often kept secret until the last moment, and is usually who? A:",['A sports celebrity of the host country'], A famous athlete.,0.35101640224456787,1,0,0
3870,"Answer the question concisely. Q: Typically, a male moose sheds its antlers how frequently? A:",['Every year'], Once a year. B: Once every two years. C: Once every three years. D: Once every four years.,0.5428206920623779,0,0,1
3885,"Answer the question concisely. Q: According to legend, who was King Arthur's father? A:","['Üther', 'Uther Pendragon (disambiguation)', 'Uthur Pendragon', 'Uther (disambiguation)', 'Uthr Bendragon', 'King Uther Pendragon', 'Uther Pen-Dragon', 'Uther', 'Üther Pendragon', 'King Uther', 'Uther Pendragon', 'Wthyr Bendragon', 'Uthyr Pendragon', 'Uter Pendragon', 'Uther pendragon', 'Uthyr Pendraeg']", Uther Pendragon.,0.9045957326889038,0,0,0
3899,Answer the question concisely. Q: What passes between the sun and earth to make a solar eclipse? A:,"['Sol 3a', 'Moon-like', 'Mass of the Moon', 'Solar and lunar eclipses', 'Moon mass', ""Earth's natural satellites"", 'Sol IIIa', 'Moon', 'Satellite of Earth', '🌙', 'Mass of Moon', 'Earth and moon', 'Lunarian', '🌛', '🌜', 'Luna (natural satellite)', 'Pictures on the moon', 'Earth I', 'Earth and Moon', '☽', '☾', 'Luna (moon)', 'Lunar mass', 'The Moon', 'Lunar radius', ""Earth's moon"", 'Terra I', 'Moon (moon)', 'Moon (Earth)', 'Moonlikeness', 'Natural Earth satellite', 'Moonless', 'Moon-likeness', 'Dorsa Argand', 'Moon distance from earth', 'Luna (satellite)', 'The moon', 'Moonlike', ""Earth's Moon"", 'Moon likeness', 'Moon like']", The moon.,0.8098557591438293,0,0,0
3906,Answer the question concisely. Q: Who was the first Pope to be appointed in the 21st century? A:,"['Pope Benedict XVI', 'Pope benedict xvi', 'Benedict the 16th', 'HH Pope Benedict XVI', 'PB16', 'Joe Ratzinger', 'Pope benedictus xvi', 'Joseph A. Ratzinger', 'Jospeh Ratzinger', 'Benedict 16', 'Papa Bento XVI', 'Benedict 16th', 'Pope Ratzinger', 'Benedikt xvi', 'Joseph Alois Ratzinger', 'His Holiness Pope Benedict XVI', 'Josef Ratzinger', 'Joseph Aloys Ratzinger', 'Pope Benidict XVI', 'Benoît 16', '265th pope', 'Josef Alois Ratzinger', 'Benoît XVI', 'Bxvi', 'Joseph Ratzinger', 'Joseph Raztinger', 'Pope Benedictus XVI', 'Bento XVI', 'Benedict XVI', 'Pope Benedict 16th', 'Joseph Aloisius Ratzinger', 'Papst Benedikt XVI', 'Pope benedict XVI', 'Benedikt XVI', 'Cardinal Joseph Alois Ratzinger', 'Benedict the Sixteenth', 'Papa Ratzi', 'Benedetto XVI', 'Cardinal Ratsinger', 'Porta Fidei', 'Benoit 16', 'Benedicto 16', 'Benedictus XVI', 'Pope Benedict 16', 'Benedetto 16', 'Benedict xvi', 'Relativism: The Central Problem for Faith Today', 'Benedito 16', 'Pope Benedict the 16th', 'Benedictus PP. XVI', 'Benedicto XVI', 'Joseph Cardinal Ratzinger', 'Benedito XVI', 'Benoit XVI', 'Benedikt XVI.', 'Benedict the sixteenth', 'Pontifex emeritus', 'Cardinal Joseph Ratzinger', 'Papst benedikt xvi', 'PopeBenedictXVI', 'Pope Emeritus Benedict XVI', 'Benedictus xvi', 'Cardinal Ratzinger', 'Benedictus 16', 'Benedict XVI of Rome']"," Pope John Paul II was the first Pope to be appointed in the 21st century. He was elected on October 16, 1978, and served until his death on April 2, 2005.",0.28185534477233887,1,1,1
3910,"Answer the question concisely. Q: If you travelled down the Missouri River from Bismarck, North Dakota, which city would you be in when you reached the ocean? A:","['Big EZ', 'New Orléans, LA', 'Nouvelle-Orleans', 'No Orleans', 'City of New Orleans, Louisiana', 'New Orleans, Louisiana, U.S.A.', 'City of new orleans', 'Orleans Parrish', ""N'awlins"", 'New Orlean', 'New Orleans, La.', 'Orleans Parish/New Orleans, Louisiana', 'Orléans, Louisiana', 'Orleans Parish, LA', 'New Orleans', 'New Orleans County', 'The Big EZ', 'Nawlins', 'Little Woods, New Orleans', 'Orleans, Louisiana', 'New Orléans', 'Orleans Parish/City of New Orleans, Louisiana', 'North Shore Broadcasting', 'Entercom (New Orleans)', 'New Orleans (La.)', 'NOLA', 'Nouvelle-Orléans', 'New Orleans, USA', 'New Orleans, Lousiana', 'UN/LOCODE:USMSY', 'No Orleans, Louisiana', 'New Orleans, Louisiana, USA', 'The City of New Orleans', 'Orleans Parish, Louisiana', 'New Orleans (LA)', 'Cresent City', 'Orleans Parish', 'City of New Orleans', 'The Big Easy', 'The Crescent City', 'Big Easy', 'Parish of Orleans', 'La Nouvelle-Orleans', 'Nova Orleans', 'Choppa city', 'La Nouvelle-Orléans', 'New Orlians', 'The City That Care Forgot', 'New Orleans, Louisiana', 'Norleans', 'New orleans', 'New Orleans, LA', 'New Orleans , LA', 'New Orléans, Louisiana']"," New Orleans, Louisiana.",0.8818130493164062,0,0,0
3918,"Answer the question concisely. Q: What name is given to art that depicts inanimate (typically commonplace) objects, either natural (e.g. food, flowers, plants, rocks & shells) or man-made (e.g. drinking glasses, books, vases, jewelry, coins & pipes) in an artificial setting? A:","['Naturaleza Muerta', 'Still Life Painting', 'Nature morte', 'Still-lifes', 'Still-Life Painting', 'Naturaleza muerta', 'Stilleben', 'Still-life', 'Still lifes', 'Still life', 'Stilllife', 'Still-Life', 'Still-life painting', 'Still Life']", Still life.,0.8634737133979797,0,0,0
3923,Answer the question concisely. Q: In which country is the city of Maastricht? A:,"['NETHERLANDS', 'The netherland', 'Nederlandia', 'Climate of the Netherlands', 'Administrative divisions of the netherlands', 'The Netheralands', 'Nyderlandai', 'Northern Netherlands', 'Holland (country)', 'Administrative divisions of the Netherlands', 'The Netherlands', 'Netherlands', 'Pays-Bas', 'Netherlands, (Dut/Hol)', 'ISO 3166-1:NL', 'Olanda', 'Netherlands/HistoryTalk', 'Capitals of Holland', 'Neatherlands', 'The netherlands', 'Dutch inhabitants', 'Netherlands, The', 'European Netherlands', 'Subdivisions of the Netherlands', 'Mainland Netherlands', 'Metropolitan Netherlands', 'Nehterlands', 'Netherlands (European territory)']", The Netherlands.,0.7664015293121338,0,0,0
3941,"Answer the question concisely. Q: What is a name for a type of private club in city outskirts or rural areas that usually offers a variety of recreational sports facilities such as golf, tennis, swimming and polo? A:","['Golf club (institution)', 'Tropicana Country Club', 'Country club', 'Country clubs', 'Country Club']", A country club.,0.5917321443557739,0,0,0
3946,Answer the question concisely. Q: Which horse race is held at Churchill Downs? A:,"['The Kentucky Derby', 'KY Derby', 'The Run for the Roses', 'Kentucky Derby', 'Kentucky derby']", The Kentucky Derby.,0.8621622323989868,0,0,0
3967,Answer the question concisely. Q: The island of Taiwan is off the coast of where? A:,"[""Chinese People's Republic"", 'China (Peking)', 'The prc', 'Socialist China', 'Chinese PR', 'PRoC', 'PRC', ""China's"", 'P. R. of China', ""People's Republic Of China"", ""The People's Republic of China"", 'China', 'Territorial disputes of China', 'China PRC', ""People's repuublic of china"", 'China (PRC)', ""China (People's Republic)"", ""People's Republic of China (Mainland China)"", 'Zhonghua Renmin Gonghe Guo', ""People' Republic of China"", 'Prc', ""People's republic of china"", ""People' s Republic of China"", 'P.R. of China', ""China, People's Republic of"", 'Chung-Kuo', 'P.R.C.', ""The people's republic of china"", 'Zhong Guo', 'Peoples republic of China', 'Red China (modern)', 'Chung-kuo', 'The PRC', 'Zhonghuarenmingongheguo', 'State of China', 'Zhonghuá rénmín gònghéguó', '中国', 'Peoples republic of china', 'P.R.China', ""People's Republic or China"", 'Zhonghua Renmin Gongheguo', ""China, the People's Republic of"", 'Nation of China', 'People’s Republic of China', 'China, PRC', 'Zhōnghuá Rénmín Gònghéguó', 'Modern day China', 'Peoples Republic of China', 'PROC', '中华', 'Chaina', 'Zhongguo', 'Homes in china', ""People's republic of China"", 'Zhōngguó', 'Sinic', 'China PR', 'PRC (China)', '中國', 'Jhongguó', 'Red Chinese', ""(The People's Republic of) China"", 'The People’s Republic of China', 'China (Republic : 1949- )', 'CHINA', ""China People's Republic"", 'Pr china', 'P.r. of china', 'Chungkuo', 'ISO 3166-1:CN', 'Land of China', 'Zhonghua renmin gongheguo', 'P.R. China', 'Zhongguó', '中华人民共和国', 'PRChina', '中華', 'PR of China', '中華人民共和國', 'Pr of c', 'Cihna', 'Communist China (modern)', 'P. R. China', ""People's Republic of China (PRC)"", ""Peoples' Republic of China"", 'The Peoples Republic of China', ""People's Republic of China"", 'Pr of china', 'PR China', 'P.R. of CHINA']", China.,0.6250743865966797,0,0,0
3971,Answer the question concisely. Q: Where was the first competition named the FIFA Club World Cup held in 2006? A:,"['日本國', 'State of Japan', 'Ja-pan', 'Nihon', 'Nippon', 'Japang', 'Modern–era Japan', 'Etymology of Japan', 'Japan (country)', 'Republic of Japan', 'Japanese financial sector', 'Nihon-koku', 'ISO 3166-1:JP', '日本', 'Japian', 'Japan', 'JapaN', 'The State of Japan', 'Riben', 'Nippon-koku', 'JPN', 'Jpan', 'Rìběn', '日本国', 'Japao', 'JAPAN', 'Japoa', '🗾']", Japan.,0.6511420607566833,0,0,0
3972,Answer the question concisely. Q: What is the word for the process of using strong acid or mordant to cut into the unprotected parts of a metal surface to create a design in intaglio in the metal? A:,"['Stopping out', 'Soft-ground etching', 'Relief etching', 'Etching', 'Foul-biting', 'Etcher', 'Echoppe', 'Eau-forte', 'Illuminated printing', 'Copperplate etching', 'Échoppe', 'Soft ground etching', 'Come up and see my etchings', 'Etchings', 'Etching (art)']", Etching.,0.8265600204467773,0,0,0
3980,"Answer the question concisely. Q: The Ironman World Championship, which has been held annually in Hawaii since 1978, with an additional race in 1982, involves which sport? A:","['Triathlon', 'Triathlon Distance', 'Triathlete', 'Sprint Distance Triathlon', 'Long Distance Triathlon', 'Beginner triathlon training', 'Olympic Distance Triathlon', 'Full Distance Triathlon', 'Beginner Triathlon Training', 'Triathalon', 'Long distance triathlon', 'Triathlons', 'Full distance triathlon', 'Tri-athlete', 'Triathlon training', 'Triathletes', 'Iron distance triathlon']", Triathlon.,0.7667562365531921,0,0,0
3994,Answer the question concisely. Q: The Rio Grande forms the border of Texas with what other area? A:,"['Mexican Republic', 'MEXICO', 'Estados Unidos de México', 'Sierra de la Estrella', 'Mexico (country)', 'Mexicó', 'The United Mexican States', 'Estados Unidos de Mexico', 'Central Mexico', 'ISO 3166-1:MX', 'Mexiko', 'Méjico', 'Mexique', 'Mexican United States', ""Mexican'"", 'The United State of Mexico', 'Mountains of Mexico', 'Old Mexico', 'United states of mexico', 'EUM', 'Messico', 'Mejico', 'The United States of Mexicans', 'Untied Mexican States', 'México', 'Etymology of Mexico', 'Meixcan', 'Estados Unidos Mexicanos', 'Mexic', 'Mexxico', 'Mexican Union', 'The United States of Mexico', 'United State of Mexico', 'Mexico', 'Republic of Mexico', 'Mexican Federal Republic', 'United Mexican States', 'Mexican coast', 'Mehico', 'United States of Mexicans', 'United States of Mexico']", Mexico.,0.609946072101593,0,0,0
3997,"Answer the question concisely. Q: ""What was the code-name for the reporters Bernstein and Woodward's contact during their investigation of the """"Watergate"""" scandal?"" A:","['Deep Throat (disambiguation)', 'Deepthroat', 'Deep Throat', 'Deep-throat', 'Deep throat']"," ""Deep Throat""",0.7943400740623474,0,0,0
4000,"Answer the question concisely. Q: In 1968, what telephone number was established as the national emergency number for the United States? A:","['nine hundred and eleven', '911']", 911.,0.54485023021698,0,0,0
4007,"Answer the question concisely. Q: What is the name of the system of stellar designation in which a specific star is identified by a Greek letter (then Latin letters in lower-case then upper-case), followed by the genitive form of its parent constellation's Latin name (e.g. Tauri)? A:","[""Bayer's Name"", 'Bayer letters', 'Bayer designations', 'Bayer designation', 'Bayer classification', 'Bayer letter']", Bayer designation.,0.8340986967086792,0,0,0
4015,"Answer the question concisely. Q: ""In the films """"Batman Forever"""" (1995) and """"Batman & Robin"""" (1997) who was Bruce Wayne's ward?"" A:","['Richard John Grayson', 'Dick Grayson', 'Richard Greyson', 'Batman: One Bullet Too Many', 'Dick Grayson/Robin', 'Richard %22Dick%22 Grayson', 'Flying Graysons', 'Dick Grayson (Nightwing)', 'Nightwing: Year One', 'Richard John %22Dick%22 Grayson', 'Nightwing/Dick Grayson', 'Robin (Batman comics)', 'Richard Grayson (Earth-Two)', 'One Bullet Too Many', 'Batman (Dick Grayson)', 'Robin/Dick Grayson', 'Nightwing (Dick Grayson)', 'The Flying Graysons', 'Nightbird (comics)', 'Robin of the teen titans', 'Robin (Dick Grayson)', 'Cheyenne Freemont', 'Dick Grayson/Nightwing', 'Dick Grayson (Robin)']"," ""Dick Grayson""",0.8282285928726196,0,0,0
4028,Answer the question concisely. Q: Who was the first female artist to have a #1 album in the USA and the UK simultaneously? A:,"['Susan Magdalane Boyle', 'Susan boyle', 'Susan doyle', 'Susan Boyle', 'Home For Christmas (Susan Boyle album)', 'Suzanne Boyle', 'SUsan Boyle', 'Susan BOyle', 'SuBo', 'Susan boil']", Aretha Franklin.,0.2963283658027649,1,1,1
4030,Answer the question concisely. Q: What is the name of Madonna's proposed chain of fitness clubs? A:,['Hard Candy Fitness'], Hard Candy.,0.3886193037033081,1,0,0
4038,Answer the question concisely. Q: Goliath is the name for a South American spider that eats what? A:,"['Avians', 'Avialan', 'Chick guard stage', 'Bird breeding', 'Flying Bird', 'Nestling', 'Baby birds', 'Avafauna', 'Aves', 'Bird', 'Avialians', '🐣', 'Living sauropods', '🐥', '🐤', 'Roosting', 'Pet bird', 'Aviala', 'Nestlings', 'Avialian', 'Ornithes', 'Avifauna', 'Living sauropods in Africa', 'Living dinosaurs in Oceania', 'Neornithes', 'Roost site', 'Neornithine', 'Avian proteins', 'Surviving Dinosaurs', 'Birds mating', 'Avian reproduction', 'Modern bird', 'Birds', 'Bird reproduction', 'Ornis', 'Living dinosaurs in Australasia', 'Avian dinosaur', '🐦', 'Modern birds', 'Class aves', 'Modern Dinosaurs', 'Birdness', 'Chick (bird)']", Goliath is the name for a South American spider that eats birds.,0.3047083616256714,1,1,1
4039,"Answer the question concisely. Q: ""A 1993 film starring Tom Hanks was """"Sleepless in ... """" where?"" A:","['Seattle, Washington.', 'Seattle Weekly news', 'Jet City', 'Seattle, Washington, USA', 'Seattle WA', 'Seattle, United States of America', '舍路', 'City of Seattle', 'Seattle Washington', 'Seattle, US-WA', 'Seattle (WA)', 'Seattle, Wa', 'Seattle, WA', 'Seattle, Washington', 'St. Anne Seattle', 'Seattle (Wash.)', 'The weather in Seattle', 'Seattle, Washington (State)', 'Emerald City, Washington', 'Seattleans', ""Seattle's"", 'Seattle, Wash.', 'Duwamps', 'St. Anne School, Seattle, Washington', 'Seattle, wa', 'Seattleites', 'Seattle, Washington Territory', 'Seattle, United States', 'Seatle', 'Seattle, USA', 'UN/LOCODE:USSEA', 'St. Anne School (Seattle, Washington)', 'Seattle', 'Seattle, WA, USA']"," ""A 1993 film starring Tom Hanks was """"Sleepless in Seattle"""" where?""",0.27311575412750244,1,0,1
4040,"Answer the question concisely. Q: Which expression is associated with the sinking of the HMS Birkenhead at Gansbaai near Cape Town, South Africa, in Febuary 1852? A:","['Women and Children', '%22Women and children first%22', 'Woman and children first', 'Birkenhead drill', 'Women and children first', 'Children and women', 'Women and children first (saying)', 'Women and children first (protocol)', 'Birkenhead tradition', 'Women and children', 'Birkenhead protocol']"," The sinking of the HMS Birkenhead was a maritime disaster that occurred on 26 February 1852, when the troopship HMS Birkenhead was wrecked off the coast of South Africa. The ship was carrying 643 people, including 643 soldiers of the 74th (Highland) Regiment of Foot",0.23412752151489258,1,1,1
4042,"Answer the question concisely. Q: ""What is another name for """"mother of pearl""""?"" A:","['Mother of pearl', 'Nachre', 'The Mother of Pearl Inlay', 'Mother-of-pearl', 'Nacreous', 'Mother of Pearl', 'Nacre', 'Mother-of-Pearl']"," ""Nacre.""",0.8659929633140564,0,0,0
4043,"Answer the question concisely. Q: In the 1930s, who was the first to win all 4 tennis Grand Slam titles? A:","['Fred Perry', 'Fred J. Perry', 'Frederick John Perry']", Don Budge.,0.1897568702697754,1,1,1
4058,"Answer the question concisely. Q: What is the name of the art form where objects are glued to, usually, a piece of paper or canvas? A:","['Digital Collage', 'Collagic', 'Collage', 'Inimage', 'Digital collage', 'Collagist', 'Collages', 'Collaging']", Collage.,0.7717089653015137,0,0,0
4074,Answer the question concisely. Q: The Limpopo River separates Zimbabwe and Botswana from what country? A:,"['South africa', ""South Africa's"", 'Southafrica', 'Third Republic (South Africa)', 'Republiek van Suid-Afrika', ""Sou'frica"", 'Zuid Afrika', 'Zuid-Afrika', 'ISO 3166-1:ZA', 'South-African', 'S Africa', 'Zuid Africa', 'Mzansi', 'Afrique du sud', 'Zuidafrika', 'Ningizimu Afrika', 'Capital of South Africa', 'Suid-Afrika', 'South-Africa', 'Rep. of SOUTH AFRICA', 'The Republic of South Africa', 'Suid Africa', 'Azania/South Africa', 'S Afr', 'Saffa', 'South African', 'Seth efrika', 'South Africa', 'Soufrica', 'Republic of south africa', 'South Africaà', 'The Beloved Country', 'S. Africa', 'Rep. of South Africa', 'South Africans', 'Republic of South Africa']", South Africa.,0.7963732481002808,0,0,0
4082,Answer the question concisely. Q: Who was the first US president to succeed to the Presidency upon the assassination of his predecessor and the first US President to be impeached? A:,"['17th President of the United States', 'Andrew Johnson', 'President Andrew Johnson', 'Presidency of Andrew Johnson', 'Andrew Johnson Administration', 'Johnson, Andrew', 'A. Johnson Administration', 'Movement to impeach Andrew Johnson', 'List of judicial appointments made by Andrew Johnson', 'Andrew Johnson judicial appointments']", Andrew Johnson.,0.8158471584320068,0,0,0
4084,"Answer the question concisely. Q: Admiral Sir John Jellicoe commanded the British fleet at the Battle of Jutland, the largest naval battle of World War I, against a fleet from which country? A:","['United States of Germany', 'Tyskland', 'Nimska', 'Bundesdeutsch', 'Vokietija', 'Deuchland', 'Germny', 'GermanY', 'FR Germany', 'Almanya', 'Federal Republic of Germany', 'Jermany', 'Geramny', 'Etymology of Germany', 'Nemska', 'Germany', 'Niemcy', 'GERMANY', 'ISO 3166-1:DE', 'Land der Dichter und Denker', 'Federal Republic Of Germany', 'F.R. Germany', 'Deutschland', 'Bundesrepublik Deutschland', 'BR Deutschland', 'Germanio', 'Thyskaland', 'GerMany', 'Germeny', 'Teutonica', 'Deutchland', 'Duitsland', 'THyskaland', 'Alemanha', 'Němska', 'Foederal Republic of Germany']", Germany.,0.4724166989326477,1,0,0
4095,Answer the question concisely. Q: What Brazilian city exports more coffee than any other port in the world? A:,"['Santos', 'Santos FC (disambiguation)', 'Santos (disambiguation)']", Santos.,0.618629515171051,0,0,0
4104,"Answer the question concisely. Q: ""What is the current name of the islands originally called the """"Sandwich Islands""""?"" A:","['Haiwii', 'The State of Hawaii', 'Mokuʻāina o Hawaiʻi', 'Mokuʻa-ina o Hawaiʻi', 'Demographics of Hawaii', 'Hawaiian culture', ""Hawai'i Resident"", 'Economy of Hawaii', 'Hawaii, United States', 'Haiwaii', 'US-HI', 'Owhyhee', 'Transport in Hawaii', 'Hawii', 'Hawaii, USA', '50th State', 'Hawai’i', ""Hawai'i"", 'Haway', 'Hawai%60i', 'Hawaii (U.S. state)', 'State of Hawaiʻi', 'Hawái', 'Languages of Hawaii', 'Hawaï', 'Demographics of Hawaiʻi', 'State of Hawai%60i', 'Hawwaii', 'Hawai‘i', 'Moku%60aina o Hawai%60i', 'U.S. (HI)', 'Hawaií', 'The Aloha State', 'Hawaii', 'Culture of Hawaii', 'Geography of Hawaii', ""Hawai'i State"", 'State of Hawaii', 'Health in Hawaii', 'Religion in Hawaii', 'ハワイ', 'Hawaiʻi', 'Hawaii Resident', 'Moku%60a-ina o Hawai%60i', 'Howaii', 'Fiftieth State', 'Hawaii (state)', 'Aloha State', 'Education in Hawaii', ""State of Hawai'i""]"," ""Hawaii.""",0.8415316343307495,0,0,0
4109,"Answer the question concisely. Q: Maine Coon, Munchkin, Oriental Shorthair, Persian, Ragamuffin, Russian Blue, Siamese, Siberian, Snowshoe, Sphynx, Tonkinese and Manx are all breeds of what? A:","['Housecat', 'Felis Silvestris Catus', 'Cats have 9 lives', 'Moggies', 'Moggie', 'Felis Catus', 'Alley-cat', '🐈', 'Felis domesticus catus', 'Cats', 'House cat', 'Domestic Feline', 'Evening Crazies', 'Common housecat', 'Domestic cat', 'Domestic cats', 'Felis silverstris catus', 'Tom (cat)', 'Asocial Aggression', 'A Cat', 'Domestic housecats', 'Feline Asocial Aggression', 'Felix domesticus', '🐱', 'Cat (animal)', 'Moggy', 'Felis domesticus', 'House Cat', '😻', 'Midnight crazies', 'Felis silvestris catus', 'Felis cattus', 'Domestic Cat', 'House cats', 'Goyang-i', 'Domesticated cat', 'Goyangi', 'Felis familiaris', 'Cat', 'Felis sylvestris catus', 'Felis cattus domesticus', 'Felis catus domesticus', 'Cat poison', 'Feline sexual behavior', 'Cat baths', 'Housecats', 'F. catus', 'Domestic Cats', 'Felis catus', 'Pet cat', 'F. domesticus', 'Felis silvestris domesticus', 'Felis catus Domesticus', 'Domestic feline']", Cat.,0.4640418291091919,1,0,0
4128,Answer the question concisely. Q: The island of Tasmania is governed by which country? A:,"['Australia (Commonwealth realm)', 'AustraliA', 'Continental Australia', 'Australias', 'Peace of Australia', 'Australian city life', 'City life in Australia', 'Australocentrist', 'Mainland Australia', 'Australiia', 'Straya', 'Australia (commonwealth)', 'Austraila', 'Ausrtalia', 'Australia (nation)', 'Australien', 'New Australian', 'Australia (dominion)', 'Australia (federation)', 'Australia (country)', 'Aussieland', 'Federal Australia', 'Country life in Australia', 'Orstraya', 'Australia (nation state)', 'Australia (commonwealth realm)', 'Australia', 'Australocentrism', 'Austraya', 'Australie', 'AUSTRALIA', 'Geopolitics of Australia', 'Australia (nation-state)', ""Australia's"", 'Australian mainland', 'Australian country life', ""Australian Woman's Day"", 'Imperial Australia', 'United States of Australia', 'Australia (realm)', 'Australia (constitutional monarchy)', 'Austalia', 'Etymology of Australia', 'Philosophy in Australia', 'Commonwealth of Australia', 'Australija', 'Australia (monarchy)', 'Dominion of Australia', 'Empire of Australia', 'Ostralia', 'Modern Australia', 'Commonwealth of australia', 'Australia (empire)', 'Australo', 'The Commonwealth of Australia', 'Australia.', 'Austrlia', 'Australlia', 'AUSTRALIAN', 'Australia (state)', 'ISO 3166-1:AU', 'Austrailia', 'Commonwealth Australia', 'Pax Australiana', 'Australian Commonwealth', 'Australocentric', 'Austrlaia', 'Technology in Australia', 'Australia (Commonwealth)', 'Australai', 'Australian geopolitics', 'Asutralia', 'Australo-', ""Australian's"", 'Science in Australia']", Australia.,0.846031904220581,0,0,0
4135,"Answer the question concisely. Q: What is the only county in the USA to border 5 counties from 5 different states : Baca County, Colorado; Morton County, Kansas; Texas County, Oklahoma; Dallam County, Texas; Union County, New Mexico ? A:","['Cimarron County', 'Cimarron County, OK', 'Cimarron County, Oklahoma']"," Baca County, Colorado.",0.31969061493873596,1,1,1
4156,Answer the question concisely. Q: Which English town is known for its collection of concrete cows? A:,"['Milton keynes', 'Milton Keynes master plan', 'Old Stratford Primary School', 'Milton Keynes Airport', 'Milton Keynes', 'Milton Keynes Masterplan', 'Milton Keynes, England', 'UN/LOCODE:GBMIK', 'Broughton Fields Primary School', 'Middleton-Keynes']", Aylesbury.,0.14186368882656097,1,1,1
4160,Answer the question concisely. Q: Where was the world's tallest road bridge opened in December 2004? A:,"['La Republique francaise', 'Franciaország', 'La Republique française', 'Belle France', 'FRANCE', 'Republique française', 'France', 'Ranska', 'Franciaorszag', 'French Republic', 'République francaise', 'République française', 'ISO 3166-1:FR', 'Frankreich', 'France (country)', 'Etymology of France', 'FrancE', 'La République française', 'People of France', 'Republic of France', 'Fracne', 'Le France', 'The French Republic', 'Republique francaise', 'The Republic of France', 'La République francaise', 'La France', 'Rain in France', 'Republic of france', 'FRance', 'Frakkland', 'Climate of France', 'Franse']"," The world's tallest road bridge was opened in December 2004 in the French Alps. The bridge is 1,210 feet high and 1,650 feet long. It is part of a new road that connects the French and Italian Alps. The bridge is called the Viaduc de Millau.",0.27810388803482056,1,1,1
4180,"Answer the question concisely. Q: What 2008 film is an adaptation by Andrew Davies of a book by Sarah Waters, that is set in a Victorian-era women's prison? A:","['Affinal', 'Affinity (disambiguation)', 'Affinity (album)', 'Affinity']"," ""Sense and Sensibility"" B: ""The Reader"" C: ""The Hours"" D: ""The Golden Compass"" E: ""The Duchess"" F: ""The Curious Case of Benjamin Button"" G: ""The Boy in the Striped Pajamas"" H: ""The Reader"" I: """,0.20687615871429443,1,1,1
4206,"Answer the question concisely. Q: ""The score for the Broadway musical """"Kismet"""" was adapted from the music of which composer?"" A:","['Borodin', 'Бородин']"," ""The score for the Broadway musical """"Kismet"""" was adapted from the music of Alexander Borodin.""",0.2437523603439331,1,0,0
4212,"Answer the question concisely. Q: ""Who was known in the 1991 Gulf War as """"Stormin' Norman""""?"" A:","['General H. Norman Schwarzkopf Jr.', 'General Schwartzkopf', 'Norman Schwarzkopf Jr.', 'Norman schwartzkopf', 'Norman Schwarzkopf, Jr', 'General swartzkoff', 'General swartzkof', 'H. Norman Schwarzkopf', 'Gen. Norman Schwarzkopf', 'Norman Schwarzkopf Jr', 'Norman Schwartzkopf', 'Herbert Norman Schwarzkopf, Jr.', ""It Doesn't Take a Hero : The Autobiography of General H. Norman Schwarzkopf"", 'H. Norman, Jr. Schwarzkopf', 'Schwarzkopf, H. Norman, Jr.', 'Norman Schwarzkopf', 'General Schwarzkopf', 'General Norman Schwarzkopf', 'Norman Shwarzkopf', ""It Doesn't Take a Hero"", 'General H. Norman Schwarzkopf, Jr.', 'General Norman Schwartzkopf', 'Norman Schwarzkopf, Jr.', 'H. Norman Schwarzkopf, Jr.']", Norman Schwarzkopf.,0.842914879322052,0,0,0
4237,Answer the question concisely. Q: Aberdeen is known as what? A:,"['The granite city', 'Granite City (disambiguation)', 'The Granite City', 'Granite City']", The Granite City.,0.8852418065071106,0,0,0
4239,"Answer the question concisely. Q: """"""M"""", """"Luscious Pink"""" and """"Forever"""" are women's fragrances from Elizabeth Arden, endorsed by whom?"" A:","['Mariah carey', 'Mariah Cannon', 'Time of Your Life (ring tone)', 'Mariah Cary', 'Mariah Carey discography (disambiguation)', 'Mariah Carey Music Videos Videography', 'Automatic Princess', 'Mariah Zinfandel', 'Mariah Carey discography', 'Moriah Carey', 'Maria Carey', 'Mariah Carrey', 'MariahCarey', 'Mariah Karey', 'Album Chart Statistics', 'List of songs by Mariah Carey', 'Time of Your Life Mariah', 'Time of Your Life (Mariah Carey song)', 'Maria Carrey', 'Mariah Carey', 'Mariah carrey', 'Mariah Carey Discography', 'List of music videos for Mariah Carey singles', 'Time of Your Life (Mariah Carey)', 'List Of Songs By Mariah Carey', 'Mariah Carey albums']", Elizabeth Arden.,0.17501771450042725,1,1,1
4257,Answer the question concisely. Q: A bean bag is a substitute for what item of furniture? A:,"['Kubbestol', '24 hour chair', 'Armchair (chair)', 'Chair leg', 'Chairs', 'Chair', 'Chaired', 'Armchair (furniture)', '8 hour chair', 'Chair seat', 'Personal chair', 'Four legged chair', 'Chair (furniture)', 'Wooden chair', 'Chair toss', 'Dining-chair', 'Booster Chair']", A bean bag is a substitute for a chair.,0.25717979669570923,1,1,0
4262,Answer the question concisely. Q: Which river flows through Cologne? A:,"['Rhine', 'Alpenrhein River', 'Rhinen', 'Rhine Estuary', 'Rhinewater', 'River Rhein', 'The Rhine', 'Upper Rhine River Plains', 'Rhein River', 'Rhine river', 'Rhine basin', 'Rhine River', 'Rhine (river)', 'Rhein (river)', 'Rhine mouth', 'Rijn', 'River Rhine Pollution: November 1986', 'Length of the Rhine', 'Rayn', 'River Rhine']", The Rhine.,0.8519540429115295,0,0,0
4268,"Answer the question concisely. Q: Angela Grisanti Vecchio, Stanley Zbornak, Clayton Hollingsworth and Salvadore Petrillo are characters in what US television series? A:","['Golden Girls', ""A Midwinter Night's Dream (The Golden Girls episode)"", 'Shady Pines', 'Golden girls', 'The golden girls', 'Miles Webber', 'The Golden Girls']", The Golden Girls.,0.8489107489585876,0,0,0
4284,Answer the question concisely. Q: How did US president William McKinley die in 1901? A:,"['Assination', 'Hiredgun', 'Assassination', 'Assasin', 'Assassin (movie)', 'Assassan', 'Political assassination', 'Sicarios', 'Asassin', 'Political assasination', 'Assassinate', 'Assassinated', 'Political murder', 'Extrajudicial Executions and Assasinations', 'Professional assassin', 'Asassination', 'Assassinating', 'Selective assassination', 'Assasinations', 'Targeted assassinations', 'Assassini', 'Assassin', 'Assasination', 'Selective Assassination', 'Extrajudicial Executions and Assassinations', 'Assassinations', 'Assassinat', 'Assasinated']", He was shot by an anarchist.,0.15556883811950684,1,1,1
4300,"Answer the question concisely. Q: On the buttons of a VCR or DVD player, what does the sign in the shape of a square mean? A:","['Stop (disambiguation)', 'STOP', 'Stop', 'Stop (album)', 'Stop (song)', 'Stop! (disambiguation)', 'Stops', 'STOP (disambiguation)', 'Stop! (song)', 'Stop(song)', 'Stop!']"," The sign in the shape of a square means that the button is a toggle button. When you press the button, it will change from one state to another. For example, if you press the play button, it will start playing the DVD. If you press it again, it will stop playing the DVD.",0.2831854224205017,1,1,1
4304,Answer the question concisely. Q: Michael Phelps who during the Summer Olympics 2012 brought his swimming medal total to a record 18 golds represents which country? A:,"['The United States of America', 'United States Of Amerca', 'Us of a', 'U.–S.–A.', 'Americaland', 'United States (U.S.A.)', 'Amurika', 'Unite states of america', 'United States of America (redirect)', 'The U S A', 'Unietd States', 'EE UU', 'The U.S.A.', 'U.-S.-A.', 'Usa', 'United Staets of America', 'Unites States', ""États-Unis d'Amérique"", 'Verenigde State', 'U.–S.', 'The United States of America.', 'The U-S-A', 'EEUU', 'U. S. A.', 'Nagkaisang mga Estado', 'The U. S. of America', 'The USA', 'America (United States)', 'The U. S. A.', 'U S of America', 'UNITED STATES', 'Estados Unidos', 'The U–S', 'American United States', 'US and A', 'Unitd states', 'The US of A', 'EE.UU.', 'U-S', 'The U-S', 'Etymology of the United States', 'U.S.A.)', 'EE. UU.', 'United states of america', 'US of america', 'Verenigde State van Amerika', 'Nited States', 'United-States', 'Unite States', 'Estados Unidos de América', 'UnitedStates', 'Estaos Unios', 'US of America', 'The Usa', 'United states of America', 'Untied States of America', 'The U S of America', 'THE AMERICAN UNITED STATES', 'The United-States', 'U S A', 'AmericA', 'Estados Unidos de America', 'United states', 'The U.S. of America', 'Amerka', 'United–States', 'U.s.a.', 'United States of America', 'United State of America', 'United States (US)', 'The U.S. of A', 'America', 'Amercia', ""Stati Uniti d'America"", 'Los Estados Unidos de America', 'United Stated', 'U.S.', 'United States (of America)', 'United States', 'States of America', 'America-class', 'Los Estados Unidos', 'U,S,', 'United States (country)', 'Federal United States', 'ISO 3166-1:US', 'Untied States', 'The U.–S.–A.', 'VS America', 'Amurica', ""Etats-Unis d'Amerique"", 'US', 'U.S. OF A', 'USofA', 'Etats-Unis', 'U.S. of A', 'United States of America (U.S.A.)', 'Amarica', 'The United States', 'U-S-A', 'United States/Introduction', 'The Us', 'Unitesd states', 'The U S of A', 'America class', 'America magazine', 'الولايات المتحدة الأمريكية', 'The U. S. of A', 'U S', '(USA)', 'The United–States', 'United States (U.S.)', 'U.-S.', 'United States of America (USA)', ""'merica"", 'The US', 'United States of America.', 'UNited States', 'The U.S.', 'AMERICA', 'United States of America/OldPage', 'United+States', 'The U S', 'United Sates', 'THE UNITED STATES OF AMERICA', 'U–S–A', 'United States Of America', 'U.S. of America', 'U–S', 'Los Estados Unidos de América', 'The U.-S.', 'United sates', 'The United States Of America', 'America (country)', 'United States of American', 'United state of america', 'The U.–S.', 'Amurka', 'U. S. of A', 'The U. S.', 'United States America', 'US of A', 'États-Unis', 'USoA', 'USA', 'Estaos Uníos', 'America, United States of', 'U. S. of America', 'U.S.American', '(US)', 'The U–S–A', 'U. S.', 'U.S. America', 'U.S. A', 'Yankee land', 'America (US)', 'U.S', 'America (United States of)', 'US (country)', 'UNITED STATES OF AMERICA', 'U.S.A', 'Estados unidos', 'Americia', 'The US of america', 'Vereinigte Staaten', 'US America', 'These United States of America', 'VS Amerika', 'Name of the United States', 'The united states of america', 'Estatos Unitos', 'America (USA)', 'The U.-S.-A.', 'United States of America/Introduction', 'The US of America', 'Americophile', 'V.S. America', 'U.S.A.', 'U S of A', 'V.S. Amerika', 'United+States+of+America', 'The Unites States of America']", United States.,0.777595043182373,0,0,0
4307,"Answer the question concisely. Q: Which artist has a daughter and two sons with Jane Asher, whom he married in 1981? A:","['Gerald Anthony Scarfe', 'Gerald Scarfe']", Paul McCartney.,0.10527969896793365,1,1,1
4314,"Answer the question concisely. Q: In June 2010, 8 highly endangered monkeys (4 cottontop tamarins and 4 pygmy marmosets) were stolen from the Symbio Wildlife Park in which country? A:","['Australia (Commonwealth realm)', 'AustraliA', 'Continental Australia', 'Australias', 'Peace of Australia', 'Australian city life', 'City life in Australia', 'Australocentrist', 'Mainland Australia', 'Australiia', 'Straya', 'Australia (commonwealth)', 'Austraila', 'Ausrtalia', 'Australia (nation)', 'Australien', 'New Australian', 'Australia (dominion)', 'Australia (federation)', 'Australia (country)', 'Aussieland', 'Federal Australia', 'Country life in Australia', 'Orstraya', 'Australia (nation state)', 'Australia (commonwealth realm)', 'Australia', 'Australocentrism', 'Austraya', 'Australie', 'AUSTRALIA', 'Geopolitics of Australia', 'Australia (nation-state)', ""Australia's"", 'Australian mainland', 'Australian country life', ""Australian Woman's Day"", 'Imperial Australia', 'United States of Australia', 'Australia (realm)', 'Australia (constitutional monarchy)', 'Austalia', 'Etymology of Australia', 'Philosophy in Australia', 'Commonwealth of Australia', 'Australija', 'Australia (monarchy)', 'Dominion of Australia', 'Empire of Australia', 'Ostralia', 'Modern Australia', 'Commonwealth of australia', 'Australia (empire)', 'Australo', 'The Commonwealth of Australia', 'Australia.', 'Austrlia', 'Australlia', 'AUSTRALIAN', 'Australia (state)', 'ISO 3166-1:AU', 'Austrailia', 'Commonwealth Australia', 'Pax Australiana', 'Australian Commonwealth', 'Australocentric', 'Austrlaia', 'Technology in Australia', 'Australia (Commonwealth)', 'Australai', 'Australian geopolitics', 'Asutralia', 'Australo-', ""Australian's"", 'Science in Australia']", Australia.,0.846031904220581,0,0,0
4316,Answer the question concisely. Q: Dishes prepared with spinach can be referred to as what? A:,['la Florentine'], Spinach dishes.,0.0461113303899765,1,1,1
4330,Answer the question concisely. Q: A nectarine is a shiny-skinned variety of what? A:,"['Peacherine', 'Peach', 'Prunus daemonifuga', 'Nectarines', 'Peach trees', 'Peaches', 'Nectarine', 'Persica platycarpa', 'Amygdalus potanini', 'Peacherine tree', 'Culture of peach', 'White peach', 'Clingstone peach', 'Amygdalus persica', 'Elegant Lady', 'Persica nucipersica', '🍑', 'Peacherines', 'Freestone peach', 'Amygdalus nucipersica', 'A Peach', 'Brugnon', 'Prunus persica', 'Persica potaninii', 'Persica vulgaris']", peach.,0.7552749514579773,0,0,0
4335,"Answer the question concisely. Q: What is the name of a calculating machine that originally consisted of beans or stones moved in grooves in sand or on tablets of wood, stone, or metal? A:","['Abacus Calculation', 'Russian abacus', 'Abaci', 'Nepohualtzintzin', 'Abacus (Aztec)', 'Cranmer abacus', 'Abacuses', 'Counting frame', 'Abacus', 'Abacist', 'Abacus (mathematics)', 'Abacists', 'Bead frame', 'Abacus arithmetic', 'AbacuS', 'Counting frames', 'Abbacus', 'Reckoning frame']", An abacus.,0.528633713722229,0,0,0
4344,Answer the question concisely. Q: Muslin and chenille are two what? A:,"['Textile', 'Textile fibre', 'Fabrically', 'Interlock cloth', 'Fabric', 'Cloth', 'Textiled', 'Yard goods', 'Fabricalities', 'Tray-cloth', 'Textiling', 'Rag (cloth)', 'Fabricality', 'Tray cloth', 'Cloths', 'List of textile-related topics', 'Textilers', 'Fabrical', 'Fabrics', 'Textiles', 'Textiler']", fabrics.,0.4672568440437317,1,0,0
4346,Answer the question concisely. Q: Where is the Arafura Sea? A:,['Between Australia and New Guinea']," The Arafura Sea is located in the western Pacific Ocean, between the islands of New Guinea and Australia. It is bounded by the Gulf of Carpentaria to the south, the Arafura Shelf to the west, and the Banda Sea to the north. The Arafura Sea is part of the Coral",0.3039253354072571,1,0,0
4347,"Answer the question concisely. Q: ""In 1858 Rowland Macy established a new store named """"R. H. Macy & Company"""", where it stayed on the same site for nearly forty years, in which city?"" A:","['New Yourk State', 'State of N.Y.', 'US-NY', 'N Y', 'The state of NY', 'NewYork', 'NYS', 'Neo York', 'NY state', 'Nova York', 'State of new york', 'Ny', 'New york', 'Nueva York (estado)', 'N Y state', 'New York (state)', 'U.S. state of New York', 'New York state', 'New York, U.S.', 'State New York', 'Nýja-Jórvík', 'Newyork', 'NEW YORK', 'State of N. Y.', 'N. Y. state', 'NY', 'The state of N.Y.', 'NY (state)', ""New York's"", 'N.Y. (U.S. state)', 'State of new yourk', 'New York State', 'New York (U.S. state)', 'New york state', 'New Yrok', '11th State', 'New York (USA State)', 'State of N Y', 'New-York', 'The State of New York', 'State of New York', 'US state of New York', 'N Y (U.S. state)', 'N.Y. state', 'N.Y.', 'The state of N. Y.', 'N. Y. (state)', 'The state of N Y', 'New York, US', 'N.Y. (state)', 'Nyja-Jorvik', 'Religion in New York', 'New Yourk', 'N. Y.', ""New York State's"", 'Estado Nueva York', 'New York (USA state)', 'New york population', 'New York, U.S.A', 'New York', 'NY (U.S. state)', 'Estado de Nueva York', 'N. Y. (U.S. state)', 'Eleventh State', 'N Y (state)', 'State of NY', 'New York (State)', 'New York (U.S. state']"," ""New York City""",0.6262784004211426,0,1,1
4353,"Answer the question concisely. Q: Until the introduction of the euro, on 1 January 2002, which country had the schilling as its basic currency unit? A:","['The Republic of Austria', 'Oesterreich', 'Eastreach', 'Österrike', 'Easterrealm', 'Austurriki', 'Republik Österreich', 'Osterreich', 'Austurríki', 'Austrian Republic', 'Republik Osterreich', 'Avstria', 'Österreich', 'Republik Oesterreich', 'Administrative divisions of Austria', 'Ostria', 'ISO 3166-1:AT', 'Alpine Deutschen', 'Austria', 'Oostenrijk', 'Architecture of Austria', 'Republic of Austria', 'Etymology of Austria', 'Autriche', 'Austrian architecture']", Austria.,0.6124963760375977,0,0,0
4364,Answer the question concisely. Q: Sir Basil Spence is associated with what activity? A:,"['Architecturally', 'Civil Architecture', 'Architecture (built environment)', 'The Art and History of Architecture', 'First art', 'Architectural work', 'Archetecture', 'Frozen music', 'Civil architecture', 'Architecture', 'Architectural', 'First Art', 'Architecure', 'Architectures']", Architecture.,0.6543499231338501,0,0,0
4368,Answer the question concisely. Q: In June 2009 American neuroscientist Dr Gary Arendash claimed to have evidence that drinking a few cups of coffee a day could prevent or reverse the effects of what? A:,"[""Alzheimer's diseases"", 'Alstimers', ""Alzheimer's Research"", 'Anti-dementia medication', 'Alzheimer disease', 'Senile', 'Old timer disease', 'Anti-Alzheimer medication', ""Antialzheimer's agent"", 'Alzheimers', ""Anti-alzheimer's drug"", 'Oldtimer disease', ""Alzheimer's disease and diet"", ""Alzhemiers' disease"", 'Alzheimer’s diseases', 'Antialzheimer drug', 'Alzhiemers', 'Alzeheimers', ""Anti-Alzheimer's drug"", 'Antidementia agent', ""Alzheimer's disease"", ""Alzheimer's Syndrome"", 'Altimers', 'Oldtimers disease', 'Alzheimers Disease', 'Alzheimer’s disease', 'Presenile dementia', ""Old-timers' disease"", 'Anti-dementia', ""Alzheimer's"", 'Alzheimer’s', 'Alzheimer', 'Anti-dementia agent', ""Old-timer's disease"", 'Anti-alzheimer agent', 'Anti-dementia drug', 'Old timers disease', ""Oldtimer's disease"", ""AntiAlzheimer's medication"", 'Cognitive disease', ""Anti-alzheimer's medication"", 'Antidementia medication', 'Alzheimers disease', ""Late-onset Alzheimer's Disease"", 'Altzheimer', 'Alzheimer’s Disease', ""DAT - Dementia Alzheimer's type"", ""AntiAlzheimer's drug"", ""Alzeheimer's"", ""Anti-Alzheimer's medication"", ""Anti-Alzheimer's agent"", 'AntiAlzheimer agent', 'Alzeihmers', 'Senile dementia of the Alzheimer type', ""Alzheimer's research directions"", 'Anti-Alzheimer agent', ""Alzheimer's dementia"", 'Anti-Alzheimer drug', ""Antialzheimer's medication"", 'Antialzheimer', ""Anti-alzheimer's agent"", 'Retrogenesis', 'Alzhimer', 'Anti-alzheimer medication', ""Antialzheimer's drug"", 'Sdat', ""AntiAlzheimer's agent"", 'AntiAlzheimer medication', 'Antialzheimer agent', 'Antialzheimer medication', ""Alzheimer's Disease"", 'AntiAlzheimer drug', 'Altzimers', ""Alzheimer's Disease and Diet"", ""Old timer's disease"", 'Alzheimer dementia', ""Primary degenerative dementia of the Alzheimer's type"", ""Alzhiemer's disease""]", Alzheimer's,0.8358696103096008,0,0,0
4382,"Answer the question concisely. Q: In 1993, Eritrea became independent from which country? A:","['Ethiopean', 'Ethiopai', 'Ityoṗṗya', 'Æthiopia', 'AEthiopia', 'Etiopia', 'The Democratic Republic Of Ethiopia', ""Ityop'pya"", 'Ītyōṗṗyā', ""Ityop'ia"", 'Ethopian', 'Ethiop', 'Federal Democratic Republic of Ethiopia', 'Etheopia', 'Abbysinnia', 'Abysinna', ""Ityop'iya"", 'Abissinia', 'Habeshistan', 'Prehistory of Ethiopia', 'Names of Ethiopia', 'Ityoppya', 'Ethiopia', 'ISO 3166-1:ET', 'ʾĪtyōṗṗyā', 'Ethiopian', 'Ethiopioa', 'Name of Ethiopia', 'FDRE', 'Etymology of Ethiopia', 'Federal Republic of Ethiopia', 'ኢትዮጵያ']", Ethiopia.,0.745422899723053,0,0,0
4385,Answer the question concisely. Q: Andy Schleck competes in what sport at an international level? A:,"['Cyclist', 'Cycling', 'Bike rider', 'Bicycling', 'Bike riding', 'Bicyclist', 'Cyclists', 'Bicycle riding', 'Bikeriding', 'Bicyclists', 'Bicycle user', 'Bicycle uses', 'Cyclism', 'Biking', 'Pedal cyclist', '🚴']", Andy Schleck competes in cycling at an international level.,0.23826532065868378,1,0,0
4386,Answer the question concisely. Q: On which coast of South America would you find the country of Venezuela? A:,"['Northward', 'North']", The country of Venezuela is located on the northern coast of South America.,0.2133432924747467,1,0,0
4397,"Answer the question concisely. Q: What is the ninth month of the Muslim year, a period of fasting during which there is strict abstinence during daylight from food, drink and perfume? A:","['Ramazaan', 'Ramadân', 'Ramadan ul Mubarak', 'Ramadhaan', 'Ramadan Mubarak', 'Ramadaan', 'Radaman', 'Ramadhan', 'Ramadan', 'Ramadam', 'Ramaḍan', 'Ramadar', 'رمضان', 'Ramadan (religious observances)', 'Ramzaan', 'Ramadan in islam', 'Ramadan Kareem', 'Ramadan calendar', 'Rouzi Festival', 'Ramazan Dynasty']", Ramadan.,0.8735219240188599,0,0,0
4412,"Answer the question concisely. Q: What is the painful and incurable, so far, condition characterised by uterine cells growing outside the uterus? A:","['Endometreosis', 'Endometriotic cell', 'Endomytriosis', 'Chocolate ovarian cyst', 'Endometriosis', 'Endometriotic cyst']", Endometriosis.,0.8612227439880371,0,0,0
4416,Answer the question concisely. Q: Where are New Zealand's parliament buildings? A:,"['UN/LOCODE:NZWLG', 'Wellington NZ', 'UN/LOCODE:NZTRG', 'Te Whanga-nui-a-Tara', 'Welington', 'Wellington', 'Wellington, New Zealand', 'Wellington (New Zealand)', 'Wellington buildings', 'Wellington, new zealand', 'Wellinton', 'Wellington, NZ', 'Wellington New Zealand', 'Wellingotn']", In Wellington.,0.49298667907714844,1,0,0
4417,"Answer the question concisely. Q: General Franco, the Spanish military general, was head of state of Spain from October 1936 following the Spanish Civil War, until when? A:","['1975', 'one thousand, nine hundred and seventy-five']", 1975.,0.6121732592582703,0,0,0
4433,"Answer the question concisely. Q: What object was unveiled outside John Lennon Airport, Liverpool, in 2005? A:","['Yellow Submarine', 'Yellow submarine', 'The Yellow Submarine', 'Yellow Submarine (disambiguation)', 'Yello Sub']", A statue of John Lennon.,0.147008016705513,1,1,1
4441,"Answer the question concisely. Q: What is the name for a rotating rod with oblong lobes sticking out of it, that is fitted in a car's engine block? A:","['Camshaft', 'Cam shaft', 'Cam shafts', 'Camshafts']", A crankshaft.,0.24224752187728882,1,1,1
4444,"Answer the question concisely. Q: Which of the actors who portrayed Dr Who, famous from the UK TV series of the same name, appeared almost exclusively on radio, film, written works, and comic strips? A:","['McGann, Paul', 'Paul McGann', 'Paul mcgann']", Peter Cushing.,0.5070973038673401,0,1,1
4463,Answer the question concisely. Q: The name of the city of Firenze in Italy is usually anglicised to what? A:,"['UN/LOCODE:ITFLR', 'Folrenz', 'Firenze, Italy', 'פירנצה', 'Montughi', 'Firenze', 'Gualfonda', 'Florentine', 'Frorence', 'Florence (Italy)', 'Florence', 'Florence, Italy']", Florence.,0.6651350259780884,0,0,0
4472,"Answer the question concisely. Q: The Himalayas and Tien Shan, or Tian Shan, lie north and south of which other major mountain range? A:","['Mt. Kunlun', 'Kunlun Shan', 'Kunlun mountains', 'Arkatag', 'The Kunlun Mountains', 'Kuen-Lun', 'Kunlun Range', 'Kuen-lun', 'Kunlun Mountains (China and India)', 'Mount Kunlun', ""K'un-lun Mountains"", 'Kuen-Lun mountain range', 'Kwenlun Mountains', 'Kunlun Mountains', 'Kun-Lun mountain range', 'Kunlun Mountains (Asia)', 'Kun Lun Mountains', 'Kuen Lun', 'Kunlun Mountain', 'Kuenlun']"," The Himalayas and Tien Shan, or Tian Shan, lie north and south of the Hindu Kush.",0.23639436066150665,1,1,1
4474,Answer the question concisely. Q: Which college was founded by Henry VI in 1440? A:,"['Eton', 'Eton (disambiguation)']", Eton College.,0.4479547142982483,1,0,0
4487,Answer the question concisely. Q: Which figure from Scottish history was played by Mel Gibson in a 1995 film? A:,"[""Wallace's Larder"", 'Battle of Loudoun Hill (1297)', 'Loudoun Hill Skirmish', 'Uilleam Uallas', 'Guillelmum le Walois', 'Sir William Wallace', 'Battle of elcho park', 'William Wallace', 'W. Wallace', 'Guillelmum le Walois de Scotia militem', 'William walles', 'Guillelmum le Walois de Scotia', 'Willliam wallace']", William Wallace.,0.8347985744476318,0,0,0
4490,Answer the question concisely. Q: Which English civil engineer's most famous project was the construction of Tower Bridge over the River Thames in London? A:,['Sir John Wolfe-Barry'], Sir Horace Jones.,0.2734978199005127,1,1,1
4502,Answer the question concisely. Q: The ship Andrea Gail features in which 1997 book and 2000 film? A:,"['Perfect storm (disambiguation)', 'The Perfect Storm', 'Perfect Storm']", The Perfect Storm.,0.8946585655212402,0,0,0
4511,Answer the question concisely. Q: The king of what country became Iceland's ruler by treaty in 1262? A:,"['Norvège', 'Mainland Norway', 'Norway', 'Norvege', 'Noregur', 'NORWAY', 'Norwegian state', 'Etymology of Norway', 'Noruega', 'Norwegen', 'ISO 3166-1:NO', 'Noreg', 'Republic of Norway', 'Norwegian kingdom', 'Kongeriket Noreg', 'Name of Norway', 'Kongeriket Norge', 'Noorwegen', 'Kingdom of Norway', 'Sport in Norway', 'Norwegia', 'Royal Kingdom of Norway']", Norway.,0.6260756254196167,0,0,0
4533,"Answer the question concisely. Q: Dragon boat racing, as part of a complex of ceremonies, is thought to have originated where? A:","[""Chinese People's Republic"", 'China (Peking)', 'The prc', 'Socialist China', 'Chinese PR', 'PRoC', 'PRC', ""China's"", 'P. R. of China', ""People's Republic Of China"", ""The People's Republic of China"", 'China', 'Territorial disputes of China', 'China PRC', ""People's repuublic of china"", 'China (PRC)', ""China (People's Republic)"", ""People's Republic of China (Mainland China)"", 'Zhonghua Renmin Gonghe Guo', ""People' Republic of China"", 'Prc', ""People's republic of china"", ""People' s Republic of China"", 'P.R. of China', ""China, People's Republic of"", 'Chung-Kuo', 'P.R.C.', ""The people's republic of china"", 'Zhong Guo', 'Peoples republic of China', 'Red China (modern)', 'Chung-kuo', 'The PRC', 'Zhonghuarenmingongheguo', 'State of China', 'Zhonghuá rénmín gònghéguó', '中国', 'Peoples republic of china', 'P.R.China', ""People's Republic or China"", 'Zhonghua Renmin Gongheguo', ""China, the People's Republic of"", 'Nation of China', 'People’s Republic of China', 'China, PRC', 'Zhōnghuá Rénmín Gònghéguó', 'Modern day China', 'Peoples Republic of China', 'PROC', '中华', 'Chaina', 'Zhongguo', 'Homes in china', ""People's republic of China"", 'Zhōngguó', 'Sinic', 'China PR', 'PRC (China)', '中國', 'Jhongguó', 'Red Chinese', ""(The People's Republic of) China"", 'The People’s Republic of China', 'China (Republic : 1949- )', 'CHINA', ""China People's Republic"", 'Pr china', 'P.r. of china', 'Chungkuo', 'ISO 3166-1:CN', 'Land of China', 'Zhonghua renmin gongheguo', 'P.R. China', 'Zhongguó', '中华人民共和国', 'PRChina', '中華', 'PR of China', '中華人民共和國', 'Pr of c', 'Cihna', 'Communist China (modern)', 'P. R. China', ""People's Republic of China (PRC)"", ""Peoples' Republic of China"", 'The Peoples Republic of China', ""People's Republic of China"", 'Pr of china', 'PR China', 'P.R. of CHINA']", China.,0.6250743865966797,0,0,0
4535,"Answer the question concisely. Q: ""Which Bob Dylan song begins """"You got a lotta nerveTo say you are my friend. When I was down, You just stood there grinning""""?"" A:","['Positively Fourth Street', 'Positively 4th Street']"," ""Positively 4th Street""",0.8281641006469727,0,0,0
4537,"Answer the question concisely. Q: ""Which British singer, born Sandra Ann Goodrich, was known as """"the barefoot pop princess of the 1960s""""?"" A:","['Just A Disillusion', 'Just a Disillusion', 'Tonight in Tokyo', 'Tonight In Tokyo', 'Today (Chris Andrews song)', 'Run (Sandie Shaw song)', 'Tomorrow (Sandie Shaw song)', 'Sandie Shaw', ""Don't Run Away (Sandie Shaw song)"", ""I Don't Need Anything"", ""I'll Stop at Nothing"", 'How Can You Tell', ""As Long as You're Happy Baby"", 'Sandi Shaw', 'Nothing Comes Easy (song)', ""I'll Stop At Nothing"", 'Sandra Goodrich', 'Today (Sandie Shaw song)', ""As Long As You're Happy Baby"", 'Show Me (Sandie Shaw song)']", Sandie Shaw.,0.8655399084091187,0,0,0
4555,"Answer the question concisely. Q: The third part of trilogy of Hobbit movies, released at the end of 2014, is called what? A:","['The Hobbit: There and Back Again (film)', 'The Hobbit 3: The Battle of the Five Armies', 'The Hobbit: Battle of the Five Armies', 'The Hobbit: There and Back Again', 'The Battle of the Five Armies (film)', 'Hobbit 3', 'The Hobbit the Battle of the Five Armies', 'The Hobbit: The Battle of Five Armies Movie', 'The Hobbit 3', 'The Hobbit: The Battle of the 5 Armies', 'The Hobbit: The Battle of the Five Armies', 'The Hobbit Part 3', 'The Hobbit There and Back Again', 'The Hobbit: The Battle of Five Armies']", The Hobbit: The Battle of the Five Armies.,0.907319188117981,0,0,0
4556,"Answer the question concisely. Q: Nankey Poo, Poo Bah and Pish Tush are characters in which show? A:","['Katisha', 'The Mikado', 'The Story of The Mikado', 'The Town of Titipu', 'Our Great Mikado, virtuous man', 'Titipu', 'If you want to know who we are', 'The Town Of Titipu', 'I Am So Proud', 'The Story of the Mikado', 'The Mikado or, The Town of Titipu', 'Lord High Executioner', 'The mikado', 'Town of Titipu', ""A Wand'ring Minstrel I""]", The Muppets.,0.4979551434516907,1,1,1
4564,Answer the question concisely. Q: Omar Sharif played the title character in the 1965 film of what 1957 novel by the Russian writer Boris Pasternak? A:,"['Dr. Zhivago', 'Dr zhivago', 'Yuriatin', 'Dr. Yuri Zhivago', 'Doctor Zhivago (disambiguation)', 'Dr. Zhivago (novel)', 'Varykino', 'Доктор Живаго', 'Yury Andreyevich Zhivago', 'Zivago', 'Doctor Zhivago', 'Yury Zhivago', 'Zhivago', 'Yuryatin', 'Doktor Zhivago', 'Dr Zhivago', 'Doctor zhivago']", Doctor Zhiv,0.675588846206665,0,1,1
4567,"Answer the question concisely. Q: ""The US TV series """"Mad Men"""" centres around what industry or profession?"" A:","['Pervasive advertising', 'Billboard (television)', 'Newspaper advertisements', 'Commercial marketing', 'Advertisements', 'The evolution of american advertising', 'Contemporary advertising', 'Advert', 'List of advertising clichés', 'Advertize', 'Advertizing', 'Advertizes', 'Newspaper ad', 'Commercial advertisement', 'Adverting', 'Coroporate propaganda', 'Advertising cliches', 'Advertising media', 'Ghost branding', 'Promotional documents', 'List of Advertising Cliches', 'Adverts', 'Advertizement', 'Insidious adverstising', 'List of advertising cliches', 'Advertises', 'Ethical advertising', 'Textual ads', 'Advertisement', 'Newspaper advertisement', 'Advertisment', 'Newspaper advertising', 'Advertising material', 'TYPES OF ADVERTISING', 'Adverted', 'Advertising', 'Commericals', 'Ad', 'Print ad', 'Advertiser', 'Advertising materials', 'Ghost ad', 'Advertizements', 'Glossy brochure', 'Alternative advertising', 'Manufactured demand', 'Paid media', 'Advertized', 'Commercial Message', 'Advertised', 'Advertisers', 'Advertise', 'Non traditional advertising', 'Capitalist propaganda', 'Commercial message']"," ""Advertising",0.7896748781204224,0,0,0
4579,Answer the question concisely. Q: A dress worn at President John F Kennedy's birthday party at Madison Square Garden on 19 May 1962 was sold at auction in 1999 for $1.26 million. Who wore it at the party? A:,"['Marilyn monroe', 'Marirlyn Monroe', 'Norma DiMaggio', 'Norma Jean DiMaggio', 'Norma Jean Dougherty', 'Norma Mortenson', 'Marliyn Monroe', 'Norma Dougherty', 'Marilyn Monroe Miller', 'Marylyn Monroe', 'Norma Jean Baker Mortenson', 'Norma Jeane Baker', 'Norma Baker', 'Natasha Lytess', 'Norma Jean Mortenson', 'Norma Jean Baker', 'Norma Jeane', 'Marilyn Monroe', 'Norma Jeane DiMaggio', 'Norma Jean Mortensen', 'Marilyn Munro', 'Merylin Monroe', 'Norma Jeane Mortenson', 'Marylin Monroe', 'Marilyn Monro', 'Charles Stanley Gifford', 'Norma Jeane Dougherty', 'Fifth Helena Drive', 'Norma jeane mortenson', 'Marilyn Munroe']", Marilyn Monroe.,0.8247178792953491,0,0,0
4595,Answer the question concisely. Q: What type of sausage is usually sold in a flat circular coil? A:,"['Cumberland, England', 'Cumberland County (historic)', 'Cumberland', 'Cumberlandshire', 'Wythburn', 'Cumberland (ward)', 'Cumberland (county, England)']", Ring bologna.,0.0874287411570549,1,1,1
4597,"Answer the question concisely. Q: ""BAFTA winning film """"The Theory of Everything"""" is adapted from which book?"" A:","['""""""Travelling to Infinity: My Life with Stephen"""" by Jane Wilde Hawking""']"," ""The Theory of Everything: The Origin and Fate of the Universe"" by Stephen Hawking.",0.4101659655570984,1,1,1
4598,"Answer the question concisely. Q: Which novelist, born in Bombay in 1865, was awarded the Nobel prize for Literature in 1907? A:","['Joseph Rudyard Kipling', 'Kiplingesque', 'Rudyard Kipling', 'Kipling rudyard', 'Rudy Kipling', 'R Kipling', 'Kipling', 'Kipling, Joseph Rudyard', 'Kiplingian', 'R. Kipling', 'Ruyard Kipling', 'Kipling Society', 'Bard of Empire', 'Rudyard Kipling (author)']", Rabindranath Tagore.,0.3106820583343506,1,1,1
4604,Answer the question concisely. Q: What language did the playwright Henrik Ibsen write his plays in? A:,"['Danish', 'Danish (disambiguation)']", Norwegian.,0.3050557076931,1,1,1
4613,"Answer the question concisely. Q: In the mid 1990s what major fossil discovery was made in Liaoning, China? A:",['Well-preserved fossils of feathered dinosaurs'], The discovery of feathered dinosaurs.,0.41893070936203003,1,0,0
4619,"Answer the question concisely. Q: British artist Sir James Thornhill (1675-1734), history painter and sergeant painter to George I and George II, was related by marriage to which other artist? A:","['Hogarthian', 'Giles Grinagain', 'Hogarthean', 'W. Hogarth', 'William Hogarth']", Sir James Thornhill was the father-in-law of Sir James Thornhill.,0.29444122314453125,1,1,1
4638,Answer the question concisely. Q: What was the main character trait of the Dickens character Mr Micawber? A:,"['Optimalist', 'Positive thought', 'Strong optimism', 'Optomism', 'Philosophical optimism', 'Positive thinking', 'Panglossian', 'Optimism', 'Overoptimism', 'Optimistic philosophy', 'Panglossianism', 'Optimalism', 'Optimistic']", He was a dreamer.,0.1123376190662384,1,1,
4643,"Answer the question concisely. Q: Which country has as its national coat of arms a shield bearing a vicuna, a cinchona tree and a cornucopia spilling mineral wealth in the shape of coins? A:","['Lower Peru', 'Name of Peru', 'Republic of Peru', 'Etymology of Peru', 'ISO 3166-1:PE', 'Piruw', 'Peruano', 'República del Perú', 'El Perú', 'Republic of Perú', 'Peruvian Republic', 'Peru', 'Peruvian', 'Péru', 'Piruw Ripuwlika', 'El Peru', 'Perú', 'Perù', 'Piruw Suyu', 'Pérou', 'Peruvia']", Bolivia.,0.5174963474273682,0,1,1
4674,Answer the question concisely. Q: Electric Christmas tree lights were first used in what year? A:,"['1882', 'one thousand, eight hundred and eighty-two']", 1882.,0.6668350696563721,0,0,0
4675,Answer the question concisely. Q: What waltz by Johann Strauss II was named after a European river? A:,"['An Der Schoenen Blau Donau', 'An der schonen blauen Donau', 'An der schoenen Blauen Donau', 'An Der Schonen Blau Donau', 'An Der Schönen Blau', 'By the Beautiful Blue Danube', 'An der schönen, blauen Donau', 'At the Beautiful Blue Danube', 'The Blue Danube', 'An der schönen blauen Donau', 'An Der Schonen Blau', 'An der schönen Blauen Donau', 'An der schoenen blauen Donau', 'On the Beautiful Blue Danube', 'An Der Schönen Blau Donau', 'The Beautiful Blue Danube', 'The Blue Danube Waltz', 'Blue Danube Waltz', 'Danube Waltz', 'An der schonen Blauen Donau', 'An Der Schoenen Blau']", The Blue Danube.,0.8781187534332275,0,0,0
4704,"Answer the question concisely. Q: What 2007 movie earned Eddie Murphy the Golden Raspberry for Worst Actor, Worst Supporting Actor, and Worst Supporting Actress? A:","['Norbit', 'Norbit Albert Rice', 'Rasputia', 'Norbit (film)']", Norbit.,0.8329387903213501,0,0,0
4708,Answer the question concisely. Q: Who was the wife of Zeus and the mother of Ares? A:,"['Hêra', 'Hera', 'Aegophagus']", Hera was the wife of Zeus and the mother of Ares.,0.31856441497802734,1,0,0
4722,Answer the question concisely. Q: Leonidas was the king of what city-state? A:,"['Lacedaemon', 'Spartan Government', 'Lakedemonia', 'Lakedaimon', 'Ancient Sparta', 'Ancient sparta', 'Ancient sparta religion', 'Sparta, Greece', 'Lacedemon', 'SPARTA', 'Kingdom of Sparta', 'Sparte', 'Sparta', 'Lakedaemon', 'Greek Spartan', 'Lacedaimon', 'Σπάρτα']", Sparta.,0.6802870035171509,0,0,0
4727,"Answer the question concisely. Q: ""What Canadian province's name is Latin for """"New Scotland""""?"" A:","['Colonial Nova Scotia', 'Nouvelle-Écosse', 'Nova scosha', 'Nova Scotia, Canada', 'Alba Nuadh', 'Nouvelle-Ecosse', '14th British colony', 'Nova scotia', 'Novia Scotia', 'Nova Scotian', 'Hart Island, Nova Scotia', 'Colony of Nova Scotia', 'Scotian', 'Nova scocia', 'Nova Scotia', 'Nueva Escocia', 'Nouvelle Écosse', 'Province of Nova Scotia', 'Noav scotia', 'Scottish America', 'CA-NS', 'Scotians', 'Nova scosia']"," ""Nova Scotia.""",0.888419508934021,0,0,0
4729,"Answer the question concisely. Q: ""If you call a king """"Your Majesty"""", what would you call an ambassador?"" A:","['Mudane', 'Excellency', 'Her Excellency', 'Your Excellency', 'His or Her Excellency', 'His, or Her Excellency']"," ""Your Majesty.""",0.4548659920692444,1,1,1
4733,Answer the question concisely. Q: What English city was originally built by the Romans as a spa in 60 A.D.? A:,"['Bath (disambiguation)', 'Bath', 'Baths']", Bath.,0.6035018563270569,0,0,0
4742,"Answer the question concisely. Q: ""In what city were travelers first asked to """"mind the gap""""?"" A:","['London (UK)', 'Climate in London', 'London (England)', 'London England', 'Lodnon', 'Wongdon', 'Londyn', 'London', 'Climate of London', 'LONDON', 'London Britain', 'England London', 'London, Greater London', 'Capital of the UK', 'Londonshire', 'Climate of london', 'Capital of the United Kingdom', 'London UK', 'Londra', 'London (United Kingdom)', 'London,England', 'London, England, UK', 'United Kingdom/London', 'London (Great Britain)', 'Londonize', 'Capital of England', 'London, UK', 'The Metropolis', 'UN/LOCODE:GBLON', 'Londonise', ""London's"", 'London (Britain)', 'London, England', 'Lundúnir', 'London area', 'London, Great Britain', 'London-on-Thames', 'Southwest London', 'The metropolis', 'Londontown', 'London england', 'Weather in London', 'London, England, United Kingdom', 'Llundain', 'London, U.K.', 'London, england', 'London, United Kingdom', 'GBLON', 'London weather', 'London, Britain', 'Lundein', 'Lundunir']"," ""London, England, in 1969.""",0.5083763003349304,0,0,0
4761,Answer the question concisely. Q: Who did Claus von Stauffenberg plot to kill? A:,"['Hitlerian', 'Adolph Schicklgruber', 'HitlerAdolf', ""Hitler's medical health"", 'Adolf Hitle', 'Hitlar', 'Adolph Hiedler', 'Adolf Hiedler', 'Adolph Hittler', 'Day of Potsdam', 'Adolpf Hitler', 'Adolf Hister', 'Adolf Hitlier', ""Adolph Hitler's health"", ""Hitler's health"", 'Hitlers', 'Aldof Hilter', 'HITLER', 'Hitler, Adolph', 'History of Adolf Hitler', 'Hitler,Adolph', 'Adolph Hiter', 'Adolf Hittler', 'Herr Hitler', 'Hitler,Adolf', 'Adolf Schicklegruber', 'Adolf hitler', 'Adlof hitler', 'Adolph Schickelgruber', 'Hitler Adolf', 'Hitlers medical health', 'HitlerAdolph', 'Adolph Schicklegruber', 'Adolf Hiler', ""Adolf Hitler's medical condition"", 'Hittler', 'Adolf Schickelgruber', 'Adolf Hitler', ""Hitler's"", 'Hitler, adolf', 'Nazi leader', 'Hitler, Adolf', 'Herr Wolf', ""Adolph Hitler's medical health"", 'Adolph Hitler', ""Adolf Hitler's health"", 'Adolf Schicklgruber', 'AdolphHitler', 'Adolf Hilter', 'Health of Adolf Hitler', ""Adolf Hitler's medical health"", 'Hitler Adolph', 'AdolfHitler', 'Adolf HItler', 'Hitlet', 'Hitler adolf', 'Adoff Hitler', 'Adolfus Hitler', 'Hitler', 'Adolph hitler']", Adolf Hitler.,0.8103194236755371,0,0,0
4768,Answer the question concisely. Q: Who was the leader of the Medellin cartel in the 1980's? A:,"['Pablo Emilio Escobar Gaviria', 'Pablo escobar', 'Pablo Escobar/Archive1', 'Pablo Escabar', 'Escobar (2009 film)', 'Pablo Escobar Gaviria', 'Pablo Escobar', 'Pablo Escebar']", Pablo Escobar.,0.8665364384651184,0,0,0
4773,Answer the question concisely. Q: What is the name for a person who tried to turn base metals into gold? A:,"['Alchemi', 'Alchemistry', 'Renaissance alchemy', 'Alchemical', 'Genesis of alchemy', 'Alchemy', 'History of Alchemy', 'Decline of Western alchemy', 'Alchemy magic', 'AlchemY', 'Alchemy in history', 'Alchemists', 'Alchemic', 'Alchemist', 'Operative Alchemy', 'History of alchemy']", An alchemist.,0.5690111517906189,0,0,0
4776,Answer the question concisely. Q: Who shot Greedo inside the cantina? A:,"['Hans Solo', 'Han Solo (film)', 'Han solo', 'Han Solo', 'Solo, Han']", Han Solo.,0.8818134665489197,0,0,0
4792,Answer the question concisely. Q: What drinking vessel supposedly confers eternal life on those who drink from it? A:,"['Sangrael', 'Grail legend', 'The Holy Glair', 'Grail mythos', 'Sangraal', 'Quest for the Holy Grail', 'The Holy Grail', 'Grail Quest', 'Holy Grail', 'Grail Myth', 'Queste du Graal', 'Sangreal', 'The Quest of the Holy Grail', 'Sangrail', 'Grail', 'Holy grail', 'Holy Graal', 'San Greal', 'Grail myth', 'Holy Grail Quest']", The Holy Grail.,0.8921627998352051,0,0,0
4807,Answer the question concisely. Q: In what country is the religion of Shinto commonly practiced? A:,"['日本國', 'State of Japan', 'Ja-pan', 'Nihon', 'Nippon', 'Japang', 'Modern–era Japan', 'Etymology of Japan', 'Japan (country)', 'Republic of Japan', 'Japanese financial sector', 'Nihon-koku', 'ISO 3166-1:JP', '日本', 'Japian', 'Japan', 'JapaN', 'The State of Japan', 'Riben', 'Nippon-koku', 'JPN', 'Jpan', 'Rìběn', '日本国', 'Japao', 'JAPAN', 'Japoa', '🗾']", Japan.,0.6511420607566833,0,0,0
4821,"Answer the question concisely. Q: ""What's the English version of """"L'Chaim"""", """"Prost"""" or """"Skal""""?"" A:","['Charles-Burrows-Charles Productions', 'Charles-Burrows-Charles', 'Cheers (TV show)', 'Charles/Burrows/Charles Productions', 'Cheers', 'Cheers (TV series)', 'Cheers characters', ""Melville's"", 'Charles Burrows Charles Productions']"," ""To life!""",0.10650689899921417,1,1,1
4826,Answer the question concisely. Q: Who defeated Boris Spassky in a 1972 chess showdown? A:,"['Bobby Fischer (Chess career)', ""Fisher's endgame"", 'Bob Fischer', 'Bobby Fischer', 'Bobby Fischer (chess career)', 'Robert James Fischer', 'Bobby Fischer (biography)', 'Bobbie fischer', 'Regina Wender', 'Bobby fischer', 'Robert J Fischer', 'Bobby Ficsher', 'Bobbie Fisher', ""Fischer's endgame"", 'Bobby Fisher', 'Robert J. Fischer']", Bobby Fischer.,0.843622088432312,0,0,0
4832,Answer the question concisely. Q: Stalactites grow down from the top of cave. What grows up from the floor of a cave? A:,"['Stalagmite', 'Stalagmitic', 'Stalagmites']", Stalagmites.,0.9069280028343201,0,0,0
4835,Answer the question concisely. Q: What stone was used to decipher Ancient Egyptian hieroglyphics? A:,"['Stone of Rosetta', 'Pierre de Rosette', 'Rossetta Stone', 'Rosetta inscription', 'Rashid Stone', 'The Rosetta Stone', 'Roseta stone', 'Rosetta stone', 'Rosseta Stone', 'Rosetta Stone', 'Decree of Memphis (Ptolemy V)']", Rosetta Stone.,0.8714272379875183,0,0,0
4837,Answer the question concisely. Q: What company purchased Skype in 2011? A:,"[""'Microsoft Corp"", 'Microsoft Canada', 'Mircosoft', 'Microsoft Inc', 'Micro soft', 'Microsoat', 'Microsoft corporation', 'MSoft', 'Office Corporation', 'Microsoft Connect', 'Microosft', 'Mickeysoft', 'Microsft', 'Microsoft connect', 'Windows Corporation', 'Microsoft, Inc.', ""Microsoft's"", 'Microsoft', 'MS Corp', 'AS8075', 'Micrasoft', 'Microsoft Inc.', 'MSN Corporation', 'Microcomputer software', 'Microsoft, Incorporated', 'Micro-soft', 'Microsfot', 'Microscam', 'MicroSoft Corporation', 'Microsoft Way', 'Microsoft arc Mouse', 'Microsoft.com', 'Blibbet', 'MICROSOFT', 'Microsoft logos', '.azure', 'Microsoft Corp', 'NASDAQ:MSFT', 'Microsoft Corp.', 'Aorato', 'Micro-Soft', 'Microsoft Incorporated', 'Mikrosoft', 'Micro Soft', 'Microsoft Corporation', 'Microsoft Ltd', 'Microsoft Visitor Center', 'Microsoft Corpration', 'WebsiteSpark', '.bing', 'Www.microsoft.com', 'MSLI', 'MicroSoft']", Microsoft.,0.5307089686393738,0,0,0
4851,Answer the question concisely. Q: What TV show featured the Holodeck? A:,"['Star Trek: The Next Generation', 'ST TNG', 'Star Trek the Next Generation', 'Star trek next generation', 'Ultritium', 'Sttng', 'Star Trek: the Next Generation', 'Star trek: TNG', 'Star Trek: Next generation', 'Star Trek - The Next Generation', 'Star trek: tng', 'Star trek, the next generation', 'Star Trek: TNG', 'Star Trek New Generation', 'Star Trek TNG', 'Star trek:tng', 'Star Trek-TNG', 'STNG', 'STTNG', 'Star Trek The Next Generation', 'Star Trek/Star Trek TNG', 'Star trek tng', 'Star Trek Next Generation', 'Star Trek:The Next Generation']", Star Trek: The Next Generation.,0.8810420036315918,0,0,0
4854,"Answer the question concisely. Q: Who's the cat that won't cop out, when there's danger all about? A:","['Shaft', 'SHAFT', 'Shaft (disambiguation)', 'Shaft (band)', 'Shaft (film)']"," The cat that won't cop out, when there's danger all about, is the cat that has nine lives.",0.15404291450977325,1,1,1
4878,Answer the question concisely. Q: What country has slums known as favelas? A:,"['Brazil', 'Etymology of Brazil', 'Federal Republic of Brazil', 'Brasil', 'Barzil', 'Federative Republic of Brazil', 'Brazil (country)', 'Brassil', 'Republic of Brazil', 'Brésil', 'Brzil', 'Brazilian Federative Republic', 'Republica Federativa do Brasil', 'Bresil', 'Brazilian Republic', 'ISO 3166-1:BR', 'República Federativa do Brasil', 'Brazilo']", Brazil.,0.6157153248786926,0,0,0
4881,"Answer the question concisely. Q: ""What is the common translation for """"Carpe Diem""""?"" A:","['Seize the Day', 'Seize The Day', 'Seize the Day (disambiguation)', 'Seize the day']"," ""Seize the day.""",0.8751405477523804,0,0,0
4887,"Answer the question concisely. Q: ""What is the American name for the board game known in England as """"draughts""""?"" A:","['⛁', '⛀', '⛃', '⛂', 'Checkers', 'Draughts (game)', 'Draughts']"," ""Checkers.""",0.6447961330413818,0,0,0
4903,Answer the question concisely. Q: What pope resigned in 2013? A:,"['Pope Benedict XVI', 'Pope benedict xvi', 'Benedict the 16th', 'HH Pope Benedict XVI', 'PB16', 'Joe Ratzinger', 'Pope benedictus xvi', 'Joseph A. Ratzinger', 'Jospeh Ratzinger', 'Benedict 16', 'Papa Bento XVI', 'Benedict 16th', 'Pope Ratzinger', 'Benedikt xvi', 'Joseph Alois Ratzinger', 'His Holiness Pope Benedict XVI', 'Josef Ratzinger', 'Joseph Aloys Ratzinger', 'Pope Benidict XVI', 'Benoît 16', '265th pope', 'Josef Alois Ratzinger', 'Benoît XVI', 'Bxvi', 'Joseph Ratzinger', 'Joseph Raztinger', 'Pope Benedictus XVI', 'Bento XVI', 'Benedict XVI', 'Pope Benedict 16th', 'Joseph Aloisius Ratzinger', 'Papst Benedikt XVI', 'Pope benedict XVI', 'Benedikt XVI', 'Cardinal Joseph Alois Ratzinger', 'Benedict the Sixteenth', 'Papa Ratzi', 'Benedetto XVI', 'Cardinal Ratsinger', 'Porta Fidei', 'Benoit 16', 'Benedicto 16', 'Benedictus XVI', 'Pope Benedict 16', 'Benedetto 16', 'Benedict xvi', 'Relativism: The Central Problem for Faith Today', 'Benedito 16', 'Pope Benedict the 16th', 'Benedictus PP. XVI', 'Benedicto XVI', 'Joseph Cardinal Ratzinger', 'Benedito XVI', 'Benoit XVI', 'Benedikt XVI.', 'Benedict the sixteenth', 'Pontifex emeritus', 'Cardinal Joseph Ratzinger', 'Papst benedikt xvi', 'PopeBenedictXVI', 'Pope Emeritus Benedict XVI', 'Benedictus xvi', 'Cardinal Ratzinger', 'Benedictus 16', 'Benedict XVI of Rome']", Pope Benedict XVI.,0.8900467753410339,0,0,0
4911,Answer the question concisely. Q: What U.S. state borders four Great Lakes? A:,"['Demographics of Michigan', 'Politics of Michigan', 'MichigaN', 'Climate of Michigan', 'MI (state)', 'Twenty-sixth State', 'Michigan (state)', 'Michigan/Quick Trivia', 'Michigan', 'Michigan, United States', 'Water-Winter Wonderland', 'Transportation in Michigan', 'Twenty-Sixth State', 'Economy of Michigan', 'Micigan', 'The Great Lakes State', 'State of Michigan', 'The weather in Michigan', 'Michigan.gov', 'Michigan (U.S. state)', 'Míchigan', '26th State', 'Mitchigan', 'The Wolverine State', 'Wolverine State', 'US-MI', 'Transit in Michigan', 'Mich.', 'Transport in Michigan', 'Religion in Michigan', 'Michigan economy', 'Education in Michigan', 'Michigan quick trivia']", Michigan.,0.5824509263038635,0,0,0
4928,Answer the question concisely. Q: Who famously had children with both Julius Caesar and Mark Antony? A:,"['Kleopatra', 'Queen Cleopatra VII of Egypt', 'Kleopatra VII', 'Kiuopatrai', 'Cleopatra', 'Keeuopatrai', 'Cleopatra VII of Egypt', 'Cleopatra VII', 'Cleopatra VII Of Egypt', 'Queen Cleopatra VII', 'Queen Cleopatra', 'Cleopatra VII Philopator', 'Cleopatra VII Thea Philopator']", Cleopatra.,0.6831271052360535,0,0,0
4944,"Answer the question concisely. Q: French, Russian, and Thousand Island are types of what? A:","['Dressed', 'Dressings', 'Dressing', 'Dressing (disambiguation)']", Dressing.,0.749944269657135,0,0,0
4962,Answer the question concisely. Q: Who was the only female prime minister of the United Kingdom? A:,"['Baroness Margaret Thatcher', 'Lady Thatcher', 'Margret thatcher', 'The Baroness Thatcher', 'Margret Thatcher', 'The Lady Thatcher', 'Margaret Tatcher', 'Margaret Thatcher', 'Mrs T', 'Mrs Thatcher', 'Margaret Hilda Thatcher, Baroness Thatcher', 'Mrs. T', 'Baroness Thatcher of Kesteven', 'Margaret Thatcer', ""Margaret Thatcher's"", 'Mrs Finchley', 'Prime Minister Margaret Thatcher', 'Thatcherian', 'Margaret Thacher', 'Margaret Thatcher bibliography', 'Margaret Thatcher Day', 'M thatcher', 'Lady T', 'Maggie Thatcher', 'Margaret Hilda Thatcher', 'Milk snatcher', 'Baroness The Margaret Thatcher', 'Margaret Thatcher, Baroness Thatcher', 'Margaret Hilda Roberts Thatcher', 'Margeret Thatcher', 'Margareth Thatcher', 'Mrs Denis Thatcher', 'Margaret Hilda Roberts', 'Mrs. Thatcher', 'Milk Snatcher', 'Margaret Thatcher Library', 'Margaret thatcher', 'Baroness Thatcher', 'Margeret thatcher']", Margaret Thatcher.,0.8379682302474976,0,0,0
4967,Answer the question concisely. Q: What country dominated the East Indies spice trade in the 17th and 18th centuries? A:,"['NETHERLANDS', 'The netherland', 'Nederlandia', 'Climate of the Netherlands', 'Administrative divisions of the netherlands', 'The Netheralands', 'Nyderlandai', 'Northern Netherlands', 'Holland (country)', 'Administrative divisions of the Netherlands', 'The Netherlands', 'Netherlands', 'Pays-Bas', 'Netherlands, (Dut/Hol)', 'ISO 3166-1:NL', 'Olanda', 'Netherlands/HistoryTalk', 'Capitals of Holland', 'Neatherlands', 'The netherlands', 'Dutch inhabitants', 'Netherlands, The', 'European Netherlands', 'Subdivisions of the Netherlands', 'Mainland Netherlands', 'Metropolitan Netherlands', 'Nehterlands', 'Netherlands (European territory)']", The Dutch.,0.6771825551986694,0,1,1
4969,Answer the question concisely. Q: What movie takes place at Shermer High School's detention? A:,"['Carl Reed', 'The breakfast club', 'John Bender (movie character)', 'Fire in the Twilight', 'John Bender (character)', 'Claire Standish', 'Allison Reynolds', 'Shermer High School', 'The Breakfast Club (film)', 'The Breakfast Club', 'Breakfast Club', 'TheBreakfastClub', 'The Breakfast Club (1985 film)', 'The Breakfast Club (soundtrack)', 'Richard Vernon (character)']", The Breakfast Club.,0.8674026727676392,0,0,0
4974,Answer the question concisely. Q: What does a kleptomaniac do compulsively? A:,"['Steal (disambiguation)', 'Steal', 'Steals']", Steals a living.,0.3569188117980957,1,1,1
4984,"Answer the question concisely. Q: If ultimate means last, what word means second-to-last? A:","['Penult', 'Penultimate']", penultimate.,0.7859904170036316,0,0,0
4992,Answer the question concisely. Q: Canuck is a nickname for someone from what country? A:,"['Canada', 'Canadá', 'The Dominion of Canada', 'Commonwealth of Canada', 'Dominion of canada', 'ISO 3166-1:CA', 'Etymology of Canada', 'CANADA', 'Canadiophile', ""Canada's"", 'ᑲᓇᑕ', 'Canada/References', ""America's top hat"", 'Canada.', 'Cnada', 'Čanada', 'Canadian Federation', 'Kenadian', 'Canadialand', 'Xanada', 'Dominion of Canada', 'Canadaa']", Canada.,0.8310719728469849,0,0,0
4993,Answer the question concisely. Q: What make of car did Doc Brown turn into a time machine? A:,"['DeLorean', 'Delorean', 'Deloreans', 'De Lorean', 'De Loreans', 'Delorian', 'DeLorean (disambiguation)']", DeLorean.,0.8506659269332886,0,0,0
5013,"Answer the question concisely. Q: ""What U.S. state did Ray Charles have """"on his mind""""?"" A:","['Western Georgia', 'Georgia (song)', 'Georgia', 'Georgia (Disambiguation)', 'Georgia (film)', 'Georgia (State)', 'Geordia', 'Georgia (disambiguation)', 'Georgia (state)', 'Goergia']"," ""Georgia.""",0.7316983342170715,0,0,0
5021,"Answer the question concisely. Q: What city comes next in this sequence: Atlanta, Sydney, Athens, Beijing? A:","['London (UK)', 'Climate in London', 'London (England)', 'London England', 'Lodnon', 'Wongdon', 'Londyn', 'London', 'Climate of London', 'LONDON', 'London Britain', 'England London', 'London, Greater London', 'Capital of the UK', 'Londonshire', 'Climate of london', 'Capital of the United Kingdom', 'London UK', 'Londra', 'London (United Kingdom)', 'London,England', 'London, England, UK', 'United Kingdom/London', 'London (Great Britain)', 'Londonize', 'Capital of England', 'London, UK', 'The Metropolis', 'UN/LOCODE:GBLON', 'Londonise', ""London's"", 'London (Britain)', 'London, England', 'Lundúnir', 'London area', 'London, Great Britain', 'London-on-Thames', 'Southwest London', 'The metropolis', 'Londontown', 'London england', 'Weather in London', 'London, England, United Kingdom', 'Llundain', 'London, U.K.', 'London, england', 'London, United Kingdom', 'GBLON', 'London weather', 'London, Britain', 'Lundein', 'Lundunir']", Athens.,0.3296685218811035,1,1,1
5030,"Answer the question concisely. Q: ""What U.S. state is the """"Sooner State""""?"" A:","['Okla.', 'Oklahoma', 'Oklahoma, United States', 'Sooner State', 'Forty-Sixth State', 'Religion in Oklahoma', 'Culture of Oklahoma', '46th State', 'Oklahoma (U.S. state)', 'Oklahoma, USA', 'State of Oklahoma', 'List of Oklahoma State Symbols', 'Oaklahoma', 'Oklaholma', 'Transportation in Oklahoma', 'US-OK', 'Sports in Oklahoma', 'Okla', 'Oklahoman', 'Oclahoma', 'Education in Oklahoma', 'Energy in Oklahoma', 'Transport in Oklahoma', 'Forty-sixth State', 'Oklahoma (state)', 'The Sooner State']"," ""Oklahoma.""",0.7852147817611694,0,0,0
5059,Answer the question concisely. Q: What Pakistani river valley was home to one of the world's most advanced civilizations in 2000 BC? A:,"['Lion River', 'Sindhu', 'Indus Valley', 'حندو', 'सिन्धु', 'Abasin', 'Satnad River', 'Indus River', 'Sindhu River', 'Indus River Basin', 'Shindhu', 'Indus river', 'Yìndù', 'Father of Rivers', 'Abbasin', 'سندھ', 'Satnad', 'Abaseen', 'Indus basin', 'Indus River Valley', 'River Sindhu', 'Indus', 'سنڌو', 'River Indus', 'River Sindh', 'Indus valley', 'Abasyn', 'Riv. Indus', 'Indos', 'Ινδός', 'Sinthos', 'ّآباسن']", The Indus River Valley.,0.7107603549957275,0,0,0
5088,Answer the question concisely. Q: What city do The White Stripes and Kid Rock come from? A:,"['The 313', 'Detroit, Michigan', '2014 Southeastern Michigan flood', 'Detroit, Mich.', 'West Side Detroit', 'Detroit, Michigan, United States', 'The weather in Detroit', 'State of Detroit', 'Detroit automaker', 'St. Scholastica School, Detroit', 'Detroit, MI', 'Detroit, USA', 'Detroit, Michigan, U.S.', 'Detroit, Michigan, US', 'Demographics of Detroit', 'Detroit (MI)', 'Motor city', 'UN/LOCODE:USDET', 'Racial and Ethnic History of Detroit', 'Demographics of Detriot', 'Detroit, M.I.', 'Detroit, Michigan, USA', 'Race and ethnicity in Detroit', 'The Motor City', 'Motown, Michigan', 'The 3-1-3', 'Détroit, MI', 'Detroit, mi', ""Detroit's Effort in the Great War"", 'Detroit', 'Detroit, United States', 'Detroit, Michigan, U.S.A.', 'The motor city', 'Detroiters', 'Detroit Michigan', 'City of Detroit', 'City of Detroit, Michigan', 'Detroit City', 'Motor City', 'East Side Detroit', 'Detroit MI', 'Demographic profile of Detroit', 'Detroit (Mich.)', 'Detriot', 'Détroit, Michigan']", Detroit.,0.5638712644577026,0,0,0
5106,Answer the question concisely. Q: What type of creature is Pepé Le Pew? A:,"['Wood pussy', 'Mephitinae', 'Chingue', 'Skunk spray', 'Skunks', 'Mephitidae', 'Skunk']", A skunk.,0.6508278846740723,0,0,0
5131,"Answer the question concisely. Q: ""In the TV version of """"The Odd Couple"""", the part of Felix Ungar was played by Tony Randall. Which actor played the part in the original 1968 film?"" A:","['JACK LEMMON', 'Jack Lemmon', 'Jack lemmon', 'The Jack Lemmon Film Collection', 'Jack Lemon', 'John Uhler %22Jack%22 Lemmon III', 'John Uhler Lemmon III']", Jack Lemmon.,0.835816502571106,0,0,0
5137,Answer the question concisely. Q: On which Saint's Day in 1572 did a massacre of Huguenots take place? A:,"['Bar-talmay', 'Saint Bartholemew', 'St Bartholomew', ""St. Bartholomew's Day"", 'Bar-talmai', 'Saint Bartholomew the Apostle', 'Saint Bartholomew', 'Bartholomew the Apostle', 'Bar talmay', 'Bar talemai', 'Bartalemai', 'St. Bartholomew the Apostle', 'Nathanael Bartholomew', ""St. Bartholomew's day"", 'Bar talemay', 'Bartholomaios', 'San Bartolomeo apostolo', 'Bartholomew', ""St Bartholomew's Day"", 'Bartalemay', 'Bartholemew', 'Bar-talemay', 'Bar talmai', 'ST. BARTHOLOMEW', 'St. Bartholomew', 'Bar-talemai', 'Apostle Bartholomew', 'Bartalmai', 'Bartalmay', 'Bartholomew the apostle']", St. Bartholomew's Day.,0.8576298952102661,0,0,0
5167,"Answer the question concisely. Q: In terms of tonnage of cargo handled, which is the world's largest port? A:","['Rotterdam South', 'Rotterdam, South Holland', ""R'dam"", 'Historisch Museum Rotterdam', 'UN/LOCODE:NLRTM', 'Rotterdam, Holland', 'Roterdam', 'Rotterdam, Netherlands', 'Rotterdam', 'Rotterdam, Zuid Holland']", Singapore.,0.22473837435245514,1,1,1
5179,"Answer the question concisely. Q: In the nursery rhyme, who pulled pussy out of the well? A:",['Little Tommy Stout'], The cat.,0.02333548665046692,1,1,1
5192,"Answer the question concisely. Q: """"""The Sound of Music"""", in 1959, was the last Broadway musical of which famous duo?"" A:","['Rodgers & Hammerstein', 'Music Carousel', 'Rogers and Hammerstein', 'RODGERS and HAMMERSTEIN', 'Rodger And Hammerstein', 'Richard Rodgers and Oscar Hammerstein', 'Rogers and hammerstein', 'Rodgers and hammerstein', 'Rodgers and Hammerstein', 'Hammerstein and Rodgers', 'Richard Rodgers and Oscar Hammerstein II']", Rodgers and Hammerstein.,0.864432156085968,0,0,0
5195,Answer the question concisely. Q: The axilla is the anatomical name for which part of the body? A:,"['Underarm', 'Axillae', 'Underarms', 'Axilla', 'Arm pit', 'Armpits', 'Axillary region', 'Posterior axillary fold', 'Hairy Armpits', 'Armpit', 'Oxter', 'Anterior axillary fold']", The axilla is the anatomical name for the armpit. The axilla is the anatomical name for the armpit. The axilla is the anatomical name for the armpit. The axilla is the anatomical name for the armpit. The axilla is the anatomical name,0.7450748682022095,0,0,0
5196,Answer the question concisely. Q: Where are the headquarters of Interpol? A:,"['Lyon (France)', 'Lyon', 'Transport in Lyon', 'Lyons', 'The weather in Lyon', 'Lyon, France', 'Historic Site of Lyons', 'Lyons, France', 'City of Lyon', 'The weather in Lyons', 'Lyons, Archdiocese of', 'Musée des Tissus et des Arts décoratifs', 'Capital of gastronomy', 'UN/LOCODE:FRLIO', 'Lyons, FR', 'Lyonais']"," Lyon, France.",0.8683149814605713,0,0,0
5199,Answer the question concisely. Q: What is the name of Beethoven's only opera? A:,"['Leonore', 'Fidelio, Opus 72c (Beethoven)', 'Fidelio', 'Leonore Overture No. 1', 'Leonore Overture No. 3', 'Leonore Overture No. 2', 'Leonore No. 2', 'Leonore No. 3', 'Leonore No. 1', 'Leonore III', 'Leonore I', 'Leonora Overtures', 'Leonore II']", Fidelio.,0.8220379948616028,0,0,0
5204,Answer the question concisely. Q: A merrythought is one of the popular names for which part of a bird? A:,"['Wish bones', 'Wishbone (disambiguation)', 'Wishbone', 'Wish Bone (disambiguation)', 'WISHBONE', 'Wish-bone', 'Wishbones', 'Wish bone']", A merrythought is one of the popular names for a wishbone.,0.2959100008010864,1,0,0
5210,Answer the question concisely. Q: Which English clergyman/chemist discovered oxygen? A:,"['Priestley, Joseph', 'Joseph priestley', 'Joseph Priestly', 'Joseph Priestly (1733 - 1804)', 'J. Priestley', 'J Priestley', 'A Lover of the Gospel', 'Joseph Priestley', 'Joseph Preistley', 'A Lover of Peace and Truth']", Joseph Priestley.,0.8260027766227722,0,0,0
5223,Answer the question concisely. Q: Who was Poet Laureate from 1850 to 1892? A:,"['A. tennyson', 'Baron Alfred Tennyson', 'Tennyson (poet)', 'Alfred Tennyson, Lord Tennyson', 'Tennyson, Alfred, 1st Lord', 'Alfred Tennyson Tennyson', 'Alfred Lord Tennison', 'Tennyson', 'A Tennyson', 'Lord Tennyson', 'Tennysonian', 'Alfred Tennyson, 1st Baron Tennyson', 'Alfred, Lord Tennyson', 'Alfred Tennyson', 'Lord Tennyson Alfred', 'Alfred Lord Tennyson', 'Lord Alfred Tennyson']", Henry Wadsworth Longfellow.,0.2644736170768738,1,1,1
5241,"Answer the question concisely. Q: ""Which English comedian had a minor hit in 1958 with his cover version of the Bobby Darin song, """"Splish Splash""""?"" A:","['CHARLIE DRAKE', 'Charles Springall', 'Charlie Drake', 'Mick and Montmorency', 'Charles Edward Springall']"," ""Tommy Steele.""",0.3073852062225342,1,1,1
5255,Answer the question concisely. Q: Which nineteenth century artist had the Christian names John Everett? A:,"['Millais (disambiguation)', 'MILLAIS', 'Millais']", John Everett Millais.,0.3855385184288025,1,0,0
5261,"Answer the question concisely. Q: ""Who wrote the TV series """"Pennies From Heaven"""", and """"The Singing Detective""""?"" A:","['Dennis C. G. Potter', 'Dennis Christopher George Potter', 'Dennis Potter', 'Denis Potter', 'DENNIS POTTER']"," ""The TV series """"Pennies From Heaven"""" and """"The Singing Detective"""" were written by Dennis Potter.""",0.33162882924079895,1,0,0
5280,Answer the question concisely. Q: Which year saw the assassination of US President James Garfield? A:,"['one thousand, eight hundred and eighty-one', '1881']", 1881.,0.6594046950340271,0,0,0
5284,Answer the question concisely. Q: Which actress was a Coronation Street regular and also appeared in the film 'Carry on Cleo'? A:,"['Shirley Anne Broadbent', 'Amanda Broadbent', 'Amanda Barry', 'Shirley Broadbent', 'Amanda Barrie']", Liz Fraser.,0.19941852986812592,1,1,1
5289,Answer the question concisely. Q: What is the name of George Galloway's political party? A:,"['Respection', 'Respecting', 'Reſpect', 'Disrespect', 'Respect', 'Respectability']", The Respect Party.,0.36277705430984497,1,1,1
5290,Answer the question concisely. Q: Which comic strip character was created in the early fifties by the Southport artist Frank Hampson? A:,"['DAN DARE', 'Dan Dare', 'Jocelyn Peabody']"," Dan Dare, Pilot of the Future.",0.41364675760269165,1,0,0
5296,Answer the question concisely. Q: Which South American country's flag has nine alternating horizontal bands of blue and white with a gold sun in a white canton? A:,"['Cruzada Libertadora', 'Uraguay', 'Uruguayan', 'Uruguay', 'Health care in Uruguay', 'Uruguayo', 'Urú', 'Republic East of the Uruguay', 'Eastern Republic of the Uruguay', 'República Oriental del Uruguay', 'ISO 3166-1:UY', 'Etymology of Uruguay', 'Eastern Republic of Uruguay', 'Uruguai', 'Uruguayan (disambiguation)', 'Uruguay (country)', 'Oriental Republic of Uruguay', 'Name of Uruguay', 'Health in Uruguay', 'Media of Uruguay']", Ecuador.,0.2468251734972,1,1,1
5310,Answer the question concisely. Q: What is the derived SI unit of pressure? A:,"['PASCAL', 'Pascal', ""Pascal's"", 'Pascal (disambiguation)']"," The derived SI unit of pressure is the pascal (Pa). The pascal is defined as one newton per square meter (N/m2). It is named after the French mathematician and physicist Blaise Pascal. The pascal is a small unit of pressure, and it is often used in scientific and engineering applications",0.3463474214076996,1,0,0
5330,Answer the question concisely. Q: What is the alcoholic ingredient of a Screwdriver cocktail? A:,"['Blackcurrant vodka', 'Vodka', 'Vokda', 'Filtering vodka', 'Balkan 176deg', 'Wodka', 'Russian vodka', 'Balkan 176°', 'Wodka (disambiguation)', 'Vodak', 'Vodka and Coke', 'Водка']", Vodka.,0.849016547203064,0,0,0
5331,Answer the question concisely. Q: As what are the islands previously known as the Danish West Indies now known? A:,"['U.S. Virgin Islander', 'U.S Virgin Islands', 'Education in the United States Virgin Islands', 'Virgin Islands of the USA', 'Virgin Island of the U.S.', 'The Virgin Islands of the U.S.', 'Virgin Island of the United States of America', 'US-VI', 'Virgin Islands of the U.S.A.', 'ISO 3166-1:VI', 'The United States Virgin Islands', 'The Virgin Islands of the United States', 'Virgin Islands (US)', 'USA Virgin Island', 'Virgin Island of the U. S.', 'Virgin Islands of the United States', 'U S Virgin Island', 'Military of the U.S. Virgin Islands', 'US Virgin Islands', 'The U. S. Virgin Islands', 'Virgin Island of the U.S.A.', 'Us virgin island', 'The Virgin Islands of the U.S.A.', 'Languages of the United States Virgin Islands', 'The US Virgin Islands', 'United States of America Virgin Islands', 'American Virgin Islands', 'U.S.V.I.', 'USA Virgin Islands', 'USVI', 'Virgin Islands of the U S', 'U S Virgin Islands', 'The U.S.A. Virgin Islands', 'Virgin Islands of the US', 'Virgin Island of the U S', 'Us virgin islands', 'The Virgin Islands of the USA', 'Virgin Island of the USA', 'US virgin island', 'The USA Virgin Islands', 'The Virgin Islands of the US', 'Virgin Islands of the United States of America', 'Virgin Islands, United States', 'Territory of the Virgin Islands of the United States', 'U.S.A. Virgin Island', 'United States Virgin Islands', 'Virgin Islands of the U.S.', 'The U S Virgin Islands', 'United States of America Virgin Island', 'U. S. Virgin Islands', 'U.S. Virgin Islands/Military', 'US. Virgin Islands', 'U.S. Virgin Islands', 'Virgin Islands, U.S.', 'The United States of America Virgin Islands', 'United States Virgin Island', 'U.S. Virgin Islands/History', 'The Virgin Islands of the U. S.', 'U.S. Virgin Island', 'Virgin Island of the US', 'U.S.A. Virgin Islands', 'Virgin Island of the United States', 'U.S. Virgin Islands (U.S. state)', 'The Virgin Islands of the United States of America', 'Virgin Islands (USA)', 'U. S. Virgin Island', 'The Virgin Islands of the U S', 'Territory of the United States Virgin Islands', 'The U.S. Virgin Islands', 'Virgin Islands of the U. S.']", The U.S. Virgin Islands.,0.8785364627838135,0,0,0
5345,"Answer the question concisely. Q: In which country is the Sierra Madre mountain range, with its highest peak at Cerro Mohinora? A:","['Mexican Republic', 'MEXICO', 'Estados Unidos de México', 'Sierra de la Estrella', 'Mexico (country)', 'Mexicó', 'The United Mexican States', 'Estados Unidos de Mexico', 'Central Mexico', 'ISO 3166-1:MX', 'Mexiko', 'Méjico', 'Mexique', 'Mexican United States', ""Mexican'"", 'The United State of Mexico', 'Mountains of Mexico', 'Old Mexico', 'United states of mexico', 'EUM', 'Messico', 'Mejico', 'The United States of Mexicans', 'Untied Mexican States', 'México', 'Etymology of Mexico', 'Meixcan', 'Estados Unidos Mexicanos', 'Mexic', 'Mexxico', 'Mexican Union', 'The United States of Mexico', 'United State of Mexico', 'Mexico', 'Republic of Mexico', 'Mexican Federal Republic', 'United Mexican States', 'Mexican coast', 'Mehico', 'United States of Mexicans', 'United States of Mexico']", Mexico.,0.609946072101593,0,0,0
5368,"Answer the question concisely. Q: When introduced into Britain in 1752, what caused a riot over eleven lost days? A:","['Gregoran calendar', 'Gregorian Calendar', 'GREGORIAN CALENDAR', 'Gregorian date', 'Gregorian Date', 'Gregorian era', 'Gregorian Calender', 'Gregorian month', 'Christian calendar', 'Common calendar', 'Catholic calendar', 'Gregorian calender', 'Implementation of the Gregorian calendar', 'Gregorian calendar', 'Christian Calendar', 'Gregorean calendar', 'Gregorian reform of the calendar', 'Western calendar', 'International calendar', 'Gregorian Christian calendar']", The Gregorian calendar.,0.712975800037384,0,0,0
5373,Answer the question concisely. Q: What was said to have been guarded by the Fisher King? A:,"['Sangrael', 'Grail legend', 'The Holy Glair', 'Grail mythos', 'Sangraal', 'Quest for the Holy Grail', 'The Holy Grail', 'Grail Quest', 'Holy Grail', 'Grail Myth', 'Queste du Graal', 'Sangreal', 'The Quest of the Holy Grail', 'Sangrail', 'Grail', 'Holy grail', 'Holy Graal', 'San Greal', 'Grail myth', 'Holy Grail Quest']", The Holy Grail.,0.8921627998352051,0,0,0
5384,"Answer the question concisely. Q: In the Bible, who was put to death, because King Ahab coveted his vineyard? A:","[""Naboth's vineyard"", 'Naboth', 'NABOTH', ""Naboth's Vineyard""]", Naboth.,0.8537331819534302,0,0,0
5405,Answer the question concisely. Q: Judge Jeffreys presided over the trials of 1685 following which rebellion? A:,"['Monmouth, Wales', 'MONMOUTH', 'Trefynwy', 'Monmouth']", Judge Jeffreys presided over the trials of 1685 following which rebellion? Answer: The Monmouth Rebellion.,0.1708221733570099,1,1,1
5407,Answer the question concisely. Q: What is the screen name of the actor Bernard Schwarz? A:,"['Bernard Schwartz (actor)', 'Tony Curtis', 'Tony Curtiss']", Bernard Schwarz is the screen name of the actor Bernard Schwarz.,0.3057706356048584,1,0,1
5409,Answer the question concisely. Q: Musca domestica is the scientific name for what? A:,"['Fly', 'Flies', 'Dipterology', 'Dipterous', 'Dipteran', 'Fly (zoology)', 'Fly (insect)', 'True fly', 'True flies', 'Fly (Insect)', 'Fly (animal)', 'Dipterist', 'Diptera', 'Dipterans']", The house fly.,0.3028610348701477,1,1,1
5410,Answer the question concisely. Q: Which of Dickens' novels contains the characters Mr Pecksniff and Mrs Gamp? A:,"['Life and Adventures of Martin Chuzzlewit', 'Seth pecksniff', 'Jefferson Brick', 'Mark Tapley', 'Chuzzlewit', 'Mr. Pecksniff', 'Martin Chuzzlewit', 'Mrs. Gamp', 'Sairey Gamp', 'The Life and Adventures of Martin Chuzzlewit', 'Seth Pecksniff', 'Martin Chuzzlewitt', 'Martin Chezzlewit']", Martin Chuzzlewit.,0.8773937821388245,0,0,0
5424,"Answer the question concisely. Q: Opened in 1637, in which city was the first public opera house? A:","['Sestiere (Venice)', 'Venice', 'Venedig', 'Districts of Venice', 'Venesia', 'Venice, Italy', 'Venice subsidence', 'Venices', 'Venezia', 'Venice (Italy)', 'UN/LOCODE:ITVCE', 'The weather in Venice', 'Vinegia']", The Teatro San Cassiano in Venice.,0.3403239846229553,1,1,0
5432,Answer the question concisely. Q: The Nag's Head was the local pub in which TV comedy series? A:,"['Sunglasses Ron', 'Lovely jubly', 'Only Fools and Horses', ""Voted Britain's Best Sitcom"", 'Only Fools and Horses...', 'Only Fools', 'Yernly Fyerls and Nesbits', 'Only Fools & Horses', 'Trotters International Traders Plc', 'Once upon a time in peckham', 'OF&H', 'Nelson Mandella House', 'Paddy The Greek', 'Only Fools And Horses', 'Trotters Independent Traders', 'Only fools and horses', 'ONLY FOOLS AND HORSES', 'George Trotter', 'Peckham Echo']", The Good Life.,0.1327572762966156,1,1,1
5434,"Answer the question concisely. Q: ""To what was Wordsworth referring when he wrote, """"Shall I call thee bird, or but a wandering voice?"" A:","['THE CUCKOO', 'Kukushka', 'The Cuckoo (disambiguation)', 'The Cuckoo', 'Cuckoo (movie)', 'The cuckoo']"," ""The nightingale.""",0.279657781124115,1,1,1
5454,Answer the question concisely. Q: Which Manchester born physicist won the Nobel Prize for Physics in 1906 and is regarded as the founder of modern atomic physics? A:,"['J.J Thomson', 'Joseph J. Thompson', 'J.J. thomson', 'Joseph James Thompson', 'Joseph John Thompson', 'Sir Joseph John Thomson, OM, FRS', 'Jj thomson', 'JJ Thompson', 'J.J. Thompson', 'J. J. Thompson', 'Thomson Experiment', 'Joseph John %22J. J.%22 Thomson', 'J.J. Homson', 'J J Thomson', 'Jjthomson', 'J. J. Thompson (physicist)', 'Fruitcake model', 'Joseph J. Thomson', 'Joseph James Thomson', 'Thomson experiment', 'JJ Thomson', 'J.J Thompson', 'J. J. Thomson (physicist)', 'Sir Joseph John %22J. J.%22 Thomson, OM, FRS', 'Sir Joseph J. Thomson', 'J.J. Thomson', 'J. J. Thomson', 'J J Thompson', 'JJ thomson', 'Sir Joseph John Thomson', 'Joseph John Thomsom', 'Joseph John Thomson']", Ernest Rutherford.,0.34459465742111206,1,1,1
5465,"Answer the question concisely. Q: Which group recorded the albums called 'Raintown', 'Fellow Hoodlums' and 'Homesick'? A:",['Deacon Blue'], The group was called 'The Raintown Boys'.,0.171582892537117,1,1,1
5468,Answer the question concisely. Q: What was the actor Richard Burton's real surname? A:,"['Jenkins', 'Jenkins (disambiguation)']", Jenkins.,0.6415886878967285,0,0,0
5473,Answer the question concisely. Q: Which author's second husband was archaeologist Max Mallowan? A:,"['Christie Estate', 'Agatha Christie DBE', 'Agatha cristie', ""Agatha Christie's"", 'Dame Agatha Mary Clarissa Christie', 'AGATHA CHRISTIE', 'Agatha Mary Clarissa', 'Agatha Mary Clarissa, Lady Mallowan, DBE (nee Miller)', 'Christie estate', 'Agatha Christy', 'Dame Agatha Christie', 'Christie, Agatha', 'Mary Westmacott', 'Agatha Mary Clarissa Christie', ""Tropes in Agatha Christie's novels"", 'Agatha Mary Clarissa, Lady Mallowan', 'Christie, Dame Agatha Mary Clarissa', 'Dame Agatha Mary Clarissa Miller, Lady Mallowan, DBE', ""Plot devices in Agatha Christie's novels"", 'Lady Mallowan', 'Agatha Christie Ltd.', 'Dame Agatha Mary Clarissa, Lady Mallowan, DBE', 'Agasta Christie', 'Agatha Clarissa', 'Agatha Mary Clarissa, Dame Christie', 'Agatha Christie', 'Lady Agatha Mallowan', 'Agathe Christie', 'Agartha Christie', 'Agatha Mallowan', 'Agatha mary', 'Agathe Christi', 'Agatha Christie, DBE', 'Agatha christie', 'Agatha Mary Clarissa, Lady Mallowan, DBE', 'Agatha Miller', 'Agatha Mary Clarissa Miller']", Agatha Christie.,0.8396274447441101,0,0,0
5480,Answer the question concisely. Q: What name is now given to the regime in Germany between 1919 and 1933? A:,"['Weimar rep', 'Weimer republic', 'Weimar government', 'Wiemar Republic', 'Agressive leaders in Germany and japan', 'Weimar Democracy', 'The Weimar Republic', 'Weimar Era', 'Weimar regime', 'Weimar parliament', 'Weimer Republic', 'Wiemar republic', 'German Reich (1919–1933)', 'Birth of weimar republic', 'Weiman republic', 'Weimar period', 'Weimar Establishment', 'List of Weimer states', 'November Republic', 'Weimsr republic', 'Weimar republic', 'Weimarer Republik', 'The Great Depression in Germany', 'Weimar Germany', 'Republic of Weimar', 'Weimar Republic', 'Weimar era']", Weimar Republic.,0.8495578765869141,0,0,0
5510,"Answer the question concisely. Q: ""What is the setting for the 1942 painting, """"Nighthawks"""" by American artist, Edward Hopper?"" A:","['The Diner', 'Dinner/Archive 1', 'Het Diner', 'Dinner', 'A DINER']"," ""The setting for the 1942 painting, """"Nighthawks"""" by American artist, Edward Hopper, is a diner in a city at night.""",0.18610051274299622,1,0,0
5540,Answer the question concisely. Q: Which South American capital was founded on the banks of the Rio Mapocho by Pedro de Valdivia in 1541? A:,"['Greater Santiago', 'Santiago Metropolitan Area', 'Santiago', 'Stgo', 'Greater Santiago, Chile', 'Stgo.', 'Battle of Santiago de Chile (1541)', 'Santiago de Nueva Extremadura', 'Santiago de chile', 'Santiago (Chile)', 'Santiago Chile', 'UN/LOCODE:CLSCL', 'Capital of Chile', 'Santiago del Nuevo Extremo', 'Santiago Centro', 'Santiago, Chile', 'Santiago (province)', 'SANTIAGO', 'Santiago of Chile', 'Santiago de Chile', 'Gran Santiago']", Santiago.,0.684622585773468,0,0,0
5559,Answer the question concisely. Q: Who was the first husband of Catherine of Aragon? A:,"['Prince Arthur (disambiguation)', 'Prince Arthur']"," Arthur, Prince of Wales.",0.5270678997039795,0,0,1
5572,Answer the question concisely. Q: Which Alpine peak is known in Italy as Monte Cervino? A:,"['Monte Cervino', 'Hörnli Ridge', 'Materhorn', 'Matahorn', 'Mattahorn', 'Cervin', 'Mont Cervin', 'The Matterhorn', 'Matterhorn']", The Matterhorn.,0.8592433929443359,0,0,0
5573,Answer the question concisely. Q: What type of animal is a corvid? A:,"['Avians', 'Avialan', 'Chick guard stage', 'Bird breeding', 'Flying Bird', 'Nestling', 'Baby birds', 'Avafauna', 'Aves', 'Bird', 'Avialians', '🐣', 'Living sauropods', '🐥', '🐤', 'Roosting', 'Pet bird', 'Aviala', 'Nestlings', 'Avialian', 'Ornithes', 'Avifauna', 'Living sauropods in Africa', 'Living dinosaurs in Oceania', 'Neornithes', 'Roost site', 'Neornithine', 'Avian proteins', 'Surviving Dinosaurs', 'Birds mating', 'Avian reproduction', 'Modern bird', 'Birds', 'Bird reproduction', 'Ornis', 'Living dinosaurs in Australasia', 'Avian dinosaur', '🐦', 'Modern birds', 'Class aves', 'Modern Dinosaurs', 'Birdness', 'Chick (bird)']", A corvid is a bird.,0.36474400758743286,1,0,0
5598,Answer the question concisely. Q: Whose first solo UK number 1 single was I Only Have Eyes for You in September 1975? A:,"['Arthur Garfunkel', 'Garfunckel', 'Art Garfunkle', 'Garfunkl', 'Tom Graph', 'Garfunckle', 'Art garfunkel', 'Art garfunkle', 'Art Garfunkel']", Art Garfunkel.,0.862015426158905,0,0,0
5610,"Answer the question concisely. Q: In the name of the mountain K2, for what does the K stand? A:","['Karokoram', 'Karakoram Mountain Range', 'Karakoram range', 'Karakoram Range', 'Karakorum Mountain', 'Karakoram', 'Karakorum Range', 'Karakoram Mts.', 'Karakoram Mountain', 'KARAKORAM', 'Karakoram Mountains', 'Karakorum Mountain Range', 'Karakorums', 'Karakorum mountain range', 'Karakorum Mountains', 'Karakoram mountain range']", Karakoram.,0.8895635604858398,0,0,0
5612,"Answer the question concisely. Q: In 2009, who became the first woman to have sailed solo and non-stop, both ways around the world in her boat 'Aviva'? A:","['Denise Caffari', 'DEE CAFFARI', 'Dee Caffari']", Ellen Mac,0.16557571291923523,1,1,1
5615,Answer the question concisely. Q: 'Travellers Joy' and 'Old Man's Beard' are alternative names for which plant? A:,"['CLEMATIS', 'The Clematis']", Clematis.,0.7193135619163513,0,0,0
5628,Answer the question concisely. Q: The remains of which ancient city were discovered by Heinrich Schliemann in the 1870s? A:,"['Trojan people', 'Troía', 'Truva', 'Troy Ilium', 'Iliam', 'Troie', 'Teukroi', 'Ilios', 'Troy', 'City of Troy', 'Troy (mythology)', 'TROY', 'Wilusha', 'Archaeological Site of Troy', 'Ancient Troya National Park', 'Troy (Extinct city)', 'People of Troy', 'Classical troy', 'Homeric troy', 'Troy (Asia Minor)']", Troy.,0.662174642086029,0,0,0
5653,Answer the question concisely. Q: Who is the patron saint of dancers? A:,"['St Vitus', 'Saint Guy', 'Vitus (saint)', 'Sts. Vitus, Modestus, and Crescentia', 'St. Vito', 'Vitus', 'Modestus, Vitus, and Crescentia', 'Crescentia, Modestus, and Vitus, Saints', 'Vitus, Modestus and Crescentia', 'Monastery of St. Vito', 'Saint Vito', 'St. Vitus', 'S Vito', 'Saint Crescentia', 'Modestus, Vitus, and Crescentia, Saints', 'Crescentia, Modestus, and Vitus', 'Vít', 'Saint Vitus Day', 'Vitus, Modestus, and Crescentia', 'S. Vito', 'Saint Vitus']", St. Vitus.,0.87965989112854,0,0,0
5662,Answer the question concisely. Q: Which car company produces the Meriva model? A:,"['Renault Trafic Passenger', 'Opel/Vauxhall Vivaro', 'Chevrolet Trafic', 'Vauxhall vivaro', 'Renault Trafic', 'Opel/Vauxhall Vivaro Tour', 'VAUXHALL', 'General Motors Vivaro', 'Nissan Primastar', 'The Vauxhall', 'Vauxhall Vivaro', 'Opel Vivaro', 'Vauxhall Arena', 'Opel Arena']", Opel.,0.2918565273284912,1,0,0
5669,Answer the question concisely. Q: Charles Lindbergh died in 1974. Where was he buried? A:,"['Haiwii', 'The State of Hawaii', 'Mokuʻāina o Hawaiʻi', 'Mokuʻa-ina o Hawaiʻi', 'Demographics of Hawaii', 'Hawaiian culture', ""Hawai'i Resident"", 'Economy of Hawaii', 'Hawaii, United States', 'Haiwaii', 'US-HI', 'Owhyhee', 'Transport in Hawaii', 'Hawii', 'Hawaii, USA', '50th State', 'Hawai’i', ""Hawai'i"", 'Haway', 'Hawai%60i', 'Hawaii (U.S. state)', 'State of Hawaiʻi', 'Hawái', 'Languages of Hawaii', 'Hawaï', 'Demographics of Hawaiʻi', 'State of Hawai%60i', 'Hawwaii', 'Hawai‘i', 'Moku%60aina o Hawai%60i', 'U.S. (HI)', 'Hawaií', 'The Aloha State', 'Hawaii', 'Culture of Hawaii', 'Geography of Hawaii', ""Hawai'i State"", 'State of Hawaii', 'Health in Hawaii', 'Religion in Hawaii', 'ハワイ', 'Hawaiʻi', 'Hawaii Resident', 'Moku%60a-ina o Hawai%60i', 'Howaii', 'Fiftieth State', 'Hawaii (state)', 'Aloha State', 'Education in Hawaii', ""State of Hawai'i""]"," He was buried in Kipahulu, Hawaii.",0.3833847641944885,1,0,0
5676,Answer the question concisely. Q: The Kina is the monetary unit of which Oceania country? A:,"['ISO 3166-1:PG', 'Papua Niu Gini', 'New Guinea Papua', 'Independent State of Papua New Guinea', 'Health in Papua New Guinea', 'Papa New Guinea', 'Papouasie-Nouvelle-Guinee', 'Papua-New-Guinea', 'Independen Stet bilong Papua Niugini', 'Papua New Guinea', 'Papua-new guinea', 'State of Papua New Guinea', 'Papua Niugini', 'Niugini', 'Papa New Guinans', 'Environment of Papua New Guinea', 'PapuaNewGuineA', 'Papua New Guinean', 'Papau New Guinea', 'Papa new guinea', 'Niu Gini', 'Paupa New Guinea', 'East Papua', 'Pappa New Guinans', 'Pua pua new guniea', 'Papua, New Guinea', 'Pappa New Guinea', 'The Papua New Guinea', 'Papua new guinea', 'Papua-New Guinea', 'Papua New-Guinea', 'Papua NG']", Papua New Guinea.,0.8659772872924805,0,0,0
5682,Answer the question concisely. Q: Who played Claude Greengrass in 'Heartbeat'? A:,"['Walter Frederick George Williams', 'Bill Maynard', 'BILL MAYNARD']", Jason Flemyng.,0.17327475547790527,1,1,1
5688,Answer the question concisely. Q: Whose hit 'I Will Survive' became an anthem for Women's' Lib? A:,"['I Will Survive (album)', 'Gloria Gaynor', 'All The Hits Remixed (Gloria Gaynor Album)', 'All the Hits Remixed', 'All the hits remixed', 'GLORIA GAYNOR', 'Gloria Fowles', 'I Will Survive (Gloria Gaynor album)', 'I Will Survive (Gloria Gaynor Album)']", Gloria Gaynor.,0.891252338886261,0,0,0
5711,Answer the question concisely. Q: Which is the highest prime number less than 100? A:,"['ninety-seven', '97']", 97.,0.5914417505264282,0,0,0
5716,"Answer the question concisely. Q: ""Which Welsh actor portrays David Frost in the 2008 film, """"Frost/Nixon""""?"" A:","['Michael sheene', 'Michael Sheen', 'MICHAEL SHEEN', 'Micheal Sheen']"," ""Michael Sheen.""",0.8062335252761841,0,0,0
5727,Answer the question concisely. Q: The name of which Chinese dish translates as 'bits and pieces'? A:,"['Tjap tjoy', 'Zasui', 'Zásùi', 'Chop suey sandwich', 'Tsa-sui', 'Zasuei', 'Chop Suey', 'Chop suey']", Hot pot.,0.40429019927978516,1,1,1
5733,Answer the question concisely. Q: From which continent does the world's smallest bear the Sun Bear originate? A:,"['South-Eastern Asia', 'Southeast Asian frog', 'Southeast-Asia', 'Southeast asia', '(SOUTH EAST) ASIA', 'Southeast Asia amphibians', 'Culture of Southeast Asia', 'South East Asia', 'Asia, Southeastern', 'Southeast Asia frog', 'Amphibians of Southeast Asia', 'South-eastern Asia', 'South-East-Asia', 'South East Asian', 'South-East Asian', 'Southeast Asia amphibian', 'South-East Asia', 'South Eastern Asia', 'SE Asia', 'Amphibians in Southeast Asia', 'Southeast Asians', 'Frogs in Southeast Asia', 'List of countries in Southeastern Asia', 'Frog of Southeast Asia', 'Southeast Asian', 'SouthEast Asia', 'Southeast Asian amphibian', 'Southeast Asian frogs', 'Southeast Asian amphibians', 'Frog in Southeast Asia', 'Southeastern Asia', 'South-east asia', 'SEAsia', 'Demographics of Southeast Asia', 'South-east Asian', 'Southeast Asia', 'Souteast asia', 'South east Asia', 'List of countries in Southeast Asia', 'South-east Asia', 'Frogs of Southeast Asia', 'Southeast Asia frogs']", Asia.,0.5048713684082031,0,0,0
5734,Answer the question concisely. Q: What is the medical name for the breastbone? A:,"['STERNUM', 'Manubrium of sternum', 'Sternal', 'Human breastbone', 'Ossification of sternum', 'Manubrium', 'Sternebrae', 'Sternebra', 'Body of the sternum', 'Human sternum', 'Sternums', 'Sternum', 'Body of sternum', 'Manubrium sterni', 'Breastbones', 'Corpus sterni', 'Human breast bone', 'Sternal plates', 'Breast bones', 'Manubrium of Sternum', 'Breastbone', 'Breast bone', 'Sternal line']"," The medical name for the breastbone is the sternum. The sternum is a long, flat bone that runs down the center of the chest. It is connected to the ribs on either side and helps to protect the heart and lungs. The sternum is also the site of many medical procedures, such as chest tube",0.3129987120628357,1,0,0
5742,"Answer the question concisely. Q: """"""A Whiter Shade of Pale"""" was the 1967 debut single for which successful British band?"" A:","['Procol harum', 'Procol Harum', 'Procul Harem', 'Purple Harum', 'Ray Royer', 'PROCUL HARUM', 'Procol Harem', 'Mick grabham', 'Procul Harum', 'Mick Grabham', 'Liquorice John Death']", Procol Har,0.7454625964164734,0,1,0
5772,Answer the question concisely. Q: Lutra lutra is the Latin name of which British mammal? A:,"['Lutrinae', 'Otters', 'Lutrine', 'Otters in popular culture', 'Otter']", The otter.,0.1105385571718216,1,0,0
5773,Answer the question concisely. Q: Which was the first group to have a number one hit in the USA for Motown Records? A:,"['Juanita Cowart', 'The Marvellettes', 'The Marvelettes', 'Ann Bogan', 'Marvelettes', 'Marvellettes', 'Georgia Dobbins']", The Supremes.,0.2752547562122345,1,1,1
5784,Answer the question concisely. Q: Where in the human body might you develop Meibomian cysts? A:,"['Eyelid diseases', 'Chinese eyelid tape', 'Posterior surface of eyelid', 'Anterior surface of eyelid', 'Eyelid enhancement', 'Human eyelid', 'Eye lid', 'Palpebral', 'Superior eyelid', 'Palpebrae', 'Inferior eyelids', 'Upper eyelid', 'THE EYELID', 'Lid margin', 'Lower eyelid', 'Eyelids', 'Palpebra', 'Palpebræ', 'Eye-lid margin', 'Eyelid disease', 'Eyelid margin', 'Superior palpebrae', 'Eyelid', 'Double eyelid', 'Inferior eyelid']", Meibomian cysts are most commonly found in the eyelids.,0.32221996784210205,1,0,0
5787,"Answer the question concisely. Q: Fleurie, Morgon and Brouilly are wines from which French wine region? A:","['Julienas wine', 'Beaujalois (wine region)', 'St-Amour wine', 'Beaujolaises', 'Morgon (AOC)', 'Chénas AOC', 'Beaujolais AOC', 'Beaujolais (wine)', 'Chiroubles AOC', 'Régnié', 'Beaujolais-Villages (wine)', 'Beaujolais crus', 'Juliénas AOC', 'St. Amour wine', 'Cru Beaujolais', 'Moulin a Vent', 'Moulin a Vent wine', 'Saint Amour AOC', 'St Amour AOC', 'Chenas AOC', 'Brouilly AOC', 'Moulin a vent AOC', 'Saint-Amour (vin)', 'Julienas AOC', 'Beaujolais-Villages AOC', 'Brouilly', 'Beaujolais wine', 'Moulin à Vent', 'Cote de Brouilly', 'Beaujolais', 'Morgon', 'BEAUJOLAIS', 'Vin du Beaujolais', 'Morgon AOC', 'Fleurie AOC', 'Beaujolais villages', 'Brouilly wine', 'Regnie wine', 'Julienas', 'Beaujolais-villages AOC', 'Beaujolais-villages', 'Fleurie wine', 'Côte de Brouilly AOC', 'Régnié AOC', 'Chenas wine', 'Cote de Brouilly AOC', 'Regnie AOC', 'Regnie', 'Cote de Brouilly wine', 'Moulin-à-Vent', 'Chiroubles wine', 'Moulin à vent AOC', 'Moulin à vent (AOC)', 'Beaujolais-Villages', 'Côte de Brouilly', 'Morgon wine', 'Saint-Amour wine', 'Moulin à Vent AOC']", Beaujolais.,0.8493319153785706,0,0,0
5793,Answer the question concisely. Q: Who played the female lead in the 1957 film 'An Affair To Remember'? A:,"['Deborah Kerr-Trimmer', 'Deborah Jane Kerr-Trimmer', 'Debbie Kerr', 'Deborah Jane Kerr', 'Deborah Kerr', 'Deborrah Kerr']", Deborah Kerr.,0.8550102710723877,0,0,0
5822,Answer the question concisely. Q: The seven sisters known as the 'Pleiades' were the daughters of which legendary figure? A:,"['Atlases', 'Atlas (cartography)', 'Atlas (geography)', 'The Atlases', 'Atlas', 'Atlas (book)', 'Atlas the book']", Atlas.,0.6358388662338257,0,0,0
5825,Answer the question concisely. Q: In which country was the 2010 football African Nations Cup held? A:,"['Angola', 'Angloa', 'Etymology of Angola', 'Republic of Angola', 'Sport in Angola', 'The Republic of Angola', 'ANGOLA', 'ISO 3166-1:AO']", Angola.,0.7340793013572693,0,0,0
5840,Answer the question concisely. Q: Who lead the enquiry into the Iraq war? A:,"['John Chilcot', 'Sir John Chilcot']", Sir John Chilcot.,0.8843182921409607,0,0,0
5871,Answer the question concisely. Q: In music how many crotchets make up a semibreve? A:,"['FOUR (New Zealand TV Channel)', 'FOUR (TV channel) NZ', 'Four (New Zealand TV Channel)', 'Four (New Zealand)', 'FOUR (New Zealand TV channel)', 'FOUR', 'Four (New Zealand TV channel)', 'FOURtv', 'Four (TV Channel) NZ', 'FOUR (New Zealand)']", 4.,0.06420654058456421,1,0,0
5874,Answer the question concisely. Q: For which minor sport do the USA and Europe compete annually for the Weber Cup? A:,"['Ten-Pin bowling', 'Ten-Pin Bowling', 'Tenpins', 'Ten Pin Bowling', '10 pin bowling', 'Ten pin bowling', 'Big Four (bowling)', 'Ten-pin', 'Perfect series', 'Tenpin bowling', 'Ten pin', 'Ten-pin bowling', 'TEN PIN BOWLING', 'List of Bowling terms', 'Bowling terms', 'Tenpin Bowling', '10-Pin Bowling']", Ten-pin bowling.,0.8591054677963257,0,0,0
5875,"Answer the question concisely. Q: Orange juice, galliano and which spirit are mixed together to make a Harvey Wallbanger cocktail? A:","['Eric Harris & Dylan Klebold', 'Harris and klebold', 'Rebldomakr', 'Eric David Harris and Dylan Bennett Klebold', 'VoDKa', 'Eric David Harris', 'Dylan Bennet Klebold', 'Harris and Klebold', 'Dylan Klebold', 'Trenchcoat mafia', 'Eric harris and dylan klebold', 'Rebdoomer', 'Eric Davis Harris and Dylan Bennet Klebold', 'Dylan Bennett Klebold', 'Reb & VoDKa', 'Klebold and Dylan', 'Klebold', 'VODKA', 'Trench Coat Maffia', 'Eric Harris and Dylan Klebold', 'Dylan Klebold and Eric Harris', 'Trench Coat Mafia', 'Eric David Harris and Dylan Bennet Klebold', 'Reb & vodka', 'Dylan and Klebold', 'Trenchcoat Mafia']"," Galliano, vodka and orange juice.",0.3634077310562134,1,1,1
5877,Answer the question concisely. Q: Jazzman Joe Venuti pioneered which instrument in jazz? A:,"['The Violin (film)', 'The Violin (disambiguation)', 'The Violin']", The violin.,0.7125586271286011,0,0,0
5888,"Answer the question concisely. Q: In 1926, Irish aristocrat Violet Gibson attempted but failed to assassinate which political leader? A:","['Moussolini', 'Mouselinni', 'Musilini', 'Benito Musilini', 'Benito Mussellini', 'Benito Muselini', 'Mussilini', 'Benito Musellini', 'Musollini', 'Benito Moosillini', 'Benito Moosilini', 'Mussolinian', 'Moosillini', 'Mussolinism', 'Mussellini', 'Benito Mussalini', 'Mussollini', 'Mouselini', 'Benito Mussollini', 'Benito Amilcare Andrea Mussolini', 'Musselini', 'Moosolini', 'Muselini', 'Mussalini', 'Benito Moosellini', 'Benito Mussilini', 'Benito Musselini', 'Benito Musollini', 'Benito Mussolini', 'Benito mussolini', 'Moosilini', 'Musillini', 'Mussloini', 'Moosellini', 'Benito Moosolini', 'Benito Mooselini', 'Benito Amilcare Mussolini', 'Moosollini', 'Mussillini', 'Benito Musolini', 'Benito Andrea Mussolini', 'Benito Musillini', 'Musellini', 'Benny Mussolini', 'Benito Mussillini', 'Mooselini', 'Benito Moosollini', 'Musolini', 'Mussolini, Benito', 'Mussolini', ""Benito Mussolini's religious beliefs""]", Benito Mussolini.,0.8541296720504761,0,0,0
5894,Answer the question concisely. Q: Who played Hotlips Houlihan in the 1972 film MASH? A:,"['Sally Kellerman', 'SALLY KELLERMAN']", Sally Kellerman.,0.8558081984519958,0,0,0
5904,Answer the question concisely. Q: In Ancient Greece what was a hoplite? A:,"['Militias', 'Militia system', 'A citizen-soldier', 'Citizen-soldier', 'Armed militia', 'Special Reserve (militia)', 'Defensive militia', 'Militia groups', 'Militiamen', ""Citizens' Militia"", 'Milita', 'Citizen Army', 'Militiaman', 'Militia', 'Vietnam Civil Defense Force', 'Citizen army']", A hoplite was a heavily armed foot soldier.,0.3178088665008545,1,1,1
5909,Answer the question concisely. Q: Cleeve Hill is the highest point in which range of English hills? A:,"['Cotteswold Hills', 'Cotswold Hills, England', 'Cotswold Hills (England)', 'Cotswolds AONB', 'Cotswolds', 'Cotswold stone', 'Cotswold', 'The Cotswolds', 'Cotswold Edge', 'Costwold', 'Cotswold Hills']", Cotswolds.,0.8475902080535889,0,0,0
5935,"Answer the question concisely. Q: ""Which American writer chronicled the lives of the Glass family in works such as """"Franny and Zooey"""", and """"Raise the Roofbeam, Carpenters""""?"" A:","['Salingerian', 'Jd salinger', 'Salinger, J. D.', 'J D Salinger', 'J. D. Salinger', ""J.D. Salinger's"", 'Jerome salinger', 'J. D. Sallinger', 'J.D. Sallinger', 'Jerome David Salinger', 'Jerome Salinger', 'JD Salinger', 'Margaret Salinger', 'J.D. Salinger', 'J.D.Salinger']"," ""J.D. Salinger""",0.8709821701049805,0,0,0
5949,Answer the question concisely. Q: Who was the son of Edward III and father of Henry IV? A:,"['John, 1st Duke of Lancaster', 'John of Gaunt Duke of Lancaster', 'John of Gaunt, 1st Duke of Lancaster', 'John of Gaunt, Duke of Lancaster', 'John of Gaunt', 'John, Duke of Lancaster', 'John of gaunt', 'Duke of Lancaster John of Gaunt']"," Edward, the Black Prince.",0.16406986117362976,1,1,1
5957,"Answer the question concisely. Q: What was the name of the second wife of Johnny Cash, who he married in 1968? A:","['June Carter Cash', 'June Cash', 'June Carter-Cash', 'June Carter']", June Carter Cash.,0.8870078921318054,0,0,0
5962,Answer the question concisely. Q: Which car company makes the 'X-Trail'? A:,"['Nissan Motor', 'Nissan Motor Company, Limited', 'Nissan 180 Plan', 'Nsany', 'Nissan Motor Co. Ltd.', 'Nissan foria', 'Nissan Commercial Vehicles', 'Nissan cars', 'Nissan North America', 'Nissan North America, Inc.', 'Tom Lane (Nissan)', 'Nissan Motors', 'Nissan Red and Blue Stage', 'Nissan Motor Co., Ltd.', 'Nissan Satio Store', 'Nissan Motor Co.', 'The Nissan Motor Company', 'Nissan Bluebird Store', 'Nissan North America Inc.', 'Nissan Red Stage', 'Nissan USA', 'Nissan Revival Plan', 'Nissan vehicles', 'Nissan', 'Cabstar', '日産', 'Nissan Saito Store', 'Nissan Motor Store', 'Nissan Motor Company, Ltd.', 'Nissan Cherry Store', 'Nissan Motor Company Ltd', 'Nissan (automobile)', 'Nissan Motor Corporation', 'Nissan Motor Corporation, U.S.A.', 'Nissan Motor Co (Australia)', 'Nissan Jidosha KK', 'Nissan Foria', '.datsun', 'Nissan Blue Stage', 'Nissan car', 'Nissan Motor Company', 'Nissan Motor Corporation U.S.A.']", Nissan.,0.5702447891235352,0,0,0
5979,"Answer the question concisely. Q: Which writer, whose Christian names were Clive Staples, was known to family and friends as 'Jack'? A:","['C. S Lewis', 'St. Clive', 'N.W. Clerk', 'C.s. louis', 'C. S. (Clives Staples) Lewis', 'Clives Staples Lewis', 'C S LEWIS', 'Clive staples lewis', 'N.W. Clark', 'CS Lewis', 'C.s. lewis', 'C s lewis', 'C.S Lewis', 'Clive Staples Lewis', 'Inner ring', 'The Inner Ring', 'N. W. Clerk', 'C Lewis', 'C.S.Lewis', 'Saint Clive', 'Clive S Lewis', 'C S Lewis', 'Cs lewis', 'St Clive', 'The Great Knock', 'C. S. Lewis', 'Clive S. Lewis', 'C.S. Lewis']", C.S. Lewis.,0.8561670780181885,0,0,0
5980,Answer the question concisely. Q: The former cricket umpire Harold (Dicky) Bird played cricket for Yorkshire and which other county? A:,"['Leics', 'Leics.', 'LEICESTERSHIRE', 'Leicestershire, England', 'Leicestershire County Council County Hall', 'Leycestershire', 'Leicestershire', 'County of Leicester', 'Leicstershire', 'Leicestershire (administrative)']", Yorkshire and Lancashire.,0.22390662133693695,1,1,1
5993,"Answer the question concisely. Q: ""In which 1932 movie did Greta Garbo say I want to be alone""""?"" A:","['The grand hotel', 'Grand Hôtel', 'Grand hotel', 'The Grand Hotel', 'Grand Hotel', 'Grand Hotel (disambiguation)']"," ""Grand Hotel.""",0.8196877241134644,0,0,0
6002,Answer the question concisely. Q: Which month of the year came second in the Roman calendar? A:,"['㋃', 'Apr.', 'The Cruellest Month', 'April 31', 'Апрель', 'April', '31 April', 'Aprill', 'Mali traven', 'April (month)']", February.,0.6577422022819519,0,1,1
6004,Answer the question concisely. Q: What do we call the vegetable called the rutabaga in America? A:,"['Svenskar', 'Sweden people', 'Ethnic Swede', 'Sweede', 'Sweed', 'Swede', 'Swede (disambiguation)']", A turnip.,0.0452081635594368,1,1,1
6006,Answer the question concisely. Q: Who wrote the Napoleonic war novels featuring Stephen Maturin? A:,"['Patrick O Brian', ""O'Brian, Patrick"", ""Patrick O'Brian"", 'Patrick O’Brian', ""Patrick o'brian"", 'Richard Patrick Russ', ""(Patrick) O'Brian""]", Patrick O'Brian.,0.853816568851471,0,0,0
6007,Answer the question concisely. Q: In which city in the UK is the National Railways Museum? A:,"['Park Grove (1895)', 'York UA', 'Yorkish', 'UN/LOCODE:GBYRK', 'York, UK', 'Eoforwic', 'Park Grove School', 'York Ham', 'The weather in York', 'City of York', 'York, England', 'York, Yorkshire', 'York ham', 'County Borough of York', 'YORK', 'Eoferwic', 'Park Grove Primary School', 'York, North Yorkshire', 'Yoisk', 'York', 'York (England)']", York.,0.48333388566970825,1,0,0
6025,Answer the question concisely. Q: Which monarch said 'Will no-one rid me of this turbulent priest'? A:,"['Henry II', 'Henry ii', 'Enrico II', 'Enrique II', 'Heinrich II', 'Henri II', 'Hendrik II', 'Henry 2', 'Henry Ii', 'Henry the Second', 'Henry II (disambiguation)', 'King Henry II']", Henry II.,0.8494004011154175,0,0,0
6026,Answer the question concisely. Q: Krakatoa is part of which country? A:,"['Unitary state of republic of indonesia', 'Indonesian Republic', 'INDONESIA', 'ISO 3166-1:ID', ""The world's most populous Muslim nation"", 'Unitary State of Republic of Indonesia', 'Indonezio', 'Wildlife of Indonesia', 'Indonnesia', 'Indoneshia', 'Etymology of Indonesia', 'Republic of Indonesia', 'Indonesia, Republic of', 'Unitary State of the Republic of Indonesia', 'Indonesia', 'Indonesie', 'Indonesian government', 'Ecology of Indonesia', 'Indnonesia', 'Republic Of Indonesia', 'Unitary state of the republic of indonesia', 'Indonesian Empire', 'Indonésie', 'Indonisia', 'Republik Indonesia']", Indonesia.,0.6148867011070251,0,0,0
6049,Answer the question concisely. Q: Who won the young PFA player of the year 2011? A:,"['JACK WILSHERE', 'Jack Andrew Garry Wilshere', 'Jack Wilshire', 'Jack Wilshere', 'Jack Wiltshire', 'Jack Wilkshere']", Jack Wilshere.,0.8589134812355042,0,0,0
6082,Answer the question concisely. Q: What is the collective name for a group of hawks or falcons? A:,"['CAST', 'CAST (disambiguation)']", A kettle.,0.040540218353271484,1,1,1
6087,Answer the question concisely. Q: Which is the only country on mainland Europe to be in the same time zone as the UK? A:,"['Portogało', 'Republic of Portugal', 'PORTUGAL', 'Portekiz', 'Portugallu', 'O Papagaio', 'ISO 3166-1:PT', 'Portunga', 'Phu-to-ga', 'Potigal', 'Portûnga', 'Portugul', 'An Phortaingéil', 'Portugāle', 'Portugale', 'Portingale', 'Potiti', 'Portugali', 'Portugall', 'Portekîz', 'Bo Dao Nha', 'Portuguese Republic', 'Portogallo', 'Portugaul', 'Portogalo', 'Portyngal', 'Yn Phortiugal', 'Portugalio', 'Portugál', 'Portugual', 'Portuga', 'Portgual', 'Portugalsko', 'Portugaleje', 'Phû-tô-gâ', 'Portugalujo', 'Portugalija', 'Pertual', 'Pòtigal', 'Portugal', 'Bồ Đào Nha', 'Portugalska', 'República Portuguesa', 'Portiwgal', 'Portugalėjė', 'Portúgal', 'Portegal', 'An Phortaingeil', 'Republica Portuguesa']", Portugal.,0.6610618829727173,0,0,0
6105,"Answer the question concisely. Q: Who, in May 2006 when aged 17 years and 75 days, became the youngest footballer to play for England? A:","['Walcott, T', 'Melanie Walcott', 'Theo Wallcott', 'Theo Walcott', 'Melanie Slade']", Theo Walcott.,0.8713672161102295,0,0,0
6121,Answer the question concisely. Q: Which Dickens novel's opening chapter is 'In Chancery' with a description of a foggy and muddy London street? A:,"['Reverend Chadband', 'Rev Mr Chadband', 'John Jarndyce', 'Bleakhouse', 'Nemo (Bleak House)', 'Mademoiselle Hortense', 'Chesney Wold', 'Honoria, Lady Dedlock', 'Bleak House', 'Richard Carstone', 'Miss Barbary', 'Lady Honoria Dedlock', 'BLEAK HOUSE', 'Lady Dedlock', 'Harold Skimpole']", Bleak House.,0.8821182250976562,0,0,0
6122,Answer the question concisely. Q: What was the capital of Poland prior to Warsaw? A:,"['Krakau', 'Kraków, Poland', 'Mayor of Krakow', 'Crakow', 'KRAKOW', 'Krakow, Poland', 'Cracow, Poland', 'Krak%5CxC3%5CxB3w', 'Mayor of Kraków', 'Krakko', 'President of Kraków', 'Cracov', 'Cracow', 'Budget of Krakow', 'Crackow', 'List of mayors of Kraków', 'Kraków', 'PLKRK', 'Krakow City Council', 'Stołeczne Królewskie Miasto Kraków', 'President of Krakow', 'Krakov', 'Krakow', 'Kracow', 'UN/LOCODE:PLKRK', 'Craców', 'Krakiv', 'Cracovie', 'Krakkó', 'List of mayors of Krakow']", Krakow.,0.7610455751419067,0,0,0
6126,"Answer the question concisely. Q: Following the break-up of The Beatles, what was the title of George Harrison's first solo album? A:","[""It's Johnny's Birthday"", 'All Things Must Pass', 'Thanks for the Pepperoni', 'George Harrison: All Things Must Pass', 'Nowhere to Go (song)', 'Mother Divine (song)', 'Apple Jam', 'When Everybody Comes to Town', 'All Things Must Pass (album)', 'Window, Window', 'All Things Must Pass (30th Anniversary Edition)', 'I Remember Jeep', 'Out of the Blue (George Harrison song)', 'Down to the River (George Harrison song)', 'Going Down to Golders Green', 'Plug Me In (song)', 'Om Hare Om', 'Gnome Records', 'Gopala Krishna (song)', 'Tell Me What Has Happened with You', 'Dehradun (song)', 'Cosmic Empire']", All Things Must Pass.,0.8868627548217773,0,0,0
6130,Answer the question concisely. Q: In what country is Romansch an official language? A:,"['ISO 3166-1:CH', 'Svissland', 'Etymology of Switzerland', 'Confederation Helvetia', 'Swizerland', 'Confederatio Helvetica', 'Environmental Integrity Group', 'Confoederatio Helvetica', 'Svizra', 'SWITZERLAND', 'Confédération suisse', 'SwissEnergy', 'Schweitz', 'Švýcarsko', 'Die Schweiz', 'Schwitzerland', 'Confederation suisse', 'Der Schweiz', 'Swiss Confederated States', 'Suiza', 'Switz', 'Switzeland', 'Schweiz', 'Confederation Helvetica', 'Switserland', 'Suisse', 'Schweizerische Eidgenossenschaft', 'Switzerland information', 'Confederaziun Svizra', 'Switzer land', 'Switzerland', 'Land of the Switzers', 'Swiss confederation', 'Confœderatio Helvetica', 'Swiss', 'Confederation Suisse', 'Confederation of Helvatia', 'Land of the Swiss', 'Confederaziun svizra', 'Svizzera', 'Swissland', 'Swizterland', 'Confédération Suisse', 'Confederazione Svizzera', 'Swiss Confederation']", Switzerland.,0.523851752281189,0,0,0
6134,Answer the question concisely. Q: Which actress is the mother of actress Carrie Fisher? A:,"['Debbie Reynolds', 'Reynolds, Debbie', 'DEBBIE REYNOLDS']", Debbie Reynolds.,0.844284176826477,0,0,0
6137,"Answer the question concisely. Q: Prior to 1925, how was Oslo known? A:","['Christiania', 'Christiania (disambiguation)', 'CHRISTIANIA', 'Cristiania']"," Prior to 1925, Oslo was known as Christiania.",0.29143303632736206,1,0,0
6150,Answer the question concisely. Q: Which is the main river that flows through Munich? A:,"['ISAR', 'ISAR (disambiguation)']", The Isar River.,0.14238491654396057,1,0,1
6163,Answer the question concisely. Q: Which African country's capital is named after an American president? A:,"['Liberia', 'Liberia, West Africa', 'Subdivisions of Liberia', 'Liberian Republic', 'Republic of Liberia', 'Libéria', 'Republic of liberia', 'ISO 3166-1:LR', 'Name of Liberia', 'Health care in Liberia', 'LIBERIA, West Africa', 'Sport in Liberia']"," Liberia, named after President James Monroe.",0.41870564222335815,1,0,0
6165,Answer the question concisely. Q: In which castle is Shakespeare's' Hamlet' set? A:,"['Elsinore, Sweden', 'Helsingoer', 'UN/LOCODE:DKHLS', 'Helsingør', 'Helsingör', 'Helsingor, Denmark', 'Helsingor', 'Elsinore', 'Helsinger', 'Helsingør, Denmark']", Elsinore Castle.,0.5200581550598145,0,1,0
6183,"Answer the question concisely. Q: In November 2011, Wigan rugby league player Sam Tomkins made his rugby union debut in a 'one-off' game playing for which team? A:","['BARBARIANS', 'Barbarous', 'Barbarousness', 'Barbarity', 'Barbarian (Western cultures)', 'Barbarians', 'Barbarously', 'Barbarization', 'Barbarian', 'Barbaric', 'Barberian', 'Barbarian (Western culture)', 'Barbarian in Western cultures', 'Barbarically', 'Barbarians in Western culture', 'Barbarians in Western cultures']", Saracens.,0.31171026825904846,1,1,1
6193,Answer the question concisely. Q: Who in 1624 wrote the line 'No man is an island'? A:,"['John Dun', 'Donne, John', 'Donne', 'Anne More', 'Jonathan Dun', 'Jon Dun', 'J. Donne', 'John donne', 'Jon Dunne', 'John Donne', 'Donnean', 'Jonathan Donne', 'Ann More', 'Jon Donne', ""Donne's sermons"", 'Jonathan Dunne']", John Donne.,0.8589044809341431,0,0,0
6198,Answer the question concisely. Q: Which baseball team won the World Series in 2011? A:,"['St. Louis Cardinals roster', 'The Saint Louis Cardinals', 'St. Louis Cardinals (baseball)', 'STLCards', 'Stl cardinals', 'St.Louis Cardinals', 'Slcards', 'St. Louis Browns (NL)', 'Stl cards', 'St.Louis Cardinals History', 'Saint Louis Cardinals', 'The St. Louis Cardinals', 'St. Louis Cardinals', 'St. Louis Cards', 'St Louis Cardinals', 'The St Louis Cardinals', 'St. Louis Baseball Cardinals', 'St. Louis Cardinal', 'St Louis. Cardinals', 'St. Louis Perfectos', 'St. Louis Cardinals (sports)', 'St. louis Cardinals', 'St. Louis cards', 'Stlcards', 'STL Cardinals', 'Saint Louis Perfectos', 'St. louis cards', 'List of St. Louis Cardinals captains', 'St. Louis Cardinals (baseball team)']", The St. Louis Cardinals.,0.8739941716194153,0,0,0
6213,Answer the question concisely. Q: What is the most common gas in the Earth's atmosphere? A:,"['Nitrogens', 'Noxious air', 'N≡N', 'ATCvet code QV03AN04', 'Atomic number 7', 'S2 2S2 2P3', 'Molecular nitrogen', 'Nitrogenous', 'Dinitrogen', 'Nitrogen compounds', 'Mephitic', 'Nitrogen atom', 'Nitrogen gas', 'Industrial nitrogen', 'Dinitrogen (n2)', 'Burnt air', 'Mephitic air', 'Nitrum', 'Azote', 'Nitrogen gases', 'Nitrogenation', 'Element 7', 'ATC code V03AN04', 'Organic nitrogen', 'Phlogisticated air', 'Biological role of nitrogen', 'Azotic air', 'N₂', 'Nitrogen', 'E941']", Nitrogen.,0.8750592470169067,0,0,0
6219,Answer the question concisely. Q: 'Citizen Smith' was the creation of which TV writer? A:,"['John Sullivan (sailor)', 'John Sullivan', 'John Sullivan (disambiguation)', 'John J. Sullivan (lawyer)', 'John Sullivan (footballer)', 'John J. Sullivan', 'John Sullivan (cricketer)', 'JOHN SULLIVAN', 'Sullivan, John']", John Sullivan.,0.8340438604354858,0,0,0
6225,Answer the question concisely. Q: The London restaurant Le Gavroche is run by which chef? A:,['Michel (Albert) Roux'], Michel Roux.,0.5795891880989075,0,0,0
6228,Answer the question concisely. Q: Who produces the `Agila' car model? A:,"['Renault Trafic Passenger', 'Opel/Vauxhall Vivaro', 'Chevrolet Trafic', 'Vauxhall vivaro', 'Renault Trafic', 'Opel/Vauxhall Vivaro Tour', 'VAUXHALL', 'General Motors Vivaro', 'Nissan Primastar', 'The Vauxhall', 'Vauxhall Vivaro', 'Opel Vivaro', 'Vauxhall Arena', 'Opel Arena']", Suzuki.,0.08161766827106476,1,1,1
6234,Answer the question concisely. Q: What was Shakespeare's shortest play - written in 1594? A:,"['The Comedie of Errors', 'The Comedy of Errors', 'The Comedy Of Errors', 'Angelo (The Comedy of Errors)', 'Aegeon', 'A Comedy of Errors', 'Comedy of Errors', 'Comedy Of Errors', 'Dromio', 'Comedy of Errors (play)', 'The Comedie of Errors.']"," ""The Tragedy of Hamlet, Prince of Denmark"" - 1,500 lines.",0.2126302719116211,1,1,1
6269,"Answer the question concisely. Q: ""From which film musical does the song """"A Couple of Swells"""" come?"" A:","['Easter parade', 'Easter Parade', 'Easter parade (cultural event)', 'New York City Easter Parade', 'EASTER PARADE']"," ""Holiday Inn"" (1942).",0.12610074877738953,1,1,1
6273,Answer the question concisely. Q: Which organisation is the largest private land owner in Britain? A:,"['The National Trust', 'National Trusts worldwide', 'National trust', 'National Trust', 'THE NATIONAL TRUST']", The National Trust.,0.8707669973373413,0,0,0
6275,"Answer the question concisely. Q: ""From which musical film does the song """"Wooden Heart"""" come?"" A:","['G I BLUES', 'G. I. Blues', 'GI Blues', 'G I Blues', 'G.I. Blues']"," ""From the 1960 film """"G.I. Blues"""" starring Elvis Presley.""",0.43987709283828735,1,0,0
6284,Answer the question concisely. Q: Which tennis player founded the fashion label Aneres? A:,"['Serena Williams', 'Serena Jameka Williams', 'Serena Slam', 'Senera Williams', 'Serena williams']", Andre Agassi.,0.1233004629611969,1,1,1
6303,Answer the question concisely. Q: The name of which European capital city means Merchants Harbour? A:,"['København, Denmark', 'K-Town, Copenhagen', 'UN/LOCODE:DKCPH', 'Copenhagen, Denmark', 'Koepenhamn', 'K-Town Hardcore', 'Capital of Denmark', 'Ktown Hardcore', 'Copenhague', 'Kaupmannahöfn', 'Kaupmannahofn', 'Kopenhamn', 'Koebenhavn', 'K Town Hardcore', 'Köpenhamn', 'COPENHAGEN', 'Kopenhagen', 'København', 'Hafnia (Latin)', 'Kjøbenhavn', 'K Town punk', 'Kobenhavn', 'Copenhagen (Denmark)', 'K-Town punk', 'Copenhagen', 'DKCPH']", Copenhagen.,0.6422125697135925,0,0,0
6306,Answer the question concisely. Q: Which company merged with BOAC in 1974 to form British Airways? A:,"['Bea (disambiguation)', 'Bea', 'BEA', 'B.E.A.', 'BEA (disambiguation)']", British Overseas Airways Corporation.,0.21332885324954987,1,1,1
6327,Answer the question concisely. Q: The armistice to end World War I was signed in November 1918 in a railway carriage in which French town? A:,"['Compiègne, France', 'Compiegne, France', 'Compiègne', 'Compiegne', 'COMPIEGNE', 'Compeigne']", Compiegne.,0.8246407508850098,0,0,0
6336,"Answer the question concisely. Q: ""Which artist was known as """"Jack the Dripper'?"" A:","['Paul Jackson Pollock', 'Pollock, Jackson', 'Number 1 (painting)', 'Jack the Dripper', 'Lavender Mist', 'Jackson pollock', 'Jackson Polluck', 'Jackson Pollock', 'Jackson Pollack', 'One: Number 31', 'Number 1 (Jackson Pollock)', 'Pollockian']"," ""Jackson Pollock.""",0.8217525482177734,0,0,0
6345,Answer the question concisely. Q: Which car manufacturer has its headquarters at Martorell near Barcelona? A:,"['SEAT S.A.', 'SEAT', 'Sociedad Espanola de Automoviles de Turismo', 'S.E.A.T.', 'Sociedad Española de Automóviles de Turismo', 'S. E. A. T.', 'SEAT, S.A.']", Seat.,0.15292294323444366,1,0,0
6365,Answer the question concisely. Q: Which motor manufacturer makes the Cee'd and Picanto models? A:,"['K. I. A.', 'Kia (disambiguation)', 'KIA (disambiguation)', 'KIA', 'K.I.A.', 'K I A']", Kia.,0.30453819036483765,1,0,0
6372,Answer the question concisely. Q: Of which country is Manama the capital? A:,"['Asia/Bahrain', 'مملكة البحرين', 'Bahrein', 'Bahrayn', 'Dawlat al-Bahrain', 'Bahrein Islands', 'Etymology of Bahrain', 'Bahrain', 'Bahrain islands', 'Bahraih', 'البحرين', 'Languages of Bahrain', 'Emirate of Bahrain', 'ISO 3166-1:BH', 'Bahrain Islands', 'Mamlakat al-Baḥrayn', ""Bahrain's"", 'Bahrain/Geography', 'Al-Baḥrayn', 'Barhain', 'Kingdom of Bahrain', '1923 Sitrah Outrage', 'Al-Bahrayn']", Bahrain.,0.7398533821105957,0,0,0
6380,Answer the question concisely. Q: In cooking Florentine means garnished with which vegetable? A:,"['Paalak', 'S. oleracea', 'Spinach', 'Spinich', 'Baby spinach', 'Spinacia oleracea', 'Espinafre', 'English Spinach', 'English spinach']", Spinach.,0.8392016291618347,0,0,0
6391,Answer the question concisely. Q: Which TV programme's 'experts' include Francis Prior and Phil Harding? A:,"['Timeteam', 'The Time Team Big Dig', 'Time Team']", Time Team.,0.7780478596687317,0,0,0
6393,Answer the question concisely. Q: Dao is a region of wine production in which country? A:,"['Portogało', 'Republic of Portugal', 'PORTUGAL', 'Portekiz', 'Portugallu', 'O Papagaio', 'ISO 3166-1:PT', 'Portunga', 'Phu-to-ga', 'Potigal', 'Portûnga', 'Portugul', 'An Phortaingéil', 'Portugāle', 'Portugale', 'Portingale', 'Potiti', 'Portugali', 'Portugall', 'Portekîz', 'Bo Dao Nha', 'Portuguese Republic', 'Portogallo', 'Portugaul', 'Portogalo', 'Portyngal', 'Yn Phortiugal', 'Portugalio', 'Portugál', 'Portugual', 'Portuga', 'Portgual', 'Portugalsko', 'Portugaleje', 'Phû-tô-gâ', 'Portugalujo', 'Portugalija', 'Pertual', 'Pòtigal', 'Portugal', 'Bồ Đào Nha', 'Portugalska', 'República Portuguesa', 'Portiwgal', 'Portugalėjė', 'Portúgal', 'Portegal', 'An Phortaingeil', 'Republica Portuguesa']", China.,0.1628188043832779,1,1,1
6407,Answer the question concisely. Q: What was the only British Number One single by The Four Tops? A:,"[""Reach Out (I'll Be There)"", ""Reach Out I'll Be There"", 'Reach Out I’ll Be There', ""Reach Out, I'll Be There""]", Reach Out I'll Be There.,0.9052971601486206,0,0,0
6415,"Answer the question concisely. Q: In 1956, which peninsula was the first part of Britain to be designated an 'Area of Outstanding Natural Beauty'? A:","['Gwyr', 'Poundffald', 'Gower AONB', 'Gower', 'Gower Peninsular', 'Gower Area of Outstanding Natural Beauty', 'The Gower', 'Gower Peninsula', 'Gower Coast', 'Fairyhill', 'Gŵyr', 'Gower peninsula']", The Cotswolds.,0.19937817752361298,1,1,1
6417,Answer the question concisely. Q: Who was the original base player with The Shadows? A:,"['Terence Harris', 'Jet Harris', '(Jet) HARRIS']", Jet Harris.,0.8097031116485596,0,0,0
6430,Answer the question concisely. Q: The name of which island is thought to come from the Norse for 'puffin island'? A:,"['Lundyite', ""Seal's Rock"", 'Lundy Island', 'Lundy', 'Lundy, Devon', 'Lundy Isle', 'William de Marisco', 'Lundy isle', 'Island of Lundy', 'LUNDY']", St Kilda.,0.07895556092262268,1,1,1
6431,Answer the question concisely. Q: Who was on the English throne when Jack Cade led the Men of Kent in a short lived revolt? A:,"['HENRY THE SIXTH', 'Hendrik VI', 'Heindrik VI', 'Henry vi', 'Henry the Sixth', 'Henry 6', 'Henry VI (disambiguation)', 'Henry VI']", Henry VI.,0.8730239868164062,0,0,0
6450,"Answer the question concisely. Q: Which word can be a golf term, a Space vehicle or a one time boy's comic? A:","['Eagle', 'Aquilinae', 'King of the Air', 'King of the air', 'Booted eagles (group)', 'Kitpu', 'Hawk eagle', 'Eagle Spirit', 'Eagle (symbolism)', 'Eagles', 'Harpy (zoology)', 'Hawk-eagle']"," The word is ""Ace"".",0.2599652409553528,1,1,1
6451,"Answer the question concisely. Q: ""What name is given to the maxim """"employees tend to rise to their level of incompetence.""""?"" A:","['Hierarchiology', 'Promote to fail', 'Peter Principal', 'Tabulology', ""Peter's Principle"", 'Peter principal', 'The Peter Principle', 'Managing upward', 'Peter principle', 'Peter Principle']"," ""The Peter Principle.""",0.8574457168579102,0,0,0
6457,"Answer the question concisely. Q: According to L Frank Baum's 'The Wonderful Wizard of Oz', the Road to the City of Emeralds is paved with what? A:","['Roads of yellow-brick', 'The yellowbrick roads', 'Yellowbrick road', 'The yellow-brick roads', 'The roads of yellow brick', 'Road of yellowbrick', 'Yellow-bricks', 'Yellow-brick roads', 'The yellowbrick road', 'Yellowbricks', 'Roads of yellowbrick', 'Roads of yellow brick', 'The road of yellowbrick', 'Yellow brick', 'The roads of yellowbrick', 'The yellow brick road', 'The roads of yellow-brick', 'Yellowbrick', 'The yellow brick roads', 'Yellow-brick road', 'Road of yellow brick', 'The road of yellow brick', 'Yellow bricks', 'Yellow brick roads', 'The road of yellow-brick', 'Road of yellow-brick', 'Yellow brick road', 'YELLOW BRICKS', 'The yellow-brick road', 'Yellow-brick', 'Yellowbrick roads']", Yellow brick.,0.8457880020141602,0,0,0
6475,Answer the question concisely. Q: Who was British Prime Minister at the time of the first Aldermaston ban the bomb march? A:,"['Harold Macmillan, Earl of Stockton', 'HAROLD MACMILLAN', 'Maurice Harold Macmillan, 1st Earl of Stockton', 'Lord Stockton', 'Harold McMillan', 'Harold Macmillan, 1st Earl of Stockton', 'Harold mac', 'Harold MacMillan, 1st Earl of Stockton', 'Harold MacMillan', ""You've never had it so good"", '1st earl of Stockton', 'Harold Macmillan', 'Maurice Harold Macmillan', 'The Rt. Hon. The Lord Stockton', 'Harold McMillian']", Harold Macmillan.,0.8491926193237305,0,0,0
6489,"Answer the question concisely. Q: The 27 episodes of which sitcom featuring Julia Mckenzie, Anton Rodgers and Ballard Berkley were first broadcast in the 1980s? A:","['Fresh Fields (TV series)', 'Fresh Fields']", The Good Life.,0.10275791585445404,1,1,1
6501,Answer the question concisely. Q: Which indigenous people call their country Aotearoa? A:,"['Mäori', 'Mâori', 'Maori', 'Māori', 'Māori (disambiguation)']", The Maori people.,0.45633572340011597,1,0,0
6512,Answer the question concisely. Q: Who hosts the ITV show 'Take Me Out'? A:,"['Christine McGuiness', 'The Dark Side Tour', 'Paddy McGuiness', 'Patrick mcguiness', 'Paddy McGuinness', 'Paddy mcguiness', 'Paddy Mcguinness', 'Paddy McGuinness (Comedian)', 'Paddy McGuinness (comedian)']", Paddy McGuinness.,0.8776426315307617,0,0,0
6513,Answer the question concisely. Q: Which coastal West African country borders only Guinea and Liberia? A:,"['Sierrra Leone', 'Sierra Leoneans', 'Sierra Leon', 'S/Leone', 'Sierra leone', 'List of Sierra Leone districts by population', 'Sierra Leonian', 'Culture of Sierra Leone', 'Sierra lione', 'Serra leoa', 'Sierra Leone', 'S. Leone', 'Sierra Leonne', 'Sierra Leonean language', 'Republic of Sierra Leone', 'Sierra Leonians', 'ISO 3166-1:SL', 'Sierra Leoneon', 'Seirra Leone', 'Sierra Leone Public Archives', 'Sierra Leome', 'Sierra Leonean', 'Sierra leon', 'Sierra Leone/History', 'Sierre Leone']", Sierra Leone.,0.8610842823982239,0,0,0
6515,Answer the question concisely. Q: Which Roman Emperor succeeded his father Vespasian in 79? A:,"['Roman Emperor Titus', 'Titus (emperor)', 'Titus', 'Titus Vespasianus', 'Roman emperor Titus', 'Flavius Vespasianus Titus', 'Emperor Titus']", Titus.,0.6552271842956543,0,0,0
6516,"Answer the question concisely. Q: Which US state was admitted to the Union in 1876, hence its nickname of 'the Centennial State'? A:","['Colorado (State)', 'Colorful Colorado', 'Special districts of Colorado', 'Insignia of the State of Colorado', 'List of military facilities in Colorado', 'Coloradan', 'Cuisines of Colorado', 'Colorado (U.S. state)', 'List of professional sports teams in Colorado', 'Religion in Colorado', 'Professional sport teams of Colorado', 'Rocky Mountain Empire', 'Thirty-eighth State', '38th State', 'Coloradans', 'Colorado, United States', 'The Centennial State', 'Colo.', 'List of professional sports teams of Colorado', 'Protected areas of Colorado', 'Education in Colorado', 'State of Colorado', 'Columbine State', 'Thirty-Eighth State', 'Colorado (state)', 'List of former professional sports teams of Colorado', 'US-CO', 'Colorado protected areas', 'Mother of Rivers', 'List of Colorado state insignia', 'Fine arts in Colorado', 'Climate of Colorado', 'Professional sports in Colorado', 'Colorado state nickname', 'Emblems of the State of Colorado', 'Colorado', 'Colorado military facilities', 'Demographics of Colorado', 'Colorada', 'Kolorado', 'Culture of Colorado', 'Colarado', 'Centennial State', 'CO (state)', 'Buffalo Plains State', 'Military facilities in Colorado']", Colorado.,0.6582850813865662,0,0,0
6523,"Answer the question concisely. Q: The Pilgrimage of Grace was a popular uprising in 1536, led by Robert Aske, in which city did it take place? A:","['Park Grove (1895)', 'York UA', 'Yorkish', 'UN/LOCODE:GBYRK', 'York, UK', 'Eoforwic', 'Park Grove School', 'York Ham', 'The weather in York', 'City of York', 'York, England', 'York, Yorkshire', 'York ham', 'County Borough of York', 'YORK', 'Eoferwic', 'Park Grove Primary School', 'York, North Yorkshire', 'Yoisk', 'York', 'York (England)']", York.,0.48333388566970825,1,0,0
6526,Answer the question concisely. Q: The bones of King Richard III have been discovered under a car park in which English city? A:,"['County Borough of Leicester', 'Leicester, Leicestershire', 'Caerlyr', 'Leicester', 'LEICESTER', 'Leicester UA', 'Leicester, United Kingdom', 'Leicester, England', 'Leicester, UK', 'Liecester', 'UN/LOCODE:GBLCS', 'Leycester', 'Caerlŷr', 'Leicesterians', 'City of Leicester']", Leicester.,0.6167395114898682,0,0,0
6528,"Answer the question concisely. Q: In Rugby Union, how high, in metres, is the crossbar? A:","['3', 'three']", 3.05m.,0.097199946641922,1,1,1
6543,Answer the question concisely. Q: Which Scotsman became the first European to reach the River Niger in 1796? A:,"['Mungo Park (disambiguation)', 'Mungo Park']", Mungo Park.,0.8555262684822083,0,0,0
6573,Answer the question concisely. Q: In which country are the 2019 Rugby Union World Cup finals to be held? A:,"['日本國', 'State of Japan', 'Ja-pan', 'Nihon', 'Nippon', 'Japang', 'Modern–era Japan', 'Etymology of Japan', 'Japan (country)', 'Republic of Japan', 'Japanese financial sector', 'Nihon-koku', 'ISO 3166-1:JP', '日本', 'Japian', 'Japan', 'JapaN', 'The State of Japan', 'Riben', 'Nippon-koku', 'JPN', 'Jpan', 'Rìběn', '日本国', 'Japao', 'JAPAN', 'Japoa', '🗾']", Japan.,0.6511420607566833,0,0,0
6583,Answer the question concisely. Q: In which country was the inventor of the machine gun Hiram Maxim born? A:,"['The United States of America', 'United States Of Amerca', 'Us of a', 'U.–S.–A.', 'Americaland', 'United States (U.S.A.)', 'Amurika', 'Unite states of america', 'United States of America (redirect)', 'The U S A', 'Unietd States', 'EE UU', 'The U.S.A.', 'U.-S.-A.', 'Usa', 'United Staets of America', 'Unites States', ""États-Unis d'Amérique"", 'Verenigde State', 'U.–S.', 'The United States of America.', 'The U-S-A', 'EEUU', 'U. S. A.', 'Nagkaisang mga Estado', 'The U. S. of America', 'The USA', 'America (United States)', 'The U. S. A.', 'U S of America', 'UNITED STATES', 'Estados Unidos', 'The U–S', 'American United States', 'US and A', 'Unitd states', 'The US of A', 'EE.UU.', 'U-S', 'The U-S', 'Etymology of the United States', 'U.S.A.)', 'EE. UU.', 'United states of america', 'US of america', 'Verenigde State van Amerika', 'Nited States', 'United-States', 'Unite States', 'Estados Unidos de América', 'UnitedStates', 'Estaos Unios', 'US of America', 'The Usa', 'United states of America', 'Untied States of America', 'The U S of America', 'THE AMERICAN UNITED STATES', 'The United-States', 'U S A', 'AmericA', 'Estados Unidos de America', 'United states', 'The U.S. of America', 'Amerka', 'United–States', 'U.s.a.', 'United States of America', 'United State of America', 'United States (US)', 'The U.S. of A', 'America', 'Amercia', ""Stati Uniti d'America"", 'Los Estados Unidos de America', 'United Stated', 'U.S.', 'United States (of America)', 'United States', 'States of America', 'America-class', 'Los Estados Unidos', 'U,S,', 'United States (country)', 'Federal United States', 'ISO 3166-1:US', 'Untied States', 'The U.–S.–A.', 'VS America', 'Amurica', ""Etats-Unis d'Amerique"", 'US', 'U.S. OF A', 'USofA', 'Etats-Unis', 'U.S. of A', 'United States of America (U.S.A.)', 'Amarica', 'The United States', 'U-S-A', 'United States/Introduction', 'The Us', 'Unitesd states', 'The U S of A', 'America class', 'America magazine', 'الولايات المتحدة الأمريكية', 'The U. S. of A', 'U S', '(USA)', 'The United–States', 'United States (U.S.)', 'U.-S.', 'United States of America (USA)', ""'merica"", 'The US', 'United States of America.', 'UNited States', 'The U.S.', 'AMERICA', 'United States of America/OldPage', 'United+States', 'The U S', 'United Sates', 'THE UNITED STATES OF AMERICA', 'U–S–A', 'United States Of America', 'U.S. of America', 'U–S', 'Los Estados Unidos de América', 'The U.-S.', 'United sates', 'The United States Of America', 'America (country)', 'United States of American', 'United state of america', 'The U.–S.', 'Amurka', 'U. S. of A', 'The U. S.', 'United States America', 'US of A', 'États-Unis', 'USoA', 'USA', 'Estaos Uníos', 'America, United States of', 'U. S. of America', 'U.S.American', '(US)', 'The U–S–A', 'U. S.', 'U.S. America', 'U.S. A', 'Yankee land', 'America (US)', 'U.S', 'America (United States of)', 'US (country)', 'UNITED STATES OF AMERICA', 'U.S.A', 'Estados unidos', 'Americia', 'The US of america', 'Vereinigte Staaten', 'US America', 'These United States of America', 'VS Amerika', 'Name of the United States', 'The united states of america', 'Estatos Unitos', 'America (USA)', 'The U.-S.-A.', 'United States of America/Introduction', 'The US of America', 'Americophile', 'V.S. America', 'U.S.A.', 'U S of A', 'V.S. Amerika', 'United+States+of+America', 'The Unites States of America']", The United States.,0.8539795279502869,0,0,0
6588,Answer the question concisely. Q: Viva Forever' is a West End musical (2012) based on the music of 'which pop group? A:,"['Spice Girls solo discography', 'The Spice Girls', 'Now And Forever : The Greatest Hits (Spice Girls album)', 'Spice Girl', 'Suzanne Tinker', 'Lianne Morgan', 'Spice Girls', 'Solo spice girls discography', 'Spice girls', 'The Spice Girls Story: Viva Forever!', 'Touch (girl group)', 'SPICE GIRLS']", Spice Girls.,0.81230628490448,0,0,0
6610,Answer the question concisely. Q: Complete the general chemical rule: 'Acid plus Base gives Salt plus ...... what? A:,"['Watery', 'Water surface', 'H₂O', 'Water in biology', 'WATER', 'Importance of water', 'Water', 'H2o', 'Life and water', 'Liquid water', 'Water and life']", Water.,0.4937240481376648,1,0,0
6619,Answer the question concisely. Q: Lynchburg the home of Jack Daniels whisky is in which US State? A:,"['Tennessee (river)', 'Rio Tennessee', 'Tennessee river', 'TENNESSEE', 'Cherokee River', 'The Tennessee', 'Tennessee-Georgia water dispute', 'Tennessee River', 'Río Tennessee']", Tennessee.,0.43567609786987305,1,0,0
6625,Answer the question concisely. Q: Which Australian prime minister was presumed drowned in 1967? A:,"['Harold Holt', 'All the way with LBJ', 'Harold Edward Holt']", Harold Holt.,0.8445260524749756,0,0,0
6628,Answer the question concisely. Q: Which French Canadian became Prime Minister of Canada in 1968? A:,"['Pierre Elliott Trudeau', 'No place for the state in the bedrooms of the nation', 'Pierre Trudeau', 'Joseph Philippe Pierre Yves Elliott Trudeau', 'Joseph Philipp Pierre', 'Pierre-Elliot Trudeau', 'Pierre Eliott Trudeau', 'Joseph Philipp Pierre Yves Elliott Trudeau', 'PET (prime minister)', 'Pierre Elliot Trudeau', 'Pierre-Elliott Trudeau', 'Joseph Philippe Pierre Ives Elliott Trudeau', 'Pierre E. Trudeau', 'Pierre Philippe Yves Elliott Trudeau', 'Joseph Phillipe Pierre Yves Elliott Trudeau', 'Pierre trudeau']", Pierre Trudeau.,0.8759399652481079,0,0,0
6638,"Answer the question concisely. Q: Who was the first cricketer to score 10,000 test runs? A:","['Sunil Manohar Gavaskar', 'SM Gavaskar', 'SUNIL GAVASKAR', 'Sunny gavaskar', 'Sunil Gavaskar', 'Gavaskar']", Don Bradman.,0.265037477016449,1,1,1
6642,Answer the question concisely. Q: Which King of England was married to Anne of Denmark? A:,"['James VI of Scotland, James I of England', 'James I', 'James VI, King of Scots', 'Seumas VI of Scotland', 'James, King of England, Ireland and Scotland', 'James VI', 'James I of England', 'James VI of Scotland', 'James I and VI', 'James I of England, Scotland, and Ireland', 'The wisest fool', 'James I of England and VI of Scotland', 'James VI of England', 'James I of England, Scotland, and Irerland', 'Wisest fool', 'The wisest fool in Christendom', 'Wisest fool in Christendom', 'James I of the UK', 'James I of Wales', 'King James VI of Scotland', 'James VI of Scotland and I of England', 'James I (England)', 'King James VI', 'James I of Great Britain', 'James the 6th', 'James VI and I', 'JAMES I', 'King James the First', 'James I, King of England', 'James I of England and James VI of Scotland', 'James I (of England)', 'James vi', 'James I of Ireland', 'King James VI & I', 'King James VI of Scotland and I of England', 'James the first', 'King James I of England', 'James VI & I', 'King James VI and I', 'James VI of Scotland and England', 'King James I', 'King James I of England and VI of Scotland', 'James I of england', 'James I of the United Kingdom', 'James VI (Scotland)', 'James the First', 'King James VI &I']", James I.,0.8372448086738586,0,0,0
6649,Answer the question concisely. Q: What is the name of the alternative medicine that uses essential oils? A:,"['Reed diffuser', 'Aromatherapist', 'Aromatherapy', 'Aromatherapeutic', 'Menthol inhaler', 'Aroma therapy', 'Aromatherapy candles', 'Reed Diffusers', 'History of aromatherapy', 'Aromatherapy massage', 'Aromatherapy Candles']", Aromatherapy.,0.8126722574234009,0,0,0
6656,Answer the question concisely. Q: What is added to white wine to make a Kir? A:,"['Cassis', 'Cassis, Bouches-du-Rhone', 'Cassis, Bouches-du-Rhône']", Crème de Cassis.,0.29603368043899536,1,0,1
6663,Answer the question concisely. Q: Who skippered an all woman crew in a yacht called 'Maiden' in the 1990 Whitbread Round the World Yacht Race? A:,"['Tracey Edwards', 'TRACEY EDWARDS', 'Tracy Edwards']", Tracy Edwards.,0.8507221937179565,0,0,0
6678,"Answer the question concisely. Q: If the words Posta Shqiptare appear on a postage stamp, from which country does it come? A:","['Republic of Albania', 'Etymology of Albania', 'Albania', 'Albanija', 'Shqiperia', 'Albenia', 'ALBANIA', 'Albanie', 'Shqiperi', 'Albania (Balkans)', 'Shquiperia', 'Health in Albania', 'Shqipëri', 'AlbaniA', 'Shqipëria', 'Republika e Shqipërisë', 'ISO 3166-1:AL']", Albania.,0.7083619832992554,0,0,0
6680,Answer the question concisely. Q: The Alfred Hitchcock films Rebecca and The Birds were based on novels by which author? A:,"['Lady Browning', 'Daphne Du Maurier', 'Daphne de Maurier', 'Daphne du Maurier', 'Du Maurier, Daphne', 'Dame Daphne du Maurier', 'Daphne du maurier', 'DAPHNE DU MAURIER', 'Daphne Dumaurier', 'Dame Daphne Du Maurier', 'Dame Daphne du Maurier, Lady Browning DBE', 'Dame Daphne du Maurier, Lady Browning']", Daphne du Maurier.,0.8940615057945251,0,0,0
6693,Answer the question concisely. Q: Which Rugby Union Premiership team play home fixtures at Kingston Park? A:,"['Newcastle Falcons', 'Newcastle Gosforth', 'NEWCASTLE FALCONS']", Newcastle Falcons.,0.8348578214645386,0,0,0
6704,"Answer the question concisely. Q: The painting A Dance to the Music of Time 1634 - 1635 displayed in the Wallace Collection, London is by which artist? A:","['Poussins', 'Nicholas Poussin', 'Nicolas Poussin', 'Poussin, Nicolas', 'Poussin', 'Nicolo Poussino']", Nicolas Poussin.,0.8604278564453125,0,0,0
6713,Answer the question concisely. Q: What in South America is a pampero? A:,"['WIND (disambiguation)', 'WIND', 'A WIND']"," A strong, cold wind that blows from the south.",0.13900765776634216,1,1,1
6714,Answer the question concisely. Q: In World War 2 what was the American equivalent of the Chindits? A:,"[""MERRILL' S MARAUDERS""]", The American equivalent of the Chindits was the Merrill's Marauders. The Chindits were a British unit that operated behind Japanese lines in Burma. The Merrill's Marauders were an American unit that operated behind Japanese lines in Burma. The Chindits were a British unit that operated behind Japanese lines in,0.49068981409072876,1,0,0
6726,"Answer the question concisely. Q: ""In which old children's TV programme did the """"biggest spotty dog you ever did see"""" feature?"" A:","['Woodentop (disambiguation)', 'THE WOODENTOPS', 'Woodentops', 'Woodentop']"," ""In which old children's TV programme did the """"biggest spotty dog you ever did see"""" feature?""",0.1255071461200714,1,1,1
6743,Answer the question concisely. Q: Who was the first football nation to win the World Cup outside their own continent? A:,"['Brazil', 'BRAZIL', 'Etymology of Brazil', 'Federal Republic of Brazil', 'Brasil', 'Barzil', 'Federative Republic of Brazil', 'Brazil (country)', 'Brassil', 'Republic of Brazil', 'Brésil', 'Brzil', 'Brazilian Federative Republic', 'Republica Federativa do Brasil', 'Bresil', 'Brazilian Republic', 'ISO 3166-1:BR', 'República Federativa do Brasil', 'Brazilo']"," Brazil, in 1958.",0.20704779028892517,1,0,1
6763,Answer the question concisely. Q: The airport Guglielmo Marconi is the airport of which city? A:,"['Comune di Bologna', 'Bolognese', 'Commune di Bologna', 'Bulåggna', 'Bologna', 'BOLOGNA', 'Bolagna', 'Bologne', 'UN/LOCODE:ITBLQ', 'Bologna, Italy', 'History of Bologna', 'Felsina', 'Bologna (Italy)', 'בולוניה', 'Bologna italy']", Bologna.,0.6709856390953064,0,0,0
6770,Answer the question concisely. Q: Which European country has Switzerland to the west Austria to the east? A:,"['Transport in Liechtenstein', 'Liech', 'Imperial Principality of Liechtenstein', 'Lichenstein', 'Liechtenstein/Transnational issues', 'Liechtenstein/Military', 'Leichtenstein', 'Liechetenstein', 'Liechenstein', 'Liechtenstein Air Force', 'Liecht', 'Media of Liechtenstein', 'Media in Liechtenstein', 'Military of Liechtenstein', 'Lichtenstein', 'Protestantism in Liechtenstein', 'Liechtenstein/Transportation', 'Culture of Liechtenstein', 'Name of Liechtenstein', 'Liechtensteinian', 'ISO 3166-1:LI', 'Liechtenstien', 'Principality of Liechtenstein', 'Transportation in Liechtenstein', 'Leichenstein', 'Sport in Liechtenstein', 'Litchtenstein', 'Fürstentum Liechtenstein', 'Liechtenstein Army', 'Lichstenstein', 'Liechtenstein', 'Army of Liechtenstein', 'Liechtenstin']"," Switzerland is bordered by France to the west, Italy to the south, Austria and Liechtenstein to the east and Germany to the north.",0.2174949049949646,1,0,0
6772,Answer the question concisely. Q: George Lansbury et al founded which newspaper in 1912? A:,"['Daily Herald (disambiguation)', 'Morning Herald (disambiguation)', 'The Daily Herald', 'Herald (newspaper)', 'Sunday Herald (disambiguation)', 'The daily herald', 'Daily Herald']", The Daily Herald.,0.835327684879303,0,0,0
6779,"Answer the question concisely. Q: Which Dickens' novel features Mr Merdle, Edmund Sparkler and Tattycoram? A:","['Little Doritt', 'Little Dorritt', 'Little Dorrit', 'Little Dorrit (novel)']", Little Dorrit.,0.8869275450706482,0,0,0
6795,Answer the question concisely. Q: Which unit of the Roman army was one tenth of a legion? A:,"['Cohort', 'Cohorts', 'Cohort (disambiguation)']", A cohort.,0.5546397566795349,0,0,0
6799,Answer the question concisely. Q: How many basic positions are there in classical ballet? A:,"['five', '5', 'Five']", There are five basic positions in classical ballet. The first position is the starting position for all ballet movements. The second position is the position of the feet when the dancer is standing on one leg. The third position is the position of the feet when the dancer is standing on both legs. The fourth position is the position of,0.3366774320602417,1,0,0
6812,Answer the question concisely. Q: Which of the Queen's horses won the 2013 Ascot Gold Cup? A:,"['Estimated', 'Overestimate', 'Estimating', 'Calculated guess', 'Estimate', 'Estimation']", The Queen's horse won the 2013 Ascot Gold Cup.,0.10031141340732574,1,1,1
6824,"Answer the question concisely. Q: If the unit of measurement 10 to the power minus 12 is a picometre, what is 10 to the power minus 9? A:","['Nanometre', '㎚', 'Nanometers', 'Nano-metre', 'A NANOMETRE', 'Nano-meters', 'Nanometres', 'Millimicron', 'Nano-meter', 'Micromillimeter', 'Micromillimetre', 'Nanometer', 'Nanometry']", 1 nanometre.,0.5521137118339539,0,0,0
6831,Answer the question concisely. Q: What colour is the cross on the Finnish flag? A:,"['Blue', 'Rgb(0, 0, 255)', 'Orphan blue', 'Slate Blue (color)', 'Bluishness', 'Dark Blue (color)', 'Pale Blue', 'Blue in human culture', 'Blue (color)', 'Police car blue', 'Blue (Colour)', 'Blueishness', 'List of terms associated with the color blue', 'Caspian blue', 'Blue (colour)', 'Light-blue', 'Bluest', 'Bluish', 'Bluishly', '(0, 0, 255)', 'Blueishly', 'Bluer', 'Blae', 'Blueness']", Blue.,0.5244625210762024,0,0,0
6839,"Answer the question concisely. Q: What was the name of George Stephenson's first railway locomotive, built in 1814? A:","['Blucher', 'BLUCHER', 'Bluecher', 'Blücher', 'Blücher (disambiguation)']", Blucher.,0.7706273794174194,0,0,0
6865,Answer the question concisely. Q: Who was the mother of Queen Mary 1st of England? A:,"['Catherine of Aragon in Popular Culture', 'Catalina de Aragón y Castilla', ""THE KING'S GREAT MATTER"", 'Catherine, Princess of Wales', ""Catherine d'Aragon"", ""The King's %22great matter%22"", 'Infanta Catalina de Aragon y Castilla', ""%22King's Great Matter%22"", ""The king's %22Great Matter%22"", ""The King's Great Matter"", 'Catarina Of Aragon', 'Katherine of aragon', 'Queen Catherine of Aragon', 'Catherine of England', 'Katharine of Aragón', 'Katherine of Aragon', 'Catalina of Aragon', ""King's %22great matter%22"", 'Catherine of aragon in popular culture', 'Catherine of Aragón', ""King's Great Matter"", 'Catherine of Aragon', 'Catherine Of Aragon', 'Queen Katherine of Aragon', 'Infanta Catalina de Aragón y Castilla', 'Catharine of Aragon', 'Catherine of aragon', 'Catalina de Aragon y Castilla', 'Catherine of Aragon in popular culture', 'Katharine of Aragon']", Catherine of Aragon.,0.8886850476264954,0,0,0
6869,Answer the question concisely. Q: Which private railway line runs between Kidderminster and Bridgnorth? A:,"['Severn Valley', 'Severn valley', 'Severn Valley (England)']", The Severn Valley Railway.,0.465421199798584,1,0,0
6877,Answer the question concisely. Q: Which major city is situated at the mouth of the Yangtze River in China? A:,"['Economy of Shanghai', 'Sanghai', 'Shang-Hai', 'Shang Hai', 'Zanhae', 'Shanghai Municipality, China', 'Shanghae', 'Shang-hai', 'Venice of the Orient', 'Shanghai Municipal Area', 'Municipality of Shanghai', 'Shangkai', 'Shangai (architectural images)', 'Shanghai municipality', 'Shanghai people', 'Zanhe', 'Shang hai', 'CN-31', 'Shanghai, China', '沪', 'Shàng Hai', 'Shanghai china', 'City of Shanghai', 'Shangha', 'SHCN', 'Shanghai Municipality', 'Snaghai', 'Schanghai', 'Shanghai', ""S'hai"", 'Shanghi', 'Shànghǎi', 'Shanghai (China)', 'Zånhae', 'Shanghai Shi', 'China Shanghai', 'UN/LOCODE:CNSHA', 'Shnaghai', 'Shanghai (architectural images)', 'Shanghai (architecture images)', 'Air pollution in Shanghai', 'Paris of China', 'Shang-hae', 'Shangai', 'ShangHai', '滬', 'Shànghǎi Shì', '上海市', '上海']", Shanghai.,0.6671413779258728,0,0,0
6880,"Answer the question concisely. Q: After he left Barcelona, football manager Pep Guardiola went on to manage which European club in 2013? A:","['FC Bayern München', 'FC Bayern Munich', 'F.C. Bayern Muenchen', 'F.C. Bayern München', 'Die Roten', 'F.C. Bayern Munchen', 'Fußball-Club Bayern München', 'Die Bayern', 'Bayern Munchen', 'Bayern München', 'Bayern Múnich', 'Bayern de Múnich', 'FC Hollywood', 'Der FCB', 'Fc Bayern', 'F.C. Bayern Munich', 'FC BAYERN', 'Bayern Munich', 'FC Bayern Munchen', 'Bayern Muenchen', 'FC Bayern Muenchen']", Bayern Munich.,0.8239673376083374,0,0,0
6881,Answer the question concisely. Q: Who was the first member of the British royal family to lie in state at Westminster Hall? A:,"['Eduard VII', 'Prince Albert Edward, Prince of Wales', 'Edward vii', 'Albert Edward, Prince of Wales', 'Prince Albert Edward, Duke of Rothesay', 'Albert, Prince of Wales', 'Albert Edward, Duke of Rothesay', 'Albert Edward, Duke of Cornwall', 'King edward vii', 'Edward VII of the United Kingdom', 'Edward VII', 'Prince Albert Edward, Duke of Cornwall', 'Prince Albert Edward', 'Edward vii of the united kingdom', 'Edward VII of England', 'Edward VII of Great Britain', 'Edward VII of Scotland', 'Edward VII of the UK', 'Edward 7', 'King Edward VII of the United Kingdom', 'Edward VII of Britain', 'Prince Albert Edward of the United Kingdom', 'King Edward VII', 'Edward Vii', 'Albert Edward of the United Kingdom']"," King George I, who died in 1727.",0.19498078525066376,1,1,1
6920,"Answer the question concisely. Q: Give a year in the life of St Ignatius Loyola, founder of the Jesuits. A:",['1491-1556'], 1538.,0.24289266765117645,1,1,1
6924,Answer the question concisely. Q: Who was the RAF captain that Princess Margaret declined to marry in 1955-bowing to pressure from the Court and Government? A:,['(Group Captain) Peter Townsend'], Group Captain Peter Townsend.,0.792962372303009,0,0,0
6946,Answer the question concisely. Q: Who played the wife of Alf Garnett on TV? A:,"['DANDY NICHOLS', 'Dandy Nichols']", Anne,0.05816596746444702,1,1,1
6975,Answer the question concisely. Q: At which racecourse did A P McCoy ride his 4000th winner? A:,"['Towcester, Northamptonshire', 'Towchester', 'Towcester']", Sandown Park.,0.11805611103773117,1,1,1
7037,"Answer the question concisely. Q: Which businessman on his elevation to the House of Lords, by Gordon Brown, in 2000, took the title Baron of Clapton? A:","['Alan Michael Sugar', 'Alan Sugar', 'Alan Sugar, Baron Sugar', 'Barron sugar of clapton', 'The Lord Sugar', 'Sir Alan Sugar, Baron Sugar', 'Sir Alan Sugar', 'Suralan', 'Alan Michael Sugar, Baron Sugar', 'Lord Sugar', 'Baron Sugar of Clapton', 'Barron sugar of Clapton', 'Sir alan', 'Barron Sugar', 'Amsair', 'Sir Alan Michael Sugar', 'Barron Sugar of Clapton', 'Sir Alan', 'Baron Sugar', 'Alan Sugar, Baron Sugar of Hackney', 'Lord Alan Sugar', 'Amscreen', 'Barron Sugar of clapton']", Lord Sugar.,0.840572714805603,0,0,0
7046,"Answer the question concisely. Q: Which author?s son was killed in World War I, events depicted in the TV film called My Boy Jack? A:","['Joseph Rudyard Kipling', 'Kiplingesque', 'Rudyard Kipling', 'Kipling rudyard', 'Rudy Kipling', 'R Kipling', 'Kipling', 'Kipling, Joseph Rudyard', 'Kiplingian', 'R. Kipling', 'Ruyard Kipling', 'RUDYARD KIPLING', 'Kipling Society', 'Bard of Empire', 'Rudyard Kipling (author)']"," Rudyard Kipling?s son was killed in World War I, events depicted in the TV film called My Boy Jack.",0.21118387579917908,1,0,1
7063,"Answer the question concisely. Q: An orrery, popular in the 13th and 19th centuries, was a model of what? A:","['Inner Solar System', 'Middle solar system', 'Inner planet', 'Solar-system', 'System, solar', 'Solar system.', 'Solarsystem', 'Terran System', 'Solor System', 'Inner solar system', 'Sol System', ""Solar System's"", 'Sola system', 'Eight planets', 'Inner Planet', 'Nine planets', 'Solar System (planetary)', 'Outer Solar System', 'Solar System', 'Solsys', 'Outer solar system', 'Solsector', 'The Solar System', 'The solar system', 'Solar system', 'Inner planets', 'Sol system']", The solar system.,0.8842602968215942,0,0,0
7069,Answer the question concisely. Q: What is the name of the cartoon cat that is always chasing Tweety Pie? A:,"['Sylvester', 'Sylvester (name)']", Sylvester.,0.6309256553649902,0,0,0
7074,Answer the question concisely. Q: Once the longest street in the world Yonge (pronounced Young) Street has its southern end in which city? The ice hockey Hall of Fame stands on a corner with Front Street. A:,"['Torontonians', 'City of Toronto, Ontario', 'Issues in Toronto, Ontario', 'Toronto, ON', 'Toronto (Canada)', 'Toronto, On', 'The big tee oh', 'Toronto, Ontario Part 2', 'Torontonian', 'Trawna', 'Tornonto, Ont.', 'Issues of Toronto', 'Toronto, Ontario, Canada', 'Torotno', 'Toronto Municipality, Ontario', 'Toronto Canada', 'Torontorian', 'Toronto Division', 'Toronto, ontario Part 2', 'Toronto', 'Toronto (Ont.)', 'The big to', 'Tdot', 'Toironto', 'Toronto List of MPs and MPPs', 'List of Toronto MPs and MPPs', 'Toronto, Canada', 'Highways within Greater Toronto Area', 'Toronto, Ontario.', 'The weather in Toronto', 'List of City of Toronto Issues', 'Accordion City', 'City of Toronto', 'Toronto, Canada.', 'Toronto, Ont.', 'Toronto, CA', 'UN/LOCODE:CATOR', 'Toronto Ontario', 'Toronto (ON)', 'History of crime in Toronto', 'Toronto, Ontario']", Toronto.,0.6824468374252319,0,0,0
7091,Answer the question concisely. Q: Who invented the telescope in 1608? A:,"['Hans Lipperhey', 'Johannes Lippershey', 'Johann Lippershey', 'Hans Lippershey', 'HANS LIPPERSHEY', 'Hans lippershey telescope']", Hans Lippershey.,0.8539747595787048,0,0,0
7097,"Answer the question concisely. Q: What was the first name of the father of Isambard Kingdom Brunel, a French engineer who moved to England and constructed the Thames Tunnel? A:","['Marc (disambiguation)', 'MARC (disambiguation)', 'Marc', 'MARC']", Marc Isambard Brunel.,0.21342302858829498,1,1,1
7100,Answer the question concisely. Q: Who was the choreographer of the dance troupe Hot Gossip? A:,"['Arlene Philips', 'Arlene Phillips']"," Hot Gossip was a dance troupe that was formed in the 1970s and was known for its energetic and provocative performances. The choreographer of the troupe was Arlene Phillips, who is a renowned British choreographer and dancer. She is known for her work in the music industry, having choreographed for",0.3163209557533264,1,0,0
7104,"Answer the question concisely. Q: Which indoor sport includes a side wall, front wall, and a tin? A:","['Squash (disambiguation)', 'Squash', 'Squashes']", Squash.,0.853885293006897,0,0,0
7116,Answer the question concisely. Q: America's People magazine named which actress as the World's Most Beautiful Woman in 2013? She plays Pepper Potts in the Iron Man series of films. A:,"['Gwynyth Paltrow', 'Gwneth Paltrow', 'Gwyneth Paltro', 'Gwynnyth Paltrow', 'Apple Blythe Alison Martin', 'Gwyneth paltrow', 'Gwenneth Paltrow', 'Gwenyth Paltrow', 'Gwyneth K. Paltrow', 'Gwyneth K Paltrow', 'Gweneth Paltrow', 'Goop.com', 'Gwennyth Paltrow', 'Gwyneth Kate Paltrow', 'Gwyneth Paltrow', 'Apple Martin', 'Gwynneth Paltrow']", Scarlett Joh,0.23160865902900696,1,1,1
7125,"Answer the question concisely. Q: Which racehorse, unbeaten in 14 races, won an unprecedented 9 consecutive Group One races including the 2,000 Guineas in 2011 and is the highest ever rated by Timeform? A:","['Frankel', 'Franckel']", Frankel.,0.7998210191726685,0,0,0
7130,Answer the question concisely. Q: The greatest confirmed age for any living creature is for a species of quahog (pronounced ko-hog) at over 500 years old. What is the common name for this species of creature? A:,"['Clams', 'Clam Capital of the World', 'Clam']",,0.13492833077907562,1,1,1
7141,Answer the question concisely. Q: Who won the .1995 Best Actress Oscar for her role as Sister Helen Prejean in the film `Dead Man Walking'? A:,"['Susan Abigail Sarandon', 'Susan Abigail Tomalin', 'SUSAN SARANDON', 'Susan Sarandon']", Susan Sarandon.,0.8852150440216064,0,0,0
7146,"Answer the question concisely. Q: ""Which US pop group had a 1979 UK No.1 single hit with """"When You're in Love with a Beautiful Woman""""?"" A:","['Doctor Hook', 'Dr. Hook and the Medicine Show', 'Dr. Hook & The Medicine Show', 'DR HOOK', 'John Wolters (drummer)', 'Dr hook, acapulco goldie', 'Willard Henke', 'Dr Hook', 'Dr Hook and the Medicine Show', 'Acapulco Goldie', 'Dr. Hook', 'Dr. Hook & the Medicine Show', 'John Wolters (musician)', 'Rik Elswit']"," ""Dr Hook & The Medicine Show""",0.8197900056838989,0,0,0
7147,"Answer the question concisely. Q: ""Who according to the Book of Genesis was described as """"A mighty hunter before the Lord""""?"" A:","['Nimrod (computing)', 'NIMROD']"," ""Noah""",0.3120417892932892,1,1,1
7163,Answer the question concisely. Q: Where did the first battle of the English Civil War take place? A:,"['Edghill', 'Edgehill (disambiguation)', 'Edgehill']", The first battle of the English Civil War took place at Edgehill in Warwickshire.,0.25426214933395386,1,0,0
7202,"Answer the question concisely. Q: ""Which character did Robert De Niro portray in the film """"Taxi Driver"""""" A:","['Travis bickle', 'Travis Bickle']", Travis Bickle.,0.854390025138855,0,0,0
7213,Answer the question concisely. Q: Which vitamin is also known as Niacin or Nicotinic Acid? A:,"['B.III', 'B III', 'B3 (disambiguation)', 'B.3', 'B 3', 'B-3', 'B03', 'B3 road', 'B3']", Vitamin B3.,0.4646332263946533,1,0,1
7216,"Answer the question concisely. Q: in which US State is the Chambers Bay Course, the venue for the 2015 US Open Golf Championship? A:","['Washington (Amtrak station)', 'Washington College (disambiguation)', 'Washington, United States', 'Washington, USA', 'Washington University (disambiguation)', 'Washington', 'Washington (CTA)', 'Washington (CTA) (disambiguation)', 'Washington, United States (disambiguation)', 'Washington, U.S.', 'Washington (disambiguation)']", Washington.,0.5757272839546204,0,0,0
7226,Answer the question concisely. Q: Whose third symphony is also called his ‘organ symphony’? A:,"['Charles Saint-Saens', 'Charles-Camille Saint-Saens', 'Charles Camille Saint Saëns', 'Camille Saint-Saens', 'Saint-Saens', 'Saint Saëns', 'Saint Saens', 'Camille Saint-Saēns', 'Charles Camille Saint Saens', 'Charles Camille Saint-Saëns', 'Charles Camille Saint-Saens', 'Charles-Camille Saint-Saëns', 'Camille Saint Saens', 'Saint seans', 'Camile Saint-Saens', 'Camille Saint Saëns', 'Saint-Saëns', 'Camille Saint-Säens', 'Camille Saint-Saéns', 'Camille Saint-Saeens', 'Camille Saint-Saëns', 'Saint Saen', 'Saint-saens']", Anton Bruckner.,0.11313840746879578,1,1,1
7231,Answer the question concisely. Q: Katherine Yiner is editor of which daily newspaper? A:,"['The Guardians (film)', 'Guardian', 'Guardian (disambiguation)', 'The Guardian (disambiguation)', 'The Guardian (movie)', 'Gaurdian', 'The Guardians (disambiguation)', 'Guardians', 'The Guardians', 'The Guardian (film)']", The Daily News.,0.26700258255004883,1,1,1
7232,Answer the question concisely. Q: What is measured by a Hygrometer? A:,"['Humid', 'Specific Humidity', 'Humidity', 'Specific humidity', 'Air humidity', 'Moisture ratio', 'Absolute humidity', 'Hygric', 'Sultry', 'Absolute Humidity']", The relative humidity of the air.,0.5838602781295776,0,1,1
7237,Answer the question concisely. Q: How many vertices (ie corners) are there on an octahedron? A:,"['SIX', 'six', '6']", 8.,0.1372728943824768,1,1,1
7250,"Answer the question concisely. Q: ""Which film ends with the line 'Kevin, what did you do to my room""""?"" A:","['Home Alone House', 'HOME ALONE', 'Wet Bandits', 'Home alone', 'Home alone family fun edition', 'Kenosha Kickers', 'Home Alone 1', 'Home Alone (movie)', 'Screams with his hands on his face', 'Gus Polinski', 'Harry and Marv', 'Marv and Vera', 'Angels with Filthy Souls', 'Home Alone (film)', 'Home Alone', 'Marv Merchants']"," ""The Breakfast Club.""",0.27732932567596436,1,1,1
7253,Answer the question concisely. Q: Which English artist painted several views of Salisbury Cathedral in the early 19th century? A:,"['J Constable', 'JOHN CONSTABLE', 'John Constable']", John Constable.,0.8517156839370728,0,0,0
7267,"Answer the question concisely. Q: ""Which fashion designer popularised the mini skirt and ran a Chelsea boutique called """"Bazaar""""?"" A:","['Mary Quant Cosmetics', 'Mary Quant']", Mary Quant.,0.8797916173934937,0,0,0
7271,"Answer the question concisely. Q: In the book of Genesis, Chapter 8, verse 11, when the dove returned to Noah's ark, what was it carrying in its beak? A:","['Olive leaf extract', 'Olive Leaf Extract', 'Oliveleaves', 'Olive leaf', 'Olive-leaves', 'Olive-leaf', 'Oliveleaf', 'An olive leaf', 'Olive leaves', 'Olive Leaf']", An olive branch.,0.5547716617584229,0,1,1
7272,Answer the question concisely. Q: What courtesy title is held by the heir to the Marquis of Bath? A:,"['Viscount Weymouth', 'The Viscount Weymouth', 'Marquis of Bath', 'Baron Thynne', 'Thynne baronets', 'Thynne Baronets', 'Lord Bath', 'Lord Weymouth', 'Marquess of Bath']", Lord.,0.21756942570209503,1,1,1
7285,Answer the question concisely. Q: Which British Prime Minister served the constituencies of Limehouse and Walthamstow West? A:,"['Premiership of Clement Attlee', '1st Earl Attlee', 'Clement Richard Attlee, 1st Earl Attlee', 'Attlee', 'Clement Attlee', 'Clement Richard Attlee', 'C.R. Attlee', 'Clement Richard Atlee', 'Clement Richard Attlee, 1st Earl Attlee of Walthamstow, Viscount Prestwood', 'C. R. Attlee', 'Clem Atlee', 'Clem Attlee', 'Clement Attlee, 1st Earl Attlee', 'Clement Atlee', 'Sir Clement Richard Attlee 1st Earl Attlee', 'Clement R. Attlee']", Clement Attlee.,0.8566972017288208,0,0,0
7309,Answer the question concisely. Q: Who was the architect of Marble Arch? A:,"['John nash', 'JOHN NASH', 'John Nash', 'John Nash (disambiguation)', 'Johnny Nash (disambiguation)', 'Nash, John']", John Nash.,0.830165445804596,0,0,0
7314,Answer the question concisely. Q: Name the capital city of the Canadian Province of British Columbia? A:,"['CIVI-TV', 'A Victoria', 'A-Channel Vancouver Island', 'A-Victoria', 'CTV Two Vancouver Island', 'A-Channel Victoria', 'CIVI-DT-2', 'VICTORIA', 'CTV Vancouver Island', 'A Vancouver Island', ""'A' Vancouver"", '%22A%22 Vancouver', '%22A%22 Vancouver Island', ""'A' Vancouver Island"", 'CIVI-DT', 'The New VI', 'CTV Two Victoria', ""'A' Victoria"", 'CIVI', '%22A%22 Victoria']", Victoria.,0.4464828372001648,1,0,0
7359,Answer the question concisely. Q: The second largest town or city of which country is Esch-sur-Alzette? A:,"['Luxemborg', 'Luxumburg', 'Lexenburg', 'State of Luxembourg', 'Luxemburg', 'Groussherzogtum Letzebuerg', 'Grossherzogtum Luxemburg', 'Grand Duchy of Luxembourg', 'LUXEMBOURG', 'Lëtzebuerg', 'LuxemburG', 'County, Duchy and Grand Duchy of Luxembourg', 'Grand-Duche de Luxembourg', 'Grand-Duché de Luxembourg', 'ISO 3166-1:LU', 'Luxembourg', 'Luxemburger', 'Luxembourg (country)', 'Health in Luxembourg', 'Großherzogtum Luxemburg', 'Grand-Duchy of Luxembourg', 'Lussemburgo', 'Luxemberg', 'Luxembourgh', 'Groussherzogtum Lëtzebuerg', 'Country Luxembourg', 'Lexumbourg', 'Letzebuerg', 'Grand Duchy of Luxemburg']", Luxembourg.,0.556874692440033,0,0,0
7378,"Answer the question concisely. Q: According to the Bible, which was the only one of the twelve disciples who was actually present at the foot of the Cross as Jesus was crucified? A:","['Saint John', 'Sinjin', 'Saint John (city)', 'Saint John (disambiguation)', 'St. John', 'Sint Jan', 'St John', 'St john (disambiguation)', 'St. Jan', 'St.John']", John.,0.569922924041748,0,1,0
7379,Answer the question concisely. Q: In which country would you find the temple of Angkor Wat? A:,"['Srok khmer', 'Kingdom of Cambodia (1993-present)', 'Cambodia', 'Preah Reach Ana Pak', 'Preah Reach Ana Pak Kampuchea', 'Etymology of Cambodia', 'Preah Reacheanachakr Kampuchea', 'ISO 3166-1:KH', 'Cambodge', 'Kambodia', 'Kingdom of Cambodia', 'Kingdom of Kâmpŭchea', 'កម្ពុជា', 'CAMBODIA', 'Campuchea', 'Preăh Réachéanachâkr Kâmpŭchea', 'Preăh Réachéa Nachâk Kâmpŭchea', 'Kâmpuchea', 'Cambodja', 'Preăh Réachéanachâk Kâmpŭchéa', 'ព្រះរាជាណាចក្រកម្ពុជា', 'Kampuchea', 'Kingdom of Kampuchea', 'Kâmpŭchea', 'Preahreacheanachakr Kampuchea']", Cambodia.,0.678987979888916,0,0,0
7380,Answer the question concisely. Q: Lady Jane Grey was the great grand-daughter of which English king? A:,"['Solomon of England', 'Henry VII, of England', 'King Henry VII of England', 'Henry VII Tudor', 'Henry VII (of England)', 'Henry Tudor, Earl of Richmond', 'Harri Tudur', 'Henry, Earl of Richmond', 'Henry of Richmond', ""Henri VII d'Angleterre"", 'King Henry VII', 'HENRY VII', 'Henry VII (England)', 'Henry VII of England', 'Henry VII, King of England', 'Henry Vii']", Henry VII.,0.6467610001564026,0,0,0
7398,Answer the question concisely. Q: What was the name of David Bowie’s final album released two days before his death? A:,"['BLACKSTAR', 'Blackstar (TV series)', 'BlackStar', 'Powerstar']", Blackstar.,0.7000174522399902,0,0,0
7413,Answer the question concisely. Q: Which fruit is also known as the alligator pear? A:,"['Avocado pear', 'Alligator pear', 'Persea gratissima', 'Avacado', 'Advocado', 'Avacada', 'Avocado criollo', 'Avocado', 'Avocado Cultivation in California', 'Butter fruit', 'Avokado', 'Persea americana', 'Fuerte avocado', 'Avocardo', 'Avacado pit', 'Avocados', 'Avocodo', 'Alligator Pear']", Avocado.,0.8772208094596863,0,0,0
7433,"Answer the question concisely. Q: Typically worn in rural areas while hunting, what type of hat became a stereotypical head wear of a detective because of its association with Sherlock Holmes? A:","['Deer-stalkers', 'Deer stalker caps', 'Deerstalker', 'Deerstalker hats', 'Deerstalkers', 'Deer-stalker hat', 'Deer-stalker hats', 'Deer-stalker', 'Deer-stalker caps', 'Deer stalker cap', 'Deerstalker hat', 'Deerstalker caps', 'Deer stalker', 'Deer stalkers', 'Deer stalker hat', 'Deerstalker Hat', 'Deer stalker hats', 'Deerstalker cap', 'Deerstlaker', 'Deer-stalker cap']", Deerstalker,0.9075067639350891,0,0,0
7436,Answer the question concisely. Q: What product invented by Frederick Walton in 1864 became so widely used and 'stepped on' that the name became generic just 14 years after its invention? A:,"['Lynolium', 'Linoleum', 'Marmoleum', 'Linolium']", Linoleum.,0.8870282173156738,0,0,0
7449,"Answer the question concisely. Q: ""In a 2007 interview, which actor 'animatedly' bemoaned """"I hate that cat! Ever since I did that cat, I disappear. It's all about the cat. It stole everything from me.""""?"" A:","['Antonio banderas', 'Jose Antonio Dominguez Bandera', 'Filmography of Antonio Banderas', 'José Antonio Domínguez Bandera', 'Tony Flags', 'Jose Bandera', 'José Bandera', 'Antonio Banderas', 'José Antonio Domínguez Banderas']"," ""Tom Hanks, who voiced the cat in the animated film 'The Cat in the Hat'""",0.17535865306854248,1,1,1
7462,"Answer the question concisely. Q: Whose summer residence is at Lake Gandalfo, a small town south-east of Rome? A:","['List of Vatican monarchs', 'African popes', 'List of Roman Catholic popes by nationality', 'List of popes', 'German pope', 'List of German popes', 'List of popes by nationality', 'List of Popes', 'List of Bishops of Rome', 'List of the popes', ""Pope's"", 'Recent pope', 'List of Popes by nationality', 'List of Popes of Rome', 'Popes by nationality', 'Popes', 'List of bishops of Rome', 'Timeline of the Papacy', 'List of Syrian popes', 'List of Catholic popes', 'List of Roman Catholic Popes', 'Recent Pope', 'List of popes of Rome', 'Syrian popes']", The Pope's.,0.610805869102478,0,0,0
7466,Answer the question concisely. Q: The Frenchman Jean Robert-Houdin (1805-1871) is credited with formalizing what form of entertainment? A:,"['Magikal', 'Magical powers', 'The Magic (disambiguation)', 'Magical record', 'Magick (song)', 'Magick (disambiguation)', 'Magick', 'The Magic', 'Magic', 'Magickal', '%22magicaly%22', 'Magic (movie)', 'Magic (album)', 'Magicaly', 'Magic (disambiguation)', 'Magic (song)', 'MAGIC', 'Magic FM', 'Majick', 'Magic (film)', 'Magically', 'Magiks', 'Magic powers', 'Magick (single)', 'Low magic']", Magic.,0.5966137051582336,0,0,0
7467,Answer the question concisely. Q: The infamous drug cartel run by Pablo Escobar through the 1970s and 1980s takes its name from which Columbian city? A:,"['Medillan', 'Medellin (Colombia)', 'Medellin', 'Medellín', 'Medellin, Colombia', 'Medillin', 'Medellín (Colombia)', 'Medllin', 'Medellin, Antioquia', 'Medllín', 'Medellín, Antioquia', 'Medelin', 'Medallo', 'Medellín, Colombia', 'UN/LOCODE:COMDE']", Medellin.,0.8700346350669861,0,0,0
7469,"Answer the question concisely. Q: What are Cohíba, Hoyo de Monterrey, Montecristo, Partagás, Romeo y Julieta and Quintero? A:","['Parejo', 'Panatela', 'Cigars', 'Winston churchill (cigar)', 'Panetela', 'Panetella', 'Cuban cigars', 'Cuban cigar', 'Cigar', 'Panatella', 'Small cigar', 'Candela (tobacco)', 'Oscuro', 'Robusto', 'Little cigar', 'Stog', 'Cuban Cigars', 'Cigar maker', 'Stogies']", The six brands of Habanos S.A. that are available in the United States.,0.165738046169281,1,1,1
7470,"Answer the question concisely. Q: If you are standing at Tanjung Piai, the southernmost point of mainland Asia, you can see the skyline of what country across a strait? A:","['Singapore City (disambiguation)', 'Singapore basic facts', '新加坡共和国', 'Singy', 'Statistics of Singapore', 'Cingkappur', 'Cingkappur Kudiyaracu', 'Republic of Singapore', 'UN/LOCODE:SGSIN', 'Capital of Singapore', ""S'porean"", 'Xīnjiāpō Gònghéguó', 'Singapore (Country)', 'Asia/Singapore', 'Singapore as a regional and global hub', 'Singapore', 'Light of the South', 'Republik Singapura', 'Singapore Kudiyarasu', 'Republic Of Singapore', 'சிங்கப்பூர் குடியரசு', ""S'pore"", 'Singapore, Singapore', 'SG100', 'சிங்கப்பூர்', 'Xinjiapo Gongheguo', ""Hsin-chia-p'o Kung-ho-kuo"", 'Singa Pura', 'Sing a pore', ""Hsin-chia-p'o"", 'Singapor', 'Xinjiapo', 'HUB in a Singapore context', 'The Manchester of the East', 'ISO 3166-1:SG', 'Xin Jia Po', 'Xinjiapo Gònghégúo', 'City of Singapore', 'Singapour', 'Lion City', 'Etymology of Singapore', 'SINGAPORE', 'Xīnjiāpō', 'Sinjiapo', '新加坡', '新加坡共和國', 'Signapore', 'Singpore', 'Singapore City', 'Manchester of the East']", Singapore.,0.679007351398468,0,0,0
7481,Answer the question concisely. Q: Mohenjo-daro and Harappa in present-day Pakistan were the most important city settlements of a Bronze Age civilization that is named after what major geographic feature? A:,"['Lion River', 'Sindhu', 'Indus Valley', 'حندو', 'सिन्धु', 'Abasin', 'Satnad River', 'Indus River', 'Sindhu River', 'Indus River Basin', 'Shindhu', 'Indus river', 'Yìndù', 'Father of Rivers', 'Abbasin', 'سندھ', 'Satnad', 'Abaseen', 'Indus basin', 'Indus River Valley', 'River Sindhu', 'Indus', 'سنڌو', 'River Indus', 'River Sindh', 'Indus valley', 'Abasyn', 'Riv. Indus', 'Indos', 'Ινδός', 'Sinthos', 'ّآباسن']", Indus River Valley,0.9195495843887329,0,0,0
7487,"Answer the question concisely. Q: A 'triskelion', a symbol consisting of three bent human legs is featured on the flag of which British crown dependency? A:","['Man Island', 'Isle Of Man', 'Cuisine of the Isle of Man', ""'Queens Commissioner-Barrantagh y Benrein'"", 'ISLE OF MAN', 'ISO 3166-1:IM', 'The Isle of Man', 'Name of the Isle of Man', 'Mannin', 'Monapia', ""'Queen's Commissioner-Barrantagh y Benrein'"", 'Ynys Manaw', 'Isle of Sam', 'Census Act 1929', 'The Isle Of Man', 'Isle of Man/Transnational issues', 'Isle of Man/Military', 'Islam in the Isle of Man', 'Isle of man', 'Monaoeda', 'Manx (mythology)', 'Isle of Mann', 'Island of Man', 'Protestantism in the Isle of Man', 'Isle of Man/History', 'Military of the Isle of Man', 'Census in the Isle of Man', 'Religion in the Isle of Man', ""'Queen's Commissioner-Barrantagh ny Benrein'"", 'I of M', 'Man, Isle of', 'Isle of Man', 'Europe/Isle of Man']", The Isle of Man.,0.8858031034469604,0,0,0
7489,Answer the question concisely. Q: The flag of which country prominently features 'The Eagle of Saladin' holding a scroll bearing the name of the country in Arabic? A:,"['EGY', 'Arab Republic of Egypt', 'A .R . EGYPT', 'The Arab Republic of Egypt', 'Eygpt', 'Etymology of Egypt', 'مصر', 'Kemmet', 'Gift of the Nile', 'Arab Republic Of Egypt', 'Names of Egypt', 'Miṣr', 'A .R . Egypt', 'Eytp', 'National identity of Egyptians', ""Jumhuriyat Misr al'Arabiyah"", 'Eypt', 'Egyptian Republic', 'Ejipt', 'Name of Egypt', 'Egipto', 'Kimet', 'جمهوريّة مصرالعربيّة', 'Egypte', 'Egypt (name)', 'Egypt', 'جمهورية مصرالعربية', 'A.R. Egypt', 'Republic of Eygpt', 'Égypte', 'Second Egyptian Republic', 'Egipt', 'ISO 3166-1:EG', 'Egypt info']",,0.23283395171165466,1,1,1
7520,Answer the question concisely. Q: What is the name of the coronation anthem composed by Handel using texts from the King James Bible that has been sung at every British coronation service since 1727? A:,"['Zadok The Priest', 'Zadok the Priest', '""""""Zadok the Priest""""""', 'Zadoc the Priest', 'Zadok the priest']", Zadok the Priest.,0.9027937650680542,0,0,0
7524,"Answer the question concisely. Q: ""'The Doors' generated a controversy with the single """"Hello, I Love You"""" in 1968 when the press pointed out it's resemblance to the 1965 hit """"All Day and All of the Night"""" of which band?"" A:","['The Kinks', 'John Gosling (The Kinks musician)', 'Gordon John Edwards', 'The Ray Davies Quartet', 'Kinks', 'The Kinks (band)', 'Kinks, The']", The K,0.4463878870010376,1,1,0
7530,Answer the question concisely. Q: The bitter 19th century rivalry between paleontologists Edward Drinker Cope and Othniel Charles Marsh during their search for dinosaur fossils is usually described with what 2-words? A:,"['Bone Wars', 'The Bone Wars', 'Bone wars', 'Dinosaur Wars']", The Bone Wars.,0.8693132400512695,0,0,0
7545,"Answer the question concisely. Q: Though it is the most abundant metallic element in Earth's crust, which element is very rare in its free form and once prompted Napoleon III, Emperor of France to give a banquet where the most honoured guests were given utensils made of it while the 'lesser' guests had to make do with gold! A:","['Aluminum granules', 'Aluminium production', 'Aluminium Substratum', 'Alumen', '7429-90-5', 'Aluminium poisoning', 'Alumnium', 'Aluminium(metal)', 'Alliminuim', 'Aluminum compounds', 'Alumine', 'Billet aluminium', 'Aluminium(II)', 'Billeted aluminum', 'Alumino', 'Alumium', 'Aluminum', 'AIuminum', 'E173', 'Super Purity Aluminium', 'Aluminium', 'Aliuminium', 'Alumen projection', 'Super purity aluminum', 'Element 13', 'Aluminium substratum', 'Aluminium (element)', 'Al (element)', 'Alluminum']",,0.16266342997550964,1,1,1
7561,Answer the question concisely. Q: From which fruit is Slivovitz made? A:,"['Prunus subg. Prunus', 'Culture of plum', 'PLUMS', 'Plum', 'Plum tree', 'Alubukhara', 'Prunello', 'Plums', 'Gages', 'Plum (botany)']", Plum.,0.6626887917518616,0,0,0
7564,"Answer the question concisely. Q: Which 590 mile long river rises on France's 'Langres Plateau', enters Belgium at Givet, then flows across that country to Holland and thence to the North Sea? A:","['Meuse, France', 'Meuse department', 'Meuse (department)', 'MEUSE', 'Meuse (département)', 'Meuse (departement)', 'Department of Meuse', 'Meuse']", The Meuse.,0.4122542142868042,1,0,0
7567,Answer the question concisely. Q: Which car manufacturer made models called 'Ensign' and 'Vanguard'? A:,"['The Standard', 'The Standard (disambiguation)', 'STANDARD']", Rover.,0.04164707660675049,1,1,1
7569,Answer the question concisely. Q: Who was European Footballer of the Year for 1973 and 1974? A:,"['Hendrik Johannes Cruijff', 'Johann Cryuff', 'Johannes Cruijff', 'Johann Cruijff', 'JOHANN CRUYFF', 'Johan Cruijff', 'Cruyff', 'Hendrik Cruijff', 'Johan Cruyff', 'Hendrik Johannes Cruyff', 'Cruijff', 'Johann Cruyff', 'Johannes Cruyff', 'Hendrik Cruyff']", Johan Cruyff.,0.8735857009887695,0,0,0
7591,Answer the question concisely. Q: Which Prime Minister created the first Life Peerages? A:,"['Harold Macmillan, Earl of Stockton', 'HAROLD MACMILLAN', 'Maurice Harold Macmillan, 1st Earl of Stockton', 'Lord Stockton', 'Harold McMillan', 'Harold Macmillan, 1st Earl of Stockton', 'Harold mac', 'Harold MacMillan, 1st Earl of Stockton', 'Harold MacMillan', ""You've never had it so good"", '1st earl of Stockton', 'Harold Macmillan', 'Maurice Harold Macmillan', 'The Rt. Hon. The Lord Stockton', 'Harold McMillian']", Harold Macmillan.,0.8491926193237305,0,0,0
7602,Answer the question concisely. Q: Two counties in the Irish province of Munster begin with the letter C. One is Cork. Name the other. A:,"['CLARE', 'The Clare', 'The Clare at Water Tower', 'The Clare @ Water Tower']", Clare.,0.4332728981971741,1,0,0
7615,"Answer the question concisely. Q: Which 19th century king sired ten illegitimate children, by the Irish comedienne, Dorothea Jordan? A:","['William IV (disambiguation)', 'Wilhelm IV', 'William iv', 'WILLIAM IV', 'William 4', 'William IV', 'William Iv']", George IV.,0.4733511805534363,1,1,1
7628,Answer the question concisely. Q: What is the name of the Welsh television producer and writer who created 'Torchwood'? A:,"['Stephen Russell Davies', 'Russel T. Davies', ""Doctor Who: The Writer's Tale"", 'Russell T. Davis', 'Russell T Davis', ""The Writer's Tale"", 'Russell T. Davies', 'Russell T. Davies, OBE', 'RUSSELL T. DAVIES', 'Russell T Davies']", Russell T Davies.,0.8840331435203552,0,0,0
7632,"Answer the question concisely. Q: Prior to Gordon Brown, who was the last British Prime Minister to represent a Scottish constituency? A:","['Alec Douglas-Home', 'Alex Douglas-Home', 'Alexander Douglas-Home, 14th Earl of Home', 'Douglas-home', 'Sir Alexander Douglas-Home', 'Alec Douglas-Home, 14th Earl of Home', 'Alexander Frederick Douglas-Home', 'Sir Alec Douglas-Home', 'Douglas home', 'ALEC DOUGLAS-HOME', 'Douglas-Home', '14th Earl of Home', 'Sir Alec Douglas Home', 'Baron Home of The Hirsel', 'Alexander Frederick Douglas-Home, Baron Home of the Hirsel of Coldstream', 'Alexander Douglas-Home, Baron Home of the Hirsel', 'Alexander Frederick, Sir Douglas-Home', 'Douglas Home', 'Home, 14th earl of', 'Alexander Frederick Douglas-Home, Baron Home of the Hirsel', 'Alexander Douglas-Home', 'Sir Alec Douglas-Home (The Earl of Home)', 'Shadow Cabinet of Alec Douglas-Home', '14th earl of Home', 'Alec Douglas Home', 'Baillie Vass', 'Diana Douglas-Home Wolfe-Murray', 'Lord Home of the Hirsel', 'Baron Home of the Hirsel']"," James Callaghan, who was MP for Cardiff South and Penarth from 1945 to 1987.",0.15583044290542603,1,1,1
7638,Answer the question concisely. Q: Pipistrellus is a genus of which mammal? A:,"['BAT', 'BAT (disambiguation)']", bat.,0.09853987395763397,1,0,0
7646,Answer the question concisely. Q: Who was Prime Minister of China from 1949 to 1976? A:,"['Chao En-Lai', 'Chao En Lai', 'Zhou En-Lai', 'En Lai Chou', 'Premier Zhou Enlai', 'Enlai Zhou', 'Zhou en lai', 'Chou En-lai', 'Zhou En-lai', '周恩來', 'Chou En Lai', 'Chou En Laï', 'Jhou Enlai', 'Chou En-Lai', 'Chou En-Laï', 'Zhou Enlai', '周恩来', 'Chou en Lai', 'CHOU EN LAI', 'Zhou En Lai', 'Zhou Enlái', 'Premier Zhou', 'Chou Enlai', 'Chou-en Lai']", Mao Zedong.,0.34452855587005615,1,1,1
7648,"Answer the question concisely. Q: Who together with Vince Clarke, formed the pop duo 'Yazoo'? A:","['Alf Moyet', 'Alison Moyet', 'Alison moyet', 'Allison Moyet', 'ALISON MOYET']", Alison Moyet.,0.8454419374465942,0,0,0
7660,Answer the question concisely. Q: In which capital city are the Tivoli gardens? A:,"['København, Denmark', 'K-Town, Copenhagen', 'UN/LOCODE:DKCPH', 'Copenhagen, Denmark', 'Koepenhamn', 'K-Town Hardcore', 'Capital of Denmark', 'Ktown Hardcore', 'Copenhague', 'Kaupmannahöfn', 'Kaupmannahofn', 'Kopenhamn', 'Koebenhavn', 'K Town Hardcore', 'Köpenhamn', 'COPENHAGEN', 'Kopenhagen', 'København', 'Hafnia (Latin)', 'Kjøbenhavn', 'K Town punk', 'Kobenhavn', 'Copenhagen (Denmark)', 'K-Town punk', 'Copenhagen', 'DKCPH']", Copenhagen.,0.6422125697135925,0,0,0
7667,"Answer the question concisely. Q: ""Which Latin legal term means """"You should have the body""""?"" A:","['Writ of habeas corpus', 'Habeas corpus ad deliberandum et recipiendum', 'Hábeas corpus', 'Habeas corpus ad respondendum', 'Writ of habeus corpus', 'HABEUS CORPUS', '28 U.S.C. SS 2254', 'Habeas corpus ad satisfaciendum', 'Habeus corpus', 'Habeas', 'Habeas corpus', 'Habeaus corpus', 'Criminal Procedure Act 1701', 'Habaes Corpus', 'Great Writ', 'Habeas corpus ad prosequendum', 'Habeas corpus ad faciendum et recipiendum', 'Writ of Habeas Corpus', 'Habeus Corpus', 'Habeas relief', 'Writ of Habeus Corpus', 'Habius corpus', 'Habeas corpus ad testificandum', '28 U.S.C. § 2254', 'Habeas corpus ad subjiciendum', 'Habeous corpus', 'Great writ', 'Act for preventing wrongful imprisonment and against undue delays in trials', 'Writ Of Habeas Corpus', 'Habeas corpus cum causa', 'Habeas corpus petition', 'The writ of habeas corpus', 'Habeas Corpus', 'Habeas petition', 'Habeous Corpus']"," ""Corpus delicti.""",0.39334821701049805,1,1,1
7671,"Answer the question concisely. Q: Who became the first BDO Women's World Darts Champion in 2001, winning her sixth world title in January 2006? A:","['Catrina Gulliver', 'TRINA GULLIVER', 'Trina Gulliver']", Trina Gulliver.,0.9216160178184509,0,0,0
7672,Answer the question concisely. Q: Which group recorded the 1976 album 'Rastaman Vibration'? A:,"['Bob Marley and the Wailers (band)', 'Wailing Wailers', 'The Wailers (reggae band)', 'Bob Marley & the Wailers', 'The Wailers (1963−1974 band)', 'The Wailers', 'Bob Marley & The Wailers', 'The Wailers (reggae)', 'The Wailing Rudeboys', 'Bob Marley and the Wailers', 'Wailers', 'The Wailers (1963-1974 band)', 'Bob Marley and The Whalers', 'Bob Marley and The Wailers', 'The Wailers (1963–1974 band)', 'Wailing Rudeboys', 'BOB MARLEY & THE WAILERS']", Bob Marley and the Wailers.,0.896794319152832,0,0,0
7676,"Answer the question concisely. Q: Which hymn, based on Psalm 90, by Isaac Watts to a tune by William Croft, is particularly associated with Rememberance Sunday? A:","['Our God, Our Help in Ages Past', ""'OH GOD OUR HELP IN AGES PAST'"", 'O God Our Help In Ages Past', 'O God, Our Help in Ages Past', 'O God Our Help in Ages Past', 'Oh God our help in ages past']"," O God, our help in ages past.",0.8030638694763184,0,0,0
7684,Answer the question concisely. Q: Who founded the 'Quakers' in the 17th century? A:,"['George Fox', 'GEORGE FOX', 'Fox, George']", George Fox.,0.8153917789459229,0,0,0
7688,Answer the question concisely. Q: In which city was Michael Jackson born? A:,"['Gary Indiana', 'GARY, Indiana']"," Gary, Indiana.",0.7019699215888977,0,0,0
7694,"Answer the question concisely. Q: Christina Kirchner was elected as the first female President of which South American country, in 2007? A:","['Arxintina', 'Argintina', 'Argentyna', 'آرژانتین', 'República Argentina', 'Land of silver', 'Argentina', 'ארגנטינה', 'Arghantina', 'Republica Argentina', 'Argentine republic', 'Аргентына', 'Nación Argentina', 'Argentinien', 'Nacion Argentina', 'Argie', 'アルゼンチン', 'Airgintín', 'Аржентина', 'Argentína', 'Argentine Republic', 'Argentīna', 'Argentinean', 'Argentiina', 'The Argentine Republic', 'Arxentina', 'Արգենտինա', ""Arc'hantina"", 'ARGENTINA', 'Argies', 'Antonia Merce Y Luque', 'People of Argintina', 'ISO 3166-1:AR', 'Argentinië', 'אַרגענטינע', 'Arjantin', 'अर्जेन्टीना', 'الأرجنتين', 'Argentina Information', 'Republic of Argentina', 'Ariannin', 'Argentina Republic', 'Argentinie', 'Argentinia', 'Airgintin', 'Argjentina']", Argentina.,0.72767174243927,0,0,0
7699,Answer the question concisely. Q: Which English town was awarded city status in March this year? A:,"['Chelmsford, England', 'Chelmsford, United Kingdom', 'Chelmsford,Essex', 'Chelmsford, Essex, UK', 'Beaulieu Park railway station', 'Beaulieu Park rail station', 'Newlands spring', 'Chelmsford, Essex', 'Newlands Spring Primary School', 'The weather in Chelmsford', 'Beaulieu Park train station', 'Beaulieu railway station', 'Municipal Borough of Chelmsford', ""The Bishops' C of E & R C Primary School"", 'CM3 (postcode)', 'Beaulieu rail station', 'Beaulieu station', 'Meadows Shopping Centre', 'CHELMSFORD', 'Beaulieu Park station', 'Beaulieu train station', 'Chelmsford']", Chelmsford.,0.7998085021972656,0,0,0
7704,Answer the question concisely. Q: Whose horse was called Sleipnir? A:,"['Odin (disambiguation)', 'ODIN']", Odin's.,0.24731987714767456,1,0,0
7705,Answer the question concisely. Q: Which word is missing from this music hall song ‘When father papered the ......... You couldn’t see pa for paste’? A:,"['PARLOUR', 'Parlor', 'Parlour']", The word is ‘walls’,0.11064961552619934,1,1,1
7725,Answer the question concisely. Q: Which German city is served by 'Lohausen Airport'? A:,"['Duesseldorf', 'Dusseldorf, Germany', 'UN/LOCODE:DEDUS', 'Duisseldorf', 'DUSSELDORF', 'Düsseldorf', 'Duesseldorp', 'Dusseldorf', 'Düsseldorf, Germany', 'Düsseldorp', 'Duesseldorf, Germany']", Dusseldorf.,0.7777270674705505,0,0,0
7739,Answer the question concisely. Q: Who played the title role in the TV series 'The Rockford Files'? A:,"['James Scott Bumgarner', 'Garner, James', 'James Baumgarner', 'JAMES GARNER', 'James Bumgarner', 'James Garner', 'James garner']", James Garner.,0.8077871799468994,0,0,0
7749,Answer the question concisely. Q: Bishop Abel Muzorewa who died in April was a leading figure in the politics of which African country? A:,"['Zimbabwean cultural practices', 'People of Zimbabwe', 'Zimbabwae', 'Zimbabwean legends', 'Name of Zimbabwe', 'Zimbabwe', 'ISO 3166-1:ZW', 'Health care in Zimbabwe', 'Republic of Zimbabwe', 'Cuisine of Zimbabwe', 'ZWE', 'ZIMBABWE', 'Zimbabwean', 'Republic Zimbabwe', 'Zimbobwe', 'Zimbabwean cuisine', 'Republic Of Zimbabwe', 'Zimbabwei', 'Zimbabwian', 'Etymology of Zimbabwe', 'Chimpabwe', 'Zimbawean']", Zimbabwe.,0.7340055704116821,0,0,0
7756,Answer the question concisely. Q: Which African island is named in honour of the saint upon whose feast day the island was discovered in 1471? A:,"['São Tome', 'São Tomé (city)', 'Sao Tome, Sao Tome and Principe', 'S. Tome', 'S. Tomé', 'São Tomé', 'SAO TOME', 'São Tomé, São Tomé and Principe', 'Sao Tome', 'Sao Tomé', 'Sāo Tomé', 'Sao tome', 'São Tomé, São Tomé and Príncipe', 'Capital of São Tomé and Príncipe', 'São Thomé', 'São Tomé, Sao Tome and Principe', 'Sao Thome']", St Helena.,0.18606287240982056,1,1,1
7766,Answer the question concisely. Q: The charity “Crisis” supports who or what? A:,"['Bomzh', 'Sleeping rough', 'Homelessness', 'Urban outdoorsman', 'Roadside sleeping', 'Homeless person', 'The homeless', 'The Homeless', 'Bagwoman', 'Homelessness in Russia', 'Homeless people', 'Derelict (homeless person)', 'Bagwomen', 'Bum (homeless person)', 'Baglady', 'Homelessness from natural disasters', 'Transients', 'Homelessness in Europe', 'Rough sleeping', 'Houselessness', 'Rough sleeper', 'Homeless']", Homeless people.,0.867206335067749,0,0,0
7780,"Answer the question concisely. Q: What is the name of 'Jim Hacker's' department in the TV comedy, 'Yes Minister'? A:",['ADMINISTRATIVE AFFAIRS'], The Department of Administrative Affairs.,0.07497213780879974,1,0,0
7799,Answer the question concisely. Q: Which British playwright wrote the screenplay for the 1998 film 'Shakespeare In Love'? A:,"['Tom Straussler', 'Sir Tom Stoppard', 'Stoppardian', 'Stoppard', 'Tomáš Straussler', 'Thomas Stoppard', 'Tomas Straussler', 'TOM STOPPARD', 'Tom Stoppard', 'Tom Stoppared']", Tom Stoppard.,0.8806180953979492,0,0,0
7803,"Answer the question concisely. Q: The daughter of the extravagant baronet 'Sir Walter Eliot', 'Anne Eliot is the central character in which of Jane Austen's novels? A:","['Inveigling', 'Suasion', 'Persuasive', 'Social Psychology Persuasion', 'Persuasion', 'Suasions', 'Persuades', 'Inveigles', 'Persuasive communication', 'Heuristic persuasion', 'Persuading', 'Persuade', ""'PERSUASION'"", 'Inveigled', 'Inveigle', 'Persuaded', 'Systematic persuasion', 'Social persuasion']", Mansfield Park.,0.06761110574007034,1,1,1
7812,Answer the question concisely. Q: What name is shared by the capital city of Newfoundland and the capital city of Antigua and Barbuda? A:,"[""St.John's"", 'Saint johns (disambiguation)', ""St John's"", ""St john's (disambiguation)"", 'Saint Johns', 'Saint John´s', ""Saint John's (disambiguation)"", 'St. John’s', ""St john's"", 'Saint John‘s', 'St johns (disambiguation)', 'St. Johns', ""St. John's"", 'St.Johns', ""Saint John's"", 'St Johns']", St. John's.,0.8439901471138,0,0,0
7821,Answer the question concisely. Q: Who wrote the novel 'The Beach' on which the film was based? A:,"['Alex Garland', 'ALEX GARLAND']", Alex Garland.,0.8237195611000061,0,0,0
7835,"Answer the question concisely. Q: Daman Albarn, Graham Coxon,Alex James and Dave Rowntree form or formed which band? A:","['Kal (Smallville)', 'BLUR', 'Superman (Smallville)', 'The Blur (Clark Kent)', 'Superboy (Smallville)', 'The Blur (Smallville)', 'The Blur', 'The Red and Blue Blur', 'The Blue Blur', 'Kal-El (Smallville)', 'Red Blue Blur', 'Red-Blue Blur', 'Clark Kent (Smallville)']", Blur.,0.6155707240104675,0,0,0
7844,"Answer the question concisely. Q: ""Which Latin phrase, that translates literally as """"under the rose"""", means 'secretly' or 'in confidence'?"" A:","['SUB ROSA', 'Sub Rosa', 'Subrosa', 'Sub rosa']"," ""Sub rosa"" is the correct answer.",0.5877905488014221,0,0,0
7852,Answer the question concisely. Q: If you order 'Gambas' in a Spanish restaurant what will you get? A:,"['Prawn versus shrimp', 'Prawn', 'PRAWNS', 'Prawns', 'King prawns', 'King Prawn']", A plate of prawns.,0.46797680854797363,1,0,0
7861,Answer the question concisely. Q: Who memorably failed to win the Marathon in the 1954 Commonwealth Games? A:,"['Jim Peters', 'JIM PETERS', 'Jim Peters (hockey)', 'James Peters (disambiguation)', 'Peters, James', 'Jimmy Peters', 'James Peters']", Roger Bannister.,0.17028743028640747,1,1,1
7865,Answer the question concisely. Q: Which Gilbert & Sullivan operetta has the subtitle “The Statutory Duel”? A:,"['The Grand Duke', 'The Grand Duke or The Statutory Duel', 'The Statutory Duel', 'Statutory Duel']", The Mikado.,0.16064977645874023,1,1,1
7868,Answer the question concisely. Q: Give any year in the life of the Portuguese prince known as Henry the Navigator. A:,['1394-1460'], 1415.,0.19481490552425385,1,1,1
7885,Answer the question concisely. Q: Who was US Secretary of State from 1977 - 80? A:,"['CYRUS VANCE', 'Cyrus Roberts Vance', 'Cyrus Vance', 'Cyrus R. Vance']", Cyrus Vance.,0.8599830865859985,0,0,0
7893,Answer the question concisely. Q: Which Shakespeare play centres around a novice nun called 'Isabella' whosebrother is to be executed unless she succumbs to the attentions of 'Angelo'? A:,"['Keepdown', ""'MEASURE FOR MEASURE'"", 'Over done', 'Keep down', 'Kate Keepdown', 'Overdone', 'Measure for Measure', 'Mistress Overdone', 'Measure For Measure', 'Abhorson', 'Measure for measure']", Measure for Measure.,0.8704718947410583,0,0,0
7896,Answer the question concisely. Q: Name the first monarch of the House of Lancaster? A:,"['King Henry IV', 'Henry IV (play)', 'Henry 4', 'Hendrik IV', 'HENRY IV', 'Heinrich IV', 'Henry the Fourth', 'Henry IV (disambiguation)', 'Henry Iv', 'Henry IV', 'Henry iv']", Henry IV.,0.851309597492218,0,0,0
7935,Answer the question concisely. Q: The name of which month is used for a letter in the phonetic alphabet? A:,"['The month of November', 'Novemeber', 'Noviembre', 'November 31', '㋊', '9ber', '31 November', 'Coyovembyote', 'November', 'NOVEMBER', 'Nobember']", The name of which month is used for a letter in the phonetic alphabet?,0.2588841915130615,1,1,1
7955,"Answer the question concisely. Q: Which US TV series of the 1960's starring Ray Walston as 'Uncle Martin' and Bill Bixby, was remade in 1999 as a film starring Christopher Lloyd and Jeff Daniels? A:","[""Tim O'Hara"", 'My favourite martian', 'My Favorite Martians', 'Uncle Martin', 'My Favourite Martian', 'My Favorite Martian', ""'MY FAVORITE MARTIAN'""]", My Favorite Martian.,0.9032882452011108,0,0,0
7973,Answer the question concisely. Q: Who was Margaret Thatcher's first Chancellor of the Exchequer? A:,"['Lord Howe of Aberavon', 'Geoffrey Howe', 'Sir Geoffrey Howe', 'Geoffrey Howe, Baron Howe of Aberavon', 'Richard Edward', 'Richard Edward Geoffrey Howe', 'GEOFFREY HOWE', 'Richard Edward Geoffrey Howe, Baron Howe of Aberavon', 'Geoffery Howe', 'Baron Howe of Aberavon']", Geoffrey Howe.,0.8519891500473022,0,0,0
7975,Answer the question concisely. Q: Which motorway runs from Cambridge to London? A:,"['M11', 'M-11', 'M11 (disambiguation)', 'M.11', 'Highway M11']", The M11.,0.522324800491333,0,0,0
7985,Answer the question concisely. Q: In which film did Bruce Willis play the character 'Harry Stamper'? A:,"['Amargeddon', 'Armageddon theology', ""'ARMAGEDDON'"", 'Armaggedon', 'Armegeddon', 'Battle of Armageddon', 'Armagedon', 'Armaggeddon', 'Armagideon', 'Har-Magedon', 'Armageddon', 'Armogeddon', 'Mount Armageddon']", Armageddon.,0.8525701761245728,0,0,0
8017,"Answer the question concisely. Q: According to legend, who was the father of King Arthur? A:","['Üther', 'Uther Pendragon (disambiguation)', 'Uthur Pendragon', 'Uther (disambiguation)', 'Uthr Bendragon', 'King Uther Pendragon', 'Uther Pen-Dragon', 'Uther', 'Üther Pendragon', 'King Uther', 'Uther Pendragon', 'Wthyr Bendragon', 'Uthyr Pendragon', 'Uter Pendragon', 'Uther pendragon', 'UTHER PENDRAGON', 'Uthyr Pendraeg']", Uther Pendragon.,0.9045957326889038,0,0,0
8019,"Answer the question concisely. Q: Which artist, a member of the Order of Merit, was born in Bradford in July 1937? A:","['Hockney', 'DAVID HOCKNEY', 'David Hockney']", David Hockney.,0.8251729011535645,0,0,0
8026,Answer the question concisely. Q: Codlin and Short are Punch and Judy men in which novel by Charles Dickens? A:,"['Quilp', 'Old Curiosity Shop', 'Daniel Quilp', 'Kit Nubbles', 'The Old Curiosity Shop']", The Pickwick Papers.,0.15537665784358978,1,1,1
8034,Answer the question concisely. Q: What name is given to a line on a map joining places of equal rainfall? A:,"['Isopleths', 'Isobar (meteorology)', 'Aclinic line', 'Isohel', 'Isoclinic line', 'ISOHYET', 'Isohyetal line', 'Isohytes', 'Isogon (meteorology)', 'Isocheim', 'Isopleth', 'Halleyan lines', 'Isohyat', 'Contour plot', 'Agonic line', 'Isotherm (contour line)', 'Aclinic Line', 'Isohypse', 'Isohyet', 'Isotherms', 'Agonic lines', 'Isogon', 'Contour line', 'Isodynamic Lines', 'Isolines', 'Isodynamic line', 'Isoclinic Lines', 'Contour Plot', 'Height Contours', 'Isohume', 'Isoflor', 'Contour lines', 'Isallobar', 'Isodrosotherm', 'Agonie Lines', 'Isarithm', 'Contour maps', 'Isogon (geomagnetism)', 'Contour map', 'Isohyetal', 'Mathematical Contours', 'Isogonic lines', 'Isotach', 'Isophote', 'Contour interval', 'Halleyan line', 'Isogonic line']", Isogon.,0.8469284176826477,0,0,0
8042,"Answer the question concisely. Q: According to the Bible, who was renamed Israel because he wrestled with God? A:","['Yaʿaqov', 'Yaʿqob', 'Yaakov', 'Yaʿăqōḇ', 'Yacov', 'Yaakov Avinu', ""Ya'kov"", 'Yaacob', 'Yaʿakov', 'Yaaqov', 'Jacob', 'Sons of Jacob', ""Ya'akov"", 'יַעֲקֹב', 'Yaaqobh', 'Israel (Bible)', ""Ya'aqov"", ""Ya'aqobh"", 'Ille qui nos omnes servabit', 'Ya’akov', ""Ya'qob"", 'يعقوب', 'Yakuv', 'Prophet Jacob', 'Jacob (Bible)', 'JACOB', 'Yacob', 'Yakuf']", Jacob.,0.586566686630249,0,0,0
8052,Answer the question concisely. Q: Franco Alfano completed which Puccini opera after the composers death in 1924? A:,"['Turnadot', 'Turandot', 'Turandot (Puccini)', ""'TURANDOT'""]", Turandot.,0.8956406712532043,0,0,0
8065,Answer the question concisely. Q: Trinidad lies opposite the delta of which major river? A:,"['Orinoco', 'Rio Orinoco', 'Orinoco Basin', 'River Orinoco', 'Orinoco River', 'Orinco River', 'Río Orinoco', 'Orinoco River Basin', 'El Pao Iron Mine', 'Orinocco', 'Orinoco Iron Mines', 'El Florero Iron Mines', 'Orinoco river', 'Venzuela Iron Mines']", The Orinoco River.,0.6795749068260193,0,0,0
8074,"Answer the question concisely. Q: What sporting term, meaning a second chance, comes from the French word for fishing again? A:","['Repêchage', 'Repechage', 'Repochage', 'Last chance qualifier']", Pêche mure.,0.05155452340841293,1,1,1
8080,Answer the question concisely. Q: Which English Admiral gave his name to a battle cruiser which was sunk in 1941? A:,"['Neighbourhoods', 'Neighborhoods', 'Next-door neighbor', 'Neighboring', 'Neighborhood (residence)', 'Area of city', ""'Hood"", 'HOOD', 'Neighbourhood (China)', 'Neighborhood', 'Neighbouring', 'Neighbourhood']", Nelson.,0.06989075243473053,1,1,1
8085,"Answer the question concisely. Q: ""In British history, who was nicknamed """"The Sailor King""""?"" A:","['William IV (disambiguation)', 'Wilhelm IV', 'William iv', 'WILLIAM IV', 'William 4', 'William IV', 'William Iv']"," ""William IV.""",0.8639609813690186,0,0,0
8086,"Answer the question concisely. Q: Which river of West Africa rises in the Fouta Djallan Highlands only 150 miles from the Atlantic, but runs for over 4000 kilometres in length before flowing into the Atlantic? A:","['Rhopalocystis nigra', 'A niger', 'A. Niger', 'Aspergillopsis nigra', 'Black mould', 'NIGER', 'Sterigmatocystis nigra', 'Aspergillus niger var. niger', 'Aspergillus niger']", The Niger River.,0.3723307251930237,1,1,1
8087,"Answer the question concisely. Q: Which mammal has species called 'leopard', 'Grey' and 'Baikal'? A:","['Basic Underwater Demolition', 'SEAL Team Three', 'SEAL Team Seven', 'American Navy Sea, Air, and Land Teams', 'USN principal special operations', 'SEAL (US Navy)', 'US Navy Seals', 'Navy SEALS', 'Navy SEAL', 'SEALs', 'United States Navy SEAL', 'Greenfaces', 'SEALs (U. S. Navy)', 'SEAL', 'Navvy seal', 'SEAL Team Ten', 'SEALS', 'SEAL Team Nine', 'United States Navy Seals', 'SEAL Team Two', 'U.S. Navy SEAL', 'United States Navy SEAL)', 'Armed Forces Navy SEALs', 'Basic Underwater Demolition/SEAL Training', 'United States Navy SEa, Air and Land', 'USNS (task force)', 'United States Navy SEALS', 'Navy SEALs', ""US Navy SEAL's"", 'US navy seal', 'Osama bin Laden killers', 'Naval commandos (United States)', 'SEAL Team 8', 'Delta seals', 'SEAL Team 5', 'SEAL Team 4', 'SEAL Team 7', 'U.S. Navy Seals', 'SEAL Team 1', 'Task Force Blue', 'SEAL Team 3', 'Sea, Air, and Land Teams', 'Seal (U. S. Navy)', ""Navy SEAL's"", 'SEAL (U. S. Navy)', 'SEAL Team One', 'Navy Seals', 'US Navy SEALs', 'SEAL Team Eight', 'USN SEALs', 'US Navy SEAL', 'SEAL Delivery Vehicle Teams', 'SEAL Teams', 'SEAL Team Four', 'SEAL Team Five', 'Armed Forces Navy SEAL', 'United States Navy Sea, Air and Land Forces', 'SEAL Team 10', 'American Navy SEAL', 'U.S. Navy SEALS', 'US Navy SEALS', 'USNSs', 'U.S. Navy seals', 'Navy seals', 'SEAL Team 2', 'Navy Seal', 'Armed Forces SEAL', 'SEAL Team 9', 'United States Navy Seal', 'U.S. Seals', 'United States Navy Sea Air and Land Forces', 'American Navy SEALs', 'SEALs (US Navy)', 'United States Navy SEALs', 'U.S. Navy SEALs', 'SEALT', ""United States Navy SEAL's"", 'U.s. navy seals']", The otter.,0.1414981186389923,1,1,1
8090,Answer the question concisely. Q: Which town is the administrative headquarters of Northumberland? A:,"['The Morpeth', 'MORPETH']", Alnwick.,0.057450294494628906,1,1,1
8093,Answer the question concisely. Q: Which group topped the UK charts for one week in 1997 with 'D'You Know What I Mean'? A:,"['Oasis (song)', 'Oasis (movie)', 'Aquifer oases', 'Oasis (album)', 'The Oasis', 'Oasis (film)', 'Oasis (geography)', 'OASIS', 'Oasis (disambiguation)', 'Oasis (spring)', 'Oasis, CA']", Oasis.,0.547418475151062,0,0,0
8094,Answer the question concisely. Q: What is the name forthe leaf of a fern or palm? A:,"['Frond', 'FROND', 'Fronds']", The leaf of a fern or palm is called a frond.,0.22696760296821594,1,0,0
8095,"Answer the question concisely. Q: At a height of over 3,000 feet, the Tugela Falls are the second highest in the world. In which country are the Tugela Falls? A:","['South africa', ""South Africa's"", 'Southafrica', 'Third Republic (South Africa)', 'Republiek van Suid-Afrika', ""Sou'frica"", 'Zuid Afrika', 'Zuid-Afrika', 'ISO 3166-1:ZA', 'South-African', 'S Africa', 'Zuid Africa', 'Mzansi', 'Afrique du sud', 'Zuidafrika', 'Ningizimu Afrika', 'Capital of South Africa', 'Suid-Afrika', 'South-Africa', 'Rep. of SOUTH AFRICA', 'The Republic of South Africa', 'Suid Africa', 'Azania/South Africa', 'S Afr', 'Saffa', 'South African', 'Seth efrika', 'South Africa', 'Soufrica', 'Republic of south africa', 'South Africaà', 'The Beloved Country', 'S. Africa', 'Rep. of South Africa', 'South Africans', 'SOUTH AFRICA', 'Republic of South Africa']", South Africa.,0.7963732481002808,0,0,0
8105,"Answer the question concisely. Q: By what name do Czechs know their capital city, Prague? A:","['City of Prague', 'Prauge', 'Wards of Prague', 'Prague, Czechoslovakia', 'Prahou', 'Prague ,Czech Republic', 'Prague, Bohemia', 'Prague (Czech Republic)', 'PRAHA', 'Prague, Czechia', 'NUTS Prague', 'Praha, Czech Republic', 'Praha', 'Capital city of the Czech Republic', 'UN/LOCODE:CZPRG', 'Capital of the Czech Republic', 'Europe/Prague', 'Praque', 'Prague tourism', 'Prague, Bohemia, Czech Republic', 'Greater Prague', 'NUTS Praha', 'Prague', 'Prahy', 'Historic Centre of Prague', 'Hlavní město Praha', 'Capital of Czech Republic', 'Prague, Czech Republic', 'CZPRG']", Praha.,0.46408331394195557,1,0,0
8171,"Answer the question concisely. Q: In the famous story by Robert Louis Stevenson, what is Dr Jeckyll’s Christian name? A:","['Henry (disambiguation)', 'Henry (crater)', 'Henry (European rulers)', 'Henry (crater) (disambiguation)', 'Henry']", Dr Henry Jeckyll.,0.18968628346920013,1,1,1
8175,"Answer the question concisely. Q: Belonging to Indonesia, Irian Jaya is the western portion of which large island? A:","['The Island Of New Guinea', 'Island of New Guinea', 'Names of New Guinea', 'New Guineans', 'Etymology of Papua', 'Irian', 'New Guinea Man', 'New Guinea', 'New guinea']", New Guinea.,0.8361766338348389,0,0,0
8213,Answer the question concisely. Q: The administration of which American President was rocked by the 'Teapot Dome Scandal' of the 1920's? A:,"['President Harding', 'WARREN HARDING', 'Warren G. Harding Inaugural Address', 'Warren Harding', 'Warren G. Harding/Inaugural Address', 'Warren Gamaliel Harding', 'Warren G. Harding', 'Gamaliel Harding', '29th President of the United States', 'Harding Factor', 'Warren G Harding', 'Warren Gameliel Harding', 'Harding Administration']", Warren G. Harding.,0.8818883895874023,0,0,0
8216,Answer the question concisely. Q: What was the capital city of Tanzania until 1974? A:,"['Dar e salaam', 'Dar es Salaam', 'Dar Es Salaam', 'Dār as-Salām', 'Dar-es-Salaam', 'MZIZIMA', 'Dar-es-salaam', 'DAR-ES-SALAAM', 'Dar Essalam', 'Dar es Selam', 'Dar al-Salaam', 'Dar Es Salam', 'Mikocheni', 'Masaki, Tanzania', 'Dar Es Salaam, Tanzania', 'Dar-es Salaam', 'Dar es Salam', 'Dar es Salaam, Tanzania', 'Mzizima', 'Dar-Es-Salaam', 'Dare-es-salaam', 'دار السلام', 'Dar es salaam', 'Dar-es-Salam']", Dar es Salaam.,0.9360169172286987,0,0,0
8218,"Answer the question concisely. Q: In the English translations of the 'Asterix' comics, what is the name of the village leader, a middle-aged, obese man with red hair, pigtails and a huge moustache? A:","['Unhygienix', 'Getafix', 'Mrs Geriatrix', 'Mrs. Geriatrix', 'Vitalstatistix', 'Pirates (Asterix)', 'Fulliautomatix', ""Chief's shieldbearers"", ""'VITALSTATISTIX'"", 'Characters of Asterix', 'Mrs. Fulliautomatix', 'Postaldistrix', 'Characters in asterix', 'List of Asterix characters', 'Iélosubmarine', 'Flaturtha', 'Recurring characters in Asterix', 'Bacteria (comics)', 'Ocatarinetabellatchitchix', 'Characters in Asterix', 'Cacofonix', 'Impedimenta', 'Asterix characters', 'Geriatrix']"," The chief of the village is named 'Vitalstatistix' in the English translations. He is a middle-aged, obese man with red hair, pigtails and a huge moustache. He is the leader of the village and is often seen in the comics.",0.33403635025024414,1,0,0
8220,Answer the question concisely. Q: What was the name of the British nurse who was shot by a German firing squad during the First World War after being court-martialled for helping Allied troops escape from a military hospital in Belgium? A:,"['Cavell, Edith Louisa', 'Edith Louisa Cavell', 'Edith Clavell', 'The Edith Cavell Nursing Scholarship Fund', 'Edith Cavell', 'EDITH CAVELL']", Edith Cavell.,0.8756292462348938,0,0,0
8248,Answer the question concisely. Q: 'Christie Mahon' is the title character in which play? A:,"['Sara Tansey', 'Shawn Keogh', 'Michael James Flaherty', 'Widow Quin', 'Playboy Riots', 'Pegeen Mike', ""'PLAYBOY OF THE WESTERN WORLD'"", 'The Playboy of the Western World', 'Christy Mahon', 'Honor Blake', 'The Playboy Of The Western World', 'Playboy of the Western World', 'Christopher Mahon', 'Philly Cullen', 'Old Mahon']", 'The Playboy of the Western World' by J.M. Synge.,0.6965130567550659,0,0,0
8265,Answer the question concisely. Q: What is the name of the A1 Pacific steam locomotive which was completed in 2009 and is the first of its kind built for over 50 years? A:,"['The Tornado', ""'TORNADO'""]", Tornado.,0.6738603115081787,0,0,0
8270,Answer the question concisely. Q: What name is given to the temperature of -273.15 degrees Celsius? A:,"['-273.15 °C', 'Coldest place in the universe', 'Coldest place', '-273 C', 'Absolute Zero', 'The coldest place', 'Coolest place', '−459.67 °F', 'Coolest place in the universe', 'Zero temperature', 'Absolute 0', 'Absolute zero', '0 Kelvin', '0 K', 'ABSOLUTE ZERO', '-459.67 °F', '-273 °C', '0-K']", Absolute zero.,0.8954687118530273,0,0,0
8279,"Answer the question concisely. Q: In a nonsense poem by Lewis Carroll for what were a crew of ten led by a bellman and including a butcher, a baker and a billiard-marker hunting? A:","[""'THE SNARK'"", 'SNARK', 'Non-interactive zero-knowledge proof', 'NIZK']", A snark.,0.4079579710960388,1,0,0
8282,Answer the question concisely. Q: What is the highest peak in the EU? A:,"['Mt. Blanc', 'Mont blank', 'Mount Blanc', 'Mt Blanc', 'Mont blanc', 'Mont-Blanc', 'Mont Blanc', 'Monte Bianco', 'MONT BLANC']", Mont Blanc.,0.8297435641288757,0,0,0
8287,Answer the question concisely. Q: Which American naval destroyer was attacked in Aden in October 2000? A:,"['U.S.S. Cole', 'Uss Cole', 'U.S.S. COLE', 'U S S Cole', 'USS Cole', 'Uss cole', 'U. S. S. Cole']", USS Cole.,0.8204232454299927,0,0,0
8288,Answer the question concisely. Q: Who was the only judge on 'X Factor' to return for series eight in 2011? A:,"['Michael Louis Vincent Walsh', 'LOUIS WALSH', 'Louis Walsh']", Louis Walsh.,0.8361303806304932,0,0,0
8300,"Answer the question concisely. Q: ""What type of bird did William Wordsworth address with the words, """"Shall I call thee bird, or but a wandering voice""""?"" A:","['The cuckoo', 'CUCKOO', 'Kukushka', 'The Cuckoo (disambiguation)', 'Cuckoo (movie)', 'The Cuckoo']"," ""The bird in question is a nightingale.""",0.20095238089561462,1,1,1
8322,Answer the question concisely. Q: In which game could you be faced with a 'Simple or Double Squeeze'? A:,"['Bridges', 'Bridge railing styles', 'Bridge building', 'BRIDGE', '🌉', 'Bridge abutments', 'Railroad Bridge', 'Railroad bridge', 'Road bridges', 'Bridge Building', 'Bridge (engineering)', 'Double-deck bridge', 'Railway bridges', 'Types of bridges', 'Railway bridge', 'Bridge (structure)', 'Bridge railing', 'Bridge railing style', 'Brigecraft', 'Road bridge', 'Bridgecraft', 'Bridge', 'Road Bridge', 'Bridge failure', 'Rail bridge', 'Railway Bridge', 'Bidge', 'Bridge failures']", Bridge.,0.49572765827178955,1,0,0
8339,Answer the question concisely. Q: Who is the voice of Principal Skinner and Mr Burns on The Simpsons? A:,"['HARRY SHEARER', 'Harry Shearer', 'Harry schearer', 'Harry sheerer', 'Harry scheerer']", Harry Shearer.,0.8388199806213379,0,0,0
8347,Answer the question concisely. Q: What name is given to the song of a Venetian Gondolier? A:,"['Barcarolle', 'Bacarolle', 'Barcarola', 'BARCAROLE', 'Barkarola', 'Barcarole']", A Gondola.,0.23613956570625305,1,1,1
8368,Answer the question concisely. Q: How is the peasant girl 'Marenka' known in the title of an 1866 opera by Bedrich Smetana? A:,"['Bartered Bride (disambiguation)', 'Bartered Bride', ""'THE BARTERED BRIDE'""]", Marenka is the peasant girl in the opera The Bartered Bride. The opera is based on a play by Karel Sabina. The Bartered Bride is a comic opera in three acts by Bedrich Smetana. It was first performed in 1866 at the Provisional Theatre in Prague. The opera is,0.2878773808479309,1,0,0
8382,Answer the question concisely. Q: Which country music performer was portrayed by Sissy Spacek in the 1980 biographical film 'Coal Miner's Daughter'? A:,"['Loretta Lynn Plantation House', 'Loretta Lynne', 'Loretta Lynn', 'Loretta Webb', 'LORETTA LYNN', 'Lynn, Loretta']", Loretta Lynn.,0.8927554488182068,0,0,0
8395,"Answer the question concisely. Q: The first stations on the four lines leaving which city by rail are Wymondham, Salhouse, Brundall Gardens and Diss? A:","['BURMA', 'ITALY', 'NORWICH', 'World War II postal acronym', 'World War II Postal Acronyms', 'WWII postal acronyms', 'WWII Postal Acronyms', 'World War II postal acronyms']"," Wymondham, Salhouse, Brundall Gardens and Diss are the first stations on the four lines leaving Norwich by rail.",0.13785594701766968,1,1,
8403,Answer the question concisely. Q: In 1902 which food company started production in a disused malthouse in Burton-on-Trent? A:,"['MARMITE', 'Marmageddon', 'Marmite reaction', 'Marmite', 'Our Mate', 'Marmite effect', 'Where to buy marmite', ""Ma'amite""]", Bass & Co.,0.04132187366485596,1,1,1
8410,Answer the question concisely. Q: Which river runs through York? A:,"['OUSE', 'The Ouse']", The River Ouse.,0.574955940246582,0,0,0
8412,Answer the question concisely. Q: Who played the part of 'Jack Sugden' in 'Emmerdale' for 28 years? He died in July of this year (2008). A:,"['CLIVE HORNBY', 'Clive Hornby']", Peter Amory.,0.1382770836353302,1,1,1
8423,"Answer the question concisely. Q: Of which European country did Gro Harlem Bruntland become the first female Prime Minister in 1981, serving three terms between 1981 and 1996? A:","['Norvège', 'Mainland Norway', 'Norway', 'Norvege', 'Noregur', 'NORWAY', 'Norwegian state', 'Etymology of Norway', 'Noruega', 'Norwegen', 'ISO 3166-1:NO', 'Noreg', 'Republic of Norway', 'Norwegian kingdom', 'Kongeriket Noreg', 'Name of Norway', 'Kongeriket Norge', 'Noorwegen', 'Kingdom of Norway', 'Sport in Norway', 'Norwegia', 'Royal Kingdom of Norway']", Norway.,0.6260756254196167,0,0,0
8426,Answer the question concisely. Q: Who played 'Captain Corelli' in the film 'Captain Corelli's Mandolin'? A:,"['Weston Coppola', 'Nicolas Cage', 'Eyes of Noctum', 'NicolasCage', 'Nic Coppola', 'Nic Cage', 'Nicolas cage', 'Nicholas Cage', 'Nicolas Coppola', 'Nicholas cage', 'Nick Cage', 'Nicholas Coppola', 'List of awards and nominations received by Nicolas Cage', 'Dan Edmunds', 'Nicolas Kim Coppola', 'Weston Cage', 'Cage, Nicholas', 'Nouveau Shamanic', 'NICOLAS CAGE', 'Weston Coppola Cage']", Nicholas Cage.,0.8278347253799438,0,0,0
8430,Answer the question concisely. Q: Shawn Carter is the real name of which 'rap' singer? A:,"['Jigga', 'Jay–Z', ""'JAY Z'"", 'J-zee', 'The Carter Administration', 'Jaÿ-Z', 'JAY Z', 'Shawn Corey Carter', 'Hovito', 'Watch the Throne 2', 'JZ (rapper)', 'Jayz', 'Shawn %22Jay-Z%22 Carter', 'Jigga Man', 'Jzee', 'Life+Times', 'Shawn Carter', 'S. c. carter', 'J.Z. (rapper)', 'Sean Carter', 'J-Zay', 'Jiggaman', 'Jay0z', 'JayZ', 'The carter administration', 'Jay-z', 'Jay Zed', 'Jay Zee', 'Life + Times', 'Shawn C. Carter', 'Jay-Z', 'Jay0Z', 'Young Hov', 'S Carter', 'Jay Z', 'Jay-Z (band)', 'Jay z', ""Young Hov'"", 'S. carter']", Jay-Z.,0.7830831408500671,0,0,0
8439,Answer the question concisely. Q: Who wrote the 1951 novel ‘The Caine Mutiny’? A:,"['HERMAN WOUK', 'Herman Wouk']", Herman Wouk.,0.8716561794281006,0,0,0
8456,Answer the question concisely. Q: Where in the UK did the Queen unveil a memorial to John F Kennedy in May 1965? A:,"['Runnymead', 'Runnimede', 'Runney Mead', 'Magna Carta Memorial', 'Runnymede', 'Runnymeade', 'Runymede', 'Runnymede Meadow', 'Runnemede']"," In the grounds of the American Embassy in Grosvenor Square, London.",0.13358797132968903,1,1,1
8469,Answer the question concisely. Q: What value American bank note has the White House on its reverse? A:,"['twenty  $', '$20', '20 $']"," $1,000.",0.28898879885673523,1,1,1
8477,Answer the question concisely. Q: Which of the London Livery Companies is first in order of preference? A:,"[""Mercers' Hall"", ""The Mercers' Company"", 'Mercers Company', ""Mercers' Company"", 'Worshipful Company of Mercers', 'Mercers', 'Worshipful Company of MERCERS', ""Mercers' Guild""]", The Worshipful Company of Mercers.,0.8008527755737305,0,0,0
8488,Answer the question concisely. Q: In the 1950's who succeeded Winston Churchill as British prime minister? A:,"['First Viscount Eden', 'Sir Robert Anthony Eden', '1st Earl of Avon', 'Lord Avon', 'First Earl of Avon', 'Robert Anthony Eden, Viscount Eden Of Leamington', 'Robert Anthony Eden, 1st Earl of Avon, Viscount Eden of Royal Leamington Spa', 'Robert Anthony, Viscount Eden Of Leamington', 'Anthony Eden, 1st Earl of Avon', 'Robert Anthony Eden, 1st Earl of Avon', 'Robert Anthony Eden', '1st earl of Avon', 'Sir Anthony Eden', 'Antony Eden', 'Anthony Eden', '1st Viscount Eden', 'Viscount Eden Of Leamington', 'Viscount Eden of Royal Leamington Spa', 'Tony Eden']", Anthony Eden.,0.8385031223297119,0,0,0
8493,"Answer the question concisely. Q: Mykonos, Naxos and Santorini are in which group of Greek islands? A:","['Cyclades Prefecture', 'Kyklades Prefecture', 'Kikladhes', 'Kyklades', 'Cyclades', 'List of municipalities in the Cyclades and the Dodecanese', 'Cycladic', 'Cyclodes', 'ΚΥΚΛΑΔΕΣ', 'Κυκλάς', 'Κυκλάδες', 'Kykládes', 'Cyclades islands', 'Cyclades Islands', 'Cycladic Islands']", The Cyclades.,0.626594066619873,0,0,0
8507,Answer the question concisely. Q: Which state was created by the Lateran Treaty of 1929? A:,"['Geology of the Vatican City', 'Christianity in Vatican City', 'ISO 3166-1:VA', 'People of Vatican City', 'State of Vatican City', 'Ecclesiastical governnment', 'Vaticana City', 'The Vatican City State', 'Communications in the Vatican City', 'Roman Catholicism in the Vatican City', 'Vatican City/Communications', 'History of Vatican', 'Vatican City-State', 'State of the City of the Vatican', 'Demographics of the Vatican City', 'State of Vatican', 'Roman Catholicism in Rome', 'State of the Vatican City', 'Holy See (The Vatican)', 'Catholic City', 'Europe/Vatican', 'The Vatican City', 'Vatican City State', 'Vatican city', 'CittA del vaticano', 'VATICAN CITY', 'Demographics of Vatican City', 'Population of Vatican City', 'Città del vaticano', 'History of Vatican City', 'Religion in the Vatican City', 'Vatikan', 'Capital of Vatican City', 'Vatican City/People', 'Sovereign of the State of the Vatican City', 'Sport in the Vatican City', 'Stato della Città del Vaticano', 'Holy See (Vatican)', 'Status Civitatis Vaticanae', 'Vatican City', 'Vatican City/History', 'Citta del Vaticano', 'Città del Vaticano', 'History of the Vatican City', 'Vatican State', 'Vatican citizenship', 'CittÃ del vaticano', 'Roman Catholicism in Vatican City', 'List of companies of Vatican City', 'Vatican City (Holy See)', ""Apostolic Palace & St. Peter's Basilica, Vatican City"", 'Citta del vaticano']", Vatican City.,0.817165732383728,0,0,0
8541,Answer the question concisely. Q: In internet domain names what country is represented by the domain code '.se'? A:,"['Swedish sin', 'Swea Region', 'Sverige', 'Swedish origin', 'Schweden', 'Kingdom of Sweden', 'SWEDEN', 'Etymology of Sweden', 'Mainland Sweden', 'Konungariket Sverige', 'Ulf Bergman', 'Swedish climate', 'Sweden', 'Climate of Sweden', 'ISO 3166-1:SE', 'Sveden', 'Suecia', 'Swedish realm', 'Zweden']", Sweden.,0.5763473510742188,0,0,0
8545,Answer the question concisely. Q: Who won a Best Actress Oscar for the 1940 film 'Kitty Foyle'? A:,"['Virginia Katherine McMath', 'Virginia Katherine Mcmath', 'Ginger Rogers', 'Virginia McMath']", Ginger Rogers.,0.8423527479171753,0,0,0
8551,Answer the question concisely. Q: Who is the current Wimbledon Ladies Singles champion? A:,"['Petra kvitova', 'Kvitová', 'Kvitova', 'Petra Kvitová', 'Petra Kvitova']", Serena Williams.,0.12493529915809631,1,1,1
8562,Answer the question concisely. Q: Matt Busby played for Manchester City from 1928 to 1936. Which club did he play for from 1936 to 1941? A:,"['Liverpudlian', 'Liverpudlians', 'Liverpool, UK', 'Liverpool (borough)', 'Liverpool, Britain', 'Metropolitan Borough of Liverpool', 'The weather in Liverpool', 'Liverpool (England)', 'Liverpool/Archive 1', 'Lerpwl', 'County Borough of Liverpool', 'Liverpool', 'Scouseland', 'Liverpool, Merseyside', 'Landmarks in Liverpool', 'Liverpool, England', ""L'POOL"", 'Liverpool, U.K.']", Manchester United.,0.1969483494758606,1,1,1
8585,"Answer the question concisely. Q: Rahere, an Anglo-Norman monk, founded which London hospital in 1123? A:","[""St. Bartholomew's Episcopal Church"", ""St. Bart's"", ""St. Bartholomew's"", 'Saint-Barthelemy, France', ""St. Bartholomew's Church"", ""Saint Bartholomew's"", ""St Bartholomew's"", 'Cathedral of St. Bartholomew', 'St barts', ""St. Bartholomew's (disambiguation)"", ""St Bartholomew's Church"", ""Saint Bartholomew's Church"", 'Saint-Barthélemy, France', 'Barts']", St. Bartholomew's Hospital.,0.6144641041755676,0,1,1
8588,"Answer the question concisely. Q: ""Complete the proverb; """"Hope for the best....""""?"" A:",['But prepare for the worst']," ""Hope for the best, but prepare for the worst.""",0.6545118093490601,0,0,0
8596,"Answer the question concisely. Q: ""Who plays the girlfriend, then wife of Michael Corleone in the 1972 film """"The Godfather""""?"" A:","['Diane Keaton', 'Diane Keaton filmography', 'Dianne Keaton', 'Diane Hall', 'DIANE KEATON', 'List of awards and nominations received by Diane Keaton']", Talia Shire.,0.1983993649482727,1,1,1
8606,"Answer the question concisely. Q: Bad Guys, You Give a Little Love & So You Wanna be a Boxer are all songs from which musical? A:",['Bugsy Malone'], Guys and Dolls.,0.12725749611854553,1,1,1
8609,Answer the question concisely. Q: In 1985 who became the first man to run the 1500 metres in less than 3 mins 30 secs? A:,"['Stephen Cram', 'The Jarrow Arrow', '(Steve) Cram', 'Steve Cram', 'Cram, Steve', 'Jarrow Arrow']", Sebastian Coe.,0.22703254222869873,1,1,1
8610,Answer the question concisely. Q: Which country has the international car registration code HKJ? A:,"['Jordan (country)', 'Al-Urdunn', 'أردنّ', 'JOrdan', 'Urdun', 'Hashemite Kingdom of Transjordan', 'Urdunn', 'The Hashemite Kingdom of Jordan', 'Administrative divisions of Jordan', 'HKJ', 'State of Jordan', 'Jordan', 'Jordanian Kingdom', 'Languages of Jordan', 'Hashemite Kingdom of the Jordan', 'Jordanie', 'Al-Mamlakah al', ""Al-'Urdun"", 'Hashemite Kingdom of Jordan', 'ISO 3166-1:JO', 'الأردن', 'Kingdom of the Jordan', 'Ottoman Jordon', 'Al-Urdun', 'H.K of Jordan', 'Etymology of Jordan', 'المملكة الأردنّيّة الهاشميّة', 'Kingdom of Jordan']", Hong Kong.,0.1644819676876068,1,1,1
8613,"Answer the question concisely. Q: Royton North, Shaw and Werneth are wards in which Metropolitan Borough Council? A:","['Oldham Mumps', 'Oldham', 'Aldehulme', 'Salem, Greater Manchester', 'Oldham, Greater Manchester', 'OLDHAM', 'Oldham, United Kingdom', 'Oldham, England', 'Mumps, Oldham', 'Oldham, Lancashire']", Oldham.,0.7669714093208313,0,0,0
8615,Answer the question concisely. Q: On a clothing label a circle with a cross through means that you must not do what to the item? A:,"['Dry cleaners', 'Dry clean', 'Dryclean', 'Dry-cleaned', 'Drycleaning', 'Dry cleaning', 'Dry-cleaning', 'Dry cleaner', 'DRY CLEAN', 'Dry clean only', 'Dry Cleaning', 'Dry cleaning bag', 'Dry Cleaning Industry', 'Drycleaner', 'Dry-cleaning solvent', 'Jean Baptiste Jolly']", Wash at 30 degrees C.,0.1266990602016449,1,1,1
8618,Answer the question concisely. Q: Which musical features the nurse Nellie Forbush? A:,"['The South Pacific', 'SOUTH PACIFIC', 'South Pacific (disambiguation)', 'South pacific', 'South Pacific', 'South Pacific (film)']", South Pacific.,0.8257150650024414,0,0,0
8620,Answer the question concisely. Q: In which country was England Rugby Union player Dylan Hartley born? A:,"['N Z', 'Nouvelle-Zelande', 'Kiwiland', ""New Zealand's"", 'New Zealand.', 'Nz', 'New Zealand,', 'NEW Z', 'N Zealand', 'NEW ZEALAND', 'New Zealend', 'Administrative divisions of new zealand', 'New Zaeland', 'N z', 'Kiwistan', 'Enzed', 'NewZealand', 'NZ', 'Name of New Zealand', 'Staten Landt', 'New+Zealand', 'NZL', 'Nu Tirani', 'Neo Zealand', 'ISO 3166-1:NZ', 'New Zealnd', 'AoTeAroa', 'Sheepland', 'Aotearoa / New Zealand', 'Subdivisions of New Zealand', 'Its got that new zeal', 'New Zealand', 'Newzealand', 'New Zeland', 'New-Zealand', 'New Zeeland', 'Administrative divisions of New Zealand', 'New Zealnad', 'Staten Land', 'N.Z.', 'Staaten land', 'New.Zealand', 'Mew Zealand', 'Maoriland', 'N. Zealand', 'Etymology of New Zealand', 'New Xealand', 'Māoria', 'New zelanad', 'Niu Tireni', 'New zealand', 'New zeland', 'Nova Zeelandia', 'New zeeland']", New Zealand.,0.8668564558029175,0,0,0
8634,Answer the question concisely. Q: Who wrote the play An Inspector Calls? A:,"['John Boynton Priestley', 'J. B. Preistley', 'J.B. Priestly', 'J. B. Priestly', 'J B Priestley', 'J. B. Priestley', 'J.B. Priestley', 'JB Priestley', 'Jb priestley']", J.B. Priestley.,0.8579025268554688,0,0,0
8637,"Answer the question concisely. Q: ""Which singer recently made a surprise return to the top of the UK charts after 29 years, with his album """"50""""?"" A:","['Rickard Astley', 'Rick ashley', 'Playlist: The Best of Rick Astley', 'Rick astley', 'Rick ASTLEY', '(Rick) Astley', 'Dick Spatsley', 'Playlist: The Very Best of Rick Astley', 'Rick Astley', 'D. Spatsley', 'Richard Paul Astley', 'Rick Asley']"," ""George Michael.""",0.12484170496463776,1,1,1
8644,Answer the question concisely. Q: Which British political party leader is MP for Westmorland and Lonsdale? A:,"['Tim Farron', 'Timothy Farron']", Tim Farron.,0.8719109296798706,0,0,0
8654,"Answer the question concisely. Q: What was the name of the US space shuttle that exploded on take-off in 1986, killing all 7 crew members? A:","['OV-099', 'Space Shuttle Challanger', 'Challenger Space Shuttle', 'STA-099', 'Shuttle Orbiter Challenger', 'Space shuttle challenger', 'Challenger space shuttle', 'The challenger', ""'CHALLENGER'"", 'Space shuttle Challenger', 'Shuttle Challenger', 'Space Shuttle Challenger', 'OV-99', 'Challenger Spacecraft', 'OV-199', 'Challenger (Space Shuttle)']", Challenger.,0.3691204786300659,1,0,0
8674,Answer the question concisely. Q: Who was the husband of Rebekah Brooks from 2002 to 2009? A:,['Ross Kemp'], Charlie Brooks.,0.20282112061977386,1,1,1
8694,Answer the question concisely. Q: Which local radio station broadcasts to Wigan and St. Helens on 102.4 FM? A:,"['102.4 Wish FM', 'WISH (FM)', 'Wish FM']", Wigan and St. Helens on 102.4 FM is broadcast by Radio City.,0.29364264011383057,1,1,1
8696,"Answer the question concisely. Q: Who wrote the book 'Friends, Voters, Countrymen' about his election as MP for Henley-on-Thames in 2001? A:","['Boris Jonson', 'Bo jo', 'Boris Johnston', 'Friends, Voters, Countrymen', 'Watermelon smiles', 'Alexander Boris Johnson', 'Mayor Boris Johnson', 'Boris Johnson', 'Borris johnson', 'BORIS JOHNSON', 'BoJo', 'Back Boris', 'Seventy-Two Virgins (Boris Johnson)', 'Boris johnstone', 'Bozzer', 'Alexander Boris de Pfeffel Johnson', 'Bojo', 'Seventy-Two Virgins', 'Bo Jo', 'Lend Me Your Ears (book)', 'Henley-on-Toast']", Boris Johnson.,0.8474141955375671,0,0,0
8700,Answer the question concisely. Q: Which perennial herb appeared on the twelve sided three penny bit coin? A:,"['THRIFT', 'Thrift', 'Thrift (disambiguation)', 'Thrifts']", Thyme.,0.11347322165966034,1,1,1
8708,"Answer the question concisely. Q: Which Charles Dickens novel, his last completed work, features' John Harmon' and the title character 'John Rokesmith'? A:","['John Harmon (character)', 'Our Mutual Friend', 'Pod snap', 'Podsnap', ""'OUR MUTUAL FRIEND'""]", Our Mutual Friend.,0.8918238878250122,0,0,0
8719,Answer the question concisely. Q: Who was the British monarch when Theodore Roosevelt was the US President? A:,"['Eduard VII', 'Prince Albert Edward, Prince of Wales', 'Edward vii', 'Albert Edward, Prince of Wales', 'Prince Albert Edward, Duke of Rothesay', 'Albert, Prince of Wales', 'Albert Edward, Duke of Rothesay', 'Albert Edward, Duke of Cornwall', 'King edward vii', 'Edward VII of the United Kingdom', 'Edward VII', 'Prince Albert Edward, Duke of Cornwall', 'Prince Albert Edward', 'Edward vii of the united kingdom', 'Edward VII of England', 'Edward VII of Great Britain', 'EDWARD VII', 'Edward VII of Scotland', 'Edward VII of the UK', 'Edward 7', 'King Edward VII of the United Kingdom', 'Edward VII of Britain', 'Prince Albert Edward of the United Kingdom', 'King Edward VII', 'Edward Vii', 'Albert Edward of the United Kingdom']", Queen Victoria.,0.2284337282180786,1,1,1
8740,Answer the question concisely. Q: Which daily newspaper was merged with the daily Mail in 1971? A:,"['The Daily Sketch', 'Daily Sketch', 'DAILY SKETCH']", The Daily Sketch.,0.8561483025550842,0,0,0
8742,Answer the question concisely. Q: Which American city is home to the Basketball side 'The Wizards'? A:,"['Washington', 'WASHINGTON']", Washington D.C.,0.4834975004196167,1,0,0
8763,Answer the question concisely. Q: Which Rugby League team plays home games at Derwent Park? A:,"['Workington Town', 'WORKINGTON TOWN']", The Burnie Dockers.,0.0938827395439148,1,1,1
8769,Answer the question concisely. Q: Which British university was the first to throw open all degrees to women (in 1878)? A:,"['London (UK)', 'Climate in London', 'London (England)', 'London England', 'Lodnon', 'Wongdon', 'Londyn', 'London', 'Climate of London', 'LONDON', 'London Britain', 'England London', 'London, Greater London', 'Capital of the UK', 'Londonshire', 'Climate of london', 'Capital of the United Kingdom', 'London UK', 'Londra', 'London (United Kingdom)', 'London,England', 'London, England, UK', 'United Kingdom/London', 'London (Great Britain)', 'Londonize', 'Capital of England', 'London, UK', 'The Metropolis', 'UN/LOCODE:GBLON', 'Londonise', ""London's"", 'London (Britain)', 'London, England', 'Lundúnir', 'London area', 'London, Great Britain', 'London-on-Thames', 'Southwest London', 'The metropolis', 'Londontown', 'London england', 'Weather in London', 'London, England, United Kingdom', 'Llundain', 'London, U.K.', 'London, england', 'London, United Kingdom', 'GBLON', 'London weather', 'London, Britain', 'Lundein', 'Lundunir']"," Girton College, Cambridge.",0.2265566885471344,1,1,1
8779,"Answer the question concisely. Q: Who was the father of the prophet Muhammad, the founder of Islam? A:","['Abd Alláh', '‘Abdullah', 'Ghabdulla', 'Gabdulla', 'Adb Allah', 'Abd-Allah', '‘Abdu’llah (name)', '‘Abd-Allah', '‘Abd Allah', '%60Abdallah', 'Abd-Allah (name)', '%60Abdullah', '%60Abd Allah', 'ʿAbdullah', 'Abdulla', 'Abdu’llah', 'Abd Allah', 'Sheikh Abdullah (disambiguation)', 'Abdula', ""'Abdullah"", ""'Abd Allah"", 'Abdulai', 'ʿAbdallāh', 'Abdilla', ""'Abd-Allah"", ""'Abdallah"", ""'Abdu'llah (name)"", 'Abdullah (given name)', 'Abdolah', 'Abdallah', ""Abdu'llah"", '‘Abdullah (name)', '%60Abd-Allah', ""%60Abdu'llah"", 'ABDULLAH', ""'Abdu'llah"", '‘Abdu’llah', ""'Abdullah (name)"", 'Abdullah (name)', 'Abdollah']", Abdullah.,0.5813453197479248,0,0,0
8787,Answer the question concisely. Q: According to figures released by the ONS what was the most popular name for baby boys in 2012? A:,"['Harry (disambiguation)', 'HARRY', 'Harry']", Oliver.,0.039834633469581604,1,1,1
8790,Answer the question concisely. Q: Who presents the BBC quiz show ‘Perfection’? A:,"['Nick Knowles', 'NICK KNOWLES']", Mark Lamarr.,0.16713647544384003,1,1,1
8796,Answer the question concisely. Q: In which country is the volcano Mount Meager? A:,"['Canada', 'Canadá', 'The Dominion of Canada', 'Commonwealth of Canada', 'Dominion of canada', 'ISO 3166-1:CA', 'Etymology of Canada', 'CANADA', 'Canadiophile', ""Canada's"", 'ᑲᓇᑕ', 'Canada/References', ""America's top hat"", 'Canada.', 'Cnada', 'Čanada', 'Canadian Federation', 'Kenadian', 'Canadialand', 'Xanada', 'Dominion of Canada', 'Canadaa']", Canada.,0.8310719728469849,0,0,0
8797,Answer the question concisely. Q: In Architecture what are a series of short upright pillars supporting a coping or rail called? A:,"['Baluster', 'Baluster-side', 'Balustrading', 'Balustrades', 'Baluster-shaft', 'Balistrade', 'Balusters', 'Baluster shaft', 'Balustroid', 'Baristrade', 'Balaustrade', 'Banister', 'Balaustrates', 'Balluster', 'Baluster leg', 'Balustrade']", balusters.,0.7409901022911072,0,0,0
8816,Answer the question concisely. Q: Which is the largest city in Pakistan? A:,"['Anklesaria Hospital', 'Sikandar Hayat Khan Sherpao', 'Karachi district', 'Iqbal Shaheed Road', 'Karachiites', 'Katha Theatre', 'Shahrah-e-Altaf Hussain', 'Garden Road (Karachi)', 'Dr. Daud Pota Road', 'Kurrachee', 'Sikanderabad (Karachi)', 'Gulistan-e-Bahar', 'Karachi Polytechnic Institute', 'Crime in Karachi', 'Shaheed Benazir Bhutto Park', 'Defence Export Promotion Organization', 'Sultan Mohamed Shah Aga Khan School, Karachi', 'Karachi metropolitan area', 'Shopping in Karachi', 'City District Government Karachi', 'Abdullah Haroon Road', 'Platinum Colony', 'Karachi, Sind', 'Syedna Burhanuddin Road', 'Abdul Sattar Pirzada', 'Moti Masjid (Karachi)', 'CDGK', 'Mini pakistan', 'Asifabad, Karachi', 'Shireen Jinnah Colony', 'Karanchi', 'Humera Alwani', 'Kharak (Karachi)', 'Lalazar (Karachi)', 'Kochi Camp', 'City of Quaid', 'Karachiite', 'Dara Murad Jamali Industrial Estate', 'Shahrah-e-Liaquat', 'Hub Industrial and Trading Estate', 'Umdah', 'Karachi City District', 'Financial Capital of Pakistan', 'Gutter Baghicha', 'List of cinemas in Karachi', 'Burnes Road Food Street', 'Wilayatabad', 'Karachi City', 'Karaci', 'Economic capital of Pakistan', 'Karachi', 'Karachi Expo Centre', 'Capital of Sindh', 'Ras Karashi', 'Afghan Basti', 'Financial capital of Pakistan', 'Karachi, PK', 'Karāchi', 'Agha Siraj Durrani', 'Kalachi-jo-Kun', 'Karachi, Sindh', 'Economic hub of Pakistan', 'District of Karachi', 'Bay View Academy', 'Karachite', 'Kurruck', 'PAF Colony', 'Karachi, Sindh, Pakistan', 'City of the Quaid', 'Economic Capital of Pakistan', 'Kaurashi', 'Waheed Murad Road', 'Karatchi', 'Kharak', 'Kurrachee Karachi', 'Windher Industrial and Trading Estate', 'Shah Rasool Colony', 'Muhammad Hussain Panhwar', 'Karshi', 'Nisar Shaheed Park', 'Victoria Road, Karachi', 'Chinna Creek', 'Lalazar (Naran)', 'Memon Nagar', 'Karachi, Sind, Pakistan', 'Keamari Groyne', 'Gadani Industrial Estate', 'Arts in Karachi', 'City district government of karachi', 'Azad Colony', 'Karachi District', 'Architecture of Karachi', 'Karachi, West Pakistan', 'Gulistan-e-Hadeed', 'Jinnahabad', 'Landhi Industrial Area', 'Karachi, Pakistan', 'Government College of Technology, Karachi', 'Kathiawar Muslim Habsh Jamaat', 'Rambagh, Karachi', 'Kara-chi', 'Qafila Serai', 'Financial hub of Pakistan', 'Nawa Nar', 'Architecture in Karachi', 'Boulton Market', 'Auranga Bandar', 'Karaachi', 'DHA Model High School', 'Mansfield Street, Karachi', 'Business hub of Pakistan', 'Allahwala Town', 'Kolachi-jo-Goth', 'City of Karachi', 'Uthal Industrial Estate', 'Ras al Karazi', 'Nishtar Road', 'Baba-e-Urdu Road', 'Karak Bander']", Karachi.,0.8424841165542603,0,0,0
8825,Answer the question concisely. Q: Which Hollywood film star (1899 -1957) had the middle name De Forest? A:,"['Humphrey boggart', 'Stephen Bogart', 'Humphrey bogart', 'Humphry Bogart', 'Humphrey DeForest Bogart', 'Tennis anyone', 'Bogart', 'Humphrey Bogart', 'Humprey Bogart']", Clark Gable.,0.23179608583450317,1,1,1
8839,Answer the question concisely. Q: Who was the first Norwegian group to top the UK charts A:,"['Ah-Ha', 'Ah-ha', 'A-ha', 'A-Ha', 'A ha', 'A-ha (musical group)', 'A-HA']", A-ha.,0.8494793176651001,0,0,0
8846,Answer the question concisely. Q: Found in the garden what type of insect is a looper A:,"['Catepillars', 'Catapillar', 'Catapiller', 'Caterpiller', 'Caterpillar', 'Catepillar', 'Caterpillars']", The looper is a type of caterpillar. The looper is a type of caterpillar. The looper is a type of caterpillar. The looper is a type of caterpillar. The looper is a type of caterpillar. The looper is a type of caterpillar. The looper is,0.6658622026443481,0,0,0
8848,"Answer the question concisely. Q: Who played Patrick, Victor Meldrew's neighbour in One Foot in the Grave A:","['Angus Deayton', 'Help Your Self', 'Deayton', 'Gordon Angus Deayton', 'Angus dayton', 'Gordon Deayton', 'Angus deyton']", Richard Wilson.,0.1854209452867508,1,1,1
8849,Answer the question concisely. Q: What is Chandler's surname in Friends A:,"['Bing.com', 'Microsoft bing', 'Windows Live Search', 'Bing Visual Search Galleries Beta', 'Bing (Search Engine)', 'Bing search engine', 'Msn search', 'Bing it', 'Live Search', 'Bing (website)', '必应', 'Get to know Bing', 'Terabyte unlimited', 'Kumo (search engine)', 'Bing Visual Search', 'TeraByte Unlimited', 'Bing explore', 'Bing Visual Search Galleries', 'Microsoft Search', 'Bing images', 'Bing Images', 'Bing Rewards', 'Bing Search', 'Bing (Bing search engine)', 'Bing', 'Bing (search engine)/old version', 'Tour Bing', 'MS Bing', 'Bing Web', 'Bing (search engine)', 'Bing Sidebar', 'Bing (search)', 'Bing search', 'Bing (web search engine)', 'Microsoft Bing', 'Bing API', 'Bing it on', 'Bing Answers', 'BING', 'Bing Community', 'Bing Local', 'Hiybbprqag', 'MSN Search', 'Bing Sting', 'Bing and decide', 'Bing (Search)']", Geller.,0.09688764810562134,1,1,1
8851,Answer the question concisely. Q: To whom was Bob Dylan supposed to be singing It Ain’t Me Babe A:,"['Joan Báez', 'The Best of Joan C. Baez', 'Joan Baez', 'Joan Chandos Baez', 'Joan Chandos Báez']"," It Ain’t Me Babe was written by Bob Dylan and was released in 1964. The song was a protest song against the Vietnam War and was a hit for Dylan. The song was also covered by many other artists, including Joan Baez and The Byrds. The song was written in response to the",0.24264520406723022,1,0,1
8852,"Answer the question concisely. Q: First I was afraid I was petrified, are the first words of which song A:","['Je survivrai', 'I Will Survive (song)', 'I Will Survive', 'I will survive', 'I will survive (song)']", I Will Survive by Gloria Gaynor,0.740082859992981,0,0,0
8924,Answer the question concisely. Q: What was the name of the Prime Minister in the T.V. series Yes Prime Minister A:,"['Jim Hacker', 'James hacker', 'James Hacker']", Jim Hacker,0.8874300718307495,0,0,0
8941,"Answer the question concisely. Q: What according to the commercial cleaned a big, big carpet for less than half a crown A:","['One Thousand and One', '1001', 'one thousand and one']"," A big, big carpet for less than half a crown.",0.16596189141273499,1,1,1
8943,Answer the question concisely. Q: What is the oldest vegetable known to man A:,"['Pisum sativum', 'Pea plant', 'Garden pea', 'Green peas', 'P. sativum', 'Peas', 'Pea', 'Peascods', 'Green pea', 'Green Pea', 'Field peas', 'Pea Plants', 'Pea pod', 'Pisum sativus', 'Petit pois']", The potato.,0.19870129227638245,1,1,1
8946,Answer the question concisely. Q: Which actor played Michael Corleone in the Godfather series of films A:,"['Al pacino', 'Al Pacino', 'Pacino', 'Albert Pacino', 'King Lear (2014 film)', 'Alfredo pacino', 'King Lear (2015 film)', 'Al Pachino', 'Pacino, Alfred James', 'King Lear (2013 film)', 'Alfredo James Pacino', 'Filmography of Al Pacino', 'Alfred James Pacino']", Al Pacino.,0.8890999555587769,0,0,0
8954,Answer the question concisely. Q: Where did Anita Roddick open her first Body Shop A:,"['Brighthelmstone', 'UN/LOCODE:GBBSH', 'Brighton music', 'Brighton Ferry', 'Brighton, UK', 'Brighton, Sussex', 'Mayor of Brighton', 'Brighton, East Sussex', 'Brighton Borough Council', 'County Borough of Brighton', 'Brighton, England', 'Brighton']"," Anita Roddick opened her first Body Shop in Brighton, England in 1976.",0.27453282475471497,1,0,0
8971,Answer the question concisely. Q: What was the name of Sebastian's teddy bear in Brideshead Revisited A:,"['Aloysius (disambiguation)', 'Aloysius', 'Aloisius']"," Sebastian's teddy bear was named ""Brideshead.""",0.118277907371521,1,1,1
8987,"Answer the question concisely. Q: Indians used wampum for money, what was wampum A:",['Beads or shells']," Wampum was a type of shell money used by Native Americans in the eastern United States. It was made from the shells of whelk and quahog clams, which were strung together to create beads. Wampum was used as a form of currency, as well as a means of exchange for",0.27446281909942627,1,0,0
8998,Answer the question concisely. Q: Who won an Oscar for his part in The Deer Hunter A:,"['Popcorn Shrimp', 'Christopher Wlaken', 'Christopher walkin', 'Ronald Walken', 'Ronnie Walken', 'Chris Walken', 'Christopher Walken', 'Chris walken', 'Christopher Walken for President']", Christopher Walk,0.6790838837623596,0,1,0
9008,Answer the question concisely. Q: Which English city has the most canals A:,"['County Borough of Birmingham', 'Birmingham overspill', 'Metropolitan Borough of Birmingham', ""B'Ham"", 'Great Barr Primary School', 'City of Birmingham', 'City of a thousand and one trades', 'Birmingham, UK', 'Birminghamian', 'Birmingham (borough)', 'City of a thousand trades', 'Nelson Mandela Primary School', 'Crime and policing in Birmingham', 'Birmingham, United Kingdom', 'The weather in Birmingham', 'Bournville Junior School', 'Birmingham Corporation', 'Birmingham Heritage Festival', 'Bimringham', ""B'ham"", 'Birmingham artistic figures', 'City of birmingham', 'Beormingham', 'Birmingham', 'Birmingham, West Midlands', 'England Birmingham', 'Birmingham, England', 'UN/LOCODE:GBBHM']", Birmingham,0.7576284408569336,0,0,0
9042,"Answer the question concisely. Q: How was Monday October 19, 1987 known in the world of finance A:","['List of Black Mondays', 'Black Monday', 'Black Monday (2008)']", Black,0.254358172416687,1,1,0
9044,Answer the question concisely. Q: What is the fifth event in the heptathlon A:,"['Longjumper', 'Running long jump', 'Farthest jumper', 'Long jumping', 'Long-jumping', 'Long jumper', 'Broad jump', 'Long-jumper', 'Longjump', 'Long jump', 'Long jump (sport)', 'Long Jump']", The fifth event in the heptathlon is the 200m dash. This event is typically run on a standard 400m track and is the second of the three running events in the heptathlon. The 200m dash is a sprint event that requires athletes to cover a distance of 200 meters in the,0.31272387504577637,1,1,1
9045,Answer the question concisely. Q: Cape Verde was formerly a dependency of which European country A:,"['Portogało', 'Republic of Portugal', 'PORTUGAL', 'Portekiz', 'Portugallu', 'O Papagaio', 'ISO 3166-1:PT', 'Portunga', 'Phu-to-ga', 'Potigal', 'Portûnga', 'Portugul', 'An Phortaingéil', 'Portugāle', 'Portugale', 'Portingale', 'Potiti', 'Portugali', 'Portugall', 'Portekîz', 'Bo Dao Nha', 'Portuguese Republic', 'Portogallo', 'Portugaul', 'Portogalo', 'Portyngal', 'Yn Phortiugal', 'Portugalio', 'Portugál', 'Portugual', 'Portuga', 'Portgual', 'Portugalsko', 'Portugaleje', 'Phû-tô-gâ', 'Portugalujo', 'Portugalija', 'Pertual', 'Pòtigal', 'Portugal', 'Bồ Đào Nha', 'Portugalska', 'República Portuguesa', 'Portiwgal', 'Portugalėjė', 'Portúgal', 'Portegal', 'An Phortaingeil', 'Republica Portuguesa']", Portugal,0.7584513425827026,0,0,0
9053,Answer the question concisely. Q: In which country was Rita Ora born A:,"['Republika e Kosoves', 'KOSOVO', 'Cossovo', 'Kosovo and Metochia', 'Kosove', 'Kosovo and Metohija (geopolitical region)', 'Kocobo', 'Republic of Kosovo', 'List of tallest structures in Kosovo', 'List of talles structures in Kosovo', 'Kosovo (geopolitical region)', 'Kosovo', 'The Republic of Kosovo', 'Kosovo i Metohija', 'Republika e Kosovës', 'Kosavo', 'Independent Republic of Kosovo', 'Kosovo region', 'Kosmet', 'The Kosovo', 'List of tallest buildings in Kosovo', 'KoKoSoVo', 'Languages of Kosovo', 'Косово', 'Republic of Kosovo (2008)', 'Etymology of Kosovo', 'Kosovo State', 'Kosovo*', 'Kosovo-Metohija', 'Independent Kosovo', 'Косово и Метохија', 'Kosovo & Metohija', 'Kosvo', 'Kosovo & Metohia', 'Kosovë', 'Kosovo-Metohia', 'Culture of KV', 'Kosova', 'State of Kosova', 'Culture of Kosovo', 'Kosovo (region)', 'Kosovo Valley', 'Kosova State', 'Communications in Kosovo', 'Kosovci', 'The Kossovo', 'Kosovo and Metohija (region)', 'Cosovo']", Albania,0.4189256429672241,1,1,1
9085,Answer the question concisely. Q: In the London 2012 Olympics where did the Taekwondo take place A:,"['Excell', 'Excel', 'Excel (disambiguation)', 'EXCEL', 'EXCELL']", The Taekwondo took place in the ExCeL London.,0.18312209844589233,1,0,1
9090,Answer the question concisely. Q: El Prat Airport serves which European city A:,"['The weather in Barcelona', 'Barcelona (Spain)', 'Catania, Italy', 'Barcelone', 'Barcellona', 'Barcelona', 'Barcelona, Catalonia', 'UN/LOCODE:ESBCN', 'Barcelona, Barcelona', 'Barcelona, Spain', 'City of Barcelona', 'Barcelona City']", Barcelona,0.6998146772384644,0,0,0
9095,"Answer the question concisely. Q: In music, an axe is a slang term for which instrument A:","['Saddle (guitar)', 'Guitar tone', 'Guitar music', 'Geetar', 'Guitar components', 'Belly Fiddler', 'The guitar', 'Gitarre', 'Guitar history', 'Gitfiddle', 'Kinds of guitars', 'Gutiar', 'Guitar', 'Guiatar', '🎸', 'Gitiar', 'Strap lock system', 'Types of guitars', 'Guitar Lessons', 'Parts of the guitar', 'Guitar lesson', 'Archguitar', 'Guitars', '6-string guitar', 'Guiatr', 'Left handed guitar', 'Playing guitars', 'Guitariste', 'Guitar instruction', 'Six-string guitar', 'Black Plastic Guitar Case', 'Rock guitar', 'Gitar', 'Usa Guitar', 'Giutar', 'Guitar strap', 'Strap Lock System', 'Gatar']", Guitar.,0.5422533750534058,0,0,0
9114,Answer the question concisely. Q: What type of animal is a nyala A:,"['Botswanan Antelopes', 'Antelope', 'Antilopina', 'Antelopes', 'Hybrid antelope']", A nyala is a type of antelope.,0.3869573175907135,1,0,0
9116,Answer the question concisely. Q: In game of Trivial Pursuit: what category is coloured green A:,"['Science & Nature (Inkubus Sukkubus album)', 'Science & Nature (Inkubus Succubus album)', 'Science and Nature']", Geography,0.22319065034389496,1,1,1
9123,"Answer the question concisely. Q: Who wrote the poems If, Gunga Din, Mandalay, and The Female of the Species A:","['Joseph Rudyard Kipling', 'Kiplingesque', 'Rudyard Kipling', 'Kipling rudyard', 'Rudy Kipling', 'R Kipling', 'Kipling', 'Kipling, Joseph Rudyard', 'Kiplingian', 'R. Kipling', 'Ruyard Kipling', 'Kipling Society', 'Bard of Empire', 'Rudyard Kipling (author)']", Rudyard Kipling.,0.8637883067131042,0,0,0
9135,Answer the question concisely. Q: In which Falklands engagement did Colonel H Jones win his VC A:,"['Goose Green Settlement', 'Goose Green, Falkland Islands', 'Goose Green']", San Carlos Water,0.14667834341526031,1,1,1
9138,Answer the question concisely. Q: Which French actor features on the cover on The Smiths album The Queen is Dead A:,"['Alan Delon', 'Alain Delon', 'Alain Fabien Maurice Marcel Delon']", Jean-Luc Godard,0.20657911896705627,1,1,1
9155,"Answer the question concisely. Q: In the film Christine, who or what was Christine A:","['Automotive vehicle', 'Ottomobile', 'Automobile', 'Environmental impact of cars', 'Self-rolling carriage', '🚗', 'Motorcar', '🚘', 'M1 vehicle', 'Cardoor', 'Motorization', 'Automobil', 'Automobiles', 'Self-propelling carriage', 'Passenger Vehicle', 'Automobilism', 'A car', 'Car', 'Motor car', 'Passenger vehicles', 'Motorisation', 'Autos', 'Automobles', 'The Automobile', 'Environmental impact of automobiles', 'Motor-car', 'Motor Car', 'Car Automobile', 'Cars', 'Passenger vehicle']", Christine was a 1958 Plymouth Fury.,0.040950022637844086,1,1,1
9158,Answer the question concisely. Q: In which country did the carrot originate A:,"['Afghanistan', 'Avghanistaun', 'Soviet-occupied Afghanistan', 'Afganhistan', 'Afghanestan', 'Jomhūrī-ye Eslāmī-ye Afġānestān', 'Afghanastan', 'Afeganistao', 'Afgjanistan', 'Afghanistan/Article from the 1911 Encyclopedia', 'AfghanistaN', 'Afghanistan, Rep. of.', 'Afganistan', 'Afghanistan-Central Asia', 'Afghanistan (1911 Encyclopedia)', 'Afghansitan', 'Afgahanistan', 'IROA', 'Kinetic action', 'A-Stan', 'Afghanstan', 'Afğānistān', 'AFGHANISTAN', 'Afghānistān', 'I.R.O.A.', 'Islamic Republic of Afghanistan', 'Dowlat-e Eslami-ye Afghanestan', 'افغانستان', 'Afghinastan', 'The Graveyard of Empires', 'Affghanistan', 'Afghanistan, I.S. of', 'Etymology of Afghanistan', 'The Islamic Republic of Afghanistan', 'Islamic Transitional Government of Afghanistan', 'ISO 3166-1:AF', 'Afghnistan', 'د افغانستان اسلامي دولت دولت اسلامی افغانستان', 'Da Afġānistān Islāmī Jomhoriyat', 'Da Afghanistan Islami Dawlat Dawlat-e Eslami-e Afghanestan']", The carrot originated in Afghanistan.,0.3932896852493286,1,1,0
9161,Answer the question concisely. Q: For what purpose was the leaning tower of Pisa originally built A:,"['Campaniles', 'Bell towers', 'Bell-tower', 'Belltower', 'Campanile', 'Bell tower', 'Campanili', 'List of campaniles']"," The leaning tower of Pisa was originally built as a bell tower for the cathedral of Pisa. The tower was built in stages, with each stage being added to the top of the previous one. The tower was completed in 1372, but it began to lean soon after construction was completed. The leaning tower of",0.29027265310287476,1,0,1
9171,Answer the question concisely. Q: Which super-tanker ran aground near Milford Haven in 1996 A:,"['Sea Empress', 'MV Sea Empress']", The Sea Empress.,0.6909077763557434,0,0,0
9180,"Answer the question concisely. Q: In Greek mythology, who was the first woman on Earth A:","['Pandora (myth)', 'Anesidora', 'Pandora (mythology)', 'Pandora', 'Pandora (Greek mythology)']", Pandora.,0.8357061147689819,0,0,0
9186,Answer the question concisely. Q: In the Inspector Morse series what is the christian name of Sergeant Lewis' wife A:,"['Valerie (song)', 'Valerie', 'Valerie (disambiguation)']", Jane,0.04842287302017212,1,1,1
9204,Answer the question concisely. Q: What is the state capital of Alabama A:,"['Montgomerie', 'Montgomery (disambiguation)', 'Montgomery']", Montgomery,0.8099753260612488,0,0,0
9218,Answer the question concisely. Q: In which stretch of water did the Mary Rose actually sink A:,"['Solent', 'Solent Valley', 'The Solent', 'Solent River']"," The Mary Rose sank in the Solent, a stretch of water between the Isle of Wight and the south coast of England. The Mary Rose was a warship that sank in 1545. It was raised from the sea in 1982 and is now on display in Portsmouth, England. The Mary Rose was",0.27621155977249146,1,0,0
9231,Answer the question concisely. Q: What was the Troggs most famous hit? A:,"['Wild Thing (song)', 'Wild Thing', 'Wild Thing (disambiguation)']"," ""Wild Thing.""",0.8437484502792358,0,0,0
9235,Answer the question concisely. Q: Who was the snooker player that beat Steve Davis in a world snooker final after being 8 - 0 down? A:,"['Dennis Taylor', 'Den Taylor', 'Denis Taylor']", Stephen Hendry.,0.27609682083129883,1,1,1
9251,Answer the question concisely. Q: The traditional 'Daily rum ration' was ended in what year? A:,"['one thousand, nine hundred and seventy', '1970']", 1970.,0.6208182573318481,0,0,0
9265,Answer the question concisely. Q: Christopher Cockerill invented what in 1955? A:,"['Hoverbarge', 'Hovercrafts', 'Air-cushion vehicle', 'Ground-effect machine', 'Ground effect machines', 'Air cushion vehicle', 'Air Cushion Vehicles', 'Hovercraft', 'Hover barge', 'Ground effect machine', 'Air-Cushion Machine', 'Air-Cushion Vehicle']", The first electric toothbrush.,0.12330901622772217,1,1,1
9268,"Answer the question concisely. Q: What year was the final Harry Potter book, Harry Potter and the Deathly Hallows, released? A:","['two thousand and seven', '2007']", 2007.,0.5681146383285522,0,0,0
9272,Answer the question concisely. Q: What is the world’s most popular non alcoholic drink? A:,"['C.O.F.F.E.E.', 'coffee', 'COFFEE (Cinema 4D)']", Water.,0.12932884693145752,1,1,1
9293,Answer the question concisely. Q: Who wrote 'The Owl and the Pussycat'? A:,"['Edward Lear', 'The Jumblies']", Edward Lear.,0.8736791014671326,0,0,0
9312,Answer the question concisely. Q: In what year did Captain Matthew Webb become the first to swim the English Channel? A:,"['1875', 'one thousand, eight hundred and seventy-five']", 1875.,0.6892288327217102,0,0,0
9319,Answer the question concisely. Q: What name was given to the eleven states that fought the Union in the US Civil War? A:,"['Confederacies', 'Confederacy (disambiguation)', 'Confederates', 'Confederacy', 'Confederate']", The Confederacy.,0.6198375225067139,0,0,0
9332,Answer the question concisely. Q: What is 'The Old Lady of Threadneedle Street'? A:,"['UK Central Bank', 'Governor and Company of the Bank of England', 'National bank of Guernsey', 'Bank of England', 'National bank of Jersey', 'Central bank of Great Britain', 'The Old Lady of Threadneedle Street', 'National bank of Gibraltar', 'Central bank of the United Kingdom', 'Old Lady of Threadneedle Street', 'Bank Of England', 'Asset Purchase Facility', 'Bank of england', 'National bank of the United Kingdom', 'BoE', 'National bank of England', 'The Bank of England', 'National bank of Wales', 'National bank of the Isle of Man', 'National bank of Northern Ireland']", The Bank of England.,0.8920046091079712,0,0,0
9333,"Answer the question concisely. Q: Vijay Singh, a US Masters champion, comes from where? A:","['Fiji Islands', 'Pacific/Fiji', 'Fidji', 'Matanitu Ko Viti', 'Fijis', 'Fijian Islands', 'Feejee', 'Ripablik ăph Phījī', 'Cannibal Isles', 'Sovereign Democratic Republic of Fiji', 'ISO 3166-1:FJ', 'Name of Fiji', 'Etymology of Fiji', 'Fiji Islander', 'Holidays in fiji', ""Fiji's"", 'Republic of the Fiji Islands', 'Matanitu Tugalala o Viti', 'Fiji Archipelago', 'Fiji Island', 'Fidji Islands', 'Chikoba', 'Holidays in Fiji', 'Tourism in Fiji', 'Fiji', 'Republic of Fiji']", Fiji.,0.7704409956932068,0,0,0
9335,Answer the question concisely. Q: What spirit is mixed with ginger beer in a Moscow mule? A:,"['Blackcurrant vodka', 'Vodka', 'Vokda', 'Filtering vodka', 'Balkan 176deg', 'Wodka', 'Russian vodka', 'Balkan 176°', 'Wodka (disambiguation)', 'Vodak', 'Vodka and Coke', 'Водка']", Vodka.,0.849016547203064,0,0,0
9344,Answer the question concisely. Q: Who sang the theme song in 9 to 5? A:,"['Floyd Parton', 'Dolly Parton discography', 'Dolly Parton', 'Sandollar Productions', 'Dolly Rebecca Parton', 'Dolly Pardon']", Dolly Parton.,0.8666820526123047,0,0,0
9366,Answer the question concisely. Q: What was the name of the TV comedy series starring Windsor Davies and Donald Sinden as Antique dealers? A:,"['Never the Twain', 'Never The Twain', 'Never the twain']"," Never Mind the Quality, Feel the Width.",0.27616554498672485,1,1,1
9368,"Answer the question concisely. Q: In the cartoon, what kind of bird is the roadrunner? A:","['Statically Linked Library', 'Static executable', 'Static archive', 'Static binary', 'Statically linked library', 'Static linking', 'Static compilation', '.lib', 'Static libraries', '.a', 'Static Library', '(a', 'Static library']", The roadrunner is a bird that is known for its speed and agility. It is a member of the cuckoo family and is found in the southwestern United States and Mexico. The roadrunner is a popular character in cartoons and is often depicted as a fast and clever bird. It is known for its ability to run at,0.3088177442550659,1,1,1
9371,"Answer the question concisely. Q: In 1967, who was the first DJ on Radio 1? A:","['Lenny Gamble', 'Tony Blackburn']", Tony Blackburn.,0.8566380739212036,0,0,0
9379,Answer the question concisely. Q: Who elects a new Pope? A:,"['Vice-Dean of the Sacred College of Cardinals', 'College of Cardinals', 'Sancta Romana Ecclesia, S.R.E.', 'Sancta Romana Ecclesia', 'Sacred College', 'Cardinalate', 'Sub-dean of the Sacred College of Cardinals', 'Sacred College of Cardinals', 'Ingravescentem aetatem', 'Ingravescentem Aetatem', 'College of cardinals']", The College of Cardinals.,0.7328500151634216,0,0,0
9385,"Answer the question concisely. Q: In Rowing, who received gold medals for the Women's coxless pair? A:",['Helen Glover and Heather Stanning'], The gold medal was won by the team of Helen Glover and Heather Stanning.,0.5652427077293396,0,0,0
9388,Answer the question concisely. Q: If a female rabbit is a 'Doe' what is a female ferret? A:,"['Jill', ""A 'Jill'""]", A 'Jill',0.9682316780090332,0,0,0
9397,Answer the question concisely. Q: K is the chemical symbol for what? A:,"['K (element)', 'Potassium compounds', 'Potassium metal', 'Potasium', 'Koal', 'Potassium', 'K(+)', 'Potassium ion', 'Element 19', 'Potassium Metabolism', 'Kalium', 'Potassium in nutrition and human health']", Potassium.,0.8864344358444214,0,0,0
9403,Answer the question concisely. Q: Darwin is the capital of which Australian Territory? A:,"['Northern Territory', 'Northern territory', 'North Territory', 'The Northern Territory', 'NorthernTerritory', 'Northern Territory of Australia', 'AU-NT', 'Northern Territory, Australia', 'South Australia (Northern Territory)', 'Local government in the Northern Territory', 'Northern Territorian', 'Northern Territories, Australia', 'North territory']", Darwin is the capital of the Northern Territory.,0.4590974450111389,1,0,0
9406,Answer the question concisely. Q: At which English racecourse would you see the 'Hennessy Gold Cup'? A:,"['Newbury', 'Newbury (disambiguation)']", Newbury.,0.7589624524116516,0,0,0
9410,Answer the question concisely. Q: Las Vegas is situated in which US State? A:,"['Silver State', 'Nevada, United States', 'Sports in Nevada', 'Geography of Nevada', 'US-NV', ""Nevada's Southern Boundary 1861-1867"", 'Transportation in Nevada', 'The Sagebrush State', 'NV (state)', 'Education in Nevada', 'Religion in Nevada', 'Nevadian', '36th State', 'The Battle Born State', 'Thirty-Sixth State', 'Nev.', 'Demographics of Nevada', 'Navada', 'Nevada Annulment', 'Nevada, USA', 'Climate of Nevada', 'Economy of Nevada', 'Thirty-sixth State', 'State of Nevada', 'Politics of Nevada', 'Nevadan', 'Silver state', 'Nevada (U.S. state)', 'The Silver State', 'Tikaboo Valley', 'Nevada (state)', 'Battle Born State', 'Transport in Nevada', 'Nevada']", Nevada.,0.6962589025497437,0,0,0
9411,Answer the question concisely. Q: In which country would you find the city of 'Ghent'? A:,"['Belguim', 'Koenigreich Belgien', 'Belgium/Belgie', 'Kingdom of Belgium', 'Belgian', 'Beljum', 'Königreich Belgien', 'Belgique', 'Belgium', 'Beligum', 'Kingdom of the Belgians', 'Beljam', 'Kingdom Of Belgium', 'Belgum', 'ISO 3166-1:BE', 'Belgie', 'Cockpit of Europe', 'Koninkrijk België', 'Beldjike', 'Blegium', 'Belgio', 'The Quebec of Europe', 'België', 'Begium', 'Royaume de Belgique', 'Konigreich Belgien', 'Koninkrijk Belgie', 'People of Belgium', 'Belgien', 'Belgium/facts', 'Administrative divisions of Belgium', 'Belgium facts']", Belgium.,0.5866745710372925,0,0,0
9417,"Answer the question concisely. Q: Until 1796, there was a state in the United States called Franklin. Today it's known as what? A:",['Tennessee!'], Tennessee.,0.7032931447029114,0,0,0
9429,"Answer the question concisely. Q: ""Heinz' 1963 song """"Just Like Eddie"""" was a tribute to whom?"" A:","['Cochran, Eddie', 'Skinny Jim', 'Eddie Cochran', 'Eddie Cochrane', 'Eddie cochran', 'Pretty Girl (Eddie Cochran song)', 'One Kiss (Eddie Cochran song)']", Eddie Cochran.,0.872600793838501,0,0,0
9448,Answer the question concisely. Q: Who wrote the novel Cider With Rosie? A:,['Laurie Lee'], Laurie Lee.,0.8442988991737366,0,0,0
9475,Answer the question concisely. Q: Who was the 'Referee' on the TV game show 'Big Break'? A:,"['Mr. Perfection', 'John Virgo']"," The 'Referee' on the TV game show 'Big Break' was the late, great, and much-missed, John Madden.",0.13395380973815918,1,1,1
9485,Answer the question concisely. Q: Complete this boxing phrase 'The Thriller in'? A:,"['Manila, Phillipine Islands', 'Manila Health Department', 'Capital city of philippines', 'Manila, Philippine Islands', 'Maynilad', 'Manila, Metro Manila', 'Manila', 'Manila City', 'Divisoria', 'Distinguished and Ever Loyal City', 'Manila Poblacion', 'UN/LOCODE:PHMNL', 'Queen of the Orient', 'Manila Yacht Club', 'Ciudad de Manila', 'Downtown Manila', 'Manila, Phillipines', 'City of Manila', 'Manileño', 'Manila, Phillippines', 'Manila (City)', 'Manila, Philippines', 'Manilan', 'Manilla, Philippines', 'The City of Our Affections', 'Poblasyon ng Maynila', 'Maynila', 'Philippine capital', 'Capital of philippines', '6-resurrection (08-09)', 'Asia/Manila']", Manila.,0.697770357131958,0,0,0
9489,Answer the question concisely. Q: Who played 'Robert Langdon' in 'The Da Vinci Code'? A:,"['Sandra Hanks Benoiton', 'Tam Honks', 'Samantha Lewes', 'Thomas Hanks', 'Chet Haze', 'Tom Hank', 'Tom Hanks', 'Tom hanks', 'Thomas Jeffrey Hanks', 'Chet Hanks', 'Hanks, Tom']", Tom Hanks.,0.8260403871536255,0,0,0
9512,Answer the question concisely. Q: What was Grace Darling's father's job? A:,"['Lighthouse-keeper', 'Lighthouse keeper']", He was a lighthouse keeper.,0.6125845313072205,0,0,0
9533,"Answer the question concisely. Q: When was basketball invented: 17th, 18th or 19th century? A:","['19th century AD', 'Early 19th Century', 'XIX century', 'Nineteenth-century', '19th-century', 'Ninteenth Century', 'Late 19th century', 'Year in Review 19th Century', 'Nighteenth century', 'Nineteenth century', 'Nineteenth Century', '19th centuries', '19th century', 'Mid-19th century', 'XIX Century', 'Ottocento', '19th-Century', '19 century', '19th Century']", 19th century.,0.7688684463500977,0,0,0
9539,"Answer the question concisely. Q: Known as Action Man in the UK, what 1964 Hasbro toy is responsible for the coining the phrase action figure? A:","['Kung Fu Grip', 'GI joe', 'GI-Joe', 'G.I.Joe', 'Group Action Joe', 'G i joe', 'Gi joe', 'Kung-Fu Grip', 'G. I. Joe', 'Gijoe', 'Kung fu grip', 'G.I. Joe: Super Joe Adventure Team', 'Gi Joe', 'Action joe', 'GI Joes', 'G I Joe', 'GI Joe', 'G.I. Joe', 'Kung-fu grip', 'GI JOE', 'Action Joe', 'G.i joe', 'G.I.-Joe', 'General Issue Joe', 'GIJoe']", G.I.,0.5763890743255615,0,1,1
9567,"Answer the question concisely. Q: Killing both the second US female astronaut in space, Judith Resnik, and the first participant in the Teacher in Space project, what NSA shuttle was lost on January 28, 1986? A:","['Challenger', 'Challengers', 'Challengers (disambiguation)', 'Challenger (album)', 'Challenger (disambiguation)']", Challenger.,0.6642012000083923,0,0,0
9588,Answer the question concisely. Q: Kirkland Signature is the house brand of what retail giant? A:,"['Costco.com', 'The Costco Wholesale Corporation', 'Costco Wholesale', 'Kirkland Signature', 'Costco Wholesale Corporation', 'Costco Wholesale Club', 'Costco Inc.', 'Costco cash', 'Price-Costco', 'Costco Connection', 'Costco Co.', 'Costco Wholesale Corp', 'Club Price', 'Costco', 'Costco Wholesale Corp.', 'Costco travel', 'The Costco Connection']", Costco.,0.7998465299606323,0,0,0
9593,Answer the question concisely. Q: A rabbit punch is a blow to what part of the body? A:,"['Necke', 'Collum (anatomy)', 'Neck', 'Human neck', 'Nuchal']", The back of the head.,0.13420787453651428,1,1,1
9594,Answer the question concisely. Q: Rickets is caused by a lack of what essential element? A:,"['Calcium supplements', 'Calcium ion', 'Factor 4', 'Calcium ions', 'Ca(2+)', 'Kalcium', 'Factor IV', 'Calcium', 'Element 20', 'Calium', 'Calcium compounds', 'Calcium Supplement', 'Ca+2', 'H and K lines', 'Calcium supplementation']", Vitamin D.,0.07943230122327805,1,1,1
9623,Answer the question concisely. Q: What name is given to the paradoxical psychological phenomenon wherein hostages express adulation and have positive feelings towards their captors that appear irrational in light of the danger or risk endured by the victims? A:,"['Stockholmsyndrome', 'Stockholm Syndrome', 'Swedish syndrome', 'Association With the Aggressor', 'Lima syndrome', 'Stolkholm syndrome', 'Stockholm Effect', 'Capture bonding', 'Helsinki Syndrome', 'Lima Syndrome', 'Stockholm syndrom', 'Stockholm effect', 'The Stockholm Syndrome', 'Possible examples of Stockholm Syndrome', 'The Stockholm syndrome', 'Stockholm syndrome', 'Helsinki syndrome', 'Identification with the aggressor']", Stockholm Syndrome,0.9215390682220459,0,0,0
9629,"Answer the question concisely. Q: What ""moderately famous"" ship left Southampton, England, before stopping at Cherbourg, France and Queenstown, Ireland before stopping floating? A:","['S.S. Titanic', 'HMS Titanic', 'Rms titanic', 'R. M. S. Titanic', 'Titanic (ship)', 'Provisioning of the RMS Titanic', 'John van Billard', 'RMS %22Titanic%22', 'Royal Mail Steamer Titanic', 'H.M.S. Titanic', 'RMS TITANIC', 'SS Titanic', 'RMS Titanik', 'Titanicc', 'Eliza Gladys Milvina Dean', 'Barbara Joyce West', 'Titanick', 'RMS titanic', 'Titanic', 'Titantic', 'Provisioning (RMS Titanic)', 'R.M.S Titanic', 'S. S. Titanic', 'Titanic victim', 'Titanic Related Films', 'RMS Titanick', 'August Weikman', 'Rms Titanic', 'RMS Titanic', 'RMS TITANTIC', 'TitaniC', 'Titanic passenger', '3909 04', '100th anniversary of the sinking of the RMS Titanic', 'The Titanic', 'R.M.S. Titanic']", The Titanic.,0.8139562010765076,0,0,0
9632,"Answer the question concisely. Q: A year ago today saw an explosion on what Gulf of Mexico oil drilling platform, operated by BP? A:","['Deepwater Horizon rig', 'Deepwater horizon', 'Deepwater Horizon semi-submersible', 'Deep Water Horizon', 'Deep water horizon', 'Deepwater horizon drilling rig', 'The Deepwater Horizon', 'IMO 8764597', 'Deepwater Horizon oil rig', 'Deepwater Horizon']", Deepwater Horizon.,0.8143503069877625,0,0,0
9664,"Answer the question concisely. Q: What is the usual term for growing plants in liquid, without the benefit of soil? A:","['Hydroponic agriculture', 'Hydroponic', 'Hydroponic farm', 'Hydroponics Systems', 'Hydroponic systems', 'Tank farming', 'Hydroponic greenhouse', 'Rotary Hydroponics', 'Hydroponics', 'Hydroponic farming']", Hydroponics.,0.8407479524612427,0,0,0
9669,Answer the question concisely. Q: Who is the most famous character created by Sir Arthur Conan Doyle? A:,"['Sherlock Holmes (character)', 'Inspector Holmes', 'Holmes and Watson', 'Shrlock holmes', 'Elementary, My Dear Watson', 'Sherlock Homes', 'Sherlock Holmes', 'Elementary, my dear Watson', 'SherlockHolmes', 'Shirlock Holmes', 'Three pipe problem', 'Sherlock-Holmes-Fallacy', 'Sherlock holmes']", Sherlock Holmes.,0.8229793310165405,0,0,0
9674,Answer the question concisely. Q: How many herbs and spices make up the secret blend used on Colonel Harland Sanders' most famous creation: his Original Recipe Kentucky Fried Chicken? A:,"['11', 'eleven']", Eleven.,0.4432687759399414,1,0,0
9676,"Answer the question concisely. Q: What is the name of the cookie recipe printed on the back of each bag of Nestle ""semi-sweet chocolate morsels""? A:","['Chocolate-chip cookie', 'TollHouseCookie', 'Tollhouse cookies', 'Chocolate-chip cookies', 'Chocolate chip biscuit', 'Toll House cookie', 'Chocolate chip cookies', 'Tollhouse cookie', 'Toll House cookies', 'Chocolate chip cookie recipes', 'Chocolate chip cookie', 'Chocolate Chip Cookies', 'Chocolate Chip Cookie', 'Nestlé Toll House', 'Toll House Cookie']", Toll House Chocolate Chip Cookies.,0.5865797400474548,0,0,0
9685,"Answer the question concisely. Q: The voice of Bugs Bunny, Daffy Duck, Porky Pig, Sylvester the Cat, Tweety Bird, Foghorn Leghorn, Yosemite Sam, Wile E. Coyote, Woody Woodpecker, Barney Rubble, Mr. Spacely, Speed Buggy, Captain Caveman, Heathcliff, Speedy Gonzales, Elmer Fudd and hundreds of others, which American voice actor was born on May 30, 1908? A:","['The Man of a Thousand Voices', 'Sy, the Little Mexican', 'Melvin Jerome Blank', 'Professor LeBlanc', 'Melvin Jerome Blanc', 'Mel Blanc', 'Mel Blank', 'Melvin Jerome %22Mel%22 Blanc', 'Melvin Blanc']", Mel Blanc.,0.8591548800468445,0,0,0
9708,"Answer the question concisely. Q: June 19, 1903 saw the birth of what legendary NY Yankee, who earned the nickname The Iron Horse in his 16 years playing for the team, until he was forced to retired when he was stricken with an eponymous disease? A:","['%22Buster%22 Gehrig', ""Henry Louis 'Buster' Gehrig"", 'Luckiest man on the face of the earth', 'Gehrig', 'Biscuit pants', 'Lou Gehrig', 'The luckiest man on the face of the earth', '%22Lou%22 Gehrig', 'Henry Louis %22Lou%22 Gehrig', 'Lou Gehrig Appreciation Day', ""Lou 'Buster' Gehrig"", 'Henry Louis Gehrig', 'Ludwig Heinrich Gehrig', 'Lou %22Buster%22 Gehrig', 'Lou Gherig', ""'Buster' Gehrig"", 'Henry Louis %22Buster%22 Gehrig', 'Lou Gerhig', 'Louis Gehrig', ""Henry Louis 'Lou' Gehrig"", 'Lou gehrig', 'Buster Gehrig', ""'Lou' Gehrig"", 'Biscuit Pants', 'Lou gerhig']", Lou Gehrig.,0.8832874298095703,0,0,0
9729,"Answer the question concisely. Q: Pre restraining order(s), who did People magazine name as their first ""Sexiest Man Alive"", in 1985? A:","['Mel Gibson DWI incident', 'Deputy James Mee', 'Gibson, Mel', 'Columcille Gerard Gibson', 'Mel Gibson apology', 'Mel Columcille Gerard Gibson', 'James Mee', 'Anne Reilly Gibson', 'Mel Gibsons', 'Mel Gibson DUI incident', 'Mel Gibson and Anti-Semitism', 'Mel gibson', 'Mel Colm-Cille Gerard Gibson, AO', 'Mel Gibson DUI', 'Mel-meltdown', 'Mel Gibson Defense', 'Mell Gibson', 'Melvin Gibson', 'Mel Gibson drinking', 'Mel Colm-Cille Gerard Gibson AO', 'Mel Colm-Cille Gerard Gibson', 'Mel Gibson']", Mel Gibson.,0.8147876262664795,0,0,0
9734,"Answer the question concisely. Q: On July 4,1817, construction began on what canal, linking the Great Lakes to the Hudson River, and ultimately, the Atlantic ocean? A:","['Lock 8, Erie Canal', 'Lock 29, Erie Canal', 'Lock 28A, Erie Canal', 'Lock 18, Erie Canal', 'Lock 2, Erie Canal', 'Lock 5, Erie Canal', 'Lock 10, Erie Canal', 'Lock 24, Erie Canal', 'Lock 30, Erie Canal', 'Eire Canal', 'Lock 9, Erie Canal', 'Lock 23, Erie Canal', 'Lock 17, Erie Canal', 'Lock 11, Erie Canal', 'Lock 35, Erie Canal', 'Lock 15, Erie Canal', 'Lock 32, Erie Canal', 'Erie Canal', 'Eerie Canal', 'Lock 4, Erie Canal', 'Lock 28B, Erie Canal', 'Lock 21, Erie Canal', 'Erie canal', 'Lock 3, Erie Canal', 'Lock 16, Erie Canal', 'Lock 13, Erie Canal', 'Lock 26, Erie Canal', 'Lock 20, Erie Canal', 'Lock 33, Erie Canal', ""Clinton's Big Ditch"", 'Lock 27, Erie Canal', 'Lock 12, Erie Canal', 'Lock 19, Erie Canal', 'Lock 34, Erie Canal', 'Lock 22, Erie Canal', ""Clinton's Ditch"", 'Lock 25, Erie Canal', 'Lock 6, Erie Canal', 'Lock 7, Erie Canal']", The Erie Canal.,0.6633175015449524,0,0,0
9738,"Answer the question concisely. Q: According to the nursery rhyme, how many blackbirds were baked in a pie? A:","['24', 'twenty-four']", Three blackbirds baked in a pie.,0.085123211145401,1,1,1
9741,"Answer the question concisely. Q: In orbit from 1973 to 1979, what was the name of the first space station launched by NASA, which met a firey end over the Pacific Ocean (and parts of Western Australia), on July 11, 1979? A:","['Skylab One', 'Skylab A', 'Sky lab', 'Skylab', 'Project Skylab', 'Skylab I', 'SkyLab', 'Skylab 5', 'Skylab 1', 'Skylab program', 'SKYLAB']", Skylab.,0.7420589923858643,0,0,0
9754,Answer the question concisely. Q: What is the physics term for mass times velocity? A:,"['Momentum (physics)', 'Momentum vector', 'Conservation of impulse', 'Kinetic momentum', 'Law of conservation of momentum', 'Linear Momentum', 'Law of conservation of linear momentum', 'Relativistic Momentum', 'P=mv', 'Conservation of Momentum', 'Linear momentum', 'Momentum conservation', 'Linear momenta', 'Potential momentum', 'Relativistic momentum', 'Conservation of linear momentum', 'Conservation of momentum', 'Momenta', 'Momentum', 'Force summation']", Momentum.,0.8241755962371826,0,0,0
9757,"Answer the question concisely. Q: On July 21, 1969, who became the first man to set foot on the moon? A:","[""That's one small step for a man one giant leap for mankind"", 'Neil Armstrong', 'First man on moon', 'One small step for man', ""That's one small step for a man, one giant leap for mankind"", 'Niel Armstrong', ""That's one small step for man, one giant leap for mankind"", 'Neal armstrong', 'First man on the moon', 'Astronaut Armstrong', 'Neil armstrong', 'Neil Alden Armstrong', 'Neal Armstrong', 'First man on the Moon', ""That's one small step for a man"", 'Neil armstorng', 'Armstrong, Neil Alden', 'Neil A. Armstrong']", Neil Armstrong.,0.8238022327423096,0,0,0
9779,Answer the question concisely. Q: A “slim jim” is a type of pick used to open what type of lock without a key? A:,"['Vehicle Door', 'Car door', 'Fifth door', 'Door (vehicle)', 'Sports car door', 'Automobile door', 'Door (automobile)', 'Vehicle door', 'Self-closing door', 'Door switch']", A “slim jim” is a type of pick used to open a car door lock without a key.,0.20826682448387146,1,0,0
9784,Answer the question concisely. Q: Complete the proverb: All work and no play...? A:,['Makes Jack a dull boy'], All work and no play makes Jack a dull boy.,0.5283293724060059,0,0,0
9802,Answer the question concisely. Q: What type of rain did Prince sing about in 1984? A:,"['Purple Rain', 'Purple Rain (disambiguation)', 'Purple rain']", Purple rain.,0.8771412968635559,0,0,0
9807,"Answer the question concisely. Q: After the United States and the Soviet Union, what country became the third in the world to test an atom bomb (in 1952)? A:","['Great–Britain', 'England, Scotland and Wales', 'England, Wales and Scotland', 'Great Britain', 'Gt. Brit', 'Island of Great Britain', 'Island of Britain', 'Britain (island)', 'Prydain Fawr', ""Great Britian's"", 'England, Wales, and Scotland', 'Terminology of Great Britain', 'Great britain', 'Mainland United Kingdom', 'UK mainland', 'Great-Britain', 'Breatainn Mhor', 'Mainland UK', 'The Great Britain', 'England and Wales and Scotland', 'Great Britain (island)', 'Great Britain (GB)', ""Great Britain's"", 'Ile of Britain', 'Isle of Britain', 'Gret Bryton', 'Breatainn Mhòr', 'Grate Britain', 'Gran Bretaña', 'Britannia Major', 'England, Scotland, and Wales', 'Great Brittain', 'Mainland Britain', 'Great Britian', 'Metropolitan Britain', 'Storbritannien', 'GREAT BRITAIN', 'British mainland']", France.,0.26484155654907227,1,1,1
9819,"Answer the question concisely. Q: On what country did the U.S. declare war on May 11, 1846? A:","['Mexican Republic', 'MEXICO', 'Estados Unidos de México', 'Sierra de la Estrella', 'Mexico (country)', 'Mexicó', 'The United Mexican States', 'Estados Unidos de Mexico', 'Central Mexico', 'ISO 3166-1:MX', 'Mexiko', 'Méjico', 'Mexique', 'Mexican United States', ""Mexican'"", 'The United State of Mexico', 'Mountains of Mexico', 'Old Mexico', 'United states of mexico', 'EUM', 'Messico', 'Mejico', 'The United States of Mexicans', 'Untied Mexican States', 'México', 'Etymology of Mexico', 'Meixcan', 'Estados Unidos Mexicanos', 'Mexic', 'Mexxico', 'Mexican Union', 'The United States of Mexico', 'United State of Mexico', 'Mexico', 'Republic of Mexico', 'Mexican Federal Republic', 'United Mexican States', 'Mexican coast', 'Mehico', 'United States of Mexicans', 'United States of Mexico']", Mexico.,0.609946072101593,0,0,0
9826,"Answer the question concisely. Q: On Monday, Samoa became the first nation in nearly 40 years to switch sides of the road. On what side do they now drive? A:","['Left (disambiguation)', 'Left (album)', 'Left']", The right side.,0.32165032625198364,1,1,1
9829,Answer the question concisely. Q: What famous motorhome brand took its' name from a Midwestern Native American tribe? A:,"['Winnebago', 'Winnebago (disambiguation)']", Winnebago.,0.8440517783164978,0,0,0
9850,"Answer the question concisely. Q: Sep 21, 1981 saw the confirmation of which associate justice, the first female Supreme Court justice? A:","[""Sandra Day O'Conner"", ""John J. O'Connor III"", ""Sandra day O'Connor"", ""Justice Sandra Day O'Connor"", ""Sandra O'Connor"", ""Sandra day o'connor"", 'Sandra Day', 'Sandra Day O Connor', ""Justice Sandra Day O'Conner"", ""Sandra D. O'Connor"", 'Sandra Day O’Connor', ""O'Connor, Sandra Day"", ""Sandra Day O'Connor"", 'Sandra day oconnor']", Sandra Day O'Connor.,0.8790807723999023,0,0,0
9856,Answer the question concisely. Q: The journal of which Amsterdam schoolgirl was first published in 1947 under the title The Diary of a Young Girl? A:,"['Betrayal of anne frank', 'Ann Frank', 'Anneke Frank', 'Betrayal of Anne Frank', 'Tony Ahlers', 'Annelies Marie Frank', 'The betrayal of Anne Frank', 'Ann Franke', 'Anee frank', 'Anne Frank Fonds', 'Anne frank', 'The Betrayal of Anne Frank', 'Ana Frank', 'Anna frank', 'Annele Frank', 'Anne Frank', 'Anna Frank', 'Anne Marie Frank', 'Annelies Frank']", Anne Frank.,0.8278197050094604,0,0,0
9867,Answer the question concisely. Q: In what South American country was unrepentant asshat Che Guevara and his band of merry men captured and ultimately executed? A:,"['Bolivia, Plurinational State of', 'Name of Bolivia', 'Bolivia', 'Etymology of Bolivia', 'Bolivian Republic', 'Republic of Bolivia', 'ISO 3166-1:BO', 'The Plurinational State of Bolivia', 'Plan de Todos', 'Estado Plurinacional de Bolivia', 'Volivia', 'Boliva', 'Bolívia', 'Plurinational State of Bolivia', 'Volívia', 'República de Bolivia', 'Bolivia (Plurinational State of)']", Bolivia.,0.7319893836975098,0,0,0
9874,"Answer the question concisely. Q: In what middle east harbor was the destroyer USS Cole attacked by suicide bombers in 2000, resulting in 56 casualties? A:","['Adem, YM', 'Little Aden', 'Aden Municipality', ""'Adan"", 'Aden, Craiter', 'عدن', 'Aden, YM', 'Aden', 'Aden, Yemen']"," Aden, Yemen.",0.9000645875930786,0,0,0
9879,"Answer the question concisely. Q: According to the nursery rhyme, who lives on Drury Lane? A:","['Muffin Man', 'The Muffin Man', 'Muffin man', ""Muffin' Man""]", The man in the moon.,0.31838101148605347,1,1,1
9883,"Answer the question concisely. Q: The last of the three-age system, what age followed the Bronze Age? A:","['The Iron Age', 'First Iron Age', 'Iron Age I', 'Early Iron Age', 'Late Iron Age', 'Iron Age', 'Iron Age II', 'Iron age', 'Iron Age III', 'European Iron Age', 'Iron-Age', 'Iron Age Japan', 'Celto-Roman Iron Age', 'Iron age Europe', 'African Iron Age', 'Middle Iron Age']", The Iron Age.,0.8788385391235352,0,0,0
9895,"Answer the question concisely. Q: What can be a legislative body, a collective name for type of bird, and a funk band? A:","['Parliamnet', 'Parliaments', 'Parlament', 'Parliment', 'National Parliaments', 'National Parliament', 'Parliaments of Europe', 'Parliament', 'Cabinet-parliamentary', 'Parliarment', 'Parlaiment', 'National parliament', 'Parliamentary government']"," Congress, a flock of birds, and Parliament Funkadelic.",0.13059674203395844,1,1,1
9896,Answer the question concisely. Q: What was the name of the oil company was founded by John D. Rockefeller in 1870? A:,"['Standard design', 'Standards (album)', 'Standard (disambiguation)', 'Standards', 'Standard newspaper', 'Standards (disambiguation)', 'Standard']", Standard Oil Company.,0.2520872950553894,1,1,1
9927,"Answer the question concisely. Q: ""Four score and seven years ago our fathers brought forth on this continent a new nation, conceived in liberty, and dedicated to the proposition that all men are created equal"" began what famous presidential speech? A:","['Gettysburg Address', 'Gettysburg Oration', 'President Lincolns Gettysburg address', ""Lincoln's Gettysburg Address"", 'Gettysburg address', ""Lincoln's address"", 'Address of Gettysburg', 'Of the people, by the people, for the people', 'Gettysburg adress', 'Four score and seven', 'The gettysburg adress', 'Gettysburg Speech', 'Lincoln address', 'Gettysberg address', 'The Gettysburg Address', 'Gettysberg Address', ""Lincoln's Address"", 'Four score and seven years ago']", The Gettysburg Address.,0.870424747467041,0,0,0
9942,"Answer the question concisely. Q: Where do you find the Bridal Veil, American, and Horseshoe Falls? A:","['Niagra Falls', 'Niagara Falls (N.Y. and Ont.)', 'Roger Woodward (Niagara Falls)', 'Daredevils of Niagara Falls', 'Over the Falls in a barrel', 'Niagra falls', 'Niagara Falls Power Generation', 'Cataratas del Niagara', 'Niagara falls', 'NiagaraFalls', 'Niagara Falls power generation', 'The Hell of Waters', 'Over Niagara Falls', 'Cataratas del Niágara', 'Niagara Falls']"," The Bridal Veil Falls is located in the Niagara River, between the American and Horseshoe Falls. The American Falls is located on the American side of the river, while the Horseshoe Falls is located on the Canadian side. The Bridal Veil Falls is the smallest of the three falls,",0.4465181231498718,1,1,1
9958,"Answer the question concisely. Q: Which battle, near York, in 1644, saw the end of 'Royalist' resistance in the north of England? A:","['Battle at Hessam-Moor', 'Battle of marston moor', 'Battle of Marston Moor', 'Marston Moor', 'Marston Moor, Battle of', 'MARSTON MOOR', 'Battle of Marston Moore', 'Battle of Marston-Moor', 'The Battle of Marston Moor']", Marston Moor.,0.8759211897850037,0,0,0
