idx,prompt,gold,generated_response,bleurt_score,hallucination_label,small_llm,large_llm
2,Answer the question concisely. Q: Who was the next British Prime Minister after Arthur Balfour? A:,"['Sir Henry Campbell-Bannerman', 'Campbell-Bannerman', 'Campbell Bannerman', 'Sir Henry Campbell Bannerman', 'Henry Campbell Bannerman', 'Henry Campbell-Bannerman']",David Lloyd George,0.26288098096847534,1,1,1
8,Answer the question concisely. Q: What is the Japanese share index called? A:,"['Nikkei', 'Nikkei (disambiguation)']",Nikkei 225,0.7163253426551819,0,0,0
17,"Answer the question concisely. Q: ""Who was the target of the failed """"Bomb Plot"""" of 1944?"" A:","['Hitlerian', 'Adolph Schicklgruber', 'HitlerAdolf', ""Hitler's medical health"", 'Adolf Hitle', 'Hitlar', 'Adolph Hiedler', 'Adolf Hiedler', 'Adolph Hittler', 'Day of Potsdam', 'Adolpf Hitler', 'Adolf Hister', 'Adolf Hitlier', ""Adolph Hitler's health"", ""Hitler's health"", 'Hitlers', 'Aldof Hilter', 'HITLER', 'Hitler, Adolph', 'History of Adolf Hitler', 'Hitler,Adolph', 'Adolph Hiter', 'Adolf Hittler', 'Herr Hitler', 'Hitler,Adolf', 'Adolf Schicklegruber', 'Adolf hitler', 'Adlof hitler', 'Adolph Schickelgruber', 'Hitler Adolf', 'Hitlers medical health', 'HitlerAdolph', 'Adolph Schicklegruber', 'Adolf Hiler', ""Adolf Hitler's medical condition"", 'Hittler', 'Adolf Schickelgruber', 'Adolf Hitler', ""Hitler's"", 'Hitler, adolf', 'Nazi leader', 'Hitler, Adolf', 'Herr Wolf', ""Adolph Hitler's medical health"", 'Adolph Hitler', ""Adolf Hitler's health"", 'Adolf Schicklgruber', 'AdolphHitler', 'Adolf Hilter', 'Health of Adolf Hitler', ""Adolf Hitler's medical health"", 'Hitler Adolph', 'AdolfHitler', 'Adolf HItler', 'Hitlet', 'Hitler adolf', 'Adoff Hitler', 'Adolfus Hitler', 'Hitler', 'Adolph hitler']","""The target of the failed """"Bomb Plot"""" of 1944 was Winston Churchill",0.16303592920303345,1,1,1
24,Answer the question concisely. Q: If I Were A Rich Man Was a big hit from which stage show? A:,"['Fiddler on a Roof', 'Fiddler on the roof', 'Sprintze', 'Fiddler On the Roof', '2 life', 'Fiddler On The Roof', 'The Fiddler on the Roof', 'Fiddler on the Roof', 'Fiddler on the reoof', 'Anatevka']",Fiddler on the Roof.,0.9184461832046509,0,0,0
30,Answer the question concisely. Q: What was President Gerald Ford's middle name? A:,"['Rudolph (disambiguation)', 'Rudolph', 'Rudolf', 'Rodolph', 'Rodolphe']",Leslie,0.36996781826019287,1,1,1
49,Answer the question concisely. Q: How was the European Recovery Program in the 1940s more commonly known? A:,"['European Recovery Programme', 'The marshal plan', 'Marshall Aid', 'European Recovery Program', 'Marshall Paln', 'The Marshall Plan', 'European recovery act', 'Marshall aid', 'Marshall Plan', 'Marshal plan', 'Organization for European Economic Recovery', 'Ministère de la Reconstruction', 'Marshall aid plan', 'Economic Cooperation Act of 1948', 'Marshall plan', 'Operation Rathole']",The Marshall Plan,0.9845094084739685,0,0,0
64,Answer the question concisely. Q: Who was the first US-born winner of golf's British Open? A:,"['Walter Hagen', 'Hagen, Walter', 'Walter Charles Hagen']",Ben Hogan,0.2552020847797394,1,1,1
69,Answer the question concisely. Q: What is the name of Terence and Shirley Conran's dress designer son? A:,"['Jaspis', 'Bruneau jasper', 'Egyptian jasper', 'Black Jasper', 'Lydian stone', 'Jasper (mineral)', 'Jasper', 'Youngite', 'Bruneau Jasper']",Terence Conran's son is called Jasper Conran,0.31012582778930664,1,1,1
77,Answer the question concisely. Q: Bandar Seri Begawan International airport is in which country? A:,"['Abode of Peace', 'BRUNEI', 'Health in Brunei', 'Burnei', 'State of Brunei Darussalam', 'Nation of Brunei, the Abode of Peace', 'برني دارالسلا', 'Brunei', 'Bruneian Sultanate', 'Brunei Darrussalam', 'State of Brunei', 'Brunai', 'Nation of Brunei', 'ISO 3166-1:BN', 'Asia/Brunei', 'Human rights in Brunei', 'Brunei Darsussalam', 'Nation of Brunei, Abode of Peace', 'Negara Brunei Darussalam', 'Subdivisions of Brunei', 'Brunei Darussalam', 'Administrative divisions of Brunei', 'Brunei Sultanate', 'بروني', 'Legal system of Brunei', 'State of Brunei, Abode of Peace', 'Etymology of Brunei']",Brunei,0.8552758097648621,0,0,0
80,"Answer the question concisely. Q: Who was born first, Kiefer Sutherland or Christian Slater? A:","['Kiefer sutherlund', 'Keefer Sutherland', 'Promised Land (1987)', 'Keifer Sutherland', 'Kiefer William Frederick Dempsey George Rufus Sutherland', 'Kiefer Sutherland', 'Keifer Southerland', 'Kiefer William Fredrick Dempsey George Rufus Sutherland', 'Kiefer Sutherland characters']",Kiefer Sutherland,0.9644331336021423,0,0,0
111,"Answer the question concisely. Q: Which sports event was first held at Worcester, Massachusetts in 1927? A:","['Ryder Cup Matches', 'Rider cup', 'The Ryder Cup', 'Ryder cup', 'Ryder Cup']",The first Boston Marathon was held in 1897,0.16867759823799133,1,1,1
112,Answer the question concisely. Q: In which European city is the Belvederen Gallery? A:,"['Capital of Austria', 'Wien', 'Architecture of Vienna', 'Vinarborg', 'Government of Vienna', 'Vienna', 'Viena', 'Demographics of Vienna', 'City of Vienna', 'Vienna (state)', 'Wienna', 'Vienna, AT-9', 'Habsburg, Austria', 'Vienna Porcelain', 'Wene', 'UN/LOCODE:ATVIE', 'Vienna (Austria)', 'Europe/Vienna', 'Vindabona', 'Vienna porcelain', 'Vínarborg', 'Wien, Austria', 'Vienna, Austria', 'Gemeinderat of Vienna', 'Vindobonensis', 'Bécs']",Vienna,0.8392508625984192,0,0,0
131,Answer the question concisely. Q: For which team did Babe Ruth blast his last Major League home run? A:,"['Boston Braves (disambiguation)', 'Boston Braves']",The Boston Braves,0.7679927349090576,0,0,0
138,Answer the question concisely. Q: Who was the only female victim to be killed off in the opening credit sequence in Police Squad? A:,"['Florence Agnes Henderson', 'Florence Henderson', 'Florence Hendersen', 'Flo Henderson']",The woman in the red dress,0.2370874434709549,1,1,1
148,Answer the question concisely. Q: In which country did the Internet start? A:,"['The United States of America', 'United States Of Amerca', 'Us of a', 'U.–S.–A.', 'Americaland', 'United States (U.S.A.)', 'Amurika', 'Unite states of america', 'United States of America (redirect)', 'The U S A', 'Unietd States', 'EE UU', 'The U.S.A.', 'U.-S.-A.', 'Usa', 'United Staets of America', 'Unites States', ""États-Unis d'Amérique"", 'Verenigde State', 'U.–S.', 'The United States of America.', 'The U-S-A', 'EEUU', 'U. S. A.', 'Nagkaisang mga Estado', 'The U. S. of America', 'The USA', 'America (United States)', 'The U. S. A.', 'U S of America', 'UNITED STATES', 'Estados Unidos', 'The U–S', 'American United States', 'US and A', 'Unitd states', 'The US of A', 'EE.UU.', 'U-S', 'The U-S', 'Etymology of the United States', 'U.S.A.)', 'EE. UU.', 'United states of america', 'US of america', 'Verenigde State van Amerika', 'Nited States', 'United-States', 'Unite States', 'Estados Unidos de América', 'UnitedStates', 'Estaos Unios', 'US of America', 'The Usa', 'United states of America', 'Untied States of America', 'The U S of America', 'THE AMERICAN UNITED STATES', 'The United-States', 'U S A', 'AmericA', 'Estados Unidos de America', 'United states', 'The U.S. of America', 'Amerka', 'United–States', 'U.s.a.', 'United States of America', 'United State of America', 'United States (US)', 'The U.S. of A', 'America', 'Amercia', ""Stati Uniti d'America"", 'Los Estados Unidos de America', 'United Stated', 'U.S.', 'United States (of America)', 'United States', 'States of America', 'America-class', 'Los Estados Unidos', 'U,S,', 'United States (country)', 'Federal United States', 'ISO 3166-1:US', 'Untied States', 'The U.–S.–A.', 'VS America', 'Amurica', ""Etats-Unis d'Amerique"", 'US', 'U.S. OF A', 'USofA', 'Etats-Unis', 'U.S. of A', 'United States of America (U.S.A.)', 'Amarica', 'The United States', 'U-S-A', 'United States/Introduction', 'The Us', 'Unitesd states', 'The U S of A', 'America class', 'America magazine', 'الولايات المتحدة الأمريكية', 'The U. S. of A', 'U S', '(USA)', 'The United–States', 'United States (U.S.)', 'U.-S.', 'United States of America (USA)', ""'merica"", 'The US', 'United States of America.', 'UNited States', 'The U.S.', 'AMERICA', 'United States of America/OldPage', 'United+States', 'The U S', 'United Sates', 'THE UNITED STATES OF AMERICA', 'U–S–A', 'United States Of America', 'U.S. of America', 'U–S', 'Los Estados Unidos de América', 'The U.-S.', 'United sates', 'The United States Of America', 'America (country)', 'United States of American', 'United state of america', 'The U.–S.', 'Amurka', 'U. S. of A', 'The U. S.', 'United States America', 'US of A', 'États-Unis', 'USoA', 'USA', 'Estaos Uníos', 'America, United States of', 'U. S. of America', 'U.S.American', '(US)', 'The U–S–A', 'U. S.', 'U.S. America', 'U.S. A', 'Yankee land', 'America (US)', 'U.S', 'America (United States of)', 'US (country)', 'UNITED STATES OF AMERICA', 'U.S.A', 'Estados unidos', 'Americia', 'The US of america', 'Vereinigte Staaten', 'US America', 'These United States of America', 'VS Amerika', 'Name of the United States', 'The united states of america', 'Estatos Unitos', 'America (USA)', 'The U.-S.-A.', 'United States of America/Introduction', 'The US of America', 'Americophile', 'V.S. America', 'U.S.A.', 'U S of A', 'V.S. Amerika', 'United+States+of+America', 'The Unites States of America']",The United States.,0.8847135305404663,0,0,0
155,Answer the question concisely. Q: The Suez Canal connects the Mediterranean Sea to which other Sea? A:,"['Arabicus Sinus', 'Sinus Arabicus', 'Red sea', 'The red sea', 'ቀይሕ ባሕሪ', 'Red Sea', 'Red Sea Basin', 'Al Baḩr al Aḩmar', 'Sea of Mecca']",The Red Sea,0.9108170866966248,0,0,0
171,Answer the question concisely. Q: Who first drew Mickey Mouse when ?Disney first supplied the voice? A:,"['Iwerks, Ub', 'Ub Iwerks', 'Ub Iwerks Studio', 'Celebrity Productions', 'Ubbe Ert Iwwerks']",Walt Disney.,0.07304465770721436,1,1,1
180,Answer the question concisely. Q: Which singer had a big 60s No 1 with Roses Are Red? A:,['Bobby Vinton'],Elvis Presley,0.28215765953063965,1,1,1
199,Answer the question concisely. Q: Who did Jack Ruby shoot in November 1963? A:,"['Oswald the Lone Assassin', 'Lone Nut Theory', 'Lone gunman', 'Lee Oswald', 'Lee H. Oswald', 'A.J. Hidell', 'L.H.O.', 'L. H. Oswald', 'L.H.O', 'Alek J. Hidell', 'Maria Oswald Porter', 'Lee harvey oswald', 'Lee Harvey Oswald (photo)', ""Lee Harvey Oswald's"", 'Lee Harvey Oswald', 'Lee harvy oswald', 'Lone gunman theory', 'Alek James Hidell', 'Lee Harvey Ostwald']",Lee Harvey Oswald,0.9773432612419128,0,0,0
215,Answer the question concisely. Q: In which Netherlands city does the United Nations International Court of Justice sit? A:,"['The hague', 'Hague, Netherlands', 'The Hauge', 'UN/LOCODE:NLHAG', ""'s-Gravenhage"", 'The haig', 'Hague, The', 'Den hague', 'S%60Gravenshage', 'Lahey', 'S-Gravenhage', ""'s Gravenhage"", 'Hague', 'Den Hagg', '’s-Gravenhage', 'Den Haag', 'The Hague, Netherlands', 'The Hague', 'Gravenhage', 'The Hague, The Netherlands', 'Municipality of The Hague', 'Den haag']",The Hague,0.9651533365249634,0,0,0
220,Answer the question concisely. Q: In which parliament has the UK 87 seats for members who are elected for a five0-year term? A:,"['Common Assembly', 'European parliment', 'European Union Parliament', 'Europarliament', 'Eu parl', 'Euro Parliament', 'EU Parliament', 'Euparl', 'Assembly of the European Communities', 'European Parliamentary', 'Common Assembly of the European Coal and Steel Community', 'European parliament', 'EU parliament', 'European Assembly', 'Parliament of the European Union', 'The European Parliament', 'Parliament of the EU', 'Parliament of Europe', 'European Parliament', 'Europarl', 'Eu parliament', 'Strasbourg Parliament', 'European Parliamentary Assembly', ""European Parliament's"", 'Parliament of European Union', 'EuroParl', 'European Chamber']",The House of Lords.,0.1827985644340515,1,1,1
241,"Answer the question concisely. Q: Which family of insects has species named 'drivers', 'weavers', 'and even individuals called 'soldiers'? A:","['History of ants', 'Giant ant', 'Ant trail', 'Worker ant', 'Drone Ant', 'Ants', 'Formicidae', 'Ant', 'Ants communication', 'Ergate', 'Ant trails', '🐜']",The Hymenoptera,0.423175573348999,1,1,1
255,Answer the question concisely. Q: What is the second most common gas in the atmosphere? A:,"['Oxyjunn', 'Oxygen rings', 'Active oxygen', 'Vital air', 'ATC code V03AN01', 'ATCvet code QV03AN01', 'History of oxygen', 'Atomic number 8', 'Oxygyn', 'Oxygen gas', 'O₂', 'Dioxygen molecule', 'Diatomic oxide', 'Diatomic Oxygen', 'Oxygen ion', 'Sauerstoff', 'Oxygen', 'Oxygen partial pressure', 'Pure oxygen', 'Oxygen atom', 'Molecular oxygen', 'Oxygen Atom', 'Element 8', 'O (element)', '0xygen', 'Oxigen', 'E948']",Nitrogen.,0.5384829640388489,0,1,1
276,Answer the question concisely. Q: How many verses make up the national anthem God Save The Queen? A:,"['3', 'Three', 'three']",1 verse.,0.14872139692306519,1,1,1
284,Answer the question concisely. Q: What is the acronym for the agency which provides co-operation between police forces worldwide? A:,"['INTERPOL', 'International Criminal Police Organisation', 'International Criminal Police Organization', 'International Criminal Police Organization – INTERPOL', 'Interpol (organization)', 'International Police Conference', 'International Police Commission', 'President of Interpol', 'International Criminal Police Organization – Interpol', 'Interpol', 'ICPO-Interpol', 'International Criminal Police Organization - INTERPOL', 'International Criminal Police Commission', 'International Criminal Police Organization - Interpol']",INTERPOL,0.959847092628479,0,0,0
287,Answer the question concisely. Q: In which year was the Encyclopedia Britannica first published? A:,"['1768', 'one thousand, seven hundred and sixty-eight']",1768,0.8766692876815796,0,0,0
290,"Answer the question concisely. Q: Thomas Edison, who invented the lightbulb, was afraid of the dark? A:","['True (disambiguation)', 'True', 'True (album)', 'TRUE (Album)', 'True (song)', 'TRUE', 'True (Album)', 'Truer']","No, he was afraid of the light",0.0962904617190361,1,1,1
296,Answer the question concisely. Q: What was the Spice Girls' debut single called? A:,"['Wannabes (disambiguation)', 'Wannabes', 'Wanna Be', 'Wannabe (disambiguation)', 'Wannabee', 'Wannabe', 'Wanna-be']",Wannabe,0.9572041034698486,0,0,0
297,Answer the question concisely. Q: What are the only two musical notes which have no flats? A:,['C and F'],B and C,0.4972083568572998,1,1,1
298,"Answer the question concisely. Q: From which country do French fries originate? France, Belgium or Switzerland? A:","['ISO 3166-1:CH', 'Svissland', 'Etymology of Switzerland', 'Confederation Helvetia', 'Swizerland', 'Confederatio Helvetica', 'Environmental Integrity Group', 'Confoederatio Helvetica', 'Svizra', 'SWITZERLAND', 'Confédération suisse', 'SwissEnergy', 'Schweitz', 'Švýcarsko', 'Die Schweiz', 'Schwitzerland', 'Confederation suisse', 'Der Schweiz', 'Swiss Confederated States', 'Suiza', 'Switz', 'Switzeland', 'Schweiz', 'Confederation Helvetica', 'Switserland', 'Suisse', 'Schweizerische Eidgenossenschaft', 'Switzerland information', 'Confederaziun Svizra', 'Switzer land', 'Switzerland', 'Land of the Switzers', 'Swiss confederation', 'Confœderatio Helvetica', 'Swiss', 'Confederation Suisse', 'Confederation of Helvatia', 'Land of the Swiss', 'Confederaziun svizra', 'Svizzera', 'Swissland', 'Swizterland', 'Confédération Suisse', 'Confederazione Svizzera', 'Swiss Confederation']",France,0.38305824995040894,1,1,1
348,Answer the question concisely. Q: Who won the Ladies singles title at Wimbledon in 2004? A:,"['Мария Шарапова', 'Maria sharapova', 'Sharapova', 'Maria Shirapova', 'Sugarpova.com', 'Sugarpova', 'Maria Sharapova', 'Maria Sharapova (Model)', 'Maria Sharapova career history', 'Marija Sarapova', 'Mariya Sarapova', 'Мари́я Ю́рьевна Шара́пова', 'Maria Scharapowa', 'Masha Sharapova', 'Maria Sjarapova', 'Marija Šarapova', 'Maria Szarapowa', 'Мари́я Шара́пова', 'Maria Sharpova', 'Maria Yuryevna Sharapova', 'Maria shirapova', 'Maria Sugarpova']",Maria Sharapova,1.0065990686416626,0,0,0
357,Answer the question concisely. Q: In which capital city would you find Charles Bridge and Wenceslas Square? A:,"['City of Prague', 'Prauge', 'Wards of Prague', 'Prague, Czechoslovakia', 'Prahou', 'Prague ,Czech Republic', 'Prague, Bohemia', 'Prague (Czech Republic)', 'Prague, Czechia', 'NUTS Prague', 'Praha, Czech Republic', 'Praha', 'Capital city of the Czech Republic', 'UN/LOCODE:CZPRG', 'Capital of the Czech Republic', 'Europe/Prague', 'Praque', 'Prague tourism', 'Prague, Bohemia, Czech Republic', 'Greater Prague', 'NUTS Praha', 'Prague', 'Prahy', 'Historic Centre of Prague', 'Hlavní město Praha', 'Capital of Czech Republic', 'Prague, Czech Republic', 'CZPRG']",Prague,0.8247218728065491,0,0,0
362,Answer the question concisely. Q: Who bought Chelsea football club for £1 in 1982? A:,"['Ken Bates', 'Kenneth Bates']",Ken Bates,0.9638926982879639,0,0,0
374,Answer the question concisely. Q: What type of animal is the star of the 2005 film Racing Stripes? A:,"['Zevra', 'Zebras', 'Hippotigris', 'Diseases in zebras', 'Zebra', 'Baby zebra', 'ZEBRA']",Zebra,0.962997317314148,0,0,0
392,"Answer the question concisely. Q: Which scientist was Time magazine's ""Person of the 20th Century""? A:","['Albert Enstien', 'A Tribute to Einstein', 'Albert Einstien', 'Einstein (physicist)', 'Einsetein', 'Albert Einstin', 'Einstien', 'Albert Eienstein', 'Albert Einstein', 'Einstein, Albert', 'Albert Enstein', 'Einsteinian', 'Alber Enstien', ""Albert Einstein's"", 'Einstein', 'Einstien, Albert', 'A. Einstein', 'Al Einstein', 'Albert einstein', 'Alber Einstein']",Albert Einstein,0.9274869561195374,0,0,0
396,Answer the question concisely. Q: The Yalu river forms a sort of natural border between China and which of its neighbours? A:,"['Korea north', 'N. Korea', 'DPR Of Korea', 'Democratic Republic of Korea', 'Communist korea', 'ISO 3166-1:KP', 'Joseon Minjujuui Inmin Gonghwagug', 'Korea DPR', 'DPR of Korea', 'Democratic Peoples Republic of Korea', 'Korea (Democratic Republic of)', ""Democratic People's Repulic of Korea"", 'Korea (Pyongyang)', 'NKorean', 'Soviet korea', 'North Korean people', '북한', 'North-Korea', 'Korea North', 'DR Korea', ""Democratic People's Republic of Korea (North Korea)"", ""Democratic People's Republic of North Korea"", 'D P R of Korea', 'Pukchoson', 'Chosŏn Minjujuŭi Inmin Konghwaguk', ""Kim's Joseon Dynasty"", 'Korea (DPRK)', 'Korea dpr', 'D.P.R.K.', 'N. Koreans', 'Korea (North)', 'North Korean', 'Chosun Minjujuui Inmin Gonghwaguk', '朝鮮民主主義人民共和國', 'Democratic People’s Republic of Korea', 'Janmadang', 'Dprk', 'D.P.R. Korea', 'Jangmadang', 'Red Korea', ""Democratic People's Republic of Corea"", 'Pukchosŏn', '조선민주주의인민공화국', ""People's Democratic Republic of Korea"", 'Korea (D.P.R.K.)', ""Korean Democratic People's Republic"", 'N. korea', 'Choson Minjujuui Inmin Konghwaguk', 'N Korea', 'North Korea', ""Joseon Democratic People's Republic"", 'NKorea', '北韓', 'Bukjoseon', 'DPRoK', 'DPRNK', 'DPRK', 'North Kroea', 'Korea, North', 'North Koreans', '北朝鮮', 'Communist Korea', ""Democratic People's Republic of Choson"", 'DPR Korea', ""Democratic People's Republic of Korea"", 'North korea', ""Korean People's Democratic Republic"", ""Democratic Peoples' Republic of Korea"", 'N.Korea', ""Korea, Democratic People's Republic of"", 'North Corea', 'N. Korean', '북조선', 'Joseonminjujuuiinmingonghwagug', ""The Democratic People's Republic of Korea""]",North Korea,0.9729349613189697,0,0,0
401,Answer the question concisely. Q: Which planet has moons named after Shakespearean characters? A:,"['Magnetosphere of Uranus', 'Sol 7', 'Georgium Sidus', 'HD 128598', 'Planet Uranus', 'SAO 158687', '7th planet', 'Urano (planet)', '♅', 'Sol-7', 'Uranus (planet)', 'Discovery of Uranus', 'Seventh planet', 'Sol h', 'Sun h', 'Sol VII', '34 Tauri', ""George's Star"", '⛢', 'Uranus (astronomy)', 'Uranos (planet)', 'Uranus (Planet)', 'Georgian planet', 'Uranus', 'Astronomy Uranus']",Jupiter,0.3475809097290039,1,1,1
407,Answer the question concisely. Q: What is the name of the small fifth claw called on the side of a dog's foot ? A:,"['Dewclaws', 'Duclaw', 'Dewclaw', 'Dew-claw', 'Dew claw', 'The dewclaw']",Dewclaw,1.0193122625350952,0,0,0
420,"Answer the question concisely. Q: In Greek mythology, where do righteous souls go after death? A:","['Alysian fields', 'Elysian Fields', 'Elysian Fields (disambiguation)', 'The Elysian Fields', 'Elysiane fields', 'Elysian fields']",Hades.,0.08099450170993805,1,1,1
424,Answer the question concisely. Q: In which decade were ZIP codes introduced in the USA? A:,"['Sixties Revolution', 'Turbulent Sixties', '1960s (decade)', ""The '60's"", ""60's"", '1960s in sports', ""1960's"", 'Nineteen sixties', 'The 60s', '1960s', ""The '60s"", 'Sixties', ""The 60's"", 'Nineteen-sixties', '1960ies', '1960–1969', '%6060s', ""'60s"", '1960-1969', '1960’s', 'The Sixties']",1960s,0.895827054977417,0,0,0
426,Answer the question concisely. Q: In Greek mythology who was the twin of Polydeuces? A:,"['Castor (disambiguation)', 'Castor', 'CASTOR']",Castor,0.8813561201095581,0,0,0
433,Answer the question concisely. Q: What is the name of the London Underground station in EastEnders? A:,"['Walford East tube station', 'Walford East', 'Walford', 'Walford east', 'Victoria Square, Walford', 'Roads in Walford', 'London Borough of Walford']",Stratford,0.3816041946411133,1,1,1
456,Answer the question concisely. Q: Which country grows the largest number of mangoes? A:,"['ഭാരത മഹാരാജ്യം', 'هندستانڀارت،', 'भारतीय गणराज्याच्या', 'Bhārtiya Prajāsattāk', 'Indian Republic', 'ভারতরাষ্টৃ', 'Indian republic', 'ಭಾರತ ಗಣರಾಜ್ಯ', 'Union of India', 'இந்தியக் குடியரசு', 'भारतीय प्रजासत्ताक', 'India (country)', 'ISO 3166-1:IN', 'Indea', 'Etymology of India', 'ভারত গণরাজ্য', 'Republic Of India', 'INDIA', 'ભારતીય ગણતંત્ર', 'ভারত', 'Republic of India', 'Les Indes', 'Bhārat Gaṇarājya', 'جمہوٗرِیت بًارت', 'भारतमहाराज्यम्', 'Indya', 'Bharat Ganrajya', 'جمہوریہ بھارت', 'இந்திய', 'ଭାରତ ଗଣରାଜ୍ଯ', 'भारत गणराज्य', 'Republic of india', 'जुम्हूरियत भारत', 'Hindio', 'The Republic of India', 'భారత గణతంత్ర రాజ్యము', ""India's"", 'Hindistan', 'ਭਾਰਤ ਗਣਤੰਤਰ', 'Bhart', 'India', 'భారత రిపబ్లిక్', 'India.', 'ভাৰত গণৰাজ্য', 'Indian State', 'ISO 3166-1 alpha-3/IND', 'ভারতীয় প্রজাতন্ত্র']",India,0.7844386100769043,0,0,0
473,Answer the question concisely. Q: What was the name of the kangaroo often mistaken by Sylvester the cat to be a giant mouse? A:,"['Hippety Hopper', 'Hippity Hopper', 'Giant Mouse']",Taz,0.11437515914440155,1,1,1
515,"Answer the question concisely. Q: If you heard the catchphrase ""They're great"" what would expect to be advertised? A:","['Frosted Rice', 'Tiger Power', 'Frosted Flakes', 'Cinnamon Krunchers', ""Kellog's Frosted Flakes"", 'Zucaritas', 'Whole Grain Tiger Power', ""They're gonna taste great"", ""Tony's Cinnamon Krunchers"", 'Frosted Flakes of Corn', 'Cocoa Frosted Flakes', ""Kellogg's Frosted Flakes"", 'List of Frosted Flakes Products', ""Kellogg's Frosties"", 'Sugar Frosted Flakes', 'Frosties']",A product,0.18727685511112213,1,1,1
520,Answer the question concisely. Q: What story introduced the Cybermen? A:,"['The Tenth Planet', 'Dr Who – Music from the Tenth Planet', 'Dr Who - Music from the Tenth Planet', 'The Tenth Planet (Doctor Who)']",The Tenth Planet,0.9755202531814575,0,0,0
529,"Answer the question concisely. Q: When Mr Benn was looking for an adventure, what type of shop did he visit? A:",['A fancy dress shop'],A toy shop,0.28879719972610474,1,1,1
543,Answer the question concisely. Q: How many female P.Ms have there been? A:,"['1', 'one', 'One']",2,0.3695671260356903,1,1,1
547,Answer the question concisely. Q: Who won the 2010 Giro D'Italia? A:,['Ivan Basso'],Alberto Contador,0.34672147035598755,1,1,1
548,"Answer the question concisely. Q: In the Commonwealth games in Delhi, which British athlete won the mens 200m gold medal? A:",['Leon Baptiste'],Dwain Chambers,0.18982213735580444,1,1,1
556,"Answer the question concisely. Q: Which actor plays Cate Blanchett's father in the 2004 film ""The Missing"", a story set in 19th century New Mexico where the father works with estranged daughter Blanchett to get her kidnapped child back? A:","['List of awards and nominations received by Tommy Lee Jones', 'Jones, Tommy Lee', 'Tommy Lee Jones (actor)', 'Tommy Lee jones', 'Tommy Lee Jones filmography', 'TommyLeeJones', 'Tommy Lee Jones']",Tommy Lee Jones,0.9749207496643066,0,0,0
561,Answer the question concisely. Q: -Day in 1944 was the greatest sea-bourn invasion in history. What was the code name for the operation? A:,"['Battle for Normandy', 'Allied invasion of France', 'Invasion of France (Allies)', 'Operation Overlord', 'Normandy breakout campaign', 'Operation overlord essay', 'Normandy breakout']",-Operation Overlord,0.9039049744606018,0,0,0
573,Answer the question concisely. Q: Who won the men's singles title at Wimbledon in 1987? A:,"['Cat Pash', 'Pat Cash', 'Patrick Cash']",Stefan Edberg,0.2493337243795395,1,1,1
576,Answer the question concisely. Q: What building in Scotland is said to house the Holy Grail and features prominently at the end of The Da Vinci Code? A:,"['Cathedral of Codes', 'Collegiate Chapel of St Matthew', 'Rosslyn trust', 'Rosslyn Trust', ""Mason's Pillar"", 'Roslin Chapel', ""Apprentice's Pillar"", 'Rosslyn Motet', 'Apprentice Pillar', 'Roslyn Chapel', 'Rosslyn Chapel']",Rosslyn Chapel,1.0034245252609253,0,0,0
580,Answer the question concisely. Q: Who in 1975 became the first black man to win a Wimbledon singles title? A:,"['Arthur Ashe, Jr.', 'Arthur Robert Ashe, Jr.', 'Ashe, Arthur Robert', 'Arthur ash', 'Arthur R. Ashe', 'Arthur R. Ashe, Jr.', 'Arthur ashe', 'Arthur Ashe Jr.', 'Arthur (Robert) Ashe', 'Arthur Robert Ashe Jr.', 'Arthur R Ashe', 'Arthur Robert Ashe, Jr', 'Arthur Robert Ashe', 'Arthur Ashe', 'Arthur R. Ashe Jr.']",Arthur Ashe,0.9820780158042908,0,0,0
586,"Answer the question concisely. Q: Which Italian explorer had ships named Nina, Pinta and Santa Maria? A:","['Christoffa Corombo', 'Christopher columbus', 'Colón, Cristóbal-- Explorer', 'Crostoforo Colombo', 'Chistopher Colombus', 'Christopher Colombus', 'Cristoforo Colubmo', 'Christophorus Columbus', 'Columbus Quincentennial', 'Cristóbal Colón', ""Columbus's"", 'Christoper Columbus', 'Cristóvão Colombo', 'Christovao Columbo', 'Cristoforo Colombo', 'Cristopher Colombus', 'Christopher columb', 'Christopher COLUMBUS', 'Christopher colub', 'Christopher Columbus 1st Voyage', 'Colon, Cristobal-- Explorer', 'Perceptions of Columbus', 'Cristobol Colon', 'Topher columbus', 'Cristovao Colombo', 'Christofo Columbo', 'Christopher Columbus', 'Christopher coloumbus', 'Christobal Colon', 'Admiral of the Ocean Sea', 'Cristopher Columbus', 'Cristoforo Columbo']",Christopher Columbus,0.9580400586128235,0,0,0
595,Answer the question concisely. Q: The Miller Brewing Company got its start in what U.S. city? A:,"['UN/LOCODE:USMKE', 'Wisconsin/Milwaukee', 'Milwaukee, Wi', 'Music of Milwaukee', 'Juneautown', 'Milwauekee', 'Milwaukee, WI', 'Kilbourntown', 'Milwaukee, Wisconsin, USA', 'Millwaukee', 'Milwaukee, USA', 'Milwaukee, Wisc.', 'Milwaukee', 'Milwaukee (WI)', 'Milwaukee, Wisconsin', 'Milwaukee, wi']","Milwaukee, Wisconsin",0.9673945903778076,0,0,0
600,"Answer the question concisely. Q: Produced between 1970 and 1974, what is a Bond Bug? A:","['Automotive vehicle', 'Ottomobile', 'Automobile', 'Environmental impact of cars', 'Self-rolling carriage', '🚗', 'Motorcar', '🚘', 'M1 vehicle', 'Cardoor', 'Motorization', 'Automobil', 'Automobiles', 'Self-propelling carriage', 'Passenger Vehicle', 'Automobilism', 'A car', 'Car', 'Motor car', 'Passenger vehicles', 'Motorisation', 'Autos', 'Automobles', 'The Automobile', 'Environmental impact of automobiles', 'Motor-car', 'Motor Car', 'Car Automobile', 'Cars', 'Passenger vehicle']",A Bond Bug is a three-wheeled car produced by Bond Cars in England. It was designed by Gerald Palmer and was powered by a 1.1-liter engine,0.3056573271751404,1,1,1
604,Answer the question concisely. Q: What was the capital of the United States between 1785 and 1790?? A:,"['New Yourk State', 'State of N.Y.', 'US-NY', 'N Y', 'The state of NY', 'NewYork', 'NYS', 'Neo York', 'NY state', 'Nova York', 'State of new york', 'Ny', 'New york', 'Nueva York (estado)', 'N Y state', 'New York (state)', 'U.S. state of New York', 'New York state', 'New York, U.S.', 'State New York', 'Nýja-Jórvík', 'Newyork', 'NEW YORK', 'State of N. Y.', 'N. Y. state', 'NY', 'The state of N.Y.', 'NY (state)', ""New York's"", 'N.Y. (U.S. state)', 'State of new yourk', 'New York State', 'New York (U.S. state)', 'New york state', 'New Yrok', '11th State', 'New York (USA State)', 'State of N Y', 'New-York', 'The State of New York', 'State of New York', 'US state of New York', 'N Y (U.S. state)', 'N.Y. state', 'N.Y.', 'The state of N. Y.', 'N. Y. (state)', 'The state of N Y', 'New York, US', 'N.Y. (state)', 'Nyja-Jorvik', 'Religion in New York', 'New Yourk', 'N. Y.', ""New York State's"", 'Estado Nueva York', 'New York (USA state)', 'New york population', 'New York, U.S.A', 'New York', 'NY (U.S. state)', 'Estado de Nueva York', 'N. Y. (U.S. state)', 'Eleventh State', 'N Y (state)', 'State of NY', 'New York (State)', 'New York (U.S. state']",Philadelphia,0.3668217062950134,1,1,1
605,Answer the question concisely. Q: Which country does the drink Cinzano come from? A:,"['Environment of Italy', 'Italiën', 'Subdivisions of Italy', 'Republic of Italy', 'ItalY', 'ISO 3166-1:IT', 'Etymology of Italy', 'Itali', 'Pollution in Italy', 'Administrative divisions of Italy', 'Austrian Empire (Italy)', 'Italija', 'Italie', 'Italia', 'Italian Republic', 'Second Italian Republic', 'Italy', 'Italio', 'Repubblica Italiana', 'Itàlia', 'The Italian republic']",Italy,0.8239580392837524,0,0,0
631,Answer the question concisely. Q: England won the 1966 World Cup beating Germany 4-2. Hurst scored 3 of England's goals who scored the other? A:,['Martin Peters'],Geoff Hurst,0.259973406791687,1,1,1
633,Answer the question concisely. Q: What year did E.T. Hit the cinema screen? A:,"['one thousand, nine hundred and eighty-two', '1982']",1982,0.7927201390266418,0,0,0
636,Answer the question concisely. Q: What was the name of the World War I fighter ace nicknamed the Red Baron? A:,"['Manfred Albrecht Freiherr von Richthofen', 'Baron Manfred Albrecht von Richthofen', 'Manfred von Richtoven', 'Baron von Richtoven', 'Baron von Ricktoven', 'Red baron', 'Manfred von Richtofen.', 'Manfred von Richthofen (The Red Baron)', 'Baron von Richthoven', 'Manfred Von Richthofen', 'Manfred von Richtofen', 'Manfred Albrecht von Richthofen', 'The red barron', 'Manfred von Rickthoven', 'Manfred, Freiherr von Richthofen', 'Manfred von Rickthofen', 'Richthofen, Manfred, Freiherr von', 'Manfred von Richthoven', 'Baron Manfred von Richtofen', 'Manfred von Richthofen', 'Baron Manfred von Richtoven', 'Manfred von richtofen', 'Baron Manfred von Rickthoven', 'Baron Manfred von Ricktoven', 'Baron Manfred von Rickthofen', 'The Red Battle Flyer', 'Manfred von Ricktoven', 'Baron von Rickthofen', 'Baron Manfred von Richthofen', 'Manfred von richthofen', 'Baron Von Richtofen', 'Baron von Rickthoven', 'Baron Manfred von Richthoven', 'Red Baron', 'Baron von Richtofen', 'The Red Baron']",Manfred von Richthofen,0.9720512628555298,0,0,
644,"Answer the question concisely. Q: Which TV comedy had characters McLaren, Blanco & Warren A:","['Porridge', 'Porridges', 'Parritch', 'Porage', 'Porrige', 'Hot cereal', 'Poridge']",The Office,0.42868685722351074,1,1,1
653,Answer the question concisely. Q: The King of Wishful Thinking was a hit song used during the opening credits of the movie Pretty Woman. Who sang it? A:,"['GO WEST', 'Go West', 'Go West (disambiguation)', 'Go West (film)', 'Go west', 'Go West (album)']",Go West,0.9923122525215149,0,0,0
657,Answer the question concisely. Q: The Bull is the village pub in an everyday tale of country folk. In which village is The Bull? A:,"['Ambridge', 'Ambridge (disambiguation)']",The Bull is the village pub in an everyday tale of country folk. In which village is The Bull,0.3331774175167084,1,1,1
658,Answer the question concisely. Q: What is the second biggest city in the UK? A:,"['County Borough of Birmingham', 'Birmingham overspill', 'Metropolitan Borough of Birmingham', ""B'Ham"", 'Great Barr Primary School', 'City of Birmingham', 'City of a thousand and one trades', 'Birmingham, UK', 'Birminghamian', 'Birmingham (borough)', 'City of a thousand trades', 'Nelson Mandela Primary School', 'Crime and policing in Birmingham', 'Birmingham, United Kingdom', 'The weather in Birmingham', 'Bournville Junior School', 'Birmingham Corporation', 'Birmingham Heritage Festival', 'Bimringham', ""B'ham"", 'Birmingham artistic figures', 'City of birmingham', 'Beormingham', 'Birmingham', 'Birmingham, West Midlands', 'England Birmingham', 'Birmingham, England', 'UN/LOCODE:GBBHM']",London,0.32759392261505127,1,1,1
666,Answer the question concisely. Q: The undersurface of a person's foot or of a shoe? A:,"['Sole', 'Soles', 'Sole (disambiguation)']",Sole,0.8751381635665894,0,0,0
671,Answer the question concisely. Q: What animal did Reggie Perrin think of every time his Mother-in-law was mentioned? A:,"['The Hippopotamus', 'A Hippopotamus.']",A shark,0.27912479639053345,1,1,1
673,"Answer the question concisely. Q: Where does the infamous ""Streif"" downhill ski race take place? A:","['Kitzbühel Sportpark Tennis Stadium', 'Kitzbuhel, Austria', 'Kitzbuhel', 'Kitzbühel', 'Kitzbuel', 'Kitzbuhl', 'Kitzbühl', 'Kitzbuehel, Austria', 'Kitzbuehel', 'Kitzbühel, Austria', 'Kitzbuehl']",Austria.,0.28759294748306274,1,0,0
711,Answer the question concisely. Q: What was the middle name of US actor James Dean? A:,"['6th Lord Byron', 'George Gordon Noel Byron, 6th Baron Byron', 'George Gordon Byron, 6th Byron Baron', 'George Gordon Byron Byron', 'Byron', 'Byronian', 'Lord byron', 'Noel, 6th Baron Byron', 'George Gordon Noel, Lord Byron', 'George Gordon Noel, 6th Baron Byron Byron', 'Lord George Gordon Byron', 'Lord Noel Byron', 'Lord Byron', 'George Gordon, Baron Byron', 'Byronism', 'Lord Byron George Gordon', 'Lord George Gordon Noel Byron', 'George Byron Gordon', 'George Gordon, Lord Byron', 'George Gordon Noel Byron', 'George Gordon Noel', 'George Gordon, 6th Lord Byron', 'George Byron', 'George Gordon Noel, 6th Baron Byron', 'Byronesque', 'George Gordon Byron', 'George Gordon Noel Lord Byron', 'Byron, George Gordon Noel, 6th Baron Byron', 'Byron, George Gordon, Lord', 'George Gordon, 6th Baron Byron', 'George Gordon Byron, Lord Byron', 'George Gordon Byron, 6th Baron Byron', 'George Gordon Lord Byron', '6th Baron Byron', 'George Gordon Noel Byron, Lord Byron', 'George Gordon Byron Baron Byron', 'George Byron, 6th Baron Byron']",James Byron Dean,0.40991783142089844,1,1,1
721,Answer the question concisely. Q: Which bodily fluid is collected in a lachrymatory? A:,"['Wept', 'Lacrymation', 'Bogorad’s Syndrome', 'Lacrimal fluid', 'Leamy eye', 'Lachrymation', 'Watery eyes', 'Pre-corneal tear film', 'Tears', 'Tear Duct and Gland', 'Lacrimation', 'Teary', 'Alacria', 'Basal tears', ""Bogorad's syndrome"", 'Epiphoria', ""Bogorad's Syndrome"", 'Reflex ears', 'Watering eyes', 'Tear film']",Tears,0.8091069459915161,0,0,0
722,Answer the question concisely. Q: Which British singer played Jareth the Goblin King in the 1986 film ‘Labyrinth’? A:,"['Hermione Farthingale', 'Ziggy Stardust (persona)', 'The Berlin Trilogy', 'Berlin Trilogy', 'Bowiesque', 'David Bowie', 'David bowie filmography', 'Davie Jones and the King Bees', 'Bowiean', 'David bowie', 'Tao Jones Index', 'Bowie, David', 'The Konrads', 'Davie Jones with the King Bees', ""David Bowie's"", 'David Bowi', 'Davis bowie', 'The Manish Boys', 'David Robert Hayward-Jones', 'Ziggy stardust (persona)', 'The King of Glitter Rock', 'David Hayward-Jones', 'The Lower Third', 'Davy Jones and the Lower Third']",David Bowie,0.8999139070510864,0,0,0
727,"Answer the question concisely. Q: What was the name of the Brazilian player who won the Women’s Singles Finals at Wimbledon in 1959, 1960 and 1964? A:","['Maria Ester Bueno', 'Maria Esther Bueno', 'Maria Ester Audion Bueno', 'Maria Esther Andion Bueno', 'Maria Bueno', 'Bueno, Maria Esther Andion']",Maria Bueno,1.003488302230835,0,0,0
745,Answer the question concisely. Q: The Koppen System is a classification system for what? A:,"['Climate', 'World temperature', 'Global temperatures', 'Climatic zone', 'World climate', 'Climate system', 'Climatic', 'Global climate', 'Climates', 'Average annual temperature', 'Average day temperature', 'World temperatures', 'Global Temperature']",Climate.,0.6494647860527039,0,0,0
751,Answer the question concisely. Q: Mearth was the name of the child of which US tv characters? A:,"['Shazbot!', 'Nanu nanu', 'Shazbot', 'Nanoo nanoo', 'Mork from Ork', 'Nanu Nanu', 'Na-Nu Na-Nu', 'Exidor', 'Mork & Mindy', 'Mork and Mindy', 'Mork And Mindy', 'Mindy McConnell']",The Munsters,0.2822326421737671,1,1,1
764,"Answer the question concisely. Q: In January 1957, Russell Endean became the first batsman to be dismissed from a test cricket match for doing what? A:",['Handling the ball'],Walking off the field.,0.2942665219306946,1,1,1
775,"Answer the question concisely. Q: In 1951, which European country saw the abdication of King Leopold lll in favour of his son Baudouin? A:","['Belguim', 'Koenigreich Belgien', 'Belgium/Belgie', 'Kingdom of Belgium', 'Belgian', 'Beljum', 'Königreich Belgien', 'Belgique', 'Belgium', 'Beligum', 'Kingdom of the Belgians', 'Beljam', 'Kingdom Of Belgium', 'Belgum', 'ISO 3166-1:BE', 'Belgie', 'Cockpit of Europe', 'Koninkrijk België', 'Beldjike', 'Blegium', 'Belgio', 'The Quebec of Europe', 'België', 'Begium', 'Royaume de Belgique', 'Konigreich Belgien', 'Koninkrijk Belgie', 'People of Belgium', 'Belgien', 'Belgium/facts', 'Administrative divisions of Belgium', 'Belgium facts']",Belgium,0.8208523988723755,0,0,0
804,Answer the question concisely. Q: Amr Shabana from Egypt is famous for playing which sport? A:,"['Squash (disambiguation)', 'Squash', 'Squashes']",Squash,0.996633768081665,0,0,0
807,Answer the question concisely. Q: Apimania is an obsession with which creatures? A:,"['Anthophila', 'Apiformes', 'Ground bee', 'Bee flight', 'Solitary bees', 'Bee', 'Bees', 'Ground bees', 'Apiforme', 'Solitary bee']",Bees.,0.7139551639556885,0,0,0
820,Answer the question concisely. Q: The fictional characters William Dobbin and Rawdon Crawley appear in which novel? A:,"['Vanity fair (disambiguation)', 'Vanity fair', 'Vanity Fair', 'Vanity Fair (disambiguation)', 'Vanity Fair (mini-series)', 'Vanity Fair (film)']",Vanity Fair,0.9736878871917725,0,0,0
844,Answer the question concisely. Q: ‘Make Them Wait’ is rhyming slang for which Bingo number? A:,"['58', 'fifty-eight']",90,0.19653108716011047,1,1,1
853,Answer the question concisely. Q: Steve Martin and which other actor hosted the 2010 Academy Awards? A:,"['Alec Baldwin', 'Alexander Rae Baldwin III', 'Alexander Rae Baldwin', 'Alexander Baldwin III']",Alec Baldwin,0.9601473808288574,0,0,0
859,Answer the question concisely. Q: ‘Giovedi’ is the Italian word for which day of the week? A:,"[""Thor's Day"", 'Guruvaar', ""Thor's day"", 'Thursdays', 'Thursday', 'Thurs.', 'Thorsday', ""Jupiter's day""]",‘Giovedi’ is the Italian word for ‘Thursday’,0.4326143264770508,1,0,0
869,Answer the question concisely. Q: Amarelo is Portuguese for which colour? A:,"['Yellowest', 'Whiteyellow', 'Yelow', 'Yellow color', 'Yellowishness', 'Yellower', 'White-yellow', 'Rgb(255, 255, 0)', 'Dark yellow', 'Yellowwhite', 'Symbolism of yellow', 'Yellow (color)', 'Yellow (colour)', 'Yellowy', 'Yellow white', 'Yellowishly', 'White yellow', 'Yellow (Colour)', '(255, 255, 0)', 'Yellow', 'Royal yellow', 'Yellow-white']",Yellow,0.8089478015899658,0,0,0
893,Answer the question concisely. Q: Which author wrote ‘I came form Des Moines. Somebody had to.’ in their book ‘The Lost Continent’? A:,"['William McGuire %22Bill%22 Bryson, OBE', 'The Lost Continent and Neither Here Nor There', 'Bill Bryson', 'Bryson, Bill', 'William McGuire Bryson OBE', 'William McGuire Bryson', 'Bill bryson', 'William McGuire %22Bill%22 Bryson', 'William McGuire Bryson, OBE']",Bill Bryson,0.9798970818519592,0,0,0
915,Answer the question concisely. Q: ‘Impossible is nothing’ is the motto of which sportswear company? A:,"['Taylor-made', 'Adidas', 'ADIDAS', 'José + 10', 'Addidas', 'Santiossage', 'Jose + 10', 'Adidas Sandals', 'Adidas Group', 'Jose +10', 'Adidas SB', 'Adidas Sneakers', 'Adida', 'Adidas-Salomon', 'Adissage', 'José +10', 'The brand with the 3 stripes', 'Adidas originals', 'Adilette', 'Adidas AG', 'Adidas-Salomon AG']",Nike,0.11217214167118073,1,1,1
926,"Answer the question concisely. Q: In medicine, algology is the study of what? A:","['Pain (biology)', 'Nociceptive pain', 'Excruciation', 'Pain physiology', 'Body-self neuro-matrix', 'Pain sense', 'Physical pain', 'Chronic benign pain', 'Algesis', 'Rhitzopathy', 'Painful', 'Pain', 'Sorely', 'Painless', 'Multidimensional pain inventory', 'Pain theory', 'Gate theory', 'Gate control hypothesis', 'Non-organic pain', 'Yowsers', 'Gate theory of pain', 'Soreness', 'Pain sensation', 'Physiology of pain', 'Breakthrough pain', 'Incident pain', 'Rhizopathy', 'Dimensions of pain', 'Ache (sensation)', 'Pain (physical)', 'Multidimensional Pain Inventory', 'Pain and nociception', 'Gate control', 'Types of pain', 'Pain (biological)', 'Physiological pain', 'Acute pain']",Algae,0.33104407787323,1,1,1
929,Answer the question concisely. Q: The Manuel M.Torres Dam is the largest hydro plant in which country? A:,"['Mexican Republic', 'MEXICO', 'Estados Unidos de México', 'Sierra de la Estrella', 'Mexico (country)', 'Mexicó', 'The United Mexican States', 'Estados Unidos de Mexico', 'Central Mexico', 'ISO 3166-1:MX', 'Mexiko', 'Méjico', 'Mexique', 'Mexican United States', ""Mexican'"", 'The United State of Mexico', 'Mountains of Mexico', 'Old Mexico', 'United states of mexico', 'EUM', 'Messico', 'Mejico', 'The United States of Mexicans', 'Untied Mexican States', 'México', 'Etymology of Mexico', 'Meixcan', 'Estados Unidos Mexicanos', 'Mexic', 'Mexxico', 'Mexican Union', 'The United States of Mexico', 'United State of Mexico', 'Mexico', 'Republic of Mexico', 'Mexican Federal Republic', 'United Mexican States', 'Mexican coast', 'Mehico', 'United States of Mexicans', 'United States of Mexico']",The Philippines,0.3353787064552307,1,1,1
933,Answer the question concisely. Q: Which Brooklyn-born author had parents named Malachy and Angela? A:,"['Frank Mccourt', 'Frank McCourt', 'Frank McCourt (author)', 'Frank mccourt', 'Francis McCourt']",Malachy McCourt,0.38211575150489807,1,1,1
941,"Answer the question concisely. Q: In the human body, which bone connects the humerus with the calvicle? A:",['Scapula (shoulder blade)'],The scapula,0.39669668674468994,1,0,0
944,"Answer the question concisely. Q: The 1951 ‘Treaty of Peace With Japan’ which served to officially end World War II, is commonly known as what? A:","['San Francisco Peace Conference', 'Peace Treaty of San Francisco', 'Treaty of peace with Japan', 'San Francisco Peace Treay', 'Treaty Of San Francisco', 'San Francisco Peace Treaty', 'Japanese Peace Conference', 'Japanese Peace Treaty Conference', 'San Francisco conference', 'Treaty of San Francisco', 'San Francisco Treaty', 'Treaty of Peace with Japan', 'Japanese Peace Treaty']",The San Francisco Peace Treaty,0.8435301780700684,0,0,0
950,Answer the question concisely. Q: Which clothing chain was founded by brothers Clemens and August Brenninkmeijer in 1841? A:,"['C & A', 'C and a', 'C & a', 'C&A Brenninkmeijer', 'C and A', 'C&A', 'C&A Brenninkmeyer']",C&A,0.9691797494888306,0,0,0
951,Answer the question concisely. Q: Falange was the name given to several political movements and parties dating from the 1930’s in which European country? A:,"['Islands of Spain', 'España', 'Reino de España', 'Name of Spain', 'Espagna', 'Espańa', 'Reino de Espana', 'Espana', 'Kingdom of the Spains', 'The Spanish Society', 'Espainia', 'Mountains of Spain', ""Regne d'Espanya"", 'The kingdom of Spain', 'SPAIN', ""Regne d'Espanha"", 'Espanya', 'Espainiako Erresuma', 'Etymology of Spain', 'Spane', 'ISO 3166-1:ES', 'Spain', 'Spanish Kingdom', 'Kingdom of Spain', 'El Reino de España', 'El Reino de Espana']",Spain,0.8297645449638367,0,0,
952,"Answer the question concisely. Q: In the novel ‘Jane Eyre’ by Charlotte Bronte, what is the name of Mr Rochester’s first wife? A:","['Antoinette Cosway', 'Bertha Rochester', 'Bertha Mason', 'Bertha Antoinetta Mason']",Bertha Mason,0.9825013875961304,0,0,0
953,"Answer the question concisely. Q: Which fictional character is the subject of George Frampton’s bronze statue in Kensington Gardens, London? A:","['Peter Pan (literary character)', 'Peter Pan (fictional character)', 'Peter pan', 'Peter Pan (literature character)', 'Peter Pan (person)', 'Peter Pan (character)', 'Peter Pan', 'Peter Pan (lierature character)']",Peter Pan,1.0101208686828613,0,0,0
957,Answer the question concisely. Q: Odontology is the scientific study of what? A:,"['Tooth root', 'Pegged teeth', 'Tooth (animal)', 'Apex radicis dentis', 'Tooth serrations', 'Maxillary teeth', 'Tooth', 'Teeth']",Teeth,0.9751135110855103,0,0,0
963,Answer the question concisely. Q: The Nullarbor Plain is in which country? A:,"['Australia (Commonwealth realm)', 'AustraliA', 'Continental Australia', 'Australias', 'Peace of Australia', 'Australian city life', 'City life in Australia', 'Australocentrist', 'Mainland Australia', 'Australiia', 'Straya', 'Australia (commonwealth)', 'Austraila', 'Ausrtalia', 'Australia (nation)', 'Australien', 'New Australian', 'Australia (dominion)', 'Australia (federation)', 'Australia (country)', 'Aussieland', 'Federal Australia', 'Country life in Australia', 'Orstraya', 'Australia (nation state)', 'Australia (commonwealth realm)', 'Australia', 'Australocentrism', 'Austraya', 'Australie', 'AUSTRALIA', 'Geopolitics of Australia', 'Australia (nation-state)', ""Australia's"", 'Australian mainland', 'Australian country life', ""Australian Woman's Day"", 'Imperial Australia', 'United States of Australia', 'Australia (realm)', 'Australia (constitutional monarchy)', 'Austalia', 'Etymology of Australia', 'Philosophy in Australia', 'Commonwealth of Australia', 'Australija', 'Australia (monarchy)', 'Dominion of Australia', 'Empire of Australia', 'Ostralia', 'Modern Australia', 'Commonwealth of australia', 'Australia (empire)', 'Australo', 'The Commonwealth of Australia', 'Australia.', 'Austrlia', 'Australlia', 'AUSTRALIAN', 'Australia (state)', 'ISO 3166-1:AU', 'Austrailia', 'Commonwealth Australia', 'Pax Australiana', 'Australian Commonwealth', 'Australocentric', 'Austrlaia', 'Technology in Australia', 'Australia (Commonwealth)', 'Australai', 'Australian geopolitics', 'Asutralia', 'Australo-', ""Australian's"", 'Science in Australia']",Australia,0.8104969263076782,0,0,0
981,Answer the question concisely. Q: How many months is the gestation period for an elephant? A:,"['twenty-two', '22']",22 months,0.47083187103271484,1,0,1
984,Answer the question concisely. Q: Creme Anglaise is the French version of which English dessert item? A:,"['Creme patissiere', 'Creme patisserie', 'Creme mousseline', 'Crème pâtissièrre', 'Crème pâtisserie', 'Crème pâtissière', '🍮', 'Pastry cream', 'Creme patissierre', 'Custards', 'Crema pasticcera', 'Egg custard', 'Cream custard', 'Lemon custard', 'Crème patissière', 'Custard']",Crème brûlée,0.3872213363647461,1,1,1
991,"Answer the question concisely. Q: In humans, Duane Syndrome affects which part of the body? A:","['Eye (anatomy)', 'Eye', 'Eye balls', 'Schizochroal eye', 'Ocular globe', 'Ommateum', 'Simple eye', 'Oculars', 'Animal eyes', 'Eyes', 'Compound Eyes', 'Apposition eye', 'Robotic eye', 'Eye ball', 'Facet eyes', 'Compound Eye', 'Conjunctival disorders', 'Compound eyes', 'Eyeball', 'Cyber-eye', 'Eye (vertebrate)', 'Eye (invertebrate)', 'Ommotidium', ""Fly's eye lens"", 'Peeper (organ)', 'Camera-type eye', 'Ocular', 'Compound eye', 'Eye membrane', 'Pinhole eye']",The eyes.,0.4627089500427246,1,0,0
993,Answer the question concisely. Q: What relation was Louis XV of France to Louis XIV of France? A:,"['Grandchildren', 'Grandson', 'Granddaughter', 'Grandson (son of a child)', 'Great-grandchildren', 'Grandchild', 'Great-grandson', 'Grandkid', 'Great-granddaughter']",Louis XV was Louis XIV's grandson,0.2675313949584961,1,0,0
998,Answer the question concisely. Q: Who directed the 1941 film ‘The Maltese Falcon’? A:,"['John Huston', 'John Marcellus Huston']",John Huston,0.9680676460266113,0,0,0
1000,Answer the question concisely. Q: Which US Olympic swimmer is nicknamed the ‘Baltimore Bullet’? A:,"['Phelps II', 'Michael Phelps Foundation', 'Michael Fred Phelps', 'Phelps, Michael', 'Michael phelps', 'Michael Fred Phelps II', 'Michael F Phelps', 'Michael Phelps', 'Michael F. Phelps', 'Micheal phelps', 'Mike phelps', 'Phelps Phan', 'Michel phelps']",Michael Phelps,0.9691286683082581,0,0,0
1007,Answer the question concisely. Q: The Riel is the currency of which Southeast Asian country? A:,"['Srok khmer', 'Kingdom of Cambodia (1993-present)', 'Cambodia', 'Preah Reach Ana Pak', 'Preah Reach Ana Pak Kampuchea', 'Etymology of Cambodia', 'Preah Reacheanachakr Kampuchea', 'ISO 3166-1:KH', 'Cambodge', 'Kambodia', 'Kingdom of Cambodia', 'Kingdom of Kâmpŭchea', 'កម្ពុជា', 'CAMBODIA', 'Campuchea', 'Preăh Réachéanachâkr Kâmpŭchea', 'Preăh Réachéa Nachâk Kâmpŭchea', 'Kâmpuchea', 'Cambodja', 'Preăh Réachéanachâk Kâmpŭchéa', 'ព្រះរាជាណាចក្រកម្ពុជា', 'Kampuchea', 'Kingdom of Kampuchea', 'Kâmpŭchea', 'Preahreacheanachakr Kampuchea']",Cambodia,0.8530033826828003,0,0,0
1029,Answer the question concisely. Q: Tewkesbury Mustard is mentioned in which Shakespeare play? A:,"['King Henry IV', 'Henry IV (play)', 'Henry 4', 'Hendrik IV', 'Heinrich IV', 'Henry the Fourth', 'Henry IV (disambiguation)', 'Henry Iv', 'Henry IV', 'Henry iv']",Hamlet,0.16781003773212433,1,1,1
1030,Answer the question concisely. Q: Which are the only mammals to have wings? A:,"['Bat Conservation', 'Bat Groups', 'Chiropter', 'Chiropteras', 'Chiropteran', 'Bat (animal)', 'Bat roost', 'Chiropterologist', 'Flittermouse', 'Bat species', 'Bat evolution', 'Chiropterology', 'Bat', 'Bat wing', 'Artificial bat roost', 'Flinder mouse', 'Chiroptologist', 'Bat conservation', 'Barotrauma and Wind turbines', 'Cheiroptera', 'Chiroptera', 'Bat life expectancy', 'Bats']",Bats,0.8425222635269165,0,0,0
1037,"Answer the question concisely. Q: In medicine, pyrosis is the technical term for which condition? A:","['Cardiac passion', 'Acid indigestion', 'Cardiacus dolor', 'Heartburn', 'Cardialgia', 'Heart burn', 'Agita', 'Functional heartburn', 'Cardialgy', 'Ardor ventriculi']",Heartburn,0.953832745552063,0,0,0
1045,Answer the question concisely. Q: What type of camel has two humps? A:,"['Bactrian', 'Bactrian (disambiguation)']",A dromedary,0.1250508725643158,1,1,1
1047,Answer the question concisely. Q: Inspector Bucket is a character in which novel by Charles Dickens? A:,"['Reverend Chadband', 'Rev Mr Chadband', 'John Jarndyce', 'Bleakhouse', 'Nemo (Bleak House)', 'Mademoiselle Hortense', 'Chesney Wold', 'Honoria, Lady Dedlock', 'Bleak House', 'Richard Carstone', 'Miss Barbary', 'Lady Honoria Dedlock', 'Lady Dedlock', 'Harold Skimpole']",Oliver Twist,0.23830795288085938,1,1,1
1056,Answer the question concisely. Q: Who is universally accepted to be the first Roman Emperor? A:,"['GAIVS•IVLIVS•CAESAR•OCTAVIANVS', 'Julius Caesar Octavianus', 'Gaius Julius Caesar Octavianus', 'GAIVS*IVLIVS*CAESAR*OCTAVIANVS', 'Ceasar Augustus', 'Gaius Octavius Thurinus', 'Augustus Octavian Caesar', 'Octavious', 'Agustus', 'Augustus', 'Octavian Caesar', 'Caesar Octavian', 'IMPERATOR•CAESAR•DIVI•FILIVS•AVGVSTVS', 'Avgvstvs', 'Octavianus', 'Octavian Augustus', 'Augustus Ceasar', 'Augusts Caesar', 'Coinage reform of Augustus', 'Augustus Caesar', 'Emperor Augustus', 'Emperor Augustus of Rome', 'Gaius Julius Caesar Augustus', 'IMPERATOR*CAESAR*DIVI*FILIVS*AVGVSTVS', 'Octavius Caesar', 'Roman Emperor Augustus', 'Augustus, Emperor of Rome', 'Octavius', 'Octavian', 'Gaius Julius Caesar Octavanius Augustus', 'Augustan reform', 'Caesar Octavianus', 'Gaius Octavius Augustus', 'Octavianus Augustus', 'Cæsar Augustus', 'Octavian Augustus Caesar', 'Caesar Augustus']",Augustus,0.8470995426177979,0,0,0
1089,Answer the question concisely. Q: What is the capital of Uzbekistan? A:,"['Toshkent', 'Shash', 'Taskenta', 'Binkent', 'Tashkent', 'Geography of Tashkent', 'Taškentu', 'Taskent', 'Tashkent, USSR', 'Tashkent, Uzbekistan', 'Chach', 'Taškenta', 'Capital of Uzbekistan', 'Taskentu', 'Tuskhent', 'Tashkand', 'Districts of Tashkent', 'Tashkent Tennis Center', 'Tashkent city', 'Tashkent, UZ']",Tashkent,1.0230439901351929,0,0,0
1093,Answer the question concisely. Q: What is the official language of Barbados? A:,"['Egnlish', 'Englilsh', 'English (disambiguation)', 'Englissh', 'ENGLISH', 'Englis', 'Enlish', 'English', 'Inglisj', 'Engish']",English,0.7108112573623657,0,0,0
1098,Answer the question concisely. Q: What is a female gerbil called? A:,"['DOE', 'Doe (disambiguation)', 'Doe', 'DoE']",A gerbil,0.0745755136013031,1,1,1
1106,Answer the question concisely. Q: Teutophobia is the irrational fear of which country and its culture? A:,"['United States of Germany', 'Tyskland', 'Nimska', 'Bundesdeutsch', 'Vokietija', 'Deuchland', 'Germny', 'GermanY', 'FR Germany', 'Almanya', 'Federal Republic of Germany', 'Jermany', 'Geramny', 'Etymology of Germany', 'Nemska', 'Germany', 'Niemcy', 'GERMANY', 'ISO 3166-1:DE', 'Land der Dichter und Denker', 'Federal Republic Of Germany', 'F.R. Germany', 'Deutschland', 'Bundesrepublik Deutschland', 'BR Deutschland', 'Germanio', 'Thyskaland', 'GerMany', 'Germeny', 'Teutonica', 'Deutchland', 'Duitsland', 'THyskaland', 'Alemanha', 'Němska', 'Foederal Republic of Germany']",Germany,0.7106229066848755,0,0,0
1107,Answer the question concisely. Q: What is the medical term for high blood pressure? A:,"['Hypertensive diseases', 'Hypertensive disorders', 'Laboratory tests for hypertension', 'Accelerated hypertension', 'Prognosis of hypertension', 'Symptoms of hypertension', 'Elevated blood-pressure', 'Diagnosis of hypertension', 'Hypertention', 'Residual hypertension', 'Raised blood pressure', 'Hypertensive disorder', 'Hypertension', 'Rebound hypertension', 'Signs and symptoms of hypertension', 'Prevention of hypertension', 'Hypertensive disease', 'Refractory hypertension', 'Adrenal hypertension', 'Economics of hypertension', 'Elevated blood pressure', 'Hyper tension', 'Increased blood pressure', 'Classification of hypertension', 'Signs of hypertension', 'Arterial hypertension', 'Causes of hypertension', 'High blood pressure', 'Chronic hypertension', 'High blood', 'Hypertensive', 'Hyperpiesia', 'Hyperpieses', 'High BP', 'Awareness of hypertension', 'Epidemiology of hypertension', 'High Blood Pressure']",Hypertension,0.9633029103279114,0,0,0
1126,Answer the question concisely. Q: Which Olympic athlete is nicknamed ‘The Lightning Bolt’? A:,"['Osain Bolt', 'Bolt Usain', 'Usain Bolt', 'Usain Plof', 'Usain bolt', 'Ussain Bolt', 'Usan Bolt', 'Ussein bolt', 'Hussain Bolt', 'Sir Usain Bolt', 'Bolt runner']",Usain Bolt,1.040112853050232,0,0,0
1135,Answer the question concisely. Q: The Cartier Racing Awards are competed for in which sport? A:,"['Scratch sheet', 'Race horse', 'Pony racing', 'Horse Racing', 'Racing horse', 'Racing industry', 'Horse racing in Japan', 'Horse-racing', 'Keiba', '🏇', 'Horse racing', 'Horse racing venue', 'Racing on horseback', 'Quarter-Horse Racing', 'Horse race', 'Horse races', 'Racehorses', 'Horse-race', 'Racehorse', 'Turf patron', 'Horserace', 'Horseracing']",Horse racing,0.9252790808677673,0,0,0
1145,Answer the question concisely. Q: Andy Coulson resigned as editor of which British newspaper in 2007? A:,"['The News Of The World', 'News of the Screws', 'Screws of the World', 'The News of the World', 'News of the World', 'The News of The World', 'News Of The World', 'Keith Gladdis', 'News of the world']",News of the World,0.9369096755981445,0,0,0
1156,Answer the question concisely. Q: In which European city was the 1968 Eurovision Song Contest held? A:,"['London (UK)', 'Climate in London', 'London (England)', 'London England', 'Lodnon', 'Wongdon', 'Londyn', 'London', 'Climate of London', 'LONDON', 'London Britain', 'England London', 'London, Greater London', 'Capital of the UK', 'Londonshire', 'Climate of london', 'Capital of the United Kingdom', 'London UK', 'Londra', 'London (United Kingdom)', 'London,England', 'London, England, UK', 'United Kingdom/London', 'London (Great Britain)', 'Londonize', 'Capital of England', 'London, UK', 'The Metropolis', 'UN/LOCODE:GBLON', 'Londonise', ""London's"", 'London (Britain)', 'London, England', 'Lundúnir', 'London area', 'London, Great Britain', 'London-on-Thames', 'Southwest London', 'The metropolis', 'Londontown', 'London england', 'Weather in London', 'London, England, United Kingdom', 'Llundain', 'London, U.K.', 'London, england', 'London, United Kingdom', 'GBLON', 'London weather', 'London, Britain', 'Lundein', 'Lundunir']",Luxembourg,0.32616570591926575,1,1,1
1157,Answer the question concisely. Q: The nictitating membrane is found on which part of animal’s body? A:,"['Eye (anatomy)', 'Eye', 'Eye balls', 'Schizochroal eye', 'Ocular globe', 'Ommateum', 'Simple eye', 'Oculars', 'Animal eyes', 'Eyes', 'Compound Eyes', 'Apposition eye', 'Robotic eye', 'Eye ball', 'Facet eyes', 'Compound Eye', 'Conjunctival disorders', 'Compound eyes', 'Eyeball', 'Cyber-eye', 'Eye (vertebrate)', 'Eye (invertebrate)', 'Ommotidium', ""Fly's eye lens"", 'Peeper (organ)', 'Camera-type eye', 'Ocular', 'Compound eye', 'Eye membrane', 'Pinhole eye']",Eye.,0.6006512641906738,0,0,0
1163,Answer the question concisely. Q: What is the name of the fictional school in the UK television series ‘Please Sir’? A:,['Fenn Street School'],St. Pius X Grammar School,0.3183671832084656,1,1,1
1184,Answer the question concisely. Q: What type of creature is a francolin? A:,"['Avians', 'Avialan', 'Chick guard stage', 'Bird breeding', 'Flying Bird', 'Nestling', 'Baby birds', 'Avafauna', 'Aves', 'Bird', 'Avialians', '🐣', 'Living sauropods', '🐥', '🐤', 'Roosting', 'Pet bird', 'Aviala', 'Nestlings', 'Avialian', 'Ornithes', 'Avifauna', 'Living sauropods in Africa', 'Living dinosaurs in Oceania', 'Neornithes', 'Roost site', 'Neornithine', 'Avian proteins', 'Surviving Dinosaurs', 'Birds mating', 'Avian reproduction', 'Modern bird', 'Birds', 'Bird reproduction', 'Ornis', 'Living dinosaurs in Australasia', 'Avian dinosaur', '🐦', 'Modern birds', 'Class aves', 'Modern Dinosaurs', 'Birdness', 'Chick (bird)']",A francolin is a type of bird,0.35330042243003845,1,0,0
1188,"Answer the question concisely. Q: In the US, where would a busboy work? A:","['Eateries', 'Cookshop', 'Restuarant', 'Restarant', 'Resteraunt', 'Piqueteadero', 'Restaurant', 'Restaraunt', 'Restaurants', 'Resturants', 'Resturant', 'Public food facility', 'Eatery', 'Theatre restaurant', 'Resturaunt', 'Restuarent', 'Restauraunt', ""Chef's table"", 'Resterant']",In a restaurant.,0.4225306510925293,1,0,0
1211,Answer the question concisely. Q: A Nychthemeron is a period of how many consecutive hours? A:,"['24', 'twenty-four']",24 hours.,0.3878098130226135,1,0,0
1230,"Answer the question concisely. Q: Cut, colour, clarity and carat are all considered when purchasing what? A:","['Diamond', ""4-C's of Diamond Grading"", ""The 4 C's Of Diamonds"", 'Polished diamond', 'Diamonds', 'Natural diamond', 'Diamond industry', 'Mitre-crozier applique', 'Diamond powder', 'Bortz', 'Industrial diamonds', 'Type-II diamond', 'Daimonds', 'Mitre-crozier appliqué', 'Impact diamonds', 'Diamonad', 'Industrial diamond', 'Industrial Diamond']",Diamonds,0.873788595199585,0,0,0
1244,Answer the question concisely. Q: Which Russian author died at Astapovo Railway Station in 1910 of pneumonia? A:,"['Lyof Nikolaivitch Tolstoi', 'Tolstoy', 'Leo Nikolaievich Tolstoy', 'Lev Nikolaïevitch Tolstoï', 'Lev Nikolajevič Tolstoj', 'Count Lev Tolstoy', 'Lev Nikolajevic Tolstoj', 'Lev Nikolaevich Tolstoy', 'Leo tolstoi', 'Tolstoi', 'LN Tolstoi', 'Leo N. Tolstoy', 'Buried Alive (play)', 'Lev N. Tolstoi', 'Lev Tolstoi', 'Voice of Thunder (Lincoln)', 'Lev Tolstoï', 'Leo N. Tolstoi', 'Tolstoy, Lev Nikolayevich', 'Lev N. Tolstoï', 'LN Tolstoy', 'Count Lev Nikolaevich Tolstoi', 'Lev Nikolaevic Tolstoj', 'Leo N. Tolstoï', 'Толстой', 'Lev N. Tolstoy', 'Lev Tolstoy', 'Leo Tolstoï', 'Count Lev N. Tolstoy', ""Leo Tolstoy's religious beliefs"", 'Leo tolstoy', 'Count Leo Tolstoy', 'León Tolstói', 'Lev Nikolayevich Tolstoy', 'Лев Никола́евич Толсто́й', 'Leo Tolstoy', 'Leo Nikolayevich Tolstoy', 'Leo Nikoleyevich Tolstoy', 'Count Leo Tolstoï', 'Count Leo N. Tolstoy', 'Leon Tolstoi', 'Leo Nikolayevitch Tolstoy', 'Count Leo Tolstoi', 'Lyof Tolstoy', 'Count Leo N. Tolstoi', 'Count Leo N. Tolstoï', 'Lev Tolstói', 'Lev Nikolaevič Tolstoj', 'Leo Tolstoi', 'Léon Tolstoï', 'Лев Николаевич Толстой', 'Leon Tolstoy', 'Lev Tolstoj', 'Leo, Count Tolstoy', 'Tolstoy, Leo Nikolayevich', 'Lev Nikolaievitch Tolstoi']",Leo Tolstoy,0.9803773164749146,0,0,0
1249,Answer the question concisely. Q: The village of Tightwad is in which US state? A:,"['Misouri', 'Politics of Missouri', '24th State', 'Transport in Missouri', 'Showme State', 'Show Me State', 'Missourah', 'MO (state)', 'Transportation in Missouri', 'Missouri (U.S. state)', 'Missourri', 'The Show-Me State', 'Demographics of Missouri', 'Show-Me State', 'Twenty-fourth State', 'The Showme State', 'Missouri', 'The Show Me State', 'Missoura', 'Religion in Missouri', 'Myssouri', 'US-MO', 'Misourri', 'Missouri (state)', 'State of Missouri', 'Twenty-Fourth State', 'Misuri', 'Economy of Missouri', 'Missouri, United States']",Missouri,0.830069363117218,0,0,0
1279,"Answer the question concisely. Q: On a standard dartboard, what number lies opposite 18? A:","['seven', '7']",19,0.1883103847503662,1,1,1
1326,Answer the question concisely. Q: What is the name of the character played by actor Nicholas Lyndhurst in the British television series ‘Goodnight Sweetheart’? A:,"['Phoebe Sparrow', 'Gary sparrow', 'Donald Bamford', 'Gary Sparrow', 'Phoebe Bamford', 'List of Goodnight Sweetheart characters', 'Reg Deadman', 'Ron Wheatcroft', 'Yvonne Sparrow']",Nick Lyndhurst,0.37936002016067505,1,1,1
1332,Answer the question concisely. Q: The ‘Mahlabatari Declaration of Faith’ was a statement of core principles laid down by the political leaders of which country in 1974? A:,"['South africa', ""South Africa's"", 'Southafrica', 'Third Republic (South Africa)', 'Republiek van Suid-Afrika', ""Sou'frica"", 'Zuid Afrika', 'Zuid-Afrika', 'ISO 3166-1:ZA', 'South-African', 'S Africa', 'Zuid Africa', 'Mzansi', 'Afrique du sud', 'Zuidafrika', 'Ningizimu Afrika', 'Capital of South Africa', 'Suid-Afrika', 'South-Africa', 'Rep. of SOUTH AFRICA', 'The Republic of South Africa', 'Suid Africa', 'Azania/South Africa', 'S Afr', 'Saffa', 'South African', 'Seth efrika', 'South Africa', 'Soufrica', 'Republic of south africa', 'South Africaà', 'The Beloved Country', 'S. Africa', 'Rep. of South Africa', 'South Africans', 'Republic of South Africa']",South Africa,0.9557985663414001,0,0,0
1337,Answer the question concisely. Q: Mossel Bay is a harbour town which lies on the coast of which African country? A:,"['South africa', ""South Africa's"", 'Southafrica', 'Third Republic (South Africa)', 'Republiek van Suid-Afrika', ""Sou'frica"", 'Zuid Afrika', 'Zuid-Afrika', 'ISO 3166-1:ZA', 'South-African', 'S Africa', 'Zuid Africa', 'Mzansi', 'Afrique du sud', 'Zuidafrika', 'Ningizimu Afrika', 'Capital of South Africa', 'Suid-Afrika', 'South-Africa', 'Rep. of SOUTH AFRICA', 'The Republic of South Africa', 'Suid Africa', 'Azania/South Africa', 'S Afr', 'Saffa', 'South African', 'Seth efrika', 'South Africa', 'Soufrica', 'Republic of south africa', 'South Africaà', 'The Beloved Country', 'S. Africa', 'Rep. of South Africa', 'South Africans', 'Republic of South Africa']",South Africa,0.9557985663414001,0,0,0
1339,Answer the question concisely. Q: Who was declared Model of the Millennium by Vogue editor Anna Wintour? A:,"['Gisele Buendchen', 'Gisele Caroline Nonnenmacher Bündchen', 'Olivia Palito', 'Gisele Buendchen Stock Index', 'Gisele Bundchen', 'Gisele Caroline Nonnenmacher Bundchen', 'Gisele Bündchen Stock Index', 'Olívia Palito', 'Bundchen', 'Gisele bündchen', 'Vida (dog)', 'Gisele Caroline Nonnenmacher Buendchen', 'Gisele Bundchen Stock Index', 'Gisele Bündchen', 'Gisele (singer)', 'Giselle Bundchen']",Kate Moss,0.25756049156188965,1,1,1
1357,"Answer the question concisely. Q: Soul Patch, Reed, Lincoln and Monkey Tail are all types of what? A:","['Beard', 'Bearded', 'Neard', 'Manbeard', 'Pogonology', 'Full beard', 'Neckbeard', 'الرجل بلا شنب كالقط بلا ذنب', 'Neck beard', 'Neck hair', 'Beards', 'Bearded people', ""Five o'clock shadow""]",Beards,0.9048179984092712,0,0,0
1362,Answer the question concisely. Q: What is the name of the spiritual leader of a community of Zen Buddhist monks? A:,"['Roshi (disambiguation)', 'Roshi']",The abbot,0.12798826396465302,1,1,0
1374,Answer the question concisely. Q: The Kremlin is situated in which city? A:,"['Moskou', 'Moskow', 'Moscow, USSR', 'Moscow, Russian Federation', 'MOCKBA', 'Moscovite', 'Moscú', 'Moscova', 'Moscou', 'Moscow', 'Capital of Russia', 'RU-MOW', 'Architecture of Moscow', 'Moskva, Russia', 'RUMOW', 'Demographics of Moscow', 'City of Moscow', 'Москва', 'Western Moscow', 'UN/LOCODE:RUMOW', 'Moscow, Russia', 'Moscow (Russia)', 'Moscva', 'Moscow, Soviet Union', 'Mockba', 'Moskva (city)', 'Moscow, Russian SFSR', 'Moskva Federal City, Russia', 'Moscow, Russia (Federation)']",Moscow,0.8295912146568298,0,0,0
1378,"Answer the question concisely. Q: What it the title of the second James Bond film, which opened in the UK in 1963? A:","['From Russia With Love (album)', 'From Russia with Love (album)', 'From Russia, With Love', 'From Russia with Love (disambiguation)', 'James Bond/From Russia With Love', 'From russia with love', 'From Russia With Love', 'From Russia, with Love', 'From Russia with Love']",From Russia with Love,0.9712053537368774,0,0,0
1389,"Answer the question concisely. Q: In the 1965 film ‘Those Magnificent Men in Their Flying Machines’, how much is the prize money, in pounds sterling, for the fastest flight from London to Paris? A:","['10,000', '10000', 'ten thousand']","£10,000",0.31840813159942627,1,0,0
1391,"Answer the question concisely. Q: In the standard game of Monopoly, you go to jail if you throw how many consecutive sets of doubles on the dice? A:","['3', 'Three', 'three']",3,0.5436616539955139,0,0,0
1418,"Answer the question concisely. Q: In the Shakespeare play ‘King Lear’, what is the name of King Lear’s youngest daughter? A:","['Cordelia', 'Cordelia (astronomy)']",Cordelia,1.0316674709320068,0,0,0
1433,"Answer the question concisely. Q: In May 1999, after over 20 years of restoration work, which painting by Leonardo da Vinci was placed back on display in Milan? A:","['Supper last', 'Mystical Supper', 'The last supper', 'The Last supper', 'The Last Supper', 'Last Supper, The', 'Church of Jesus Christ (last supper)', 'Last Supper', 'Last supper', 'Supper, The Last', 'Last dinner']",The Last Supper,0.9739595055580139,0,0,0
1439,Answer the question concisely. Q: What is the surname of the family in the BBC comedy series ‘Outnumbered’? A:,['Brockman'],Brockman,0.9503302574157715,0,0,0
1447,"Answer the question concisely. Q: Emelius Browne, Mr Jelk and Colonel Heller are all characters in which Disney film? A:","['Bedknobs And Broomsticks', 'Bedknobs and Broomsticks', 'Roy Snart', 'Isle of Naboombu', 'Ian Weighill', 'Bedknobs & Broomsticks', 'Island of Naboombu', 'Bedknobs an broomsticks', 'Bedknobs and broomsticks']",The Aristocats,0.17764152586460114,1,1,1
1456,Answer the question concisely. Q: Artiodactyla Suidae is the scientific name for which farm animal? A:,"['Chazer', 'Piggeh', 'Sus (genus)', 'Pig', 'Pigs', '🐷', '🐖', '🐽']",Pig,0.7452836036682129,0,0,0
1457,Answer the question concisely. Q: Which UK television chef made Earl Grey and mandarin hot cross buns for Waitrose? A:,"['The Big Fat Duck Cookbook', 'Heston Blumenthal', 'Heston blumental']",Jamie Oliver,0.23199506103992462,1,1,1
1462,"Answer the question concisely. Q: Noss, Unst, Lamba and Foula are part of which Scottish island group? A:","['Shetland lamb', 'Burnside, Shetland', 'Shetland Islands (council area)', 'Shetlandshire', 'County of Shetland', 'Sand, Shetland Islands', 'Shetland islands', 'Shetland (Scotland)', 'Shetland (islands council area of Scotland)', 'Shetland, Scotland', 'Shetland', 'Shetland Islands', 'County of Zetland', 'Shetland Isles', 'Ȝetland', 'Hjaltland', 'Shetland Islands council area', 'Shetlanders', 'Shetlands', 'Shetland Island', 'Shetland (council area)', 'Yetland', 'Shetland Isles council area', 'Shetland’s']",The Shetland Islands,0.8298962116241455,0,0,0
1463,Answer the question concisely. Q: What was late singer Michael Jackson’s first solo UK number one hit single? A:,"['One Day in Your Life', 'One Day in Your Life (disambiguation)', 'One Day in Your Life (song)', 'One Day In Your Life', 'One Day In Your Life (song)']",“Billie Jean” (1983,0.17692995071411133,1,1,1
1495,Answer the question concisely. Q: Bole is a shade of which colour? A:,"['Orangeish blacks', 'Light brown', 'Orangeish black', 'Black oranges', 'Blackish-oranges', 'Black-oranges', 'Orangeish-black', 'Orangeblack', 'Orange-black', 'Orangeish-blacks', 'Brownest', 'Brownishly', 'Blackish orange', 'Brown', 'List of terms associated with the color brown', 'Orange-blacks', 'Blackish oranges', 'Orangeishblacks', 'Brownness', 'Orangeishblack', 'Orangish-blacks', 'Orangish blacks', 'Pale Sandy Brown', 'Blackish-orange', 'Orangishblack', 'Blackorange', 'Brownishness', 'Blackishoranges', 'Brownish', 'Orangish-black', 'Black orange', 'Orangish black', 'Pullman brown', 'Blackishorange', 'Orange blacks', 'Brown (colour)', 'Black-orange', 'Blackoranges', 'Orangishblacks', 'Dark brown', 'Brown (color)', 'Reddish brown', 'Orangeblacks', 'Brownly', 'Orange black']",Blue,0.31735533475875854,1,1,1
1508,"Answer the question concisely. Q: Breve, Mocha and Americano are all types of which drink? A:","['Kawha', 'Ginseng coffee', 'Cafe de Columbia', 'Coffee (drink)', 'Coffee brews', 'Caffé', 'Coffee Bags', 'Health effect of coffee', 'Brazilian coffee', 'Gourmet coffee', 'Kaffee', 'Coffe', 'Joe (coffee)', 'Medical effects of coffee', 'Gavaccino', 'Cup of Joe', 'Specialty coffees', 'Coffee', 'Effects of coffee', 'Health and pharmacology of coffee', 'Regular coffee', 'Ginseng Coffee', 'Specialty Coffees', 'Coffee brewing method', 'Health effects of coffee', 'Coffee and health', 'Roasted coffee']",Coffee,0.809756338596344,0,0,0
1546,Answer the question concisely. Q: What is the atomic number of Helium? A:,"['2', 'two']",2,0.5428733229637146,0,0,0
1547,Answer the question concisely. Q: Harold Holt became Prime Minister of which country in January 1966? A:,"['Australia (Commonwealth realm)', 'AustraliA', 'Continental Australia', 'Australias', 'Peace of Australia', 'Australian city life', 'City life in Australia', 'Australocentrist', 'Mainland Australia', 'Australiia', 'Straya', 'Australia (commonwealth)', 'Austraila', 'Ausrtalia', 'Australia (nation)', 'Australien', 'New Australian', 'Australia (dominion)', 'Australia (federation)', 'Australia (country)', 'Aussieland', 'Federal Australia', 'Country life in Australia', 'Orstraya', 'Australia (nation state)', 'Australia (commonwealth realm)', 'Australia', 'Australocentrism', 'Austraya', 'Australie', 'AUSTRALIA', 'Geopolitics of Australia', 'Australia (nation-state)', ""Australia's"", 'Australian mainland', 'Australian country life', ""Australian Woman's Day"", 'Imperial Australia', 'United States of Australia', 'Australia (realm)', 'Australia (constitutional monarchy)', 'Austalia', 'Etymology of Australia', 'Philosophy in Australia', 'Commonwealth of Australia', 'Australija', 'Australia (monarchy)', 'Dominion of Australia', 'Empire of Australia', 'Ostralia', 'Modern Australia', 'Commonwealth of australia', 'Australia (empire)', 'Australo', 'The Commonwealth of Australia', 'Australia.', 'Austrlia', 'Australlia', 'AUSTRALIAN', 'Australia (state)', 'ISO 3166-1:AU', 'Austrailia', 'Commonwealth Australia', 'Pax Australiana', 'Australian Commonwealth', 'Australocentric', 'Austrlaia', 'Technology in Australia', 'Australia (Commonwealth)', 'Australai', 'Australian geopolitics', 'Asutralia', 'Australo-', ""Australian's"", 'Science in Australia']",Australia,0.8104969263076782,0,0,0
1557,"Answer the question concisely. Q: Chatham Dockyard, which closed in 1984 and is now a visitor centre, is located in which English county? A:","['Garden of england', 'Sport in Kent', 'Kent County, England', 'Kent', 'County Kent', 'Culture in Kent', 'Winkhurst Green', 'Wilsley Green', 'Kent, England', 'Education in Kent', 'Garden of England', 'Kent (county)', 'County of Kent', 'Cantium', 'Kent (England)', 'Rhoden Green', 'County of Kent, England']",Kent,0.8181857466697693,0,0,0
1558,"Answer the question concisely. Q: In most constellations, which letter of the Greek alphabet was designated by German astronomer Johann Bayer to the brightest star? A:","['Αα', 'Άλφα', '%5Calpha', 'Α', 'Alpha (letter)', 'Α (letter)', 'Alpha', 'ALPHA', 'Alpha (Greek)']",Alpha,0.8296441435813904,0,0,0
1562,Answer the question concisely. Q: Strangles is a bacterial infection of the respiratory tract of which animal? A:,"['Horse', 'Equus caballus aryanus', 'Equus caballus parvus', 'Equus caballus asiaticus', 'Horsie', 'Horſe', '🐎', 'Equus ferus caballus', 'Equus caballus cracoviensis', 'Domestic Horse', 'Equus caballus ewarti', 'Equus laurentius', 'Equus caballus typicus', 'Hot blooded (horse)', 'Equus caballus domesticus', 'Horses', 'Equus caballus nehringi', 'Equine quadruped', 'Nag (horse)', 'Cold blooded (horse)', '🐴', 'Equus caballus nordicus', 'Equus caballus europaeus', 'Equus caballus libycus', 'Equus caballus', 'Equus caballus robustus', 'Equus caballus belgius', 'Equus caballus africanus', 'Equus cabalus', 'Equus caballus brittanicus', 'Equus caballus hibernicus', 'Equine Studies', 'Domesticated horse', 'Equine quadraped', 'Equus caballus varius', 'Equus caballus gallicus', 'Equus caballus gracilis', 'Domestic horse', 'Horsies', 'Equus caballus celticus', 'Equines', 'Equus caballus sylvestris']",Horses,0.795558750629425,0,0,0
1592,Answer the question concisely. Q: Who is Head of State of New Zealand? A:,"['Queen Elizabeth II of Great Britain and Northern Ireland', 'Elizabeth the second', 'Elizabeth II of St. Kitts and Nevis', 'Queen Elizabeth II of England', 'Elisabeth 2', 'Elizabeth II of Saint Kitts and Nevis', 'Princess Elizabeth, Duchess of Edinburgh', 'Elizabeth Alexandra Mary Windsor', 'Elizabeth II of Kenya', 'Elizabeth II of Scotland', 'Elizabeth II of Guyana', 'Elizabeth Windsor-Mountbatten', 'Elizabeth II of England', 'Elizabeth II of Grenada', 'Liz Windsor', 'Princess Elizabeth Duchess of Edinburgh', 'Her Majesty Queen Elizabeth II', 'Elizabeth II of Ghana', 'Elizabeth II of Nigeria', 'Elizabeth 2', 'Elizabeth II of Tanganyika', 'Elizabeth Windsor', 'Elizabeth II of Great Britain and Northern Ireland', 'Elizabeth of the United Kingdom', 'Princess Elizabeth of York', 'Elizabeth II of United Kingdom', 'Queen Elizabeth II of Scotland', 'Elizabeth II of Barbados', 'Queen Elizabeth II of the Commonwealth Realms', 'Elizabeth II of The Gambia', 'ER II', 'Elizabeth the 2nd', 'Elizabeth II of the UK', 'Elizabeth II of Jamaica', 'Queen Elizabeth II of New Zealand', 'Elizabeth II of Solomon Islands', 'Elizabeth II of Ireland', 'Queen Elizabeth II of Australia', 'Elisabeth I of Scotland', 'Queen Elizabeth of the United Kingdom', 'Elizabeth II of the United Kingdom of Great Britain and Northern Ireland', 'E.R. II', 'HRH Queen Elizabeth II', 'Her Majesty The Queen Elizabeth II', 'Elizabeth II of the Bahamas', 'Queen of Falkland Islands', 'Elizabeth II of Canada', 'Elizabeth II of New Zealand', 'Elizabeth II of Antigua and Barbuda', 'Elizabeth II of Sierra Leone', 'Elizabeth II of Britain', 'The Queen of the United Kingdom', 'Elizabeth II of Saint Vincent and the Grenadines', 'Elizabeth II of Papua New Guinea', 'E2R', 'Elizabeth II of the Commonwealth realms', 'Elizabeth ii', 'Queen Elizabeth the Second', 'Queen Elizabeth II', 'Elizabeth Deux du Canada', 'Elizabeth II of Trinidad and Tobago', 'Elizabeth II of Pakistan', 'Queen Elizabeth II of Canada', 'Elizabeth II of Malta', 'Queen elizabeth ii', 'Princess Lilibet', 'HM Queen Elizabeth II', 'Elizabeth II of Uganda', 'Elizabeth the Second', 'Elizabeth II of Australia', 'Elizabeth II of Tuvalu', 'Elizabeth II of Ceylon', 'Queen Elizabeth II of the United Kingdom', 'Elizabeth II of Belize', 'Elizabeth II of Malawi', 'Queen Elisabeth II', 'Elizabeth II of Fiji', 'Queen Elizabeth II of Great Britain', 'E II R', 'Elizabeth II of Mauritius', 'Elizabeth II of Saint Lucia', 'Her Majesty Elizabeth the Second, by the Grace of God, Queen of Australia and Her other Realms and Territories, Head of the Commonwealth', 'Elizabeth II of Northern Ireland', 'Elizabeth II of the United Kingdom', 'Elizabeth Mountbatten-Windsor', 'Elizabeth II of the Solomon Islands', 'Elizabeth II Queen of Great Britain', 'Betty Windsor', 'Elizabeth Ii', 'Elizabeth Alexandra Mary', 'Elizabeth II of Great Britain', 'Elizabeth ii of the united kingdom', 'Elizabeth II of Rhodesia', 'Elizabeth II of The Bahamas', 'Eliz 2', 'Elizabeth II of South Africa', 'Elizabeth II', 'Elisabeth II', 'Betsy Windsor', 'Subaltern Elizabeth Windsor']",The Governor-General of New Zealand,0.36870813369750977,1,1,1
1613,Answer the question concisely. Q: King Robert Baratheon and Queen Cersei Lannister are characters in which US television fantasy drama series? A:,"['A Game of Thrones (TV series)', 'Game of Thrones (series)', 'Game of Thrones', 'Game of thrones tv series', 'Inside HBO’s Game Of Thrones', 'A Song of Ice and Fire (TV series)', 'Game Of Thrones', ""Inside HBO's Game of Thrones"", 'Game of Thrones (TV series)', 'School of Thrones', 'Game of thrones']",Game of Thrones,0.9452264308929443,0,0,0
1618,Answer the question concisely. Q: How is the year 1994 depicted in Roman Numerals? A:,"['MCMLXXXXIV', 'March 1994', 'July 1994', 'August 1994', 'September 1994', '1994', 'December 1994', 'February 1994', 'MCMXCIV', 'April 1994', 'June 1994', 'November 1994', '1994 a.d.', 'May 1994', 'January 1994', 'October 1994', 'May 31st, 1994', 'Deaths in 1994', 'Heisei 6']",MCMXCIV,0.9988834857940674,0,0,0
1623,"Answer the question concisely. Q: Which fictional cartoon character, and leader of a gang, lives in Hoagy’s Alley? A:","['Brain (Top Cat character', 'Top Cat', 'Top cat', 'Boss Cat']",Bugs Bunny,0.27849262952804565,1,1,1
1628,Answer the question concisely. Q: Which Cole Porter play won the first Tony Award for best musical in 1949? A:,"['Kiss Me Kate', 'Kiss Me Kate (disambiguation)']","Kiss Me, Kate",0.8640260696411133,0,0,0
1633,Answer the question concisely. Q: Marble Arch in London was once the ceremonial entrance to which British palace? A:,"['Buckigham palace', 'Buckingham Palace', 'The Queens Private Apartments.', 'Buck House', 'Buckhingam Palace', 'Buckingham palace', 'Buckingham Palace Act 1832', 'The Queens Private Apartments', 'Goring House']",Buckingham Palace,0.963504433631897,0,0,0
1636,"Answer the question concisely. Q: Bonham’s, Christies, Forbes and Fellows are are what type of business? A:","['Prominent auction', 'Sealed-bid auctions', 'Auctions', 'First-price Auction', 'Auctioneer', 'Suggested Opening Bid', 'Sealed-bid auction', 'First-price sealed-bid auction', 'Silent auction', 'Public sale', 'First-price sealed-bid auctions', 'Auction houses', 'Auction Date', 'Auction process', 'Auction block', 'Auctioneers', 'Auctioneering', 'Dutch 20auction', 'Mystery auction', 'Auction', 'Auction date', 'Auction house', 'General merchandise auction', 'Highest bidder', 'General Merchandise Auction', 'Auction ring', 'Sealed bid', 'Sealed first-price auction']",Auction houses,0.9708918929100037,0,0,0
1650,Answer the question concisely. Q: Aladdin is a variety of which vegetable? A:,"['Idaho potato', 'Potato farmer', 'Potatos', 'Cooking potatoes', 'Boiled Potatoes', 'Potato, Irish', 'Pottato', 'Tattie', 'New potatoes', 'Pomme Terre', 'Pratie', 'Patatoes', 'Potato farm', 'German Butterball', 'Poetato', 'Spud', 'History of Potatoes', 'Solanum tuberosum', 'Roast potato', 'Potato (northern)', 'Red potato', 'White potatoes', 'Potato', 'White potato', 'Potatoes', 'Super tuber', 'Boiled potatos', 'New potato', 'Potato industry', 'Kerris Pink', 'Irish potato', 'Boiled potato', 'Potater', 'Purple potato', 'Tatey', 'Alu (tuber)', 'History of potatoes', 'Red Potato', 'Maris Peer', 'Potatoe', 'Potato farmers', 'Idaho Potato', 'Solanum tuberosum tuberosum', 'Culture of potato', 'Pateeto', 'Red potatoes', 'Poetatoe', 'Boiled potatoes', 'Tatties', 'Blue potato', 'Potato skin', 'Spuds']",Aladdin is a variety of cauliflower,0.2840643525123596,1,1,1
1662,Answer the question concisely. Q: What is the name of the family’s pet goldfish in the US television cartoon series ‘American Dad’? A:,['Klaus Heissler'],Snot,0.09864668548107147,1,1,1
1664,Answer the question concisely. Q: What the note is at the 12th fret of the 1st and 6th strings of a standard-tuned 6-string guitar? A:,"['⒠', 'Ｅ', '🄔', '🅴', 'E (letter)', '🄴', 'E', '🅔']",G#,0.12194322049617767,1,1,1
1676,Answer the question concisely. Q: Who bought Donington Park’s Dunlop Bridge at a memorabilia auction? A:,"['Evans, Chris', 'Chris Evans (politician)', 'Christopher Evans (disambiguation)', 'Christopher Evans', 'Chris Evans', 'Evans, Christopher', 'Chris Evans (disambiguation)']",The late Sir Jack Brabham,0.18173974752426147,1,1,1
1682,Answer the question concisely. Q: Which city’s cathedral is the smallest Anglican cathedral in England? A:,"['Derby, Derbyshire', 'Deorby', 'County Borough of Derby', 'Derby City', 'Derby, Derbyshire, England', 'Derby UA', 'Derby (district)', 'Derby, England', 'Derby City, England', 'Derby, United Kingdom', 'Derby', 'City of Derby']",Exeter Cathedral,0.233331099152565,1,1,1
1689,Answer the question concisely. Q: Which medical condition is sometimes known as Daltonism? A:,"['Red-green colorblindness', 'Color vision deficiencies', 'Deuteranomaly', 'Protanomaly', 'Colour-blindness', 'Blue cone monochromacy', 'Colour vision deficiencies', 'Blue-yellow color blindness', 'Tritanopic', 'Color-blindness', 'Colour Blindness', 'Color blindness', 'Acritochromacy', 'Colour visual impairment', 'Tritanopia', 'Yellow-blue', 'Red-green color blindness', 'Colour-blind', 'Loss of color vision', 'Protanopia', 'Dyschromotopsia', 'Deuteranopia', 'Daltonian', 'Red–green colorblindness', 'Red-green colorblind', 'Blue-yellow', 'Color Blindness', 'Tritanomaly', 'Anomalous trichromacy', 'Tritanope', 'Red-Green color blindness', 'Colorblind', 'Protanope', 'Deuteranope', 'Red green colourblind', 'Color Blind', 'Color vision defects', 'Blueyellow', 'Color vision deficiency', 'Blue yellow', 'Colourblindness', 'Colour blind', 'Yellowblue', 'Red–green color blindness', 'Daltonist', 'Colour blindness', 'Colorblindness', 'Yellow blue', 'Color-blind', 'Color blind', 'Colourblind', 'Colour vision deficiency', 'Red green colour blindness', 'Red-green colour blindness', 'Colour Vision Deficiency', 'Colour-Blindness', 'Daltonism', 'Tritanoptic', 'Red/green color blindness', 'Dyschromatopsia']",Color blindness,0.9663808345794678,0,0,0
1690,Answer the question concisely. Q: Which famous individual created the 'Blue Peter' sailing ship logo? A:,"['Tony Hart', 'Tony HART']",Peter Scott,0.2979479432106018,1,1,1
1702,Answer the question concisely. Q: What is the pleasant activity of osculation? A:,"['Kissings', 'Kissy kiss', 'Philematologist', 'Snogg', 'Philematology', 'Screen kiss', '💏', 'Smooch', 'New years kiss', 'Yankee Dime', 'Kiss', ""Kissin'"", 'Basorexia', 'Kiss And Kissing', 'Kissing']",The pleasant activity of osculation is the act of kissing,0.35328787565231323,1,0,0
1708,Answer the question concisely. Q: What do 4 roods equal? A:,"['Action with Communities in Rural England', 'ACRE', 'An Acre', 'Action with communities in rural england']",4 roods equal 1 acre,0.243476003408432,1,1,1
1712,Answer the question concisely. Q: Which edible nut is found on a variety of Hickory Tree? A:,"['Pecan tree', 'Carya olivaeformis', 'Illinois Nut Hickory', 'Carya illinoinensis', 'Pecans', 'Pecan nut', 'Carya oliviformis', 'Pecan', 'Bitter pecan', 'Carya illinoensis', 'Pecan trees', 'Carya illinoiensis', 'Illinois nut hickory', 'Pecano', 'Carya pecan']",Pecan,1.0442249774932861,0,0,0
1717,Answer the question concisely. Q: Anatomy. Where are the intercostal muscles situated? A:,['Between the RIBS'],The intercostal muscles are situated between the ribs.,0.25883734226226807,1,0,0
1718,Answer the question concisely. Q: Who wrote the 19th century novel ‘Anna Karenina’? A:,"['Lyof Nikolaivitch Tolstoi', 'Tolstoy', 'Leo Nikolaievich Tolstoy', 'Lev Nikolaïevitch Tolstoï', 'Lev Nikolajevič Tolstoj', 'Count Lev Tolstoy', 'Lev Nikolajevic Tolstoj', 'Lev Nikolaevich Tolstoy', 'Leo tolstoi', 'Tolstoi', 'LN Tolstoi', 'Leo N. Tolstoy', 'Leo TOLSTOY', 'Buried Alive (play)', 'Lev N. Tolstoi', 'Lev Tolstoi', 'Voice of Thunder (Lincoln)', 'Lev Tolstoï', 'Leo N. Tolstoi', 'Tolstoy, Lev Nikolayevich', 'Lev N. Tolstoï', 'LN Tolstoy', 'Count Lev Nikolaevich Tolstoi', 'Lev Nikolaevic Tolstoj', 'Leo N. Tolstoï', 'Толстой', 'Lev N. Tolstoy', 'Lev Tolstoy', 'Leo Tolstoï', 'Count Lev N. Tolstoy', ""Leo Tolstoy's religious beliefs"", 'Leo tolstoy', 'Count Leo Tolstoy', 'León Tolstói', 'Lev Nikolayevich Tolstoy', 'Лев Никола́евич Толсто́й', 'Leo Tolstoy', 'Leo Nikolayevich Tolstoy', 'Leo Nikoleyevich Tolstoy', 'Count Leo Tolstoï', 'Count Leo N. Tolstoy', 'Leon Tolstoi', 'Leo Nikolayevitch Tolstoy', 'Count Leo Tolstoi', 'Lyof Tolstoy', 'Count Leo N. Tolstoi', 'Count Leo N. Tolstoï', 'Lev Tolstói', 'Lev Nikolaevič Tolstoj', 'Leo Tolstoi', 'Léon Tolstoï', 'Лев Николаевич Толстой', 'Leon Tolstoy', 'Lev Tolstoj', 'Leo, Count Tolstoy', 'Tolstoy, Leo Nikolayevich', 'Lev Nikolaievitch Tolstoi']",Leo Tolstoy,0.9803773164749146,0,0,0
1729,Answer the question concisely. Q: Which King of Macedon a great military leader was reputedly never defeated in battle? A:,"['Μέγας Ἀλέξανδρος', 'Alexandrian period', 'Αλέξανδρος ο Μέγας', 'Iskander the Accursed', 'Alexander Magnus', 'Alexander of Macedonia', 'Alexander Macedonian', 'Megas aleksandros', 'Alexander the Great', 'Great Alexander', 'Sikandar Mahan', 'Sikunder', 'Alexnader the great', 'Alexandrian Empire', 'Alexander The Great', 'Alexandrian era', 'Alexandros the Great', 'Letter to Darius III', 'Aleksander the Great', 'Ἀλέξανδρος ὁ Μέγας', 'Alexander the graet', 'Alexandros III of Macedon', 'Alexander III of Macedon', 'Letter to Darius II', 'Alex the great', 'Alexander the Macedonian', 'Sikandar-e-Azam', 'Alexander-the-great', 'Iskandar Zulkarnain', 'Aleksandar ī Hrōmāyīg', 'Aléxandros ho Mégas', 'AlexanderTheGreat', 'Alexander the great']",Alexander the Great,0.9799855351448059,0,0,0
1731,Answer the question concisely. Q: Which hit programme is filmed in a tent at Harptree Court in Somerset? A:,"['Edd Kimber', 'Great British Baking Show', 'The Great British Bake-off', 'Great Comic Relief Bake Off', 'Great British Bakeoff', 'The Great Comic Relief Bake Off', 'Great British Bake Off', 'The Great British Baking Show', 'The Great British Bake Off']",The Great British Bake Off,0.9789952039718628,0,0,0
1736,Answer the question concisely. Q: Which 1976 Nobel laureate popularised Monetarist theory? A:,"['Milton freidman', 'Helicopter money', 'Milt freidman', 'Milton Friedman', 'Milton Fridman', 'Milt friedman', 'Milton friedman', 'Milton Freedman']",Milton Friedman,0.9435621500015259,0,0,0
1760,Answer the question concisely. Q: What type of food or drink is a macchiato? A:,"['COFFEE', 'Coffee (disambiguation)']",A macchiato is a type of coffee drink,0.3521037995815277,1,0,0
1780,Answer the question concisely. Q: Used frequently in laboratories what is the common name of Drosophila? A:,"['Fruitfly', 'Fruit fly', 'Fruit fly (disambiguation)', 'Fruit Fly', 'Fruit flies']",Fruit fly,0.9890159368515015,0,0,0
1781,Answer the question concisely. Q: Which 2013 film is a development of the 1964 film ‘Mary Poppins’? A:,"['Saving Mr Banks', 'Saving Mr. Banks', 'SAVING MR. BANKS', 'Saving Mr. Banks (film)']",Saving Mr. Banks,0.9721083641052246,0,0,0
1799,Answer the question concisely. Q: What is the name of the O’Haras’ plantation in ‘Gone with the Wind’? A:,"['Kaze no You ni', 'T-ARA N4', 'Tiara (T-ara)(group)', 'Kaze no Yō ni', 'Lee Ahreum', 'T-ara n4', 'T-ara', 'T-ara/Tiara', 'Lee A-reum', 'Areum', 'T-ara (version 2)', 'T-ARA', 'Kaze no Yo ni', 'Qbs', 'T-ara (band)', '티아라', 'Tiara (band)', 'Lee Areum', 'TARA']",Tara,0.6910116672515869,0,0,0
1814,Answer the question concisely. Q: Which Italian city is known as the pizza capital of the world? A:,"['Neapel', 'Napoli, Italy', 'Napoli', 'Naples', 'Naples, Italy', 'Administrative divisions of Naples', 'Naples (Italy)', 'The weather in Napoli', 'Historic Centre of Naples', 'Nàpule', 'UN/LOCODE:ITNAP', 'Naplese', 'Quarters of Naples', 'Napule', 'NAPLES', 'The weather in Naples', 'In Naples', 'Municipalities of Naples']",Naples,0.9017723798751831,0,0,0
1831,"Answer the question concisely. Q: Just north of Bolton, on which English motorway will you find Rivington Services? A:","['M61', 'M61 (disambiguation)', 'M-61']",M61,0.9496543407440186,0,0,0
1837,Answer the question concisely. Q: Who co-founded CND with Canon Collins? A:,"['Human Knowledge: Its Scope and Limits', 'Beacon Hill School (England)', 'Bertrand Arthur William 3rd Earl Russell', 'Lord Bertrand Russell', 'Russell Bertrand', 'Russellian', 'B. A. W. Russell', 'Betrand russel', 'Bertrand russel', 'Bertrand Arthur William, 3rd Earl Russell Russell', 'Bertrand Arthur William Russell', 'Earl Bertrand Arthur William Russell', 'Bertrand Russell, 3rd Earl Russell', 'Russell, Bertrand Arthur William, 3rd Earl Russell', '16 Questions on the Assassination', 'Bertrand Arthur William Russell, 3rd Earl Russell, OM, FRS', 'Bertrand russell', 'Bertrand Russel', 'Bertram Russell', 'B. Russell', 'Betrand Russell', 'Bertrand Arthur William, 3rd Earl Russell', 'Bertrand Russell', 'Bertrand Arthur William Russell, 3rd Earl Russell']",Patricia de Lille.,0.13911288976669312,1,1,1
1847,"Answer the question concisely. Q: Which constellation has, uniquely, in Rigel and Betelgeuse, two of the ten brightest stars? A:","['Orion (music)', 'Orion (song)', 'Orion Class Spaceship', 'Orions (disambiguation)', 'Orion-class spaceship', 'Orion (system)', 'ORION', 'Orions', 'Orion', 'Orion (disambiguation)']",Orion,0.8643769025802612,0,0,0
1872,Answer the question concisely. Q: Who was the Beano’s Redskin Chum? A:,['Little Plum'],It was a character called “Redskin Chum” who was a Native American,0.25461357831954956,1,1,1
1889,Answer the question concisely. Q: Who lured sailors on the Rhine to their deaths with her singing? A:,"['Lorelei', 'Die Lorelei', 'Lurlei', 'Loreley', 'Lurking rock']",Lorelei,1.0312345027923584,0,0,0
1954,Answer the question concisely. Q: Who was captain of the US team for the 2014 Ryder Cup? A:,"['Tommy Watson', 'Tom Watson (politician)', 'Tom Watson MP', 'Tommy Watson (footballer)', 'Thomas Watson', 'Thomas Watson (disambiguation)', 'Thomas Watson (MP)', 'Tom Watson', 'TOM WATSON', 'Watson, Thomas']",Phil Mickelson,0.3362032175064087,1,1,1
1963,Answer the question concisely. Q: A British newspaper was relaunched as ‘The Sun’ in 1964. What was its name prior to that? A:,"['Daily Herald (disambiguation)', 'Morning Herald (disambiguation)', 'The DAILY HERALD', 'The Daily Herald', 'Herald (newspaper)', 'Sunday Herald (disambiguation)', 'The daily herald', 'Daily Herald']",The News of the World,0.37166905403137207,1,1,1
1969,"Answer the question concisely. Q: ""What """"C"""" is a name given to any straight line that joins two places on a curve?"" A:","['Chord', 'Chord (disambiguation)', 'Chords']","""A tangent",0.08153929561376572,1,1,1
2020,Answer the question concisely. Q: 15 October will mark the 600th anniversary of which famous battle? A:,"['Ajincourt', 'Agincourt', 'Ajencourt', 'Agincourt (disambiguation)', 'AGINCOURT']",Agincourt.,0.9185492396354675,0,0,0
2021,Answer the question concisely. Q: Which fruit is traditionally used in the recipe for the dessert dish Liverpool Tart? A:,"['Lemon', '🍋', 'Lemon (fruit)', 'Lemon juice', 'Lemon oil', 'Citrus x limon', 'Lemons', 'LEMON', 'Nimbu', 'Citrus ×limon', 'Citrus × limon', 'Citrus limon']",The fruit is a pineapple,0.5215792655944824,0,1,1
2023,"Answer the question concisely. Q: Which politician, facing charges of murder, lost his seat in a General Election? A:","['Jeremy Thorpe', 'Jeremy liberal', 'John Jeremy Thorpe', 'Jeremy THORPE']",O.J. Simpson,0.2547183930873871,1,1,1
2032,Answer the question concisely. Q: By what name was the African state of Namibia previously known? A:,"['Southwest Africa', 'Administrators-General of South West Africa', 'Namibia under South African occupation', 'South-West Africa', 'SOUTH-WEST AFRICA', 'South West Africa']",South West Africa,0.9592008590698242,0,0,0
2038,"Answer the question concisely. Q: As well as municipalities, which country is made up of 26 states and one federal district? A:","['Brazil', 'BRAZIL', 'Etymology of Brazil', 'Federal Republic of Brazil', 'Brasil', 'Barzil', 'Federative Republic of Brazil', 'Brazil (country)', 'Brassil', 'Republic of Brazil', 'Brésil', 'Brzil', 'Brazilian Federative Republic', 'Republica Federativa do Brasil', 'Bresil', 'Brazilian Republic', 'ISO 3166-1:BR', 'República Federativa do Brasil', 'Brazilo']",The United States of America,0.39461642503738403,1,1,1
2045,Answer the question concisely. Q: Which French fashion designer regularly co-hosted UK TV’s ‘Eurotrash’? A:,"['Jean Paul Gaultier', 'John Paul Gautier', 'John Paul Gaultier', 'Jean-Paul GAULTIER', 'John-Paul Gautier', 'Jean Paul Gautier', 'Junior Gaultier', 'Jean-Paul Gaultier', 'John-Paul Gaultier']",Jean-Paul Gaultier,0.9703477621078491,0,0,0
2069,Answer the question concisely. Q: Who directed the 2013 film ‘Twelve Years a Slave’? A:,"['Solar Productions', 'Steve McQueen (actor)', 'Steve McQueen', 'STEVE McQUEEN', 'Steve Mcqueen', 'Steve mcqueen', 'Steven McQueen', 'McQueen (Steve)', 'Terence Stephen McQueen', 'Terence McQueen', 'Solar productions', 'Terence Steven McQueen']",Steve McQueen,0.937318742275238,0,0,0
2091,"Answer the question concisely. Q: Whose 1977-79 albums, Low, “Heroes” and Lodger, are known as his Berlin Trilogy? A:","['Hermione Farthingale', 'Ziggy Stardust (persona)', 'The Berlin Trilogy', 'Berlin Trilogy', 'Bowiesque', 'David Bowie', 'David bowie filmography', 'Davie Jones and the King Bees', 'Bowiean', 'David bowie', 'Tao Jones Index', 'Bowie, David', 'The Konrads', 'Davie Jones with the King Bees', ""David Bowie's"", 'David Bowi', 'Davis bowie', 'The Manish Boys', 'David Robert Hayward-Jones', 'Ziggy stardust (persona)', 'The King of Glitter Rock', 'David Hayward-Jones', 'The Lower Third', 'Davy Jones and the Lower Third']",David Bowie,0.8999139070510864,0,0,0
2096,Answer the question concisely. Q: What name was given to areas of England under Viking control? A:,"['Viking Britain', 'Danelaw (Timeline)', 'History of the Danelaw', 'Danelagh', 'Anglo-Danish', 'The Danelaw', 'Danelaw', 'Anglo-Danes']",Danelaw,1.0006868839263916,0,0,0
2099,"Answer the question concisely. Q: Tintern Abbey, made famous by Wordsworth’s poetry, stands on which river? A:","['Wye', 'Wye (disambiguation)', 'Wye River']",Wye,0.9896567463874817,0,0,0
2118,Answer the question concisely. Q: In which decade did Coates compose 'The Dam Busters March'? A:,"['The Fifties', '1950s', '1950-1959', ""50's"", '1950’s', '1950–1959', 'Nineteen-fifties', '1950s (decade)', '1950ies', ""1950's"", ""'50s"", '195%3F', 'Fifties']",1930s,0.5768860578536987,0,1,1
2121,Answer the question concisely. Q: 'Indian Love Call' is a song from which 1924 operetta? A:,"['Rose-Marie', 'Rose Marie (operetta)']",'Rose-Marie' by Rudolf Friml,0.6860421299934387,0,0,0
2126,Answer the question concisely. Q: What is the heraldic name for the colour green? A:,"['Green (heraldry)', 'Verte', 'Vert', 'Vert (heraldry)', 'Green (vexillology)', 'Sinople (heraldry)']",Vert,0.8307767510414124,0,0,0
2135,"Answer the question concisely. Q: In humans ribs are divided into three types. True, False and which other? A:","['Floating (song)', 'Floating', 'Floating (album)', 'Floating (disambiguation)']","True, False and False",0.15545055270195007,1,1,1
2153,"Answer the question concisely. Q: What breed of dog is the ‘Monopoly’ playing piece, or token? A:","['Scottie dog', 'Aberdeen Terrier', 'Scottish terrier', 'Scottish Highlands White Terrier', 'Scotch terrier', 'Scottie', 'SCOTTISH TERRIER', 'Scottish Terrier', 'Scotty dog', 'Scotch Terrier']",The ‘Thimble’,0.21273985505104065,1,1,1
2154,"Answer the question concisely. Q: What was the first name of the poet Mr. Pope, 1688-1744? A:","['Alexandar', 'Alaksandar', 'ALEXANDER', 'Oleksandr', 'Alexender', 'Aleksandr', 'Olexandr', 'Aleksander', 'Rulers Alexander', 'Rednaxela', 'Alexander (Name of Several Early Bishops)', 'Alexander (Name of Seven Men)', 'Allistair', 'Aleksandar', 'Alexander', 'Aliaksandr', 'Aleck']",Alexander,0.7724237442016602,0,0,0
2157,"Answer the question concisely. Q: Who wrote the 1982 novel, ‘The Prodigal Daughter’? A:","['JEFFREY ARCHER', 'Baron Archer of Weston-super-Mare', 'Jeffrey Howard Archer, Baron Archer of Weston-super-Mare', 'Lord Archer of Weston Super Mare', 'Lord Archer of Weston-Super-Mare', 'The Clifton Chronicles', 'Lord Archer of Weston-super-Mare', 'Jeffrey Archer', 'Jeffrey Archer, Baron Archer of Weston-super-Mare', 'Jeffrey Howard Archer, Baron Archer', 'Baron Archer of Weston-Super-Mare', 'Jeffrey Howard Archer']",Margaret Drabble,0.2113589197397232,1,1,1
2162,"Answer the question concisely. Q: What sort of noun are words such as ‘sadness’, ‘humour’, and ‘triumph’? A:","['Abstract form', 'Abstract (disambiguation)', 'Abstract', 'Abstractly', 'Abstractness', 'ABSTRACT']",Adjectives,0.18462418019771576,1,1,1
2163,Answer the question concisely. Q: P.L. Travers wrote which series of books that were turned into a famous film? A:,"['Mrs. George Banks', 'Winifred banks', '17 Cherry Tree Lane', 'Bert (Mary Poppins)', 'Mr. George Banks', 'Mr George Banks', 'Mary popins', 'Mrs George Banks', 'Marry Poppins', 'MARY POPPINS', 'Mrs Winifred Banks', 'Mary Poppins', 'Mrs. Winifred Banks', 'Mary poppins', 'Winifred Banks']",Mary Poppins,0.962084174156189,0,0,0
2172,Answer the question concisely. Q: Heliculture is the farming of what for food? A:,"['Snale', 'Snail', 'Marine snail', '🐌', 'Jono Hawkins', 'Ochu', 'Wallfish', 'Snails']",Silkworms.,0.44279730319976807,1,1,1
2175,Answer the question concisely. Q: Which king’s beloved son William was drowned in the tragedy of the White Ship? A:,"['Enrique I', 'Henry the 1st', 'Enrico I', 'Henry I', 'Henry the First', 'Hendrik I', 'Henry the first', 'Henry 1', 'Henry I (disambiguation)', 'King Henry I', 'Henri I']","William, the son of Henry I, was drowned in the tragedy of the White Ship",0.2493090033531189,1,1,0
2182,Answer the question concisely. Q: Merton Pride and Williams are varieties of which fruit? A:,"['Pear (fruit)', 'Pear tree', 'Pear', 'Culture of pear', '🍐', 'Pear juice', 'Pearwood', 'Pyrus']",Merton Pride and Williams are varieties of apple,0.1479698121547699,1,1,1
2187,Answer the question concisely. Q: JSC. What phrase was trending worldwide on Twitter after the events of 7th Jan. 2015? A:,"['Je suis Charlie', 'Je Suis Charlie', 'Я Шарли Эбдо', 'I am Charlie', 'Je suis Charlie (motto)', 'Je suis Hypercacher', 'Som Charlie Hedbo', 'Je suis Juif', 'انا شارلي', 'Jsem Charlie Hebdo', 'Jesuischarlie', 'Yo soy Charlie', 'من چارلی هستیم', 'Iamcharlie', 'Ich bin Charlie', 'JE SUIS CHARLIE', 'Je suis Ahmed', 'Je suis Muslim']",#JeSuisCharlie,0.85080486536026,0,0,0
2188,Answer the question concisely. Q: Which city in the USA suffered a huge fire in 1871 allegedly started by a cow? A:,"['Chi-Beria', 'Sayre language academy', 'Chicago', 'Chicago, Illinois', 'Hog Butcher for the World', 'Land of smelly onions', 'Ariel Community Academy', 'The weather in Chicago', 'Chicago, Illinois, U.S.A.', 'Chicago, Illionis', 'Near North Montessori', 'Religion in Chicago', 'Chicago Finance Committee', 'The Paris of America', 'The city of Chicago', 'City of Chicago', 'List of sister cities of Chicago', 'UN/LOCODE:USCHI', 'Chicago theatre scene', 'Chicago, WI', 'The City of Broad Shoulders', 'City of Broad Shoulders', 'Sister Cities of Chicago', 'Chicago il', 'Chicago, Illinois, USA', 'Performing arts in Chicago', 'Chicago Transportation Committee', 'Chicago, Wisconsin', 'City of chicago', 'Chicago theater scene', 'Chicago, Il', 'Chicago, IL.', 'Chicago, Ill.', 'City of Chicago, Illinois', 'Chi town', 'Chicago, United States', 'Chicago (Ill.)', 'Transport in Chicago', 'Chicago, Illinois, United States', 'Chicago (IL)', 'USCHI', 'Chichago', 'Chcago', 'Chicago, Illinois, U.S.', 'Sister Cities Chicago', 'Chicago, USA', 'Chi City', 'Chicago, IL', 'Chi-Town', 'Chicago theatre', 'Paris of America', 'Chicago, Illinois, US', 'Chicago Illinois', 'The city of Chicago, Illinois', 'Sister cities of Chicago']",Chicago,0.825363039970398,0,0,0
2214,"Answer the question concisely. Q: In ‘Big School’ (2013), what subject was taught by Philip Glenister’s character? A:","['PE (disambiguation)', 'P. E.', 'P.e.', 'Pe.', 'P E', 'PE', 'P.E.']",Maths,0.11024940013885498,1,1,1
2219,Answer the question concisely. Q: Who is the only person to win both a Nobel Prize for Literature and an Oscar? A:,"['G. B. Shaw', 'G.B. Shaw', 'G B Shaw', 'G.B. SHAW', 'Shaw, George Bernard', 'George Bernard Shaw', 'G.B.Shaw', 'George Barnard Shaw', 'G. Bernard Shaw', 'Plays Unpleasant', 'GB Shaw', 'Plays Pleasant']",John Steinbeck,0.39736324548721313,1,1,1
2222,Answer the question concisely. Q: In 1998 at the age of 77 who became the oldest person to fly in space? A:,"['John Herschel Glenn', 'John Glenn, Jr.', 'John H. Glenn', 'John H. Glenn Jr.', 'John Glrnn', 'John Glenn', 'John Glenn Junior', 'J H Glenn', 'John Herschel Glenn Jr.', 'John Herschel Glenn, Jr.', 'Glenn, Jr., John Herschell', 'John Herschell Glenn, Jr.', 'John H. Glenn, Jr.']",John Glenn,0.961773157119751,0,0,0
2223,Answer the question concisely. Q: Who wrote the poem The Dong With The Luminous Nose? A:,"['Edward Lear', 'The Jumblies']",The Dong With The Luminous Nose,0.18593575060367584,1,1,1
2232,Answer the question concisely. Q: Which Swiss tennis player won the men’s singles title at the 2014 Australian Open? A:,"['Stanislas Wawrinka', 'Wawrinka', 'Stan Wawrinka', 'Stanislas Warwinka']",Roger Federer,0.29806435108184814,1,1,1
2235,Answer the question concisely. Q: Which Jersey-born actor played Superman in Man of Steel? A:,"['Henry Cavill', 'Henry William Dalgliesh Cavill']",Henry Cavill,0.9739131331443787,0,0,0
2252,Answer the question concisely. Q: Who co-starred with George Clooney in the 2013 movie Gravity? A:,"['Sandra Annette Bullock', 'Sandra Bullock', 'Sandy Bullock', 'Sandra bulock', 'One of the Guys (film)', 'Sandra bullock', 'Fortis Films', 'One of the Guys (2014 film)']",Sandra Bullock,0.9724197387695312,0,0,0
2259,Answer the question concisely. Q: Jazz musician Jelly Roll Morton is associated with which instrument? A:,"['PIANO', 'The Piano (film)', 'The Piano']",Piano,0.44388526678085327,1,0,0
2266,Answer the question concisely. Q: In the novel 'Treasure Island' what is the name of the small island next to Treasure Island? A:,['SKELETON ISLAND'],The name of the small island next to Treasure Island is 'Skeleton Island,0.24679890275001526,1,0,0
2281,"Answer the question concisely. Q: ""For what television series was the theme tune """"I'll be there for you"""" ?"" A:","[""Chandler and Joey's apartment"", 'Friends (sitcom)', 'Friends dvds', 'Friends 1994-2004', '495 Grove St. Apt. 19, New York.', 'Friends (show)', 'Friends: The One with all the Trivia', 'Friends (television series)', 'One with all the trivia', 'Friends (TV series)', 'F.R.I.E.N.D.S.', 'Friendsa', 'Friends (tv show)', 'Laminated list', 'Insomnia Cafe', ""Joey's apartment (Friends)"", 'The One With All The Trivia', 'One With All The Trivia', 'F.r.i.e.n.d.s', 'Friends: The One with All the Trivia', 'Freebie list', 'Friends (TV Show)', 'Friends Series', 'Friends: The One With All The Trivia', 'Friends Like Us', 'Friends (TV Series)', 'The One with all the Trivia', 'Friends (tv)', 'List of errors and inconsistencies in Friends', '495 Grove St. Apt 20, New York', 'F.r.i.e.n.d.s.', 'Friends', 'F.r.i.e.n.d.s. (movie)', 'Freinds', ""Joey's apartment"", 'Friends DVD releases', 'The One with All the Trivia', 'F.R.I.E.N.D.S', 'Friends: The One With All the Trivia', 'Geller Family', ""Joey and Chandler's apartment"", 'FRIENDS', 'Central Perk']","""Friends",0.6102137565612793,0,0,0
2296,"Answer the question concisely. Q: What are the first four words of the Bible, as recorded in Genesis? A:",['IN THE BEGINNING GOD'],In the beginning,0.19157010316848755,1,0,0
2310,Answer the question concisely. Q: In which African country did the Mau Mau rebellion break out in October 1952 ? A:,"['Kenyan', 'Prehistory of Kenya', 'Kenya-Africa', 'ISO 3166-1:KE', 'KENYA', 'Jamhuri ya Kenya', 'Kenya', 'Republic of Kenya', 'Kenya (disambiguation)', 'Etymology of Kenya']",Kenya,0.8770321011543274,0,0,0
2319,"Answer the question concisely. Q: Usually made of plastic, which transparent instrument, in the shape of a triangle with one angle at ninety degrees, is used for drawing angles on paper? A:",['SET-SQUARE'],A protractor,0.08293741196393967,1,1,1
2320,"Answer the question concisely. Q: Sharing his surname with a biblical character, which footballer scored the deciding goal in the 1967 FA Cup Final? A:","['Frank Saul (disambiguation)', 'Frank Saul', 'FRANK SAUL']",Jimmy Greaves,0.2272167205810547,1,1,1
2327,"Answer the question concisely. Q: ""Which book of the New Testament, as with Genesis, starts with the words """"In the beginning ...."""" ?"" A:","['Gospel Of John', 'Gospel according to John', ""John's Gospel"", 'John 20:28', 'Book of John', 'Gospel According to Saint John', 'Book of jon', 'Gospel of St John', 'John 1:5', 'Gospel of John', 'Gospel According to John', 'John 7', 'Anti-Semitism in the Gospel of John', 'Gospel acccording to John', ""St. John's Gospel"", 'Gospel according to Saint John', 'John 1:29', 'John 21:15-19', 'Gospel of St. John', 'According to John', 'Gospel of john', 'Fourth gospel', 'John (book)', ""St John's Gospel"", 'Gospel according to john', 'Jhn.', 'The Gospel According to John', 'The Fourth Gospel', 'Servant of sin', 'John 11:25', 'Fourth Gospel', 'Monarchian Prologue', 'John 11', 'John 10', 'John 12', 'Gospel of St.John', 'Book of john', 'John 19', 'John 18', 'John 10:3', 'The Gospel of John', 'Gospel of Saint John', 'GOSPEL OF ST JOHN', 'The Gospel according to John', 'Gospel according John']","""John",0.3524019420146942,1,0,0
2336,Answer the question concisely. Q: Kurt Russell is the long term partner of which actress? A:,"['Goldie Hahn', 'Ashes to Ashes (Goldie Hawn film project)', 'Goldy Hawn', 'Ashes to Ashes (2010 film)', 'GOLDIE HAWN', 'Goldie Hawn', 'Goldie Jean Hawn']",Goldie Hawn,1.007733702659607,0,0,0
2355,"Answer the question concisely. Q: Which other colour, along with yellow and green appears on the flag of Gabon? A:","['BLUE', 'Gauss-Markov assumptions', 'Best Linear Unbiased Estimator', 'Gauss-Markov theorem', 'Linear estimator', 'Gauss–Markov assumptions', 'Gauss-Markow least squares theorem', 'Best linear unbiased estimator', 'Gauss–Markov–Aitken theorem', 'Gauss-Markov model', 'Gauss-Markov-Aitken theorem', 'Gauss markov theorem', 'Gauss–Markov model', 'Gauss–Markov theorem', 'Blue (statistics)']",Blue,0.37167590856552124,1,0,0
2356,"Answer the question concisely. Q: ""Which snooker player had the nickname """"The Thunder from Down Under""""?"" A:","['Neil Robertson (disambiguation)', 'Neal Robertson', 'Robertson, Neil', 'NEIL ROBERTSON', 'Neill Robertson', 'Neil Robertson']","""Steve Davis",0.42715227603912354,1,1,1
2389,"Answer the question concisely. Q: Having held the position since 2004, Richard Wallace is the editor of which daily newspaper? A:","['The Daily Mirror', 'London Daily Mirror', 'Irish Daily Mirror', 'Irish Mirror', 'Mirror (UK)', 'Mirror.co.uk', 'Daily Mirror', 'The Mirror (United Kingdom)', 'DAILY MIRROR', 'Celeb on Sunday', 'The Scurra', 'The Sunday Pictorial', 'Monday Mania', 'Mirror Online', 'The Sunday Mirror', 'We Love Telly']",The Daily Telegraph,0.6668000817298889,0,1,1
2397,Answer the question concisely. Q: Which TV series was won by a man named Paddy Doherty on September 8th this year? A:,"['CELEBRITY BIG BROTHER', 'Celebrity Big Brother (UK)', 'Celebrity Big Brother 17', 'Big Brother Celebrity Big Brother (UK)', 'Celebrity Big Brother', 'Celeb BB', 'Celebrity Big Brother UK', 'CBBUK', 'Celebrity Big Brother 2014 (UK)']",The Apprentice,0.1910848617553711,1,1,1
2412,Answer the question concisely. Q: In which town in Greater Manchester did Coronation Street actress Betty Driver sadly pass away recently? A:,"['Stockport, England', 'Heaviley', 'Stokeport', 'STOCKPORT', 'Stockport', 'Stockport, Greater Manchester']","The actress passed away in her home in Cheadle, Greater Manchester",0.3815263509750366,1,1,1
2416,"Answer the question concisely. Q: """"""Because I'm worth it"""" was the advertising slogan for which product on TV?"" A:","[""L'oreal"", 'Loreal Kids', 'LOreal', ""L'Oreal Kids"", ""L'Oreal Paris"", ""L'Oreal"", ""L'Oréal Paris"", 'L’Oreal', 'Cosmair', ""List of L'Oreal spokesmodels"", ""L'Oreal Group"", 'Loreal kids', 'L’Oréal', 'Loreal', 'Loréal', ""L'Oréal Kids"", ""L'Oréal Group"", ""L'OREAL"", 'LOreal Group', 'Hydralium', ""L'Oréal""]",L'Oreal,1.0081661939620972,0,0,0
2421,Answer the question concisely. Q: In which northern British town can you find a large shopping centre called Hounds Hill? A:,"['Blackpool Corporation', 'Showzam', 'Gay blackpool', 'County Borough of Blackpool', 'Revoe', 'Queestown, Blackpool', 'Flying Handbag', 'Blackpool, England', 'Highfurlong, Blackpool', 'Mardi Gras Bar', 'Bar B', 'Blackpool', 'Blackpool Borough Council', 'Devonshire, Blackpool', 'Borough of Blackpool', 'BLACKPOOL', 'Gay Blackpool', 'Blackpool, Lancashire', 'Blackpool UA']",Hounslow,0.6501705646514893,0,1,1
2424,Answer the question concisely. Q: What is the usual colour of the drink Grenadine? A:,"['Red (comics)', 'Red (song)', 'Red (comic)', 'Red (album)', 'Red (film)', 'R.E.D.', 'Red (disambiguation)', 'RED']",Red,0.4661584496498108,1,0,0
2432,"Answer the question concisely. Q: Stretching a total of 80 miles, which is Northern Ireland's longest river? A:","['Bann', 'Bann (disambiguation)', 'BANN']",The Bann,0.6856644153594971,0,0,0
2443,"Answer the question concisely. Q: ""When asked about the role of Prime Minister, which 20th century prime minister replied """"Interesting work, fine town house, nice place in the country, servants, plenty of foreign travel"""" ?"" A:","['Harold Macmillan, Earl of Stockton', 'HAROLD MACMILLAN', 'Maurice Harold Macmillan, 1st Earl of Stockton', 'Lord Stockton', 'Harold McMillan', 'Harold Macmillan, 1st Earl of Stockton', 'Harold mac', 'Harold MacMillan, 1st Earl of Stockton', 'Harold MacMillan', ""You've never had it so good"", '1st earl of Stockton', 'Harold Macmillan', 'Maurice Harold Macmillan', 'The Rt. Hon. The Lord Stockton', 'Harold McMillian']","""Winston Churchill",0.262342244386673,1,1,1
2451,Answer the question concisely. Q: Which saint established a monastery and Christian community on the island of Iona in the year 563? A:,"['St Colm', 'Saint Colm Cille', 'Calum Cille', 'Collumcille', 'Life of St. Columba', 'St Columcille', 'Columba, Saint', 'Columba', 'St Colmcille', 'Vita Sancti Columbae', 'Saint Columba', 'Vita Columbae', 'Colmcille', 'Colum Cille mac Fedelmtheo', 'Columbkille', 'St. Columcille', 'Columba of Iona', 'Colm Cille', 'Colmkill', 'Columb Cille', 'ST COLUMBA', 'Colmekill', 'Saint Columb', 'Saint Columbkille', 'St Colum Cille', 'St. Columba', 'Scoto-Hibernian Monasteries', 'Saint Colmcille', 'Life of Columba', 'Columbcille', 'Saint Columcille', 'Colum Cille', 'Columcille', 'St Columba']",Columba,0.9442555904388428,0,0,0
2463,Answer the question concisely. Q: The name of which chemical element of the Periodic Table ends with the letters KEL ? A:,"['Nickel metallurgy', 'Nickel mining in BC', 'Nickel', 'Nickelic', 'Nickel (element)', 'Nickelous', 'Kupfernickel', 'NICKEL', 'Element 28', 'Ni2+']",Potassium,0.1490860879421234,1,1,1
2467,Answer the question concisely. Q: Who takes over the important position of Governor of the Bank of England in 2013 ? A:,"['MARK CARNEY', 'Mark Carney']",Mark Carney,0.9627021551132202,0,0,0
2475,Answer the question concisely. Q: Which business organisation took over the Somerfield chain of stores ? A:,"['International (supermarket)', 'Scottish Co-operative Wholesale Society', 'Co-op Group', 'Co-operative Group members', 'Co-operative Group', 'The co-op group', 'Manx Co-operative Society', 'The Co-Operative Group', 'Plymouth & South West', 'Plymco Co-op', 'CWS UK', 'Cooperative Group', 'Members of the Co-Operative Group', 'Co-operative Group Members', 'Co-Operative Group', 'THE CO-OPERATIVE', 'Societies of The Co-operative Group', 'Coop Group', 'The Co-Operative', ""The co-operative group's new head office"", 'Co-Op UK', 'The Co-operative Group', 'Members of The Co-Operative Group', 'The Co-operative', 'The co-op', 'Members of the Co-operative Group', 'Plymouth and South West Co-operative Society', 'Scottish co-op', 'Co-operative group', 'Members of The Co-operative Group', 'Cooperative Wholesale Society', 'Linfood Holdings', 'Co-operative Group Ltd.', 'Plymco']",Tesco,0.26594698429107666,1,1,1
2479,Answer the question concisely. Q: An apartment in which building has been the official London residence of the MP for Buckingham since June 2009 ? A:,"['Westminster Palace', 'Houses of Parliament of the United Kingdom', 'Houses of Parliament', 'Palace of Westminster', 'Westmister Palace', 'Houses of Parliament (UK)', ""Prince's Chamber"", ""Saint Stephen's Tower"", ""St Stephen's Tower"", 'Houses of parliament', 'Palace of Westminster/images', 'The Houses Of Parliament', 'New Palace of Westminster', 'Parliament Buildings (Britain)', 'Central Lobby', ""Queen's Robing Room"", 'Westminster Hall', 'Houses of Parliament of the United Kingdom of Great Britain and Northern Ireland', 'Royal Gallery', 'The Palace of Westminster', 'Westminster (Palace)', ""St. Stephen's Tower"", ""St. Stephen's Tower, Palace of Westminster"", 'Palace of westminster', 'Houses of Parliament (United Kingdom)', 'Parliament Buildings (UK)', 'PALACE of WESTMINSTER', 'British Houses of Parliament', ""Peers' Lobby""]",10 Downing Street,0.16645123064517975,1,1,1
2492,"Answer the question concisely. Q: Which boy's name, according to website BabyCenter, is the most globally popular for the eigth year in a row? A:","['Troy Wambold', 'Aiden', 'Aiden (band)', 'Angel I.', 'Jake W.', 'William Francis (vocalist)', 'Jake D.', 'Troy W.', 'Jake Wambold', 'Jake D', 'AIDEN']",Liam,0.14899079501628876,1,1,
2502,Answer the question concisely. Q: What in the human body are enclosed in the Pleura ? A:,"['Pulmonary surgical procedures', 'Pulmanary', 'Bird lung', 'Pulmo', 'Alveolar sacs', 'Bellows lung', 'Superior lobe of left lung', 'Inferior lobe of left lung', 'Pulmones', 'LUNGS', 'Pulmonarily', 'Avian lungs', 'Lung', 'Pulmonary gas exchange', 'Lungs', 'Pulmo sinister', 'Pulmonary', 'Inferior lobe', 'Nonrespiratory functions of the lungs', 'Lunged', 'Circulatory lung']",The lungs,0.6783652901649475,0,0,0
2503,"Answer the question concisely. Q: ""Whose last recorded words in the House of Commons were: """"I wish everyone, friend or foe, well. And that is that. The end """" ?"" A:","['Rt Hon Anthony Blair MP', 'Tony blair', 'TONY BLAIR', 'The Tony Blair Sports Foundation', 'Antony blair', 'Tonie Blair', 'Tony Balir', 'Rt. Hon Tony Blair', 'Blairian', 'Tory Blair', 'Tony Blairs', 'Anthony C. L. Blair', 'Anthony Charles Blair', 'Tony Blaire', 'Tony Blair Sports Foundation', 'Antony Blair', 'Anthony Charles Lynton %22Tony%22 Blair', 'Family of Tony Blair', 'Tonyblair', 'Tony Blear', 'Anthony (Tony) Blair', ""Tony Blair's Private life"", 'Tony Blair PM', 'Tony Bliar', 'Tony Blaer', 'Herr Blair', 'President Blair', 'Anthony Charles Lynton Blair', ""Tony Blair's private life"", 'Education, education and education', 'Rt. Hon. Anthony Charles Lynton Blair', 'Toney Blair', 'Education, education, education', 'Tony Blari', 'Blair doctrine', 'Tony Blair', 'Prime Minister Tony Blair', 'Tony Blare']","""Winston Churchill",0.5975093841552734,0,1,1
2509,"Answer the question concisely. Q: In the fairy tale Thumbelina, what creature wants the miniature girl to marry her son ? A:","['TOAD', 'Tool for Oracle Application Developers', 'Toad (software)', 'Toad for MySQL', 'TOAD (software)']",A toad,0.3301967978477478,1,1,1
2517,Answer the question concisely. Q: In which TV establishment were Miss Gatsby and Miss Tibbs residents ? A:,"['FAWLTY TOWERS', 'Polly Shearman', 'Polly Sherman (Fawlty Towers)', 'Fawlty Towers Episode 13', 'Fawlty Towers', 'Fawlty towers', 'Flowery Twats', 'List of Fawlty Towers episodes', 'Fawlty Towers (hotel)', 'Fawlty', 'Dr. Abbott', 'Woodburn Grange Country Club', 'Polly Sherman', 'Fawlty Towers episode guide', 'Audrey (Fawlty Towers)', 'Fawlty towers episodes', 'Terry the Chef', 'Faulty Towers', 'Wooburn Grange Country Club']",The TV establishment where Miss Gatsby and Miss Tibbs were residents was the TV establishment of the 1950s,0.27942347526550293,1,1,1
2533,"Answer the question concisely. Q: Name the year - Norfolk farmer Tony Martin shootsand kills a 16 year old burglar in his farmhouse, UK fuel protesters almost bring the country to a standstill and Paula Yates and Robin Day both sadly die ? A:","['2000', 'two thousand']",199,0.1498294323682785,1,1,1
2544,"Answer the question concisely. Q: Irish writer and poet Oscar Wilde, who died in 1900, is buried in which European country? A:","['La Republique francaise', 'Franciaország', 'La Republique française', 'Belle France', 'FRANCE', 'Republique française', 'France', 'Ranska', 'Franciaorszag', 'French Republic', 'République francaise', 'République française', 'ISO 3166-1:FR', 'Frankreich', 'France (country)', 'Etymology of France', 'FrancE', 'La République française', 'People of France', 'Republic of France', 'Fracne', 'Le France', 'The French Republic', 'Republique francaise', 'The Republic of France', 'La République francaise', 'La France', 'Rain in France', 'Republic of france', 'FRance', 'Frakkland', 'Climate of France', 'Franse']",France,0.7442379593849182,0,0,0
2549,Answer the question concisely. Q: Which ex British daily newspaper was first published in 1968 and featured the front page headline 'Second Spy Inside GCHQ'? It cost 18 pence and was owned by Eddy Shah a Manchester based businessman. A:,"['Today! (album)', 'Today (disambiguation)', 'To-day', 'Today (newspaper)', 'TODAY Newspaper', 'The Today', 'Today (song)', 'Today (show)', 'Today (single)', 'Today show (disambiguation)', 'Today', 'Today!', 'Today (Album)', 'Today Show', 'Today Show (disambiguation)', 'Today (film)', 'Today (album)', 'TODAY']",The Sun,0.2603049874305725,1,1,1
2552,"Answer the question concisely. Q: Introduced in 1940, the 'Local Defence Volunteers' later became known by what two word name? A:","['Home guard', 'Home Guard', 'HOME GUARD', 'Home Army (disambiguation)', 'Home Guard (disambiguation)']",Home Guard,0.956339955329895,0,0,0
2606,Answer the question concisely. Q: What is the surname of singer Florence of 'Florence and the Machine' ? A:,"['Welsh Regiment', 'The Welsh Regiment', 'Royal Glamorgan Militia', 'Welch Regiment', 'The Welch', 'WELCH', 'The Welch Regiment']",Welch,0.5373939871788025,0,0,0
2609,Answer the question concisely. Q: Which state did frontiersman Davy Crockett represent in the US House of Represenatives ? A:,"['Tennessee (river)', 'Rio Tennessee', 'Tennessee river', 'TENNESSEE', 'Cherokee River', 'The Tennessee', 'Tennessee-Georgia water dispute', 'Tennessee River', 'Río Tennessee']",Tennessee,0.5507351160049438,0,0,0
2622,"Answer the question concisely. Q: ""Which North African food dish made of coarsely ground wheat takes it’s name from the Arabic word Kaskasa meaning """"To Pound"""" ?"" A:","['Berkoukes', 'Kuskus', 'Cuz cuz', 'Cous-cous', 'Gusku', 'Berkouks', 'Kus kus', 'COUSCOUS', 'Cous cous', 'Couscous', 'Maftoul', 'Coos-coos', 'Cous Cous']",Couscous,1.0083463191986084,0,0,0
2629,Answer the question concisely. Q: Which English producer and screenwriter is responsible for the creation of the fictional school Grange Hill ? A:,"['Phil REDMOND', 'Phillip redmond', 'Phil Redmond']",Phil Redmond,0.9618316888809204,0,0,0
2632,Answer the question concisely. Q: Which English mechanical and civil engineer who died in 1859 was responsible for engineering the Great Western Railway and designing the Clifton Suspension Bridge in Bristol ? A:,"['7-foot-¼-inch gauge railway', 'Brunel', 'I. K. Brunel', 'Brunel gauge', 'Isambard Kingdom Bunuel', 'Isambard K. Brunel', 'Isambard Kingdom BRUNEL', 'Isembard Kingdom Brunel', 'Isambaard Kingdom Brunel', '7-foot gauge railway', 'I.K. Brunel', 'Isambard Kingdom Brunel']",Isambard Kingdom Brunel,1.0120875835418701,0,0,0
2641,Answer the question concisely. Q: What's the name of the intelligent talking horses in Swift's Gulliver's Travels ? A:,"['Houyhnhm', 'HOUYHNHNMS', 'Houyhnhnmland', 'Huynhynn', 'Whynnoms', 'Hwinham', 'Huinham', 'Houyhnhnms Land', 'Houyhnhnms', 'Houyhnhnm']",The Houyhnhnms,0.7788681983947754,0,0,0
2648,Answer the question concisely. Q: Which country singer/songwriter was known as the 'Man in Black' ? A:,"['Vivian Cash', 'JOHNNY CASH', 'Cash, Johnny', 'Johnny Cash - Biography', 'Johnny Cash family', 'J. Cash', 'Johnny Cash discography', 'Johnny Cash songs', 'American series', 'Johnny Cash lists', 'Chicken in Black', 'J.R. Cash', 'J R Cash', 'J. R. Cash', 'Cash, John', 'Jonny Cash', 'Johnny Cash Discography', 'Johnny Cash', 'Johnny Cash Songs', 'Johny Cash', 'Johnie Cash', 'Vivian Liberto', 'Johnny cash', 'JohnnyCash', 'J Cash', 'JR Cash', 'Johnny Cash – Biography', 'Johnny R. Cash', 'Johnny Cash (band)']",Johnny Cash,0.9657434821128845,0,0,0
2666,Answer the question concisely. Q: What name is given to the study of insects ? A:,"['ENTOMOLOGY', 'Entomologists', 'Insectology', 'Entomologist', 'Entymologist', 'Study of Insects', 'Bugology', 'Insect biology', 'Entomology', 'Insectologists', 'History of entomology', 'Lepidopterologist', 'Bugologist', 'Insectologist', 'Study of Bugs', 'List of works of higher classification of insects', 'Entymology', 'Entomologistic', 'Entamology', 'Entomologies', 'Entomologistical', 'Insect science', 'Bugologists', 'Entomological', 'Entomologistically', 'Insectologies']",Entomology,0.8688147664070129,0,0,0
2667,Answer the question concisely. Q: Give a year in the life of the artist Diego Velazquez. A:,['1599-1660'],"Diego Velazquez was born in 1599 in Seville, Spain. He was a painter and a court painter for King Philip IV. He died in 1660",0.1929808259010315,1,0,0
2670,"Answer the question concisely. Q: Which superhero film, produced by Marvel Studios and written and directed by Joss whedon, was the highest grossing film world-wide in 2012 ? A:","['Avengers (cartoon)', 'The Avengers', 'THE AVENGERS', 'The Avengers (film)', 'The Avengers Movie', 'Avengers, The', 'The Avengerse', 'Avengers', 'The Avengers (disambiguation)', 'Avengers (film)']",The Avengers,0.9473336935043335,0,0,0
2671,"Answer the question concisely. Q: Jmaes Righton, vocalist of the new rave band Klaxons, married which 28 year old British actress in a low key ceremony in France in May this year ? A:","['Keira Knightely', 'Keira knightely', 'List of awards and nominations received by Keira Knightley', 'Kiera knightly', 'Keria knightly', 'Kiara Knightly', 'Keira knightley', 'KEIRA KNIGHTLEY', 'Keira Knightley filmography', 'Keira Knightley', 'Keira Knightly', 'Kiera Knightly', 'Kiera Knightley', 'Keira Christina Knightley', 'Keira knightly']",Scarlett Johansson,0.28175216913223267,1,1,1
2679,Answer the question concisely. Q: Which Gilbert and Sullivan operetta is sub-titled The Slave of Duty? A:,"['The Pirates of Penzance', 'Pirates of the Penzance', 'Pirates of Penzance', 'Pirates of penzance', 'The Slave of Duty', 'The Pirates of Penzanse', 'The Pirates Of Penzance: Or The Slave Of Duty', 'The Slave Of Duty', 'The Pirates Of Penzance, Or, The Slave Of Duty', 'Pirates Of Penzance', 'The Pirates Of Penzance']",The Mikado.,0.1804884821176529,1,1,1
2680,"Answer the question concisely. Q: Apart from a battle, what did Nelson lose at Tenerife in 1797? A:",['His arm'],His right eye,0.4342876672744751,1,1,1
2684,Answer the question concisely. Q: Which UK store was first to have an escalator installed? A:,"['Princess Diana and Dodi Fayed Memorial', 'Harrods Group', ""Harrod's"", 'Harrods Food Hall', 'Harrods', 'Harrod’s', 'Harrods Department Store']","Selfridges, in 1904",0.09112736582756042,1,1,1
2685,"Answer the question concisely. Q: What is the second most abundant element in the Earth's crust, representing approximately a quarter of its mass? A:","['Silicon', 'Silocon', 'Zillifone', 'Silicis', 'Silicon compounds', 'Silicon crystalization', 'Metallurgical-grade silicon', ""Silicon's ranking"", 'Element 14', 'Siemens process', 'Semiconducting silicon', 'Silisium', 'Biological silicon', 'Silicium', 'Refined silicon', 'Metallurgical grade silicon', 'Silicon (element)']",Oxygen.,0.20536251366138458,1,1,1
2701,Answer the question concisely. Q: Name the UK budget holiday company specialising in Turkey and Greece which went bust in July 2010? A:,['Goldtrail'],XL Leisure,0.12014616280794144,1,1,1
2706,"Answer the question concisely. Q: A kittel, or kitl, is what, traditionally worn by male Jews? A:","['Shroud', 'Mound shroud', 'Burial cloth', 'Winding-cloth', 'Burial sheet', 'Burial sheets', 'Shrouded', 'Winding sheets', 'Winding-sheet', 'Shrouding', 'Shrouds', 'Winding sheet', 'Winding cloth', 'Winding-sheets', 'Burial shroud']",A kittel is a white robe worn by Jewish men on the High Holidays,0.19500988721847534,1,1,1
2709,Answer the question concisely. Q: Which designer is famous for his/her red-soled footwear? A:,"['Christian Louboutin', 'Louboutin', 'Christian laboutin', 'Christian Louboutin Miami', 'Christian Laboutin']",Christian Louboutin,0.9876999258995056,0,0,0
2714,Answer the question concisely. Q: The Earth's Equator is approximately how many millions of metres in length? A:,"['forty', '40']","40,075,000 metres",0.19202832877635956,1,1,1
2728,Answer the question concisely. Q: What in the human body is the calcaneum? A:,"['Heelbone', 'Calcaneus bone', 'Calcaneus', 'Calcaneal tuberosity', 'Calcaneal', 'Heel bone', 'Tuber calcanei', 'Calcaneous bone', 'Calcaneum', 'Os calcis', 'Os calcaneum']",The calcaneum is the heel bone,0.4591624140739441,1,0,0
2732,Answer the question concisely. Q: Which corporation (as at 2010) produces Schwarzkopf haircare and Pritt glue-stick products? A:,"['Schwarzkopf Professional', 'Diadermine (cosmetics)', 'Henkel Norden', 'Duck Products', 'Henkel AG & Co. KGaA', 'UniBond', 'Plastic padding', 'Persil abaya shampoo', 'Henkel Group', 'Henkel']",Henkel,0.9755433797836304,0,0,0
2743,Answer the question concisely. Q: In which country were the 1948 Winter Olympics held? A:,"['ISO 3166-1:CH', 'Svissland', 'Etymology of Switzerland', 'Confederation Helvetia', 'Swizerland', 'Confederatio Helvetica', 'Environmental Integrity Group', 'Confoederatio Helvetica', 'Svizra', 'SWITZERLAND', 'Confédération suisse', 'SwissEnergy', 'Schweitz', 'Švýcarsko', 'Die Schweiz', 'Schwitzerland', 'Confederation suisse', 'Der Schweiz', 'Swiss Confederated States', 'Suiza', 'Switz', 'Switzeland', 'Schweiz', 'Confederation Helvetica', 'Switserland', 'Suisse', 'Schweizerische Eidgenossenschaft', 'Switzerland information', 'Confederaziun Svizra', 'Switzer land', 'Switzerland', 'Land of the Switzers', 'Swiss confederation', 'Confœderatio Helvetica', 'Swiss', 'Confederation Suisse', 'Confederation of Helvatia', 'Land of the Swiss', 'Confederaziun svizra', 'Svizzera', 'Swissland', 'Swizterland', 'Confédération Suisse', 'Confederazione Svizzera', 'Swiss Confederation']",Switzerland,0.7898225784301758,0,0,0
2746,Answer the question concisely. Q: Dilma Rousseff was elected the first female president of which country in October 2010? A:,"['Brazil', 'Etymology of Brazil', 'Federal Republic of Brazil', 'Brasil', 'Barzil', 'Federative Republic of Brazil', 'Brazil (country)', 'Brassil', 'Republic of Brazil', 'Brésil', 'Brzil', 'Brazilian Federative Republic', 'Republica Federativa do Brasil', 'Bresil', 'Brazilian Republic', 'ISO 3166-1:BR', 'República Federativa do Brasil', 'Brazilo']",Brazil,0.8096708059310913,0,0,
2747,Answer the question concisely. Q: Which 1969 film starring Jane Fonda is based on the novel by Horace McCoy about a marathon dance contest? A:,"[""They Shoot Horses Don't They?""]","They Shoot Horses, Don't They",0.7929800152778625,0,0,0
2789,Answer the question concisely. Q: Who is the the voice of cartoon character Jack Kahuna Laguna in a special episode of Spongebob Squarepants? A:,"['Johnny deep', 'Johnny Dep', 'Caliber (film)', ""The Affected Provincial's Companion"", 'Lori Anne Allison', 'Caliber (2014 film)', ""Affected Provincial's Companion (film)"", 'List of Johnny Depp awards', 'Fierce Invalids Home from Hot Climates (film)', 'The Vault (2015 film)', 'John Depp', 'Depp, Johnny', 'The Vault (film)', 'Johnny Depp:List of awards & nominations', 'Lily-Rose Melody Depp', 'Johny Depp', 'Johhny Depp', 'Mortimer Wintergreen', 'List of Johnny Depp awards and nominations', 'Depp', 'Johnny Depp', 'John Christopher %22Johnny%22 Depp II', 'Inamorata (film)', 'Johnny Deep', 'Jonny Depp', 'Mortimer Wintergreen (2015 film)', 'John Christopher Depp II', ""Affected Provincial's Companion"", 'Oprah Noodlemantra', 'John Christopher Depp', 'Johnny depp', 'Mortimer Wintergreen (film)', ""List of Johnny Depp's awards and nominations""]","The voice of Jack Kahuna Laguna is the voice of the actor, actor, and voice actor, and voice actor, and voice actor, and voice actor, and voice actor, and voice actor, and voice actor, and voice actor, and voice actor, and voice actor, and voice actor, and voice",0.3612261414527893,1,1,1
2804,Answer the question concisely. Q: In what month is the Munich Oktoberfest beer festival held? A:,"['Setember', 'Sept.', '7ber', 'Sep.', 'September', '㋈', 'Septilis', 'Spetember', 'September 31', '31 September', 'Mean Fomhair', 'Septemer']",September,0.7733556032180786,0,0,0
2806,"Answer the question concisely. Q: Colin Firth starred in the film of the famous book, Girl with a Pearl.. (what?)? A:","['Stud earring', 'Ear cuff', 'Earrings', 'Hoop earring', 'Stud earing', 'Earring', 'Earlobe piercing', 'Ear ring', 'Earcuff', 'Pierced ears', 'Hoop earrings', 'Pierced ear', 'Starter stud point.', 'Ear-Ring', 'Earings', 'Long earrings', 'Gay ear', 'Hoop Earrings', 'Stud (piercing)', 'Ear piercings', 'Fish scales earrings', 'Starter stud', 'Ear-ring']",Pride and Prejudice,0.20791374146938324,1,1,1
2808,"Answer the question concisely. Q: At which English racecourse did two horses collapse and die in the parade ring due to electrocution, in February 2011? A:","['Newbury', 'Newbury (disambiguation)']",Cheltenham,0.17143581807613373,1,1,1
2809,"Answer the question concisely. Q: Revealed in the author's archives given to Oxford's Bodelian Library in 2008, what occupationally titled novel had the working name The Reluctant Autumn of George Smiley? A:","['Tinker Tailor Soldier Spy', 'Tinker, Tailor, Soldier, Spy', 'Tinker, Tailor Soldier, Spy']",The Spy Who Came in from the Cold,0.24158643186092377,1,1,1
2814,Answer the question concisely. Q: Anosmia is the lack of which of the senses in humans? A:,"['Smell (disambiguation)', 'Smell', 'Smells']",Smell.,0.8399550914764404,0,0,0
2848,"Answer the question concisely. Q: A Gay Girl in Damascus is the title of a hoax blog by fictional feminist/freedom campaigner Amina Abdallah Alaf al Omari, who in June 2011 was said to be based and abducted in which country? A:","['الجمهورية العربية السورية', 'Amorrhitis', 'سوريا', 'Sport in Syria', 'Syrian Arab Republic', 'Administrative divisions of Syria', 'Sūrīyah', 'Arab Republic of Syria', 'Assad government', 'Assad regime', 'Etymology of Syria', 'Subdivisions of Syria', 'الجمهوريّة العربيّة السّوريّة', 'Sūriyā', 'ISO 3166-1:SY', 'Assad Government', 'Syria', 'Northern Syria', 'Syrie', 'Syrien', 'Souria', 'Sourie', 'Suriyah', 'Syrian (language)']",Syria,0.8474011421203613,0,0,0
2888,Answer the question concisely. Q: The Saltire is which country's flag? A:,"['The Scottish Nation', 'Scotlander', 'Scotland', 'Northern Great Britain', 'Scot Land', 'Scottland', 'Scotlanders', 'Scotland, UK', ""Scotland's"", 'Scottish nation', 'North Great Britain', 'Autonomous Province of Scotland', 'Scottish Nation', 'Communications in Scotland', 'Maps of scotland', 'North of Great Britain', 'Scotia minor', 'Auld Country', 'Scotchland', 'H-Alba', 'SCOTLAND', 'East coast of Scotland']",Scotland,0.7909207940101624,0,0,0
2889,Answer the question concisely. Q: UK 1980s prime minister Margaret Thatcher's nickname was the '(What?) Lady'? A:,"['Iron (element)', 'Iron rope', 'Iron truss', 'Ed-In-Sol', 'Reduced iron', 'Feostat', 'Feratab', 'Iron production', 'Nephro-Fer', 'Slow Fe', 'Iron Essay', 'Element 26', 'Extraction of iron', 'Mol-Iron', 'Feronate', 'Ferro-Time', 'Ferric compounds', 'Ferrousal', 'Ferretts', 'Fer-In-Sol', 'Ferrum (element)', 'Ferro-Caps', 'Iron', '7439-89-6', 'Iorn', 'Siderol', 'Iron compounds', 'Vitedyn-Slo', 'Fe-40', 'Symbol of iron', 'Yieronia', 'Ferryl', 'Ferrous compounds']",Iron Lady,0.3153996467590332,1,1,1
2890,Answer the question concisely. Q: The Clostridium Botulinum bacteria causes what commonly known but rare human poisoning? A:,"['Botchalism', 'Botulinum Toxin A', 'Botulinum antitoxin', 'Allantiasis', 'Botulism', 'Infant botulism', 'ATC code J06AA04', 'Botulinus']",Botulism,0.9589001536369324,0,0,0
2900,Answer the question concisely. Q: Plovers or dotterels are a type of birds classed as a? A:,"['Waders', 'Waders (footwear)', 'Fishing wader']",Waders.,0.8290438055992126,0,0,0
2914,"Answer the question concisely. Q: What is the Japanese word for the sash worn as a belt in traditional dress (kimonos and martial arts uniforms, etc)? A:","['Obi', 'Obi (disambiguation)', 'OBI']",Obi,0.9402716755867004,0,0,0
2922,Answer the question concisely. Q: What is the main metallic element in the core of the moon? A:,"['Iron (element)', 'Iron rope', 'Iron truss', 'Ed-In-Sol', 'Reduced iron', 'Feostat', 'Feratab', 'Iron production', 'Nephro-Fer', 'Slow Fe', 'Iron Essay', 'Element 26', 'Extraction of iron', 'Mol-Iron', 'Feronate', 'Ferro-Time', 'Ferric compounds', 'Ferrousal', 'Ferretts', 'Fer-In-Sol', 'Ferrum (element)', 'Ferro-Caps', 'Iron', '7439-89-6', 'Iorn', 'Siderol', 'Iron compounds', 'Vitedyn-Slo', 'Fe-40', 'Symbol of iron', 'Yieronia', 'Ferryl', 'Ferrous compounds']",Iron,0.7634328603744507,0,0,0
2923,Answer the question concisely. Q: Trumpets and trombones are most commonly pitched at? A:,"['B-B', 'Bb.', 'Bb (disambiguation)', 'B.B.', 'BB', 'Bb', 'BB (disambiguation)', 'B B', 'B. B.', 'B.b.']",A: A: A: A: A: A: A: A: A: A: A: A: A: A: A: A: A: A: A: A: A: A: A: A: A: A: A: A: A: A: A: A:,0.41206467151641846,1,1,1
2937,Answer the question concisely. Q: A 'wherry' is a Drink; Cheese; Wind; or Boat? A:,"['Ski boat', 'Boat Launch', 'Boats', 'Bow (boat)', 'Boat propulsion', 'Work boats', 'Boat']",A boat,0.5047980546951294,0,0,0
2946,Answer the question concisely. Q: According to Latin grammatical rules what is the singular of candelabra? A:,"['Candelabra tower', 'Candelabra', 'Candleabra', 'Candelabrum', 'Candleabrum']",candelabrum,0.9747854471206665,0,0,0
2951,Answer the question concisely. Q: What main three countries constituted the Axis Powers? A:,"['Germany, Japan, Italy']","Germany, Italy, and Japan",0.7949414849281311,0,0,0
2957,Answer the question concisely. Q: Where on a coin would 'reeding' be found? A:,"['Edge foundation', 'Edge (album)', 'Edge FM (disambiguation)', 'Edges', 'Edge', 'Edge (disambiguation)']",On the edge of the coin,0.33351433277130127,1,1,1
2961,"Answer the question concisely. Q: Famously depicting the Norman Conquest of England, the Bayeux Tapestry is actually? A:",['Embroidered Cloth'],A tapestry.,0.114512600004673,1,1,0
2990,Answer the question concisely. Q: Afghanistan's controversial Parwan Detention Facility is better known in the 'western world' by what name? A:,"['Begram', 'Baghram', 'Bagram, Afghanistan', 'Bagram', 'Beghram']",Bagram,0.9682660102844238,0,0,0
3001,"Answer the question concisely. Q: What hero from Greek mythology was killed by a discus thrown by Apollo, who then named a flower after him, made from his spilled blood? A:","['Hyacinth', 'Hyacinthine', 'Hyacinthus (disambiguation)', 'Hyacinth, Saint', 'Hyacinth (disambiguation)']",Narcissus,0.21919894218444824,1,1,1
3008,"Answer the question concisely. Q: What highly influential movement of artwork is considered established by Picasso, Braque, Metzinger and others in Paris, 1911? A:","['Analytical Cubism', 'Cubistic', 'Multiple perspective', 'Synthetic cubism', 'Cubist artist', 'Cubists', 'Analytic cubism', 'Cubist painting', 'Cubist', 'Analytical cubism', 'Synthetic Cubism', 'Cubism', 'Analytic Cubism']",Cubism,0.929891049861908,0,0,0
3014,Answer the question concisely. Q: The 'naut' in the words 'astronaut' and 'aeronaut' meant originally what? A:,"['Merchant mariner', 'Sailors', 'Seafarers', 'Boatmen', 'Sailor', 'Boatmanship', 'Seafarer', 'Expert seamen', 'Mariner']",A sailor,0.556328296661377,0,0,0
3027,"Answer the question concisely. Q: What red fruit-juice-based drink whose name alludes to energy was first produced by John Noel Nichols in Manchester, 1908? A:","['Vimpto', 'Vimto', 'John Noel Nichols']",Vimto,1.0267316102981567,0,0,0
3041,Answer the question concisely. Q: Staphylococcus and Streptococcus are types of? A:,"['Types of bacteria', 'Bacterium', 'Predatory bacteria', 'Bacterial motility', 'Bacteria A2Z', 'Antibodies, bacterial', 'Harmful bacteria', 'Bacterial predator', 'Eubacteria', 'Schizomycetes', 'Filamentous bacteria', 'Schizomycet', 'Bacterial breakdown', 'Bacterial shape', 'Super bacterium', 'Bacium', 'Bacterial proteins', 'Bacterial Index (BI)', 'Bacterial predators', 'Bacteria morphology', 'Bactera', 'Bacterial diseases', 'Bacterias', 'Bacteria cells', 'Bacterial index', 'Eubacter', 'Bacteriae', 'Bacterial', 'Bacterial predation', 'Bacteria']",Bacteria.,0.8927013278007507,0,0,0
3054,Answer the question concisely. Q: At which sport has Indonesia won several medals including gold in each Summer Olympics from 1992-2008? A:,"['Rules of badminton', 'Badders', 'Badmitton', 'Shuttler', 'Badminton 1000 bc', 'Badmington', 'Badmitten', 'Badminton players', 'Badminton', 'Badminton racquet', '🏸', 'Badmiton', 'History of badminton']",Badminton,0.8502538800239563,0,0,0
3069,"Answer the question concisely. Q: The ancient symbol the fylfot, is more controversially commonly known as (what?), derived from Sanskrit 'wellbeing', from 'su' (good) and 'asti' (being)? A:","['Swastikas', 'Kolovrat (symbol)', 'Aryan swastika', 'Swastika origin theories', 'Sawastika', 'Suastika', 'Nazi Cross', 'Swastika', 'Hitler Cross', 'Swastik', 'Svastika', 'Comets and the swastika motif', 'Tierwirbel', 'Crux gammata', 'Tetraskelion', 'Crooked Cross', 'Hakenkreuz', 'Gammadion', 'Swaztika', 'Tetraskele', 'Manji (symbol)', '卍', '卐', '࿕', '࿗', '࿖', '࿘', ""Hitler's swastika"", 'Nazi cross', 'Shwastika', 'Suastica', 'Swastica', 'Swastika origin hypotheses', 'Svasti sign', 'Manji (Kanji)', 'Gammadian', 'Tetra-gammadion', 'Nazi swastika', 'Swastiker']",Swastika,1.019490361213684,0,0,0
3078,Answer the question concisely. Q: What modern popular pet population originated entirely from single female found in Syria in 1930? A:,"['Hörcsög', 'Hampsters', 'Hoercsoeg', 'Short haired hamster', 'Horcsog', 'About hamsters', 'Species of hamsters', 'Eyeless whites', 'Proliferative Ileitis', 'Hamster Breeds', 'Hamsters', '🐹', 'Hamster', 'Hampster', 'Hamster breeding', 'Cricetinae']",The domestic cat,0.22562462091445923,1,1,1
3085,"Answer the question concisely. Q: Who conceived the effective communication theory 'Three Modes of Persuasion' (comprising Logos, Ethos and Pathos)? A:","['Αριστοτέλης', 'Philosophy of Aristotle', 'Aristotelis', 'MrAristotle', 'Aristutalis', 'Aristole', 'Artistotle', 'Aristotole', 'Aristotel', ""Aristotle's"", 'The Stagirite', 'Aristotles', 'Aristotles theories', 'Artisole', 'The Stagyrite', 'Stagirite', 'Arystoteles', 'It is the mark of', 'Aristotele', 'Aristotelo', 'Aristoteles', 'Aristotle of Stagira', 'Aristotle', 'Aristotelean philosophy']",Aristotle,0.948979914188385,0,0,0
3090,Answer the question concisely. Q: The works of which dramatic writer feature at least 64 bird species including all seven British crows? A:,"['Shakspeare', 'W Shakespeare', 'The Bard of Avon', 'VVilliam Shakeᶘpeare', 'William Shakepeare', 'Shakespearean', 'Wm. Shakespeare', 'William shekspere', 'Shakespeare', 'William Shake-speare', 'VViliam shakespeare', 'Swan of Avon', 'VVilliam Shakeſpeare', 'Wiliiam shakespear', 'Billy Shakes', 'Shakespears', 'Shakespire', 'Shakespearian', 'Will Shakespeare', 'W. Shakespeare', 'Shakeſpeare', 'William Shakspeare', 'William Shakespeare', 'William Shakespear', 'Shakespare', 'William Shakespeare biography', 'Bill Shakespear', 'Shakespere', ""Shakespeare's"", 'Shakespearean theatre', 'William shakespare', 'Bill Shakespeare', 'Sheikh Zubeir', 'Shakespeere', 'William shakspeare', 'Shakesepere', 'William shakespeare', 'William Skakespeare', 'William Shakspere', ""Shakespeare's biography"", 'Shakesphere', 'Shakespeares', 'William shakesphere', 'Shake-speare', 'Shakespeare, Wm', 'William Shakespere', 'WilliamShakespeare', 'Shakspere, William', 'Willaim shakespear', 'Bard of Avon', 'Sweet Swan of Avon', 'Shakespearian Literature', 'Shakespeareana', 'Shake speare', 'Shakesepare', 'History of Shakespearan art', 'Gulielmus Shakspere', ""William Shakespeare's""]",The works of which dramatic writer feature at least 64 bird species including all seven British crows? A: The works of which dramatic writer feature at least 64 bird species including all seven British crows? A: The works of which dramatic writer feature at least 64 bird species including,0.7492023706436157,0,1,1
3106,"Answer the question concisely. Q: What instrument is sized according to terms such as 0, 00, 000, Grand Auditorium and Dreadnought? A:","['Saddle (guitar)', 'Guitar tone', 'Guitar music', 'Geetar', 'Guitar components', 'Belly Fiddler', 'The guitar', 'Gitarre', 'Guitar history', 'Gitfiddle', 'Kinds of guitars', 'Gutiar', 'Guitar', 'Guiatar', '🎸', 'Gitiar', 'Strap lock system', 'Types of guitars', 'Guitar Lessons', 'Parts of the guitar', 'Guitar lesson', 'Archguitar', 'Guitars', '6-string guitar', 'Guiatr', 'Left handed guitar', 'Playing guitars', 'Guitariste', 'Guitar instruction', 'Six-string guitar', 'Black Plastic Guitar Case', 'Rock guitar', 'Gitar', 'Usa Guitar', 'Giutar', 'Guitar strap', 'Strap Lock System', 'Gatar']","The guitar is sized according to terms such as 0, 00, 000, Grand Auditorium and Dreadnought",0.22662973403930664,1,1,0
3119,"Answer the question concisely. Q: The first (joint-)winner of the Nobel Peace Prize, Swiss Jean Henri Dunant, in 1901, founded which international organization? A:","['Red Cross (disambiguation)', 'Red cross (disambiguation)', 'The Red Cross']",The Red Cross,0.9789283871650696,0,0,0
3126,"Answer the question concisely. Q: The equatorial Republic of Kiribati's 'Kiritimati' (Christmas) Island, among the first land to see each new day/year, is in which ocean? A:","['Pacific Basin', 'Oceanum pacificum', 'Sea of Magellan', 'Pacific region', 'PAcific', 'North Pacific Ocean', 'Peaceful sea', 'Eastern Pacific Ocean', 'Mar del Sur', 'South-Western Pacific', 'West Pacific', 'Eastern Pacific', 'South Pacific Ocean', 'North Pacific ocean', 'South-western Pacific', 'Pacific Ocean', 'North Pacific fisheries', 'Western Pacific Ocean', 'Southern Pacific Ocean', 'Pacific (ocean)', 'Pacific basin', 'Pacific Oceans', 'North Pacific', 'Pacific ocean', 'Mid-Pacific', 'Great South Sea', 'Pacific', 'Tepre Pacificum', 'East Pacific']",Pacific Ocean,0.9910759925842285,0,0,0
3132,Answer the question concisely. Q: What Latin-languages term informally refers to a chaplain in the armed services? A:,"['Padre (disambiguation)', 'Padre']",CAPTAIN,0.09202740341424942,1,1,1
3139,"Answer the question concisely. Q: US veterinary pathologist Daniel Salmon (1850-1914) oversaw the discovery of what, named eponymously? A:","['Soul manela', 'Soulmanila', 'Salmanilla', 'Salmonilla', 'Salmonella Panama', 'Sourmanila', 'Soul manilla', 'Salmanila', 'Solmanilla', 'Saulmanella', 'Sour manella', 'Samonella', 'Saulmanela', 'Sal manela', 'Sourmanilla', 'Saurmanilla', 'Soul manila', 'Saul manella', 'Sol manella', 'Salmanela', 'Saulmanilla', 'Salmonella', 'Solmanila', 'Sourmanela', 'Soulmanela', 'Soulmanella', 'Sourmanella', 'Sal manella', 'Saul manela', 'Saurmanila', 'Sour manilla', 'Saulmanila', 'Sol manela', 'Solmanella', 'Salmonella tryphimurium', 'Solmanela', 'Saur manila', 'Saul manila', 'Saurmanela', 'Salmanella', 'Salmonela', 'Salmonella phages', 'Saur manella', 'Soulmanilla', 'Sour manila', 'Sal manilla', 'Sal manila', 'Saur manela', 'Salmonellae', 'Saur manilla', 'Saul manilla', 'Sour manela', 'Sol manilla', 'Saurmanella', 'Soul manella']",The Salmonella bacterium,0.47208696603775024,1,0,0
3165,"Answer the question concisely. Q: Which famous TV personality ended a 33 year run of 6,082 shows in 2015? A:","['Stupid Human Tricks', 'David Michael Letterman', 'David Letterman', 'Lettermanesque', 'Regina Lasko', 'David Lettermen', 'List of David Letterman awards', 'David letterman', 'Dav letterman', 'Earl Hofert', 'Stupid Pet Tricks', 'Dave Letterman', 'David lettermen']",David Letterman,0.9465341567993164,0,0,0
3167,Answer the question concisely. Q: Name the pioneering Game Theory US mathematician featured in the film A Beautiful Mind? A:,"['John Nash (disambiguation)', 'Johnny Nash (disambiguation)', 'John nash', 'John Nash', 'Nash, John']",John Nash.,0.8977810144424438,0,0,0
3206,"Answer the question concisely. Q: Shukrān (Arabic), Hvala (Croation), Efharistó (Greek), Dhanyavād (Hindi), and Spasibo! (Russian) all mean what? A:","['Thank You (disambiguation)', 'Thank you', 'Thank-you', 'Thank You (album)', 'Thank You (song)', 'Thank You', 'Thankyou', 'Thank-You', 'Thank You (film)', 'Thankyou (song)']",Thank you,0.9571545124053955,0,0,0
3216,Answer the question concisely. Q: In 2015 Japan lowered its voting age from what to what? A:,['20 to 18'],18 to 19,0.8178835511207581,0,1,1
3230,Answer the question concisely. Q: What is removed from natural yogurt to produce Greek yogurt (also called labneh [Arabic] and strained yogurt)? A:,"['Whey powder', 'Milk plasma', 'Whey cream', 'Acid whey', 'Whey Allergy', 'Whey allergy', 'Lactoserum', 'Whey', 'Sweet whey', 'Milk permeate', 'Sour whey']",The whey.,0.48522883653640747,1,0,0
3233,"Answer the question concisely. Q: Angiosperm (from Greek 'angeion', bottle) is a major scientific classification of land plants which have seeds and? A:","['Flowering transitions', 'Flower', 'Flowerer', 'Flowerliness', 'Incomplete flower', 'Transitions to flowering', 'Flowerly', 'Flowered', '⚘', 'Transition to flowering', 'Floration', 'Floral displays', 'Floweringly', 'Flowerdy', 'Imperfect flower', 'Floral', 'Flowering', 'Flowers', 'Flowering herbs', 'Floweredy', '❁', 'Internal structure of a flower', 'Flower Structure', 'Flowering transition', 'Flowerers', 'Lilled', 'Transitioning to flowering', 'Florally', 'Transitioned to flowering']","Angiosperm (from Greek 'angeion', bottle) is a major scientific classification of land plants which have seeds and",0.18833515048027039,1,1,1
3263,Answer the question concisely. Q: Ichthyology is a branch of zoology concerning which creatures? A:,"['Fish proteins', 'Fin-fish', 'Fish vs fishes', 'Ichthyoid', 'Fish versus fishes', '🐟', 'Fish (Biology)', 'Fishes or fish', 'Piscines', 'Fish or fishes', 'Fisshes', 'Fishes', 'Fishes versus fish', 'Fush', 'Sick fish', 'Fishbones', 'Pisces (zoology)', 'Finfish', 'Marine fish', 'Fish (zoology)', 'Ichthyes', 'Fish', 'Ichthyofauna', 'Inchthyic', 'Fish venoms']",Fish,0.7624129056930542,0,0,0
3271,Answer the question concisely. Q: The globally popular TV franchise/series relaunched by Chris Evans and Matt LeBlanc is? A:,"['Top Gear UK', 'Top Gear (disambiguation)', 'TopGear', 'Top gear', 'Top Gear', 'Top Gear (Disambiguation)', 'Top Gear (TV series)']",Top Gear.,0.8798004984855652,0,0,0
3274,Answer the question concisely. Q: What plant was traditionally cultivated in Europe for its unique blue dye? A:,"['Banlangen', ""Dyer's woad"", 'Woad raider', 'Isatis indigotica', 'Radix Isatidis', 'Glastum', 'Woad', 'Ban lan gen', 'Vitrum', 'Woad raiders', 'Indigowoad root', 'Indigowoad Root', 'Isatis tinctoria']",Indigo,0.5217744708061218,0,1,1
3290,"Answer the question concisely. Q: What is the common word for the monosaccharide substance found in certain fruit, flower nectar and honey, with the chemical formula C6H12O6? A:","['ATCvet code QV06DC02', 'Fructose metabolism', 'Fructose intoxication', 'Laevulose', 'L-fructose', 'Fruit sugar', 'D-arabino-hexulose', 'Fructose sweetener', 'Liquid fructose', 'Fructofuranose', 'High fructose syrup', 'D-Fructose', 'Fructose', 'D-fructose', 'Beta-levulose', 'ATC code V06DC02', 'Fructose metabolism, inborn errors', 'Levulose']",Glucose,0.8331423401832581,0,1,1
3296,Answer the question concisely. Q: Yorkshireman William Strickland is believed to have brought the first what to Britain from North America in 1526? A:,"['Turkey', 'Turkey (country)', 'Türkiye Respublikasi', 'Turky', 'Turkei', 'Tuerkiye Cumhuriyeti', 'Tuerkiye', 'Turquie', 'ISO 3166-1:TR', 'Turquia', 'TurkeY', 'Turkey (Country)', 'Turkiye', 'Turkey (state)', 'Terky', 'Republic of Turkey', 'Türkiye', 'Turkish Republic', 'Republic of Turkiye', 'Turkish republic', 'The Republic of Turkey', 'Turkey (nation)', 'Türkiye Respublikası', 'Türkei', 'Tuerkei', 'Turkiye Cumhuriyeti', 'TURKEY', 'Republic of turkey', 'Etymology of Turkey', 'Turkie', 'Turkia', 'Türkiye Cumhuriyeti']",Potatoes,0.16058671474456787,1,1,1
3314,"Answer the question concisely. Q: Jiles Perry (JP) Richardson Jr, who died in the same plane crash as Ritchie Valens and Buddy Holly was better known by what name? A:","['J. P. Richardson', 'Jay P. Richardson', 'J P Richardson', 'J.P. Richardson', 'J. P. Richardson Jr.', 'Jiles Richardson', 'J. P. Richardson, Jr.', 'J.P.%22The Big Bopper%22Richardson', 'Jiles P. Richardson', 'Jay Perry Richardson', 'Big Bopper', 'Jay Richardson (musician)', 'J. Perry Richardson', 'Jiles Perry Richardson, Jr', 'J.P. %22The Big Bopper%22 Richardson', 'Jape Richardson', 'Jiles Perry Richardson, Jr.', 'Jiles Perry Richardson Jr', 'Jiles Perry Richardson', 'The Big Bopper', 'Jiles Perry Richardson Jr.', 'J. P. Richardson Jr', 'J. P. Richardson, Jr', 'Jape Perry Richardson']",The Big Bopper,0.9709382057189941,0,0,0
3315,Answer the question concisely. Q: Who wrote and had a hit with the instrumental Classical Gas? A:,['Mason Williams'],Mason Williams.,0.8991242051124573,0,0,0
3319,Answer the question concisely. Q: Which member of the Hollies went on to join the hugely successful American band commonly known by their initials CSNY? A:,"['Graham William Nash', 'Graham Nash']",Graham Nash,0.9532549381256104,0,0,0
3340,Answer the question concisely. Q: The NASA spacecraft Messenger reached what planet destination in 2008? A:,"['Mercury', 'Murcury', 'Mercury (album)', 'Merdcury', 'Mercury (disambiguation)']",Mercury,0.7764554619789124,0,0,0
3351,"Answer the question concisely. Q: Which Bond villain has been played by Telly Savalas, Donald Pleasance, Charles Gray, and Max Von Sydow? A:","['Blofeldian', 'Ernst Stavro Blofeld', 'Dr. Guntram Shatterhand', 'BLOFELD', 'Dr. Blofeld', 'Ernst Blofeld', 'Dr Blofeld', 'Blofeld Trilogy', 'Blofeld']",Ernst Stavro Blofeld,0.9885156154632568,0,0,0
3361,Answer the question concisely. Q: What was Hiram Hackenbacker's nickname in Thunderbirds? A:,"['Brains', 'Brains (disambiguation)']","The answer is ""The Brains",0.4858119487762451,1,0,1
3371,Answer the question concisely. Q: What is the capital of Colombia? A:,"['City of Bogotá', 'City of Bogota', 'Bogota, Columbia', 'Bógota', 'Santa Fe de Bacata', 'Bacatá', 'Bogotano', 'Bogotá, Columbia', 'Bogotá Capital District', 'Distrito Especial, Colombia', 'Santafe de Bogota D.C.', 'Bogotá, Capital District', 'Distrito Capital de Bogotá', 'Santafe de Bogota', 'UN/LOCODE:COBOG', 'Bogota, Capital District', 'Bogotá, Colombia', 'Bogotá Distrito Capital', 'America/Bogota', 'Bogotá, Distrito Capital', 'Bogot%5CxC3%5CxA1', 'Bogotá D.C.', 'Capital District (Colombia)', 'Santa Fé de Bogotá', 'Santafé de Bogotá D.C.', 'Distrito Capital de Santa fe de Bogota', 'Bogotá, D.C.', 'Santa Fe de Bogota', 'Santafé de Bogotá', 'Bogota, D.C.', 'Capital of Colombia', 'Santa Fe de Bogotá', 'Bogota, Distrito Capital', 'Bogota, Special District', 'Bogotá', 'Santa Fé de Bacatá', 'Bogotá, Special District', 'Bogota D.C.', 'Bogota, Colombia', 'Bogota', 'Distrito Capital de Santa Fe de Bogotá', 'Bogotà']",Bogotá.,0.7904491424560547,0,0,0
3377,Answer the question concisely. Q: Who was elected president of France follwing the death of President Pompidou? A:,"['Giscard d’Estaing', ""Valery Marie Rene Giscard d'Estaing"", 'Valéry Giscard', 'Valery Giscard dEstaing', ""Valery Marie René Georges Giscard d'Estaing"", ""Giscard d'Estaing, Valéry"", 'VGE', ""Valéry Giscard d'Estaing"", ""Giscard d'Estaing, Valery"", ""Valery Giscard D'Estaing"", ""Valery Giscard d'Estaing"", ""Valéry Marie René Giscard d'Estaing"", 'Giscard', ""Valéry Marie René Georges Giscard d'Estaing"", 'Valery Giscard', ""Valery Marie Rene Georges Giscard d'Estaing"", ""L'Ex"", ""Giscard d'Estaing"", 'Valéry Giscard d’Estaing', ""Valery Marie René Giscard d'Estaing"", ""Valéry Giscard d'Éstaing""]",Valery Giscard d'Estaing,1.0015177726745605,0,0,0
3381,Answer the question concisely. Q: The songs I got Life and Aquarius come from which musical? A:,"['Hair bud', 'Human hair', 'Curly-haired', 'Curly-hairs', 'Hair shaft', 'Hairgrowth', 'Bodily hair', 'Origin of hair', 'Origins of hair', 'Hairy', 'Trichoid', 'Curlyhaired', 'Hair texture', 'Hairs', 'Tricho-', 'Hair Shaft', 'Head hair', 'Social role of hair', 'Human hairlessness', 'History of hair', 'Cymotrichous', 'Pelage hair', 'Hairiness', 'Curly hairs', 'Straight hair', 'Head hairs', 'Hair growth rate', 'Placoda pili', 'Curly hair', 'Hair types', 'Body Hair', 'Curly haired', 'Tricho', 'Evolution of hair', 'Hair', 'Hairbands', 'Curly-hair']",Hair,0.7520545721054077,0,0,0
3382,Answer the question concisely. Q: Which fashion designer introduced the Polo label in 1967? A:,"['Ralf Lauren', 'Ralph Lauren', 'Ralph Lipschitz', 'Ralph Lifschitz', 'Ricky Lauren', 'Ricky Anne Low-Beer', 'Ricky lauren', 'Ralph Lauren Rugby', 'Ralph Lauren Polo', 'Ralph Loren']",Ralph Lauren,0.961992621421814,0,0,0
3383,Answer the question concisely. Q: Philopobia is the fear of what basic human emotion? A:,"['Idealized love', 'Loveliest', 'Love', 'Loves', 'Prem (Hinduism)', 'Sacrificial love', 'True Love (The feeling)', 'Chemistry of love', 'Lovable', '💑', 'Idealised love', 'Love interest', 'Loving relationship', 'Latin words for love', 'Lovingly', '愛', 'Loveworthy', 'Lovelier']",Fear,0.2301996648311615,1,1,1
3386,"Answer the question concisely. Q: What is the state capital of New South Wales, Australia? A:","['Sydney, New South Wales, Australia', 'Sydneian', 'UN/LOCODE:AUSYD', 'Sydney Australia', 'Sydney (N.S.W.)', 'Sydney', 'Sydneians', 'Sydney, NSW, Australia', 'Sydney, New South Wales', 'Sydney, AU-NSW', 'Sidney, Australia', 'Syndey', 'Sydney, NSW', 'Capital of New South Wales', 'Sydneysider', 'Sydney metropolitan area', 'Ysdney', 'Sydney (Australia)', 'Sydneysiders', 'Greater Sydney', 'Sydney (N.S.W.), Australia', 'Sydney, Australia']",Sydney,0.8045289516448975,0,0,0
3390,Answer the question concisely. Q: Which actress singer who charted with Santa Baby and starred as Catwoman died on Christmas day 2008? A:,"['Eartha Kitt', 'Thinking Jazz', 'Eartha Keith', 'Ertha Kitt', 'Eartha Mae Keith', 'Urtha Kitt']",Eartha Kitt,1.0058119297027588,0,0,0
3398,Answer the question concisely. Q: Mount Ararat is in which country? A:,"['Turkey', 'Turkey (country)', 'Türkiye Respublikasi', 'Turky', 'Turkei', 'Tuerkiye Cumhuriyeti', 'Tuerkiye', 'Turquie', 'ISO 3166-1:TR', 'Turquia', 'TurkeY', 'Turkey (Country)', 'Turkiye', 'Turkey (state)', 'Terky', 'Republic of Turkey', 'Türkiye', 'Turkish Republic', 'Republic of Turkiye', 'Turkish republic', 'The Republic of Turkey', 'Turkey (nation)', 'Türkiye Respublikası', 'Türkei', 'Tuerkei', 'Turkiye Cumhuriyeti', 'TURKEY', 'Republic of turkey', 'Etymology of Turkey', 'Turkie', 'Turkia', 'Türkiye Cumhuriyeti']",Turkey,0.77595055103302,0,0,0
3403,Answer the question concisely. Q: Through much of 2009 former shareholders of what UK bank sought compensation from the UK government? A:,"['Northern rock', 'Northern Rock', 'Northern Rock Building Society', 'Northern Rock Denmark', 'Northern Counties Permanent Building Society', 'Northern Crock', 'Northern Rock plc', 'Northern Rock Gosforth', 'North of England Building Society', 'Northern rock bank', 'Northern Rock House', 'Northern Rock Bank']",Royal Bank of Scotland,0.302863746881485,1,1,1
3409,Answer the question concisely. Q: What did Ukrainian prime minister Yulia Timoshenko change about her appearance which shocked commentators in 2009? A:,"['Hairdo', 'Hairstyle', 'Haircutting', '💇', 'Summer haircut', 'Cut hair', 'Haircut', 'Hair cutting', 'Hair styling', 'Reverse bangs', 'Hair styles', 'Haircutting instructions', 'Hair cut', 'Hair cuts', 'Hair style', 'Hair fashion', 'Haircuts', 'Hairdos', 'Hairstyling', 'Physical hair styling', 'Coiffure']",She dyed her hair blonde,0.38453197479248047,1,1,1
3410,Answer the question concisely. Q: Which company began a hostile takeover bid for Cadbury in September 2009? A:,"['Kraft Foods Europe GmbH', 'Kraft Foods Europe', 'Kraft Foods Sverige', 'Kraft Jacobs Suchard', 'Dairy Fairy Cow', 'General Foods Ltd', 'Kraft Foods Group Inc', 'Kraft Foods Group Inc.', 'KF Holdings', 'Kraftco', 'Kraft Cheese', 'Kraft Foods Inc.', 'Kraft Foods Combat Malnutrition in Indonesia', 'Kraft Foods Company', 'Hoffman dairy', 'Kraft', 'Kraft Foods Group, Inc.', 'Kraft Foods, Inc.', 'Kraft Foods Group', 'Kraft Foods', 'Kraft General Foods Incorporation', 'Hoffman Dairy', 'Kraft General Foods', 'Kraft Canada', 'Seven Seas Salad Dressing', 'Inc. Kraft', 'Kraft foods', 'Kraft Malaysia', 'Mellow Bird’s', 'Dairy Fairy', 'Kraft Foods Inc-A']",Kraft,0.7526513934135437,0,0,0
3422,Answer the question concisely. Q: What is the traditional Maori greeting in which people press noses together? A:,"['Maori greeting', 'Hongi']",Hongi,0.9785588979721069,0,0,0
3433,"Answer the question concisely. Q: Whose second 'breadfruit voyage' as captain was on the ship HMS Providence, 1791-94? A:","['Governor Bligh', 'Admiral Bligh', 'Captain William Bligh', 'Vice Admiral William Bligh', 'Captain Bligh', 'William Bligh', 'Vice-Admiral William Bligh']",William Bligh,0.9829866290092468,0,0,0
3445,Answer the question concisely. Q: Who wrote the opera Carmen? A:,"['Alexandre Bizet', 'Georges Alexandre Cesar Leopold Bizet', 'Bizet', 'George Bizet', 'Alexandre Cesar Leopold Bizet', 'G. Bizet', 'Alexandre Cesare Leopold Bizet', 'Georges Bizet', 'Alexandre César Léopold Bizet', ""Georges Bizet's"", 'Georges Alexandre César Léopold Bizet']",Georges Bizet,0.9605080485343933,0,0,0
3450,Answer the question concisely. Q: Who was made Archbishop of Capetown in 1986? A:,"['Desmond Mpilo Tutu', 'Bishop Tutu', 'Leah Tutu', 'DesmondTutu', 'Desmund Tutu', 'Desmond Tuto', 'Bishop Desmond Tutu', 'The Most Reverend Desmond Tutu', 'Mpilo', 'Leah Nomalizo Tutu', 'Desmond Tutu', 'Desmund tutu', 'Archbishop Desmond Tutu', 'Desmond Tutu/Archive (2006)']",Desmond Tutu,1.0005019903182983,0,0,0
3455,Answer the question concisely. Q: What type of creature is a copperhead? A:,"['Snkae', 'Snakes', 'Serpentes', 'Serpentigenous', 'Snake anatomy', '🐍', 'Snakey', 'Snake diet', 'Snake locomotion', 'Serpentiform', 'Snake', 'Snake food', 'Snake (zoology)', 'Coronellidae', 'Snakiest']",A copperhead is a type of venomous snake.,0.28484803438186646,1,0,0
3470,"Answer the question concisely. Q: Fremantle prison, which was closed in 1991 and is now a heritage site, is in which country? A:","['Australia (Commonwealth realm)', 'AustraliA', 'Continental Australia', 'Australias', 'Peace of Australia', 'Australian city life', 'City life in Australia', 'Australocentrist', 'Mainland Australia', 'Australiia', 'Straya', 'Australia (commonwealth)', 'Austraila', 'Ausrtalia', 'Australia (nation)', 'Australien', 'New Australian', 'Australia (dominion)', 'Australia (federation)', 'Australia (country)', 'Aussieland', 'Federal Australia', 'Country life in Australia', 'Orstraya', 'Australia (nation state)', 'Australia (commonwealth realm)', 'Australia', 'Australocentrism', 'Austraya', 'Australie', 'AUSTRALIA', 'Geopolitics of Australia', 'Australia (nation-state)', ""Australia's"", 'Australian mainland', 'Australian country life', ""Australian Woman's Day"", 'Imperial Australia', 'United States of Australia', 'Australia (realm)', 'Australia (constitutional monarchy)', 'Austalia', 'Etymology of Australia', 'Philosophy in Australia', 'Commonwealth of Australia', 'Australija', 'Australia (monarchy)', 'Dominion of Australia', 'Empire of Australia', 'Ostralia', 'Modern Australia', 'Commonwealth of australia', 'Australia (empire)', 'Australo', 'The Commonwealth of Australia', 'Australia.', 'Austrlia', 'Australlia', 'AUSTRALIAN', 'Australia (state)', 'ISO 3166-1:AU', 'Austrailia', 'Commonwealth Australia', 'Pax Australiana', 'Australian Commonwealth', 'Australocentric', 'Austrlaia', 'Technology in Australia', 'Australia (Commonwealth)', 'Australai', 'Australian geopolitics', 'Asutralia', 'Australo-', ""Australian's"", 'Science in Australia']",Australia,0.8104969263076782,0,0,0
3473,"Answer the question concisely. Q: Loosely translated, Aleph Beth Gimel Daleth are the first four letters of what alphabet? A:","['Hebraic language', 'Hebrew Language and Literature', 'Lashon ha-Kodesh', 'Idioma hebrew', 'Hebrew Language', 'Liturgical Hebrew', 'Hebrew language/Introduction and History', 'עברית', 'Hebrew language/Phonetics', 'ISO 639:heb', 'Hebraica', 'History of the Hebrew language', 'Hebrew text', 'Hebrew language', ""'Ivrit"", 'Hebrew pronounciation', 'Hebraicizes', 'Hebrew languages', 'Hebr.', 'Iwrit', 'Hebrew language/Grammar', 'Hebraic', 'Hebrew-language', 'History of Hebrew', 'Standard Hebrew language', 'Hebrew language/Morphology', 'עִבְרִית', 'Hebrew morphology', 'Standard Hebrew', 'ISO 639:he', 'Hebrew', 'Hebrew (language)']",Hebrew,0.834373950958252,0,0,0
3488,"Answer the question concisely. Q: What is the name of the international cricket ground in Brisbane, Australia? A:","['Gabba Stadium', 'Brisbane cricket ground', 'Brisbane Cricket Ground', 'The GABBA', 'The Gabba', 'QCA Ground', ""The Gabba'""]",The Gabba,1.0044538974761963,0,0,0
3519,"Answer the question concisely. Q: ""Which bass guitarist, songwriter, singer, and horn player, best known as part of """"The Who"""", died in June 2002?"" A:","[""John Entwistle's"", 'Bogey Man (song)', 'John Entwistle Bogey Man', 'John Alec Entwistle', 'John Entwhistle', 'Jon Entwistle', 'John Entwistle', 'Thunderfingers']",John Entwistle,0.971250593662262,0,0,0
3541,Answer the question concisely. Q: The Reign Of Terror was a period in the revolution of which country? A:,"['La Republique francaise', 'Franciaország', 'La Republique française', 'Belle France', 'FRANCE', 'Republique française', 'France', 'Ranska', 'Franciaorszag', 'French Republic', 'République francaise', 'République française', 'ISO 3166-1:FR', 'Frankreich', 'France (country)', 'Etymology of France', 'FrancE', 'La République française', 'People of France', 'Republic of France', 'Fracne', 'Le France', 'The French Republic', 'Republique francaise', 'The Republic of France', 'La République francaise', 'La France', 'Rain in France', 'Republic of france', 'FRance', 'Frakkland', 'Climate of France', 'Franse']",France,0.7442379593849182,0,0,0
3567,"Answer the question concisely. Q: ""In what sport would one """"bully off""""?"" A:","['Hockey positions', 'Knee hockey', 'Hockey team', 'Hocky', 'Hockey']","""In what sport would one """"bully off""""",0.1993519514799118,1,1,1
3568,Answer the question concisely. Q: What carries the blood flow of the human body from the periphery to the right side of the heart? A:,"['Vein valves', 'Vein valve', 'Veined', 'Venous system', 'Venous valves', 'Phlebology', 'Venous valve', 'Venous', 'Veiny', 'Venously', 'Veins', 'Vein']",The veins.,0.5750361680984497,0,0,0
3577,Answer the question concisely. Q: What is the name given to a distinguishing device stamped into the substance of a sheet of paper when it is wet? A:,"['Watermarked', 'Unwatermarked', 'Dandy roll', 'Watermark', 'Spread Spectrum Watermarking', 'Watermarks']",Watermark,0.9395964741706848,0,0,0
3581,Answer the question concisely. Q: Which seabird that ranges widely in the Southern Ocean and the North Pacific has the largest wingspan of any existing birds? A:,"['אלבטרוס', 'Albatross', 'Diomedeidae', 'Goonie bird', 'Goony bird', 'Albatrosses', 'Giant Albatross']",The wandering albatross,0.43716228008270264,1,0,0
3590,"Answer the question concisely. Q: The War of the Triple Alliance (1864 - 1870) was fought between the allied countries of Argentina, Brazil, and Uruguay and which other country? A:","['Administrative divisions of Paraguay', 'Culture of Paraguay', 'Paraguayans', 'Paraguayan literature', 'Culture of paraguay', 'Paragauy', 'Teta Paraguai', 'Etymology of Paraguay', 'Paraguayan', 'Tetã Paraguái', 'Republic of Paraguay', 'Paraguai', 'Paruaguayan', 'Paraguay', 'Republic Paraguay', 'ISO 3166-1:PY', 'Name of Paraguay', 'República del Paraguay']",Paraguay,0.8590021133422852,0,0,0
3597,"Answer the question concisely. Q: Which war, engineered by Bismarck, included the siege and surrender of Paris and ended in the union of German states with William I as emperor? A:","['Invasion of France (1870)', 'French-Prussian war', 'German-French War', 'Franco-German war', 'Deutsch-Franzosischer Krieg', 'Franco/Prussian Wars', 'Franco-Prussian war', '1870 War', 'French-Prussian War', 'French german war', 'First Battle of Orleans', 'Prussian-French war', 'Guerre Franco-Allemande', 'Francoprussian war', 'Franco Prussian War', 'Deutsch-Französischer Krieg', 'French-German War', 'Guerre franco-allemande', 'France german war', 'War of 1870', 'Franco-German War of 1870', 'Franco-German War', 'Battle of Sarrebruck', 'Franco-prussian war', 'Franco–Prussian War', 'Franco-Prussian War']",Franco-Prussian War,0.9843081831932068,0,0,0
3600,Answer the question concisely. Q: What is the Scottish word that applies to New Year's Eve? A:,"['Hogmanay', ""Edinburgh's Hogmanay"", 'Hogmany']",Hogmanay,1.023892879486084,0,0,0
3607,"Answer the question concisely. Q: Anthony Wilding, who won the Wimbledon men's singles from 1910 to 1913, was from what country? A:","['N Z', 'Nouvelle-Zelande', 'Kiwiland', ""New Zealand's"", 'New Zealand.', 'Nz', 'New Zealand,', 'NEW Z', 'N Zealand', 'NEW ZEALAND', 'New Zealend', 'Administrative divisions of new zealand', 'New Zaeland', 'N z', 'Kiwistan', 'Enzed', 'NewZealand', 'NZ', 'Name of New Zealand', 'Staten Landt', 'New+Zealand', 'NZL', 'Nu Tirani', 'Neo Zealand', 'ISO 3166-1:NZ', 'New Zealnd', 'AoTeAroa', 'Sheepland', 'Aotearoa / New Zealand', 'Subdivisions of New Zealand', 'Its got that new zeal', 'New Zealand', 'Newzealand', 'New Zeland', 'New-Zealand', 'New Zeeland', 'Administrative divisions of New Zealand', 'New Zealnad', 'Staten Land', 'N.Z.', 'Staaten land', 'New.Zealand', 'Mew Zealand', 'Maoriland', 'N. Zealand', 'Etymology of New Zealand', 'New Xealand', 'Māoria', 'New zelanad', 'Niu Tireni', 'New zealand', 'New zeland', 'Nova Zeelandia', 'New zeeland']",New Zealand,0.9139053821563721,0,0,0
3630,"Answer the question concisely. Q: In 1966, Germany and England played in the World Cup final for which sport? A:","['International club football', 'Sawker', 'Association football', 'Soccer Injuries', 'Association foot ball', 'Metric football', 'Football (Association rules)', 'Rooball', 'Footbal (soccer)', 'Loss time', 'Socker', 'Soccer', 'Fútbol', 'Recreational soccer', 'Divegrass', 'Fitba', 'Association Football', 'Association Football Club', 'Association foot-ball', 'Soccer football', 'Football (Soccer)', 'Fotball', 'Football (Association)', 'Soccer history', 'Voetbal', 'Soccer (football)', 'Association footballers', 'Soccer Scoring', 'The Method of Scoring', 'Assocation football', 'Football (soccer)', 'Outdoor Soccer', 'Soccer rules', 'Futbol', 'Soccer players', 'Association soccer', 'Diveball', 'Ass. football', 'Associated football', 'Football (association)', 'Association-football', 'Futébol', 'Association footballer', 'Football (original)', 'Association football (soccer)', 'Assocciation football', 'Poverty ball', 'Asocciation football', 'Stoppage time', 'Association Football (soccer)', 'Soccer team', 'Rules of football', 'Football(soccer)', 'Povertyball', 'Futebol', 'Soccor', 'Association football team', 'Soccer (Football)', 'Sokker']",Football,0.6371310353279114,0,0,0
3634,"Answer the question concisely. Q: ""What does the Gaelic phrase """"Sinn Fein"""" mean?"" A:","['Pro-Treaty Sinn Fein', 'Sinn Fein republican', 'Provisional Sinn Féin', 'Sinn fein', 'Anti-Treaty Sinn Féin', 'Shinn fein', 'Sinn Féin (Kevin Street)', 'The Irish Republican Party', 'Ourselves alone', 'Sínn Féin', 'Sinnfein', 'Senn Feinn', 'Sin Fein', 'Irish republican Party', 'Sinn Fein members', 'Sinn Fein (Kevin Street)', 'SinnFéin', 'Provisional Sinn Fein', 'We Ourselves', 'Shinn Féin', 'Anti-Treaty Sinn Fein', 'Ourselves (Ireland)', 'Sinn Fein Party', 'Sinn Fein (Anti-Treaty)', 'Sinnféin', 'Sinn Féín', 'We ourselves', 'Sinn Féin', 'Pro-Treaty Sinn Féin', 'SinnFein', 'We Alone', 'Sinn Fein (Pro-Treaty)', 'Sinn Fein party', 'Shinn Fein', 'Irish republican party', 'Sinn Fein', 'Sin fein', 'Irish Republican Party']","""We ourselves",0.9426418542861938,0,0,0
3640,Answer the question concisely. Q: What is the name given to the official residence provided for the Olympic athletes? A:,"['Paralympic Village', 'Athletes village', 'Olympic Village', 'Olympic village']",The Olympic Village,0.7789251208305359,0,0,0
3642,"Answer the question concisely. Q: What remake of a British science-fiction serial broadcast by BBC Television in the summer of 1953 was staged live by BBC Four in 2005 with actors Jason Flemyng, Mark Gatiss, Andrew Tiernan, Indira Varma, David Tennant and Adrian Bower? A:","['Quatermass experiment', 'The Quatermass Experiment']",The Quatermass Experiment,0.9804551601409912,0,0,0
3644,Answer the question concisely. Q: The name of Niccolo Paganini is associated with which instrument? A:,"['Violinist (disambiguation)', 'Violina', 'Geige', 'FiddleandViolin', 'Violins', 'Violin tuning', 'Fiddle and violin', 'The Violinist', 'Violinist', 'Violon', 'Violin (instrument)', 'Violino', 'Viollon', 'Violin', '🎻', 'Violin player', 'Carnatic Violin']",Violin,0.7786754369735718,0,0,0
3650,Answer the question concisely. Q: What is the main attraction at both Altamira and Lascaux? A:,"['Cave drawing', 'Rupestrian art', 'Prehistoric cave paintings', 'Hand stencils', 'Prehistoric cave art', 'Cave painting', 'Cave paintings', 'Hand stencil', 'Prehistoric cave painting', 'Cave art']",The main attraction at both Altamira and Lascaux is the cave paintings,0.4226623773574829,1,0,0
3657,"Answer the question concisely. Q: On British television, John Steed and Emma Peel were known collectively as what? A:","['Avengers (cartoon)', 'The Avengers', 'The Avengers (film)', 'The Avengers Movie', 'Avengers, The', 'The Avengerse', 'Avengers', 'The Avengers (disambiguation)', 'Avengers (film)']",The Avengers,0.9473336935043335,0,0,0
3676,"Answer the question concisely. Q: A 2 stroke engine, used in such devices as chainsaws, is fuelled by a mixture of petrol and what other liquid? A:","['Oily', 'Oil', 'ATCvet code QA06AG06', '🝆', 'Oil (liquid)', 'Heat transfer oil', 'Fixed oils', 'Petro', 'Oils', 'ATC code A06AG06', 'Thermal oil', 'Diathermal oil', 'Heat-transfer oil']",2 stroke engines are fuelled by a mixture of petrol and oil,0.30667996406555176,1,1,1
3680,Answer the question concisely. Q: Which British TV series starring John Simm as DCI Sam Tyler and Philip Glenister as DCI Gene Hunt was remade in the USA starring Jason O'Mara and Harvey Keitel? A:,"['Life on Mars (planet)', 'Signs of past presence of liquid water on Mars', 'Life on Mars (scientific theory)', 'Life on mars tv', 'Martian life', 'Mars Alien', 'Life on Mars', 'Life on Mars (theory)', 'Life on Mars (TV)', 'Life on Mars (television)', 'Debate over life on Mars', 'Exobiology on Mars', 'Life On Mars', 'Life on mars (TV)', 'Gillevinia straata', 'Life on Earth under Martian conditions', 'Life on Mars (TV show)', 'Mars life', 'Aliens Could Exist On Mars', 'Life on mars']",Life on Mars,0.9806488752365112,0,0,
3682,Answer the question concisely. Q: Which planet weighs more than all the other planets of our solar system combined? A:,"['Physical characteristics of Jupiter', 'Sol 5', 'Jupiter (astronomy)', 'Weight of Jupiter', 'Life on Jupiter', 'Jupitor', 'Planet Jupiter', 'Wood Star', 'Jupiter (Planet)', 'Jovian diameter', 'Jupiter!', 'Mass of Jupiter', 'Astronomy Jupiter', 'Zenography', 'Jupiter (planet)', ""Jupiter's"", '♃', 'Sol-5', 'Jovian orbit', 'The mass of Jupiter', 'Sun f', 'Sol f', 'Jupiter weight', 'Jupiter(planet)', 'The weight of Jupiter', 'Sol V', ""Jupiter's radio emissions"", 'Jupiter', 'Jupiter radius', 'Jupitero']",Earth,0.2857234477996826,1,1,1
3689,"Answer the question concisely. Q: J. E. Brandenberger, a Swiss chemist and textile engineer, discovered the process to make what? A:","['Cellophane paper', 'Celophane', 'Celaphane', 'Cellophane']",Rayon B: Nylon C: Polyester D: Spandex E: None of the,0.09097927063703537,1,1,1
3706,Answer the question concisely. Q: Who was President of France for over 10 years from 1958? A:,"['Charles de Galle', 'Charles de Gaulle', 'Charles De Gaul', 'Charles Degaulle', 'General de Gaulle', 'Charles Andre Joseph Marie de Gaulle', 'De Gaulle, Charles Andre Joseph Marie', 'Général de Gaulle', 'Charles de gaulle', 'De Gaulle, Charles André Joseph Marie', 'Charles de Gaule', 'General Charles de Gaulle', 'General De Gaulle', 'De Gaulle', 'Charles Andre Joseph Marie De Gaulle', 'DeGaulle', 'Général De Gaulle', 'Degaulle', 'Charles de Gualle', 'Charles de Gaulle of France', 'Charles de Gaul', 'The Army of the Future', 'Charles De Gaulle', 'General DeGaulle', 'Charles de gualle', 'Charles André Joseph Marie De Gaulle', 'Charles DeGaulle']",Charles de Gaulle,0.9336159229278564,0,0,0
3707,"Answer the question concisely. Q: On 12 September 1995, the Belarusian air force shot down a gas balloon, killing two Americans, during a race for which trophy? A:","['Gordon Bennett Trophy', 'Gordon Bennett Cup (disambiguation)', 'Gordon Bennett Cup']",The Great Gas Race.,0.11412456631660461,1,1,1
3718,"Answer the question concisely. Q: The works of artists De Chirico, Andr Breton, Mir, Magritte, Dal and Ernst are examples of what art movement? A:","['Surrealist writing', 'Surrealist poet', 'History of surrealism', 'Surreal fiction', 'Surreal art', 'Surrealist Movement', 'Surrealistic Artists', 'Surrealist groups', 'Surreality', 'Surrealist movement', 'Surrealist Movement in the United States', 'Surrealistic', 'Surrealism in the arts', 'Surealism', 'Surrealism (art)', 'Surrealist Art', 'Surreal theatre', 'Surrealists', 'Surrealist poetry', 'Surrealism in the Arts', 'Surrealist', 'Surrealist verse', 'Surrealism in the United States', 'Surrealism', 'Surrealist art']",Surrealism,0.9708538055419922,0,0,0
3726,"Answer the question concisely. Q: What is the third largest port of Belgium, accessed by a canal 200 metres (660 feet) wide and 32 kilometres (20 miles) long, which ends near the Dutch port of Terneuzen? A:","['UN/LOCODE:BEGNE', 'Ghent', 'Belgium Ghent', 'Gent, Belgium', 'Ghent, Belgium']",Ghent,0.9955918788909912,0,0,0
3740,Answer the question concisely. Q: Miami Beach in Florida borders which ocean? A:,"['Sea of Atlas', 'The Pond', 'Ethiopic Ocean', 'Across the pond', 'North Atlantic', 'The Atlantic Ocean', 'North Atlantic ocean', 'Northern Atlantic', 'Altantic Ocean', 'Atlantis Thalassa', 'Atlantic basic', 'The pond', 'Atlantic basin', 'Atlantic', 'Atlantic Oceans', 'Occidental Ocean', 'Ethiopian Ocean', 'North Atlantic fisheries', 'Atlantic Basic', 'North-East Atlantic', 'Atlantic Basin', 'Atlantic ocean', 'Atlantic (ocean)', 'Antlantic Ocean', 'South Atlantic Ocean', 'Oceanvs Occidentalis', 'Atlantic Ocean', 'Central Atlantic', 'South Atlantic', 'East Atlantic', 'North Atlantic Ocean', 'Altantic ocean', 'Atlantic coast']",The Atlantic Ocean,0.9797568321228027,0,0,0
3746,Answer the question concisely. Q: What name is given to an alcoholic drink that is taken in an effort to cure a hangover? A:,"['Hair off the dogs back', 'Hair of the dog', 'Recovery drinking', 'Hair of the dog that bit you', 'Alcohol readministration']",A hair of the dog,0.7440545558929443,0,0,0
3762,"Answer the question concisely. Q: Which group of around 200 Greek islands in the Aegean Sea includes Andros, Naxos, Paros and Milos? A:","['Cyclades Prefecture', 'Kyklades Prefecture', 'Kikladhes', 'Kyklades', 'Cyclades', 'List of municipalities in the Cyclades and the Dodecanese', 'Cycladic', 'Cyclodes', 'ΚΥΚΛΑΔΕΣ', 'Κυκλάς', 'Κυκλάδες', 'Kykládes', 'Cyclades islands', 'Cyclades Islands', 'Cycladic Islands']",Cyclades,0.9813191890716553,0,0,0
3764,Answer the question concisely. Q: What is the name for the period of French history from 2 December 1852 (when Napoleon III became Emperor) to 4 September 1870 (when the Third Republic was set up after the Battle of Sedan)? A:,"['Sécond Empire', 'Second Empire (disambiguation)', 'Second Empire']",Second Empire,0.9964821338653564,0,0,0
3770,"Answer the question concisely. Q: ""What type of clothing is a """"sou-wester""""?"" A:","['Titfer', 'Types of hats', 'Puggaree', 'Hat', 'Hats', 'Hat bands', 'Hatband', 'Hat band', 'Hat size', '👒', 'Brim (hat)', 'Paper hat', 'Sweatband (hat)', 'Hatbands']","""A sou-wester is a type of clothing",0.23811829090118408,1,1,1
3785,"Answer the question concisely. Q: The borders of which European country, that were set under the reign of Afonso III (1248 to 1279), are the same today? A:","['Portogało', 'Republic of Portugal', 'PORTUGAL', 'Portekiz', 'Portugallu', 'O Papagaio', 'ISO 3166-1:PT', 'Portunga', 'Phu-to-ga', 'Potigal', 'Portûnga', 'Portugul', 'An Phortaingéil', 'Portugāle', 'Portugale', 'Portingale', 'Potiti', 'Portugali', 'Portugall', 'Portekîz', 'Bo Dao Nha', 'Portuguese Republic', 'Portogallo', 'Portugaul', 'Portogalo', 'Portyngal', 'Yn Phortiugal', 'Portugalio', 'Portugál', 'Portugual', 'Portuga', 'Portgual', 'Portugalsko', 'Portugaleje', 'Phû-tô-gâ', 'Portugalujo', 'Portugalija', 'Pertual', 'Pòtigal', 'Portugal', 'Bồ Đào Nha', 'Portugalska', 'República Portuguesa', 'Portiwgal', 'Portugalėjė', 'Portúgal', 'Portegal', 'An Phortaingeil', 'Republica Portuguesa']",Portugal,0.8311423063278198,0,0,0
3788,"Answer the question concisely. Q: ""In the song """"The Twelve Days of Christmas"""", what were there five of?"" A:",['Gold rings'],"""Five gold rings.""",0.614539384841919,0,0,0
3789,"Answer the question concisely. Q: Which art movement, founded in a Zurich caf during World War I and consolidated at a meeting held in Paris in 1920, was led by Tristan Tzara? A:","['Dada movement', 'Dadaism,', 'Dadaists', 'Dadaism', 'Dadist', 'Dada', 'Dadaist poetry', 'Dadism', 'Dadaist', 'Dada theatre', 'Dadaist art', 'Dadaistic movement', 'Dadaesque', 'Art is shit']",Dada,0.9886980652809143,0,0,0
3798,"Answer the question concisely. Q: Who won the most of the first ten tournaments called the Women's Hockey World Cup (the field hockey World Cup competition for women), which was inaugurated in 1974? A:","['NETHERLANDS', 'The netherland', 'Nederlandia', 'Climate of the Netherlands', 'Administrative divisions of the netherlands', 'The Netheralands', 'Nyderlandai', 'Northern Netherlands', 'Holland (country)', 'Administrative divisions of the Netherlands', 'The Netherlands', 'Netherlands', 'Pays-Bas', 'Netherlands, (Dut/Hol)', 'ISO 3166-1:NL', 'Olanda', 'Netherlands/HistoryTalk', 'Capitals of Holland', 'Neatherlands', 'The netherlands', 'Dutch inhabitants', 'Netherlands, The', 'European Netherlands', 'Subdivisions of the Netherlands', 'Mainland Netherlands', 'Metropolitan Netherlands', 'Nehterlands', 'Netherlands (European territory)']",The Netherlands,0.9344104528427124,0,0,0
3808,"Answer the question concisely. Q: Pedro Lascurin had the shortest Presidency of less than one hour (sources quote ranges between 15 and 55 minutes), of which country, thus giving it three presidents in one day on 18 February 1913? A:","['Mexican Republic', 'MEXICO', 'Estados Unidos de México', 'Sierra de la Estrella', 'Mexico (country)', 'Mexicó', 'The United Mexican States', 'Estados Unidos de Mexico', 'Central Mexico', 'ISO 3166-1:MX', 'Mexiko', 'Méjico', 'Mexique', 'Mexican United States', ""Mexican'"", 'The United State of Mexico', 'Mountains of Mexico', 'Old Mexico', 'United states of mexico', 'EUM', 'Messico', 'Mejico', 'The United States of Mexicans', 'Untied Mexican States', 'México', 'Etymology of Mexico', 'Meixcan', 'Estados Unidos Mexicanos', 'Mexic', 'Mexxico', 'Mexican Union', 'The United States of Mexico', 'United State of Mexico', 'Mexico', 'Republic of Mexico', 'Mexican Federal Republic', 'United Mexican States', 'Mexican coast', 'Mehico', 'United States of Mexicans', 'United States of Mexico']",Honduras,0.4513704180717468,1,1,1
3809,"Answer the question concisely. Q: Charles Sands (USA), Margaret Abbot (USA) and George Lyon (Canada) were winners in what Olympic sport at the 1900 and 1904 games? A:","['Scramble (golf)', 'GOLF', 'Golf Conditioning', ""Men's Golf"", '🏌', 'Golf Tournament', 'Golf', 'Duffed', 'Scotch foursomes', 'Texas scramble', 'Golfing', 'Golf tournament', 'Golf (Sport)', 'Golf technology', 'Golfer', 'Golf conditioning', 'The Development of Golf Technology', 'Duffs']",Golf,0.7854350209236145,0,0,0
3812,Answer the question concisely. Q: What name is given to a positive whole number that can only be divided by 1 or itself? A:,"['PRIME', 'Even primes', 'Prime number', '1 no longer prime', 'ℙ', 'Euclidean prime number theorem', 'A000040', '1 is not a prime number', 'Prime numbers in nature', 'Odd prime', 'Table Of Primes List', 'Uncompound number', 'Infinity of primes', 'Prime-Numbers', 'Prime', 'Prime Numbers', 'Odd prime number', 'Prime Number', 'Prime numbers', 'Primalities', 'Prime-number', 'Primality', 'Primes', 'Primality of 1']",Prime number,1.0063438415527344,0,0,0
3815,"Answer the question concisely. Q: John Calvin, 16th century French theologian, was the autocrat of which city for 13 years, where he improved the city and provided harsh punishments for moral transgressions? A:","['Geneva Palexpo', 'Geneve', 'Genève', 'Gɛnf', 'Geneva', 'Geneva, Switzerland', 'Geneva, CH-GE', 'Geneva (Geneva)', 'Génève', 'Genevese', 'City of Geneva', 'Genevan', 'Genf', 'Geneva GE', 'UN/LOCODE:CHGVA', 'Geneva (Switzerland)', 'Pâquis']","Geneva, Switzerland",0.9621183276176453,0,0,0
3816,"Answer the question concisely. Q: ""Founded in London in 1766, what activity are """"Christie, Manson and Woods"""" involved in?"" A:","['Prominent auction', 'Sealed-bid auctions', 'Auctions', 'First-price Auction', 'Auctioneer', 'Suggested Opening Bid', 'Sealed-bid auction', 'First-price sealed-bid auction', 'Silent auction', 'Public sale', 'First-price sealed-bid auctions', 'Auction houses', 'Auction Date', 'Auction process', 'Auction block', 'Auctioneers', 'Auctioneering', 'Dutch 20auction', 'Mystery auction', 'Auction', 'Auction date', 'Auction house', 'General merchandise auction', 'Highest bidder', 'General Merchandise Auction', 'Auction ring', 'Sealed bid', 'Sealed first-price auction']","""Christie, Manson and Woods are auctioneers",0.2537447214126587,1,1,0
3818,"Answer the question concisely. Q: ""Which Welsh poet (e.g. """"Portrait of the Artist as a Young Dog"""") wrote a play """"Under Milk Wood"""" that was published posthumously in 1954?"" A:","['Dillon Thomas', 'Colm Garan Thomas', 'Llewelyn Thomas', 'Dylan Thomas', 'Dylan Tomas', 'Dylan Marlais Thomas', 'Dillan Thomas']",Dylan Thomas,0.9681476354598999,0,0,0
3828,"Answer the question concisely. Q: What is a domesticated animal that resembles a small llama in superficial appearance that are kept in herds that graze on the level heights of the Andes of South America at an altitude of 3,500 m (11,483 ft) to 5,000 m (16,404 ft) above sea-level, that were bred specifically for the fibre in their fleece? A:","['Alpaca', 'Alpacca', 'V pacos', 'V. pacos', 'Vicugna pacos', 'Alpacas', 'Lama pacos', 'Alpaka']",Alpaca,1.000982403755188,0,0,0
3855,Answer the question concisely. Q: What is the name of a shoe that is traditionally made of wood? A:,"['Clog (shoe)', 'Clogs', 'Wooden shoe', 'Clog', 'Cloggs', 'Wooden shoes', 'Takunya']",A clog,0.5144597291946411,0,0,0
3861,"Answer the question concisely. Q: The final carrier of the Olympic flame in the Olympic Torch Relay is often kept secret until the last moment, and is usually who? A:",['A sports celebrity of the host country'],"The final carrier of the Olympic flame in the Olympic Torch Relay is often kept secret until the last moment, and is usually who",0.18198725581169128,1,1,1
3866,"Answer the question concisely. Q: What was the first name of de Gaulle, the first President of French Fifth Republic from 1959 to 1969? A:","['Charles (name)', 'Charles (European rulers)', 'Charlotta', 'Charles', 'Chas.', 'Charles (given name)']",Charles de Gaulle,0.3482867479324341,1,1,1
3871,"Answer the question concisely. Q: If someone has a BA, they are a Bachelor of what? A:","['Arts', 'Classification of the arts', 'The arts', 'Cultural arts', 'List of arts', 'The Arts']",Arts.,0.6476835012435913,0,0,0
3878,"Answer the question concisely. Q: ""What musical has the characters Roxie Hart, Velma Kelly, Billy Flynn, Matron """"Mama"""" Morton, Amos Hart, Mary Sunshine, Fred Casely, Mrs. Borusewicz, Harrison and Go-to-Hell Kitty Baxter?"" A:","['Chi-Beria', 'Sayre language academy', 'Chicago', 'Chicago, Illinois', 'Hog Butcher for the World', 'Land of smelly onions', 'Ariel Community Academy', 'The weather in Chicago', 'Chicago, Illinois, U.S.A.', 'Chicago, Illionis', 'Near North Montessori', 'Religion in Chicago', 'Chicago Finance Committee', 'The Paris of America', 'The city of Chicago', 'City of Chicago', 'List of sister cities of Chicago', 'UN/LOCODE:USCHI', 'Chicago theatre scene', 'Chicago, WI', 'The City of Broad Shoulders', 'City of Broad Shoulders', 'Sister Cities of Chicago', 'Chicago il', 'Chicago, Illinois, USA', 'Performing arts in Chicago', 'Chicago Transportation Committee', 'Chicago, Wisconsin', 'City of chicago', 'Chicago theater scene', 'Chicago, Il', 'Chicago, IL.', 'Chicago, Ill.', 'City of Chicago, Illinois', 'Chi town', 'Chicago, United States', 'Chicago (Ill.)', 'Transport in Chicago', 'Chicago, Illinois, United States', 'Chicago (IL)', 'USCHI', 'Chichago', 'Chcago', 'Chicago, Illinois, U.S.', 'Sister Cities Chicago', 'Chicago, USA', 'Chi City', 'Chicago, IL', 'Chi-Town', 'Chicago theatre', 'Paris of America', 'Chicago, Illinois, US', 'Chicago Illinois', 'The city of Chicago, Illinois', 'Sister cities of Chicago']","""Chicago",0.7885147333145142,0,0,0
3880,"Answer the question concisely. Q: ""In the James Bond film """"The World Is Not Enough"""" who played Bond girl Elektra King?"" A:",['Sophie Marceau'],"""Elektra King was played by Sophie Marceau",0.43319618701934814,1,0,0
3890,"Answer the question concisely. Q: What was the original surname of T E Shaw, an RAF aircraftsman who was killed in a motorbike accident in 1935? A:","['Lawrence (disambiguation)', 'Lawerence', 'Lawrence']",Shaw,0.13602760434150696,1,1,1
3891,"Answer the question concisely. Q: 111,111,111 squared gives what result? A:","['12345678987654321', 'twelve quadrillion, three hundred and forty-five trillion, six hundred and seventy-eight billion, nine hundred and eighty-seven million, six hundred and fifty-four thousand, three hundred and twenty-one', '12,345,678,987,654,321']",123456789012345678901234567890123456789012345678901234567890123,0.5232491493225098,0,1,1
3901,"Answer the question concisely. Q: When is Labour Day in the USA, Bermuda and Canada? A:","['Labor Day', 'Labor Day (US)', 'Labor day', 'Labor Day;', 'Labor Day (United States)', 'Labor Day Weekend', ""Labor Day'"", 'The first Monday in September', 'First Monday in September', 'Laborday', 'Labor Sunday']","Labour Day is celebrated on the first Monday in September in the USA, Bermuda and Canada",0.43904829025268555,1,0,0
3908,"Answer the question concisely. Q: A particular song was copyrighted in 1935 by the Summy Company, crediting authors Preston Ware Orem and Mrs. R.R. Forman. The company was purchased in 1990 by Warner Chappell for US$15 million, with the value of the song estimated at US$5 million. What is the song? A:","['Good Morning Dear Teacher', 'Happy Birthday To You', 'Happy birthday to you, happy birthday to you', 'Rupa Marya v. Warner Chappell Music Inc', 'Good Morning to All', 'Happy Birthday to you', 'Happy birthday song', 'Happy birthday to you', 'Happy Birthday to You', 'Happy birthday to you happy birthday to you']",“Happy Birthday to You,0.9291892051696777,0,0,0
3924,"Answer the question concisely. Q: Which team has played in 40 of the 105 Baseball World Series and won 27 World Series championships (between 1923 and 2009), the most of any Major League franchise? A:","['The N. Y. Yankees', 'New York Highlanders', 'NYY', 'New York Baseball', 'NY Yankees', 'New York Yankees Roster', 'Lonn A. Trost', 'Nyy', 'N. Y. Yankees', 'N.Y.Y.', 'Yankees Roster', ""New York Yankee's"", 'Yankees Suck', 'N Y Yankees', 'Baltimore Orioles (1901–1902)', 'New York baseball team', 'New York Yankees roster', 'New York Yankee', 'The N Y Yankees', 'NEW YORK YANKEES', 'Baltimore Orioles (1901–02)', 'The NY Yankees', 'The N.Y. Yankees', 'N Y Y', 'Bronx Bombers', 'Ny yankees', 'New York Baseball team', 'N. Y. Y.', 'Baltimore Orioles (1901-02)', 'Yankees baseball', 'New york yankees', 'New York Yankees (sports)', 'Yankees', 'N.Y. Yankees', 'New York Yankees', 'The Bronx Bombers', 'The Yankees', 'The New York Yankees', 'Baltimore Orioles (1901-1902)']",The New York Yankees,0.9461227655410767,0,0,0
3929,"Answer the question concisely. Q: ""What type of sentence is """"pack my red box with five dozen quality jugs""""?"" A:","['Holo-alphabetic sentence', 'Panagram', 'Holoalphabetic sentence', 'Pangrams', 'List of common phrases that contain all letters of the alphabet', 'Cozy lummox gives smart squid who asks for job pen', 'Pangram']","""It is a compound sentence.""",0.28740787506103516,1,1,1
3982,"Answer the question concisely. Q: ""In the James Bond film """"Goldfinger"""" who played Bond girl Pussy Galore?"" A:",['Honor Blackman'],"""Shirley Eaton.""",0.14328619837760925,1,1,1
3996,Answer the question concisely. Q: Ivan the Terrible was a czar of what country? A:,"['Russia (1991-1993)', 'Оросын Холбооны Улс', 'Etymology of Russia', 'The Russian federation', 'Рәсәй', 'ISO 3166-1:RU', 'Russia (1990-1993)', 'Ресей', 'Novaya russia', 'Росси́я', 'Раҫҫей', 'Российская Федерация', 'Poccnr', 'Росія', 'Ородой Холбооной Улас', 'России', 'The Russian Federation', 'Russsia', 'Russian (citizen)', 'Росси́йская Федера́ция', 'Урысей', 'Арассыыйа', 'Rossiyskaya Federatsiya', 'Оьрсийн Федераций', 'Russian-born', 'Аьрасат', 'Russia (Federation)', 'POCCNR', 'Northern Russia', 'Federation of Russia', 'Russia (country)', 'Рочму', 'Ресей Федерациясы', 'Venaja', 'Русия', 'Урыстәыла', 'Resey', 'Россия', 'Wildlife of Russia', 'The Country Russia', 'Уæрæсе', 'Venaejae', 'Russian federation', 'Russie', 'Russia', 'Rossijskaja Federatsija', 'RUSSIA', 'Ryssland', 'Russian Federation', 'Russiya', 'Русија', 'RusSia', 'Орсин Ниицән', 'Russland', 'Рузмастор', 'RussiA']",Russia,0.8195584416389465,0,0,0
4023,Answer the question concisely. Q: Prince Charles founded what organisation in 1976 to help young employed people? A:,"['The Princes Trust', ""Prince's Trust Team"", ""The Prince's Trust"", 'The Prince’s Trust', ""The Prince's trust"", 'Princes trust', ""Prince's Youth Trust"", ""Prince's trust"", 'Celebrity Cookbook', ""Prince's Trust""]",The Prince’s Trust,0.968712568283081,0,0,0
4041,"Answer the question concisely. Q: ""The song """"Love is All Around"""" by Wet Wet Wet featured on the soundtrack for which 1994 film?"" A:","['Four Weddings and A Funeral', 'Four Weddings and a Funeral', 'Four Weddings & a Funeral', '4 Weddings and a Funeral', '4 weddings', '4 weddings and a funeral', 'Four weddings and a funeral', 'Four Weddings & A Funeral', 'Four Weddings and a Funeral (film)']","""Four Weddings and a Funeral",0.9294843673706055,0,0,0
4044,Answer the question concisely. Q: What is the substance that causes irritation from a sting by a nettle or an ant? A:,"['Metacarbonoic acid', 'Methanoic Acid', 'ATCvet code QP53AG01', 'Formic acid', 'Formic (acid)', 'Formic acids', 'Hydrogen carboxylic acid', 'CHOOH', 'Hydrogen formate', 'Hydrogencarboxylic acid', 'HCOOH', 'Methanoic acid', 'Formylic acid', 'Formic Acid', 'Aminic acid', 'Acid of ants', 'Methanaoic Acid', 'E236', 'HCO2H']",Histamine,0.1674434095621109,1,1,1
4047,Answer the question concisely. Q: What is a group of jellyfish called? A:,"['Smacked', 'Smacks (disambiguation)', 'Smack', 'Smacks', 'Smacking', 'SMACK', 'Smack (band)', 'Smack (disambiguation)']",A smack,0.6115919947624207,0,0,0
4053,Answer the question concisely. Q: What is the longest time that there can be between General Elections in the UK? A:,"['5 years', 'five  time', '5 time']",5 years.,0.8162453770637512,0,0,0
4073,"Answer the question concisely. Q: What were Scotsmen prohibited from wearing 1746-1782 under the Highland Garb Act, after the rising in Scotland in 1745? A:","['Plaid cloth', 'Tartain', ""St David's Tartan"", 'Balmoral tartan', 'Sett (textiles)', 'Clan tartan', 'Tartans', 'Scottish plaid', 'Tartan patterns', 'Plaid (fabric)', 'Tartan', 'Clan tartans', 'Pattern tartan', 'District tartan']",Kilt,0.1352468580007553,1,1,1
4075,"Answer the question concisely. Q: ""In the 19th century, the term """"penny dreadful"""" applied to what item?"" A:","['Booke', '🕮', 'Book', '📕', '📗', '📙', '📘', 'Book and paper conservation', '📚', 'Books']","""A cheap, sensational novel.""",0.1962495744228363,1,1,1
4082,Answer the question concisely. Q: Who was the first US president to succeed to the Presidency upon the assassination of his predecessor and the first US President to be impeached? A:,"['17th President of the United States', 'Andrew Johnson', 'President Andrew Johnson', 'Presidency of Andrew Johnson', 'Andrew Johnson Administration', 'Johnson, Andrew', 'A. Johnson Administration', 'Movement to impeach Andrew Johnson', 'List of judicial appointments made by Andrew Johnson', 'Andrew Johnson judicial appointments']",Andrew Johnson,0.9528803825378418,0,0,0
4094,Answer the question concisely. Q: In 1973 the Paris Peace Accords were held in an attempt to end which war? A:,"['Độc lập - tự do - hạnh phúc', 'Cộng Hòa Xã Hội Chủ Nghĩa Việt Nam', '越南社會主義共和國', 'ISO 3166-1:VN', 'SRVN', 'VIETNAM', 'CHXHCN Vietnam', 'Viet Nam Socialist Repub', 'SRoV', 'S.R. Vietnam', 'Languages of Viet Nam', 'Communist Vietnam', 'Red Vietnam (modern)', 'Doc lap, tu do, hanh phuc', ""People's Republic of Vietnam"", 'VietNam', 'Việtnam', 'Socialist Republic of Viet Nam', 'Yue Nan', 'Viêtnam', 'Độc lập, tự do, hạnh phúc', 'SR Vietnam', 'Yuenan', 'Vietman', 'Vietnarm', 'Viet nam', 'Veitnam', 'Languages of Vietnam', 'Viêt Nam', 'Vietnam', 'The Socialist Republic of Vietnam', 'Cong Hoa Xa Hoi Chu Nghia Viet Nam', 'Etymology of Vietnam', 'Socialist Republic of Vietnam', 'Doc lap - tu do - hanh phuc', 'Cộng hòa Xã hội Chủ nghĩa Việt Nam', 'Viet-Nam', 'Viet Nam', 'Vjet-Namo', 'Cong hoa Xa hoi Chu nghia Viet Nam', 'Vietnamese Republic', 'Việt Nam']",Vietnam War,0.5037326216697693,0,1,1
4098,"Answer the question concisely. Q: ""In 2006 English politician George Galloway was widely quoted as saying that it would be """"morally justified if someone chose to assassinate """" whom?"" A:","['Rt Hon Anthony Blair MP', 'Tony blair', 'The Tony Blair Sports Foundation', 'Antony blair', 'Tonie Blair', 'Tony Balir', 'Rt. Hon Tony Blair', 'Blairian', 'Tory Blair', 'Tony Blairs', 'Anthony C. L. Blair', 'Anthony Charles Blair', 'Tony Blaire', 'Tony Blair Sports Foundation', 'Antony Blair', 'Anthony Charles Lynton %22Tony%22 Blair', 'Family of Tony Blair', 'Tonyblair', 'Tony Blear', 'Anthony (Tony) Blair', ""Tony Blair's Private life"", 'Tony Blair PM', 'Tony Bliar', 'Tony Blaer', 'Herr Blair', 'President Blair', 'Anthony Charles Lynton Blair', ""Tony Blair's private life"", 'Education, education and education', 'Rt. Hon. Anthony Charles Lynton Blair', 'Toney Blair', 'Education, education, education', 'Tony Blari', 'Blair doctrine', 'Tony Blair', 'Prime Minister Tony Blair', 'Tony Blare']","""George Galloway, the British politician, was widely quoted as saying that it would be ""morally justified if someone chose to assassinate George W. Bush.""",0.12616072595119476,1,1,1
4100,"Answer the question concisely. Q: Center, Offensive guard, Offensive tackle, Tight end, Wide receiver, Fullback, Running back, Quarterback, Defensive end, Defensive tackle, Nose guard, Linebacker, Cornerback, Safety, Nickelback and Dimeback are positions in which sport? A:","['U.s. football', 'Football (American version)', 'American handegg', 'American gridiron football', 'Hand Egg', 'US football', 'American style football', 'American Football', 'Amefoot', 'American-Style Football', 'Yankball', 'Ameriball', 'American football', 'Yards passing', 'The NCAA Battlefield', 'Football (US)', 'American-Style football', 'Yard lines', '🏈', 'American-style football', 'American foot-ball', 'The Game of Football', 'American Style Football', 'Passing (American Football)', 'Football (America)', 'AmericanFootball', 'Yankeeball', 'Football (American)', 'Tackleball', 'American-football', 'American Handegg', 'Defense (American football)', 'American rules football', 'American football field', 'American foot ball', 'American football/to do']",American football,0.9165008664131165,0,0,0
4101,Answer the question concisely. Q: American rapper Tramar Dillard is better known by what stage name? A:,"['Rear View (song)', 'International Music Group', 'List of awards and nominations received by Flo Rida', 'Flo-Rida', 'Flo Rider', 'Birthday (Flo Rida song)', 'Rida flo', 'Flo Rida', 'Rida-Flo', 'Tell Me When You Ready', 'Tramar Dillard', 'Flo rida', 'Zoosk Girl', 'The Perfect 10', 'Tramar', 'Dillard Tramar']","Tramar Dillard is better known by his stage name, Flo Rida",0.42529451847076416,1,0,0
4105,Answer the question concisely. Q: What began when Bohemia revolted against the Habsburgs in 1618? A:,"['Bohemian Period', 'Thirty Years’ War', ""Thirty Years' war"", ""Thirty year's war"", 'Thirty years war', '30-years’-War', 'Swedish War', ""The Emperor's War"", 'Danish period', ""Thirty Year's war"", 'The Thirty Years War', ""Thirty Years' War overview"", 'Thirty Years Wars', 'Thirty Years’ war', ""Thirty Years' War"", 'Thirty Years war', '30 years war', ""Thirty Years' War/verbose overview"", '30-Year War', '30-Years War', 'Danish Period', 'Swedish War (1630–1635)', ""30-years'-War"", ""30-years' War"", 'Low Saxon War', 'Thirty Year War', 'Thirty Years War', ""30 years' war"", 'Swedish Period', 'Swedish War (1630-1635)', ""Thirty Years'War"", 'Kejserkrigen', 'TYW', '30 Year War', 'The 30 Years War', ""30 Years' War"", ""30 Year's War"", ""Thirty years' war"", 'Thirty years War', '30 Years War', 'Thirty-Years War', '30-year War', ""Thirty Year's War"", 'Thirty-Year War', '30-years War']",The Thirty Years War,0.9738050699234009,0,0,0
4112,Answer the question concisely. Q: What are muslin and chenille? A:,"['Textile', 'Textile fibre', 'Fabrically', 'Interlock cloth', 'Fabric', 'Cloth', 'Textiled', 'Yard goods', 'Fabricalities', 'Tray-cloth', 'Textiling', 'Rag (cloth)', 'Fabricality', 'Tray cloth', 'Cloths', 'List of textile-related topics', 'Textilers', 'Fabrical', 'Fabrics', 'Textiles', 'Textiler']","Muslin is a type of cotton fabric that is lightweight and sheer. Chenille is a type of yarn that is made from cotton or wool and has a soft, fuzzy texture",0.37801921367645264,1,1,1
4118,Answer the question concisely. Q: What type of building is likely to have a minaret? A:,"['Mosqu', 'Masjids', 'مسجد', 'Masajid', '🕌', 'Islamic Center', 'Mosque/to do', 'Mosques', 'Mosque', 'Masǧid', 'Masgid', 'Mousqes', 'Mosgid', 'Masjid', 'Masajids', 'Masjed', 'Mosjid']",A mosque,0.6478135585784912,0,0,0
4127,"Answer the question concisely. Q: Benot B. Mandelbrot worked on a wide range of mathematical problems, including mathematical physics and quantitative finance, but is best known as the father of what? A:","['Fractal Trees', 'Fractal domain', 'Fractles', 'Fractal mathematics', 'Fractal math', 'Fractogeometry', 'Fractals', 'Fractal curve', 'Fractal sets', 'Fractal Curves', 'Fractal set', 'Factral', 'Fractels', 'Fractal geometry', 'Fractal tree', 'Fractal theory', 'Fractal']",fractal geometry,0.8591526746749878,0,0,0
4134,"Answer the question concisely. Q: The Sagrada Famlia in Barcelona, which began construction in 1882, was consecrated and declared a basilica by the Pope in what year? A:","['two thousand and ten', '2010']",2010,0.7195358872413635,0,0,0
4138,"Answer the question concisely. Q: ""Who was known as the """"Moses of her people"""" for leading escaped slaves to freedom during the US Civil War?"" A:","['Hariet tubman', 'Nelson Davis', 'Araminta Ross', 'Hariet Tubman', 'Harriet Tubman', 'Harriet Taubman', 'Moses of her people', 'Harriet Ross Tubman', 'Harriet (Araminta) Ross Tubman', 'Harrit tubman']",Harriet Tubman,0.9798922538757324,0,0,0
4153,"Answer the question concisely. Q: Stirling who was a British racing driver, who raced from 1948 to 1962 and won 212 of the 529 races he entered, including 16 Formula One Grands Prix? A:","['Muscopsida', 'Musci', 'Mosses', 'Moss culture', 'Moss', 'True mosses', 'Moss (botany)']",Sir Jack Brabham,0.14446142315864563,1,1,1
4155,"Answer the question concisely. Q: ""Who wrote the music for the musical """"A Chorus Line""""?"" A:","['Marvin Frederick Hamlisch', 'Marvin Hamlish', 'Marvin Hamlisch']","""Marvin Hamlisch.""",0.8144840598106384,0,0,0
4160,Answer the question concisely. Q: Where was the world's tallest road bridge opened in December 2004? A:,"['La Republique francaise', 'Franciaország', 'La Republique française', 'Belle France', 'FRANCE', 'Republique française', 'France', 'Ranska', 'Franciaorszag', 'French Republic', 'République francaise', 'République française', 'ISO 3166-1:FR', 'Frankreich', 'France (country)', 'Etymology of France', 'FrancE', 'La République française', 'People of France', 'Republic of France', 'Fracne', 'Le France', 'The French Republic', 'Republique francaise', 'The Republic of France', 'La République francaise', 'La France', 'Rain in France', 'Republic of france', 'FRance', 'Frakkland', 'Climate of France', 'Franse']",The world's tallest road bridge was opened in December 2004 in the United States. The bridge is located in the state of Washington and is called the Tacoma Narrows Bridge. The bridge is 2.4 miles long and is 200 feet tall. The bridge was,0.2255018651485443,1,1,1
4176,"Answer the question concisely. Q: Which game that contained many D&D; features and references, including a computer controlled dungeon master, created in 1975 by Will Crowther on a DEC PDP-10 computer, the first widely used adventure game, was significantly expanded in 1976 by Don Woods, that inspired a group of students at MIT to write a game called Zork in the summer of 1977 for the PDP-10 minicomputer which became quite popular on the ARPANET? A:","['Adventurers', 'Adventurer', 'Adventures', 'Adventure', 'Trill seeking', 'Adventurous', 'Thrill seeking']",Adventure,0.8236125707626343,0,0,0
4191,Answer the question concisely. Q: Who was the first African American holder of the world heavyweight boxing title? A:,"['Jack Johnson', 'Jack Johnson (disambiguation)', 'Jack Johnson (footballer)', 'Jack Johnson (American football)', 'Jack johnson', 'Johnson, Jack']",Jack Johnson,0.9623096585273743,0,0,0
4192,"Answer the question concisely. Q: Which tree, native to Western Australia, has flowers that are used to make honey, and long, straight trunks which provide a deep rich reddish-brown, termite-resistant wood with an attractive grain? A:","['Jarrah (tree)', 'Jarrah', 'Eucalyptus marginata', 'Swan River mahogany', 'Jarrah Tree']",The Marri tree (Corymbia calophylla,0.4732038974761963,1,1,1
4195,"Answer the question concisely. Q: Lloyd's of London, a British insurance and reinsurance market, began around 1688 in what kind of place? A:","['Coffee bar', 'Cofee-house', 'Coffee-house', 'Coffee House', 'Literary café', 'Coffee houses', 'Espresso bar', 'Café', 'Coffee shops', 'Coffee house', 'Cafes', 'Coffeehouses', 'Cafés', 'Coffee bars', 'Coffeeshops', 'Coffeehouse', 'Coffehouse', 'Expresso bar', 'Caffe bar', 'Cafe', 'Coffee lounge']",A coffee house.,0.7130609750747681,0,0,0
4217,"Answer the question concisely. Q: What is the term for the attribution of human characteristics to non-human creatures and beings, phenomena, material states and objects or abstract concepts, (e.g. animals, plants and forces of nature such as winds, the rain or the sun)? A:","['Anthropomorphised animal', 'Anthropomorphize', 'Anthropomorphisms', 'Talking animals in literature', 'Anthropomorphizing', 'Anthropomorphized', 'Anthromorph', 'Anthromorphically', 'Anthropromorphism', 'Anthropomorphizes', 'Anthropomorphites Anthropomorphism', 'Personifies', 'Anthropormorphic', 'Anthropomorphise', 'Personification', 'Anthropomorphising', 'Anthropomorphication', 'Anthropomorphism', 'Anthromorphise', 'Anthropomorphitism', 'Anthropomorphosis', 'Anthropomorphist', 'Personified', 'Anthropomorphization', 'Personifying', 'Anthromorphized', 'Anthropomorphics', 'Anthropomorphic', 'Anthropomorphic Personification', 'Anthromorphize', 'Anthropomorphists', 'Anthropomorphous', 'Anthropomorphic animals', 'Personify', 'Antrophomorphize', 'Anthropomorphisation', 'Anthromorphic', 'Anthropomorphite', 'Personifcation', 'Anthropromorphic', 'Anthropomorph', 'Anthropomorphic personification', 'Anthropomorphic animal', 'Anthropmorphism', 'Anthrophomorphism', 'Anthropomorphical', 'Anthropomorphisis', 'Anthropomorphised', 'Antropomorphism']",Anthropomorphism,0.9682338833808899,0,0,0
4230,"Answer the question concisely. Q: Who became the first king of the northern Israelite Kingdom of Israel after the revolt of the ten northern Israelite tribes against Rehoboam, who reigned for twenty-two years in the 900sBC? A:","['Jeroboam', 'Jeroboam I', 'Jeraboam', 'Nebat', 'Jereboam']",Jeroboam I,1.0449265241622925,0,0,0
4244,"Answer the question concisely. Q: In 1657, who turned down the opportunity to become King of England? A:","['Cromwell', 'Cultural depictions of Oliver Cromwell', 'Cromwell, Oliver', 'Oliver Cromwell', 'Lord Protector Oliver Cromwell', 'Oliver Cromwell (person)', 'Noll Cromwell', 'Oliver cromwell', 'Oliver Cromwell (Lord Protector)', 'Old Noll', ""Cromwell's"", 'Cromwellian', ""Oliver Cromwell's"", 'Copper Nose', 'O Cromwell', 'Cromwell, Oliver (Lord Protector)']",Oliver Cromwell,0.9534446001052856,0,0,0
4253,Answer the question concisely. Q: Torres Strait Islander Eddie Mabo became famous in Australian history for his role in campaigning for what? A:,"['Law of land', 'Land and law', 'Right to land', 'Land-rights', 'Land rights', 'Law and land', 'Land law', 'Land use rights']",Land rights,0.9601629972457886,0,0,0
4265,Answer the question concisely. Q: Kylie Minogue played Charlene Robinson in what soap opera? A:,"['List of Neighbours characters (1986)', 'Tad fitzgerald', 'Charlie Moyes', 'List of Neighbours characters (1987)', 'Neighbours 4555', 'Emma Fitzgerald', 'Neighbours', 'Neighbours (season 1)', 'Neighbours (TV show)', 'List of neighbours episodes', 'Tazzle', 'Brenda Riley', 'Neighbours (TV series)', 'Lana Harper (sister)', 'List of Neighbours episodes']",Neighbours,0.9779714345932007,0,0,0
4287,Answer the question concisely. Q: What was the scene of the final defeat of the Jacobites under Charles Edward by forces under the command of the Duke of Cumberland on 16 April 1746? A:,"['Culloden', 'Culloden (disambiguation)']",Culloden,1.009116530418396,0,0,0
4288,Answer the question concisely. Q: Oil from oil wells was first used for what? A:,['Evaporate brine to produce salt'],Illumination.,0.14748045802116394,1,1,1
4294,Answer the question concisely. Q: What post was held by Winston Churchill during the 1926 General Strike in the UK? A:,"['Chancellier fédéral', 'Chancelier federal', 'Chancellier federal', 'Chancellor', 'Great Chancellor', 'Deputy Chancellor', 'Chancellors', 'Great chancellor', 'Chancellour', 'Staatskanzler', 'Chingsang', 'Temporal chancellor', 'Chancelier fédéral']",Chancellor of the Exchequer,0.5458952784538269,0,1,1
4296,Answer the question concisely. Q: To what office in the USA was Henry Kissinger appointed in 1973? A:,"['Secretary of State', 'Secretary Of State', 'Secretary of State (Great Britain)', 'Secretary of state (Luxembourg)', 'State secretary', 'Secretaries of State', 'State Secretaries', 'Secretariat of State', 'Secretary of state', 'State Secretariat', 'Secretariats of State', 'Secreatary of State', 'Secretary of State (Luxembourg)', 'Secretary of States', 'State Secretary', 'State Secretariats']",Secretary of State,0.9547874927520752,0,0,0
4311,Answer the question concisely. Q: What is the name of Tony and Cherie Blair's daughter? A:,"['Kathryn', 'Kathryn (disambiguation)']",Cherie Blair's daughter is called Kathryn,0.35967129468917847,1,0,0
4313,Answer the question concisely. Q: The lead singer of which band is known as Suggs? A:,"['Madness', 'Madness (film)', 'Phycosis', 'Madness (disambiguation)', 'Madness (album)', 'Madness (song)']",Madness,0.8289439678192139,0,0,0
4314,"Answer the question concisely. Q: In June 2010, 8 highly endangered monkeys (4 cottontop tamarins and 4 pygmy marmosets) were stolen from the Symbio Wildlife Park in which country? A:","['Australia (Commonwealth realm)', 'AustraliA', 'Continental Australia', 'Australias', 'Peace of Australia', 'Australian city life', 'City life in Australia', 'Australocentrist', 'Mainland Australia', 'Australiia', 'Straya', 'Australia (commonwealth)', 'Austraila', 'Ausrtalia', 'Australia (nation)', 'Australien', 'New Australian', 'Australia (dominion)', 'Australia (federation)', 'Australia (country)', 'Aussieland', 'Federal Australia', 'Country life in Australia', 'Orstraya', 'Australia (nation state)', 'Australia (commonwealth realm)', 'Australia', 'Australocentrism', 'Austraya', 'Australie', 'AUSTRALIA', 'Geopolitics of Australia', 'Australia (nation-state)', ""Australia's"", 'Australian mainland', 'Australian country life', ""Australian Woman's Day"", 'Imperial Australia', 'United States of Australia', 'Australia (realm)', 'Australia (constitutional monarchy)', 'Austalia', 'Etymology of Australia', 'Philosophy in Australia', 'Commonwealth of Australia', 'Australija', 'Australia (monarchy)', 'Dominion of Australia', 'Empire of Australia', 'Ostralia', 'Modern Australia', 'Commonwealth of australia', 'Australia (empire)', 'Australo', 'The Commonwealth of Australia', 'Australia.', 'Austrlia', 'Australlia', 'AUSTRALIAN', 'Australia (state)', 'ISO 3166-1:AU', 'Austrailia', 'Commonwealth Australia', 'Pax Australiana', 'Australian Commonwealth', 'Australocentric', 'Austrlaia', 'Technology in Australia', 'Australia (Commonwealth)', 'Australai', 'Australian geopolitics', 'Asutralia', 'Australo-', ""Australian's"", 'Science in Australia']",Brazil,0.3184077739715576,1,1,1
4316,Answer the question concisely. Q: Dishes prepared with spinach can be referred to as what? A:,['la Florentine'],"Spinach is a leafy green vegetable that is often used in cooking. It can be used in a variety of dishes, including soups, salads, and pasta. Spinach is a good source of vitamins A and C, as well as iron and calcium",0.24073785543441772,1,1,1
4317,Answer the question concisely. Q: What island would you come to first if you travelled due east from Bangladesh? A:,"['Zhonghua Minguo', 'Republic of China', 'Taiwan country', 'Tawian', 'China, the Republic of', 'China (Taiwan)', 'Tai-Wan', 'Ilha formosa', 'Chung-hua Min-kuo', 'Republic of China(Taiwan)', '臺灣', ""Ts'ai Tai-wan te Chung-hua Min-kuo"", 'Taioaan', 'R.O.C', 'Tâi-oân', 'ISO 3166-1:TW', 'Tiawan', 'Taiwan, ROC', 'Min Guo', 'TAIWAN', 'Taiwan (nation)', 'Republic of CHina', 'Free China (modern)', 'Republic of China (R.O.C.)', 'Taiwan (country)', 'Jhong-hua Min-guo', 'Taiwan Island', '台湾', 'JhongHua MinGuo', '台灣', 'Taioan', 'Taiwan, Republic of China', 'Taïwan', 'Minguo', 'Chung-Hua Min-Kuo', 'Chuka Minkoku', 'Republic Of China', 'Jhonghua Minguo', 'RoC', 'Tai-oan', 'China (Republic of)', 'Republic of China/Taiwan', 'Taiwan (ROC)', 'Republic of China (1945–71)', 'Chunghwa Minkuo', 'Zhōnghuá Mínguó', 'Taiwan ROC', 'Taiwan Country', 'Chunghwa Republic', 'Republic China', 'R China', 'R.o.China', 'Republic of China, Taiwan', 'Chunghwaminkuo', 'Republic of china', 'Republic of China on Taiwan', 'Taiwan (state)', 'China (ROC)', 'Republic of China (ROC)', 'Republic of China (Taiwan)', 'Táiwān', 'RO China', 'The R.O.C.', 'Chūka Minkoku', 'Taiwan (Republic of China)', 'China (Republic : 1949-)', 'TPKM', 'China, Republic of (Taiwan)', 'ROC (China)', 'Tawan', 'Jhonghuá Mínguó', 'Zhonghuá Mínguó', '中华民国', 'R.O. China', 'The Republic of China', 'Chung Min Kuo', ""Zhōnghuá Mín'guó"", 'JhongHuá MínGuó', 'Republic of China (1949–present)', '中華民國', ""T'aiwan"", 'Táiwan', 'China, Republic of', 'Taiwan', 'Chunghua Minkuo']",The Philippines,0.39653950929641724,1,1,1
4319,"Answer the question concisely. Q: ""In what country, between the 1950s and 1980, would one have found """"Rusticated Youth""""?"" A:","[""Chinese People's Republic"", 'China (Peking)', 'The prc', 'Socialist China', 'Chinese PR', 'PRoC', 'PRC', ""China's"", 'P. R. of China', ""People's Republic Of China"", ""The People's Republic of China"", 'China', 'Territorial disputes of China', 'China PRC', ""People's repuublic of china"", 'China (PRC)', ""China (People's Republic)"", ""People's Republic of China (Mainland China)"", 'Zhonghua Renmin Gonghe Guo', ""People' Republic of China"", 'Prc', ""People's republic of china"", ""People' s Republic of China"", 'P.R. of China', ""China, People's Republic of"", 'Chung-Kuo', 'P.R.C.', ""The people's republic of china"", 'Zhong Guo', 'Peoples republic of China', 'Red China (modern)', 'Chung-kuo', 'The PRC', 'Zhonghuarenmingongheguo', 'State of China', 'Zhonghuá rénmín gònghéguó', '中国', 'Peoples republic of china', 'P.R.China', ""People's Republic or China"", 'Zhonghua Renmin Gongheguo', ""China, the People's Republic of"", 'Nation of China', 'People’s Republic of China', 'China, PRC', 'Zhōnghuá Rénmín Gònghéguó', 'Modern day China', 'Peoples Republic of China', 'PROC', '中华', 'Chaina', 'Zhongguo', 'Homes in china', ""People's republic of China"", 'Zhōngguó', 'Sinic', 'China PR', 'PRC (China)', '中國', 'Jhongguó', 'Red Chinese', ""(The People's Republic of) China"", 'The People’s Republic of China', 'China (Republic : 1949- )', 'CHINA', ""China People's Republic"", 'Pr china', 'P.r. of china', 'Chungkuo', 'ISO 3166-1:CN', 'Land of China', 'Zhonghua renmin gongheguo', 'P.R. China', 'Zhongguó', '中华人民共和国', 'PRChina', '中華', 'PR of China', '中華人民共和國', 'Pr of c', 'Cihna', 'Communist China (modern)', 'P. R. China', ""People's Republic of China (PRC)"", ""Peoples' Republic of China"", 'The Peoples Republic of China', ""People's Republic of China"", 'Pr of china', 'PR China', 'P.R. of CHINA']","""In what country, between the 1950s and 1980, would one have found """"Rusticated Youth""""",0.15354953706264496,1,1,1
4320,Answer the question concisely. Q: Who is the only US President who did not speak English as his first language? A:,"['Martin Van Buren', 'Martin van Buren', 'Martin VanBuren', 'Martin van bueren', 'President Van Buren', 'The Little Magician', 'Little Magician', 'Martin Van Ruin', '8th President of the United States', 'Presidency of Martin Van Buren', 'Maarten van Buren', 'Van Buren Administration', 'Eighth President of the United States', 'Martin van bueran', 'Martin Van Buran', 'Old Kinderhook']",James Buchanan. He was born in Pennsylvania and spoke German as his first language,0.19885608553886414,1,1,1
4330,Answer the question concisely. Q: A nectarine is a shiny-skinned variety of what? A:,"['Peacherine', 'Peach', 'Prunus daemonifuga', 'Nectarines', 'Peach trees', 'Peaches', 'Nectarine', 'Persica platycarpa', 'Amygdalus potanini', 'Peacherine tree', 'Culture of peach', 'White peach', 'Clingstone peach', 'Amygdalus persica', 'Elegant Lady', 'Persica nucipersica', '🍑', 'Peacherines', 'Freestone peach', 'Amygdalus nucipersica', 'A Peach', 'Brugnon', 'Prunus persica', 'Persica potaninii', 'Persica vulgaris']",Peach,0.9834427833557129,0,0,0
4332,Answer the question concisely. Q: When Sir Alex Ferguson retired in May 2013 after 26 years as manager for Manchester United Football Club who succeeded him ? A:,"['List of David Moyes thropies', 'David Moyes', 'Davie Moyes']",David Moyes,0.9465301036834717,0,0,0
4342,Answer the question concisely. Q: What kind of bird is a guillemot? A:,"['Sea bird', 'Marine birds', 'Sea-bird', 'Marine bird', 'Seabirds', 'Sea birds', 'Sea-birds', 'Sea-fowl', 'Seabird', 'Seafowl']",A seabird.,0.6083917617797852,0,0,0
4367,"Answer the question concisely. Q: A second referendum is due to be held for which commonwealth to decide whether, among other options, to become the 51st state of the USA? A:","['Puertorican', 'Puertorriquenos', 'Porto Rico', 'La isla del encanto', 'US-PR', 'PRia', 'Freely Associated State of Puerto Rico', 'Puerto Rico tourism and life', 'Puorto rico', 'Puerto Rico (U.S. state)', 'ISO 3166-1:PR', 'San Juan Bautista (Puerto Rico)', 'Rich Port', 'Puerto rico', 'Puertorriqueños', 'The island of enchantment', 'Commonwealth of Puerto Rico', 'Puertorriqueno', 'Puertorriquena', 'Island of Puerto Rico', 'America/Puerto Rico', 'Porto Rican', 'Religion in Puerto Rico', 'List of Puerto Rico territorial symbols', 'Borikén', 'Isla del encanto', 'Puertorriqueña', 'Puertorriqueño', 'Borinquen', 'Isle of Enchantment', 'Estado Libre Asociado', 'Puerto Rico (Puerto Rico)', 'Porto-Rico', 'Puetro Rico', 'Pueta rico', 'Puertorico', 'Boriquen', 'Portarico', 'Puerto Rico', 'Puerto Rico/Transnational issues', 'Island of enchantment', 'Porta Rico', 'Porter Rico', 'Peurto Rico', 'Languages of Puerto Rico', 'Boriken', 'Portoriko', 'Puerto Rico territory, United States', 'Portorico', 'Portar Rico', 'Puerto Rica', 'Puerto-Rico', 'Puerto Ricao', 'Free Associated State of Puerto Rico', 'Puerto-Rican']",The state of California,0.39437246322631836,1,1,1
4375,Answer the question concisely. Q: Where is the European Court of Human Rights? A:,"['Strossburi', 'Straßburg', 'Strasbourg, France', 'Strassburg', 'Strasbourg', 'Straatsburg', 'UN/LOCODE:FRSXB', 'Strausburg', 'Strasbourg France', 'City of Bells', 'Strassbourg']","Strasbourg, France.",0.9104465842247009,0,0,0
4404,Answer the question concisely. Q: What is a legislative or executive act by which a state restores those who may have been guilty of an offence against it to the positions of innocent people? A:,"['Amnesty', 'General amnesty']",Amnesty,0.981951117515564,0,0,0
4405,"Answer the question concisely. Q: Quadrille, a popular card game in the 18th century, is for four players with a deck of how many? A:","['forty', '40']",52,0.16212379932403564,1,1,1
4407,"Answer the question concisely. Q: Which monastic order, founded in 529 AD, was based at a monastery at Monte Cassino, Italy, until it was sacked in 580, when the monks fled to Rome and then spread throughout Europe? A:","[""St. Benedict's monks"", 'Black Monk', 'Benedictine order', 'Order of St. Benedictine', 'O.S.B.', 'Benedictine', 'Oblates of St Benedict', 'Black Benedictines', 'Benedictine monasteries', 'Benedictine monastery', 'Benedictine abbey', 'Benedictine monasticism', 'Benedictinian Order', 'Benedictian', 'Oblates of St. Benedict', 'Benedictine religious order', 'Benedictines', 'Black monks', 'Benedictine Order', 'Congregation of St. Justina of Padua', 'Oblates of Saint Frances of Rome', 'O. S. B.', 'Benedictine monks', 'Benedictinian', 'Order of Saint Benedict', 'O.S.B.Cas.', 'Black Monks', 'Benedictine centuries', 'Olivetian', 'Ordo Sancti Benedicti', 'Benedictine monk', 'Order of St Benedict', 'Benedictine nun', 'Oblate of Saint Benedict', 'Benedictine Nuns', 'Collatines', 'Order of St. Benedict', 'Benedictinians', 'Obl.S.B.']",Benedictines,0.9842305779457092,0,0,0
4441,"Answer the question concisely. Q: What is the name for a rotating rod with oblong lobes sticking out of it, that is fitted in a car's engine block? A:","['Camshaft', 'Cam shaft', 'Cam shafts', 'Camshafts']",Crankshaft,0.5732136964797974,0,1,1
4447,"Answer the question concisely. Q: Travelling up the St Lawrence River from its mouth, which is the first major city on its shores? A:","['Province of Québec', 'Quebec (province)', 'Political culture of Quebec', 'Québec, Canada', 'Province de Québec', 'Capture of Quebec', 'Quèbec', 'Québec', 'CA-QC', 'Quebec province', 'Province of Quebec', 'Québec Province', 'Quebéc', 'Quebec (Province)', 'Quebec', 'Foreign relations of Quebec', 'British Conquest of New France', 'Province de Quebec', 'Capture of quebec', 'Québec (Province)', 'Quebec, Canada']",Montreal,0.49787431955337524,1,1,1
4456,Answer the question concisely. Q: Who scored the most goals in the 2012/13 English Premier League season? A:,"['Van Persie', 'Robin van Persie', 'Robin Van Persie', 'V.Persie', 'RvP', 'Van Persey', 'Persie']","Robin van Persie, Manchester United",0.570794939994812,0,0,0
4470,"Answer the question concisely. Q: Cable News Network (CNN), the first channel to provide 24-hour television news coverage, was founded by Ted Turner in what year? A:","['one thousand, nine hundred and eighty', '1980']",1980,0.7645226716995239,0,0,0
4472,"Answer the question concisely. Q: The Himalayas and Tien Shan, or Tian Shan, lie north and south of which other major mountain range? A:","['Mt. Kunlun', 'Kunlun Shan', 'Kunlun mountains', 'Arkatag', 'The Kunlun Mountains', 'Kuen-Lun', 'Kunlun Range', 'Kuen-lun', 'Kunlun Mountains (China and India)', 'Mount Kunlun', ""K'un-lun Mountains"", 'Kuen-Lun mountain range', 'Kwenlun Mountains', 'Kunlun Mountains', 'Kun-Lun mountain range', 'Kunlun Mountains (Asia)', 'Kun Lun Mountains', 'Kuen Lun', 'Kunlun Mountain', 'Kuenlun']","The Himalayas and Tien Shan, or Tian Shan, lie north and south of the Altai Mountains",0.27953919768333435,1,1,1
4478,"Answer the question concisely. Q: When did the US TV series, Buffy the Vampire Slayer, begin its six years of seasons? A:","['one thousand, nine hundred and ninety-seven', '1997']",1997,0.7704744338989258,0,0,0
4496,"Answer the question concisely. Q: Which city is generally accepted as the birthplace of Grunge, a subgenre of alternative rock that emerged during the mid-1980s? A:","['Seattle, Washington.', 'Seattle Weekly news', 'Jet City', 'Seattle, Washington, USA', 'Seattle WA', 'Seattle, United States of America', '舍路', 'City of Seattle', 'Seattle Washington', 'Seattle, US-WA', 'Seattle (WA)', 'Seattle, Wa', 'Seattle, WA', 'Seattle, Washington', 'St. Anne Seattle', 'Seattle (Wash.)', 'The weather in Seattle', 'Seattle, Washington (State)', 'Emerald City, Washington', 'Seattleans', ""Seattle's"", 'Seattle, Wash.', 'Duwamps', 'St. Anne School, Seattle, Washington', 'Seattle, wa', 'Seattleites', 'Seattle, Washington Territory', 'Seattle, United States', 'Seatle', 'Seattle, USA', 'UN/LOCODE:USSEA', 'St. Anne School (Seattle, Washington)', 'Seattle', 'Seattle, WA, USA']","Seattle, Washington",0.9692640900611877,0,0,0
4514,"Answer the question concisely. Q: A mill in Woodbridge, Suffolk, England, built in the 12th century, reconstructed in 1792, further restored in 2010 and currently in full working order is a early English example of a mill powered by what? A:","['Compound Tides', 'Semidiurnal tide', 'Neaps', 'Ebb Tide', 'Lake tides', 'High tides', 'Spring Tide', 'Spring tides', 'Flow tide', 'High Water', 'Tide lands', 'Springs (tide)', 'Tides', 'Tidal cycle', 'Tides in the Mediterranean', 'Neap Tide', 'Spring tide', 'Ocean tides', 'Land tide', 'Tidal', 'Overtide', 'Tied', 'Tidal currents', 'Low tide', 'Shift tides', 'Lunar tide', 'Astronomical tide', 'Neap Tides', 'Flooding tide', 'Flood tide', 'Neap-tide', 'Tidal flow', 'Tidal current', 'Tidal constituent', 'Compound Tide', 'Tidal movement', 'Ebbing tide', 'Neap tide', 'Semidiurnal tides', 'Ebb tide', 'Overtides', 'Low water', 'Lake tide', 'Tide', 'High tide', 'Ebb Tide (disambiguation)', 'Spring high tide', 'High water', 'Shift his tides', 'Ebbing']",A water wheel,0.29510778188705444,1,1,1
4520,"Answer the question concisely. Q: ""In which """" Star Wars"""" episode does Anakin Skywalker transform into the black-suited Darth Vader?"" A:","['Star Wars: Episode III Revenge of the Sith', 'Star Wars Episode 3', 'Star Wars Episode III', 'Star Wars Episode III: Revenge Of The Sith', 'The Creeping Fear', 'Star Wars Line', 'Do Not Want', 'Duel in the Senate', 'Star Wars Revenge of the Sith', 'Mustafar', 'Star Wars - Episode III', 'Duel on Coruscant', 'Revenge of the sith', 'Trade Federation capital ship', 'Battle of Kashyyyk', 'Star Wars III: The Revenge of the Sith', 'Backstroke of the West', 'Star Wars Episode III: The Creeping Fear', 'Hip-Hop Yoda', 'SWE3 (Star Wars Episode III: Revenge of the Sith)', 'Star Wars: Episode 3 - Revenge of the Sith', 'Star Wars Episode III: Revenge of The Sith', 'Star Wars, Episode 3: Revenge of the Sith', 'Star Wars III', 'Battle of Mygeeto', 'Duel in the senate', 'Episode II: Revenge of the Sith', 'Star wars: Episode III Revenge of the Sith', 'Star Wars: Episode III - Revenge of the Sith', 'Obi-Wan Kenobi vs. Anakin Skywalker', 'Revenge Of The Sith', 'STAR WARS EPISODE 3', 'Star War - The third gathers - Backstroke of the West', 'Star Wars III: Revenge of the Sith', 'The Backstroke of the West', 'Star wars 3', 'Star Wars Episode 3: Revenge of the Sith', 'Star Wars Episode III: Revenge of the Sith', 'Revenge of the Sith', 'STAR WARS III: Revenge of the Sith', 'Do not want', 'Star Wars: Episode III: Revenge of the Sith', 'DO NOT WANT', 'Star Wars Episode III Plot', 'Anakins betrayal', 'Star War — The third gathers — Backstroke of the West', 'Revenge of The Sith', 'Duel on Mustafar', 'Zett Jukassa', 'Star wars: episode 3', ""Anakin's Betrayal"", 'Star wars episode iii', 'Star wars III', 'Star Wars 3', 'RotS', 'Star Wars: Revenge of the Sith', 'Episode III: Revenge of the Sith', 'Star Wars: Episode III', 'Revenge of the Sith trivia', 'Star Wars Episode III: REvenge of the Sith', 'SW3 (Star Wars Episode III: Revenge of the Sith)', 'Mission to Mustafar', 'Backstroke of the west']","""Star Wars Episode III: Revenge of the Sith",0.9142693281173706,0,0,0
4528,"Answer the question concisely. Q: A tropical plant that grows several feet high, with a large fleshy root that contains an acrid milk juice, poisonous in its natural form, produces from the juice, extracted under pressure and purified, a staple foodstuff called what? A:","['Casave', 'Tapoica', 'Tapioca recipes', 'Cassava bread', 'Tapioca', 'Budare', 'Pearl tapioca', 'Tapioca pearls', 'Goma de mandioca', 'Tapiaco', 'Tapioca flour', 'Casabe']",Cocoa,0.5554252862930298,0,1,1
4531,"Answer the question concisely. Q: Which Earl of Essex, after being sent to Ireland as Governor-General in 1599, being briefly imprisoned and leading a rebellion against Queen Eliabeth I, was executed in 1601? A:","['Robert Devereux', 'Robert Devereux Essex', 'Robert Devereux (disambiguation)']","Robert Devereux, 2nd Earl of Essex",0.6183367371559143,0,0,0
4533,"Answer the question concisely. Q: Dragon boat racing, as part of a complex of ceremonies, is thought to have originated where? A:","[""Chinese People's Republic"", 'China (Peking)', 'The prc', 'Socialist China', 'Chinese PR', 'PRoC', 'PRC', ""China's"", 'P. R. of China', ""People's Republic Of China"", ""The People's Republic of China"", 'China', 'Territorial disputes of China', 'China PRC', ""People's repuublic of china"", 'China (PRC)', ""China (People's Republic)"", ""People's Republic of China (Mainland China)"", 'Zhonghua Renmin Gonghe Guo', ""People' Republic of China"", 'Prc', ""People's republic of china"", ""People' s Republic of China"", 'P.R. of China', ""China, People's Republic of"", 'Chung-Kuo', 'P.R.C.', ""The people's republic of china"", 'Zhong Guo', 'Peoples republic of China', 'Red China (modern)', 'Chung-kuo', 'The PRC', 'Zhonghuarenmingongheguo', 'State of China', 'Zhonghuá rénmín gònghéguó', '中国', 'Peoples republic of china', 'P.R.China', ""People's Republic or China"", 'Zhonghua Renmin Gongheguo', ""China, the People's Republic of"", 'Nation of China', 'People’s Republic of China', 'China, PRC', 'Zhōnghuá Rénmín Gònghéguó', 'Modern day China', 'Peoples Republic of China', 'PROC', '中华', 'Chaina', 'Zhongguo', 'Homes in china', ""People's republic of China"", 'Zhōngguó', 'Sinic', 'China PR', 'PRC (China)', '中國', 'Jhongguó', 'Red Chinese', ""(The People's Republic of) China"", 'The People’s Republic of China', 'China (Republic : 1949- )', 'CHINA', ""China People's Republic"", 'Pr china', 'P.r. of china', 'Chungkuo', 'ISO 3166-1:CN', 'Land of China', 'Zhonghua renmin gongheguo', 'P.R. China', 'Zhongguó', '中华人民共和国', 'PRChina', '中華', 'PR of China', '中華人民共和國', 'Pr of c', 'Cihna', 'Communist China (modern)', 'P. R. China', ""People's Republic of China (PRC)"", ""Peoples' Republic of China"", 'The Peoples Republic of China', ""People's Republic of China"", 'Pr of china', 'PR China', 'P.R. of CHINA']",China.,0.6805391311645508,0,0,0
4551,"Answer the question concisely. Q: The main international cricket competitions are Test matches, ODI, and which other? A:","['T20I', 'Twenty20 International', 'Twenty20 International cricket', 'Twenty20 Internationals', 'Twenty 20 International', 'T20 International', 'Twenty20 international', 'International Twenty20']",T20,0.6261067986488342,0,0,0
4567,"Answer the question concisely. Q: ""The US TV series """"Mad Men"""" centres around what industry or profession?"" A:","['Pervasive advertising', 'Billboard (television)', 'Newspaper advertisements', 'Commercial marketing', 'Advertisements', 'The evolution of american advertising', 'Contemporary advertising', 'Advert', 'List of advertising clichés', 'Advertize', 'Advertizing', 'Advertizes', 'Newspaper ad', 'Commercial advertisement', 'Adverting', 'Coroporate propaganda', 'Advertising cliches', 'Advertising media', 'Ghost branding', 'Promotional documents', 'List of Advertising Cliches', 'Adverts', 'Advertizement', 'Insidious adverstising', 'List of advertising cliches', 'Advertises', 'Ethical advertising', 'Textual ads', 'Advertisement', 'Newspaper advertisement', 'Advertisment', 'Newspaper advertising', 'Advertising material', 'TYPES OF ADVERTISING', 'Adverted', 'Advertising', 'Commericals', 'Ad', 'Print ad', 'Advertiser', 'Advertising materials', 'Ghost ad', 'Advertizements', 'Glossy brochure', 'Alternative advertising', 'Manufactured demand', 'Paid media', 'Advertized', 'Commercial Message', 'Advertised', 'Advertisers', 'Advertise', 'Non traditional advertising', 'Capitalist propaganda', 'Commercial message']","""Advertising""",0.8658573627471924,0,0,0
4570,"Answer the question concisely. Q: As at early 2015, how many Prime Ministers have served in Australia since 2013? A:","['3', 'three']",2,0.3299245238304138,1,1,1
4572,Answer the question concisely. Q: Quitline is a system of centres to help people to quit what? A:,['Tobacco or alcohol'],Smoking B: Drinking C: Gambling D: Drugs E: None of the,0.2135278880596161,1,0,1
4592,"Answer the question concisely. Q: Which Irish Republican, an Irish volunteer of the Provisional Irish Republican Army, was elected to the UK Parliament while leading the 1981 hunger strike to protest against the removal of Special Category Status? A:","['Boby Sendz', 'Bobby Sands Street', 'Robert Gerard Sands', 'Roibeard Gearoid O Seachnasaigh', 'Bobby sands', 'Bobby Sands', 'Bobby Sands street', 'Back Home in Derry', 'Baby Sandez', 'Roibeard Gearóid Ó Seachnasaigh', 'Back home in derry']",Bobby Sands,0.9556822180747986,0,0,0
4598,"Answer the question concisely. Q: Which novelist, born in Bombay in 1865, was awarded the Nobel prize for Literature in 1907? A:","['Joseph Rudyard Kipling', 'Kiplingesque', 'Rudyard Kipling', 'Kipling rudyard', 'Rudy Kipling', 'R Kipling', 'Kipling', 'Kipling, Joseph Rudyard', 'Kiplingian', 'R. Kipling', 'Ruyard Kipling', 'Kipling Society', 'Bard of Empire', 'Rudyard Kipling (author)']",Rabindranath Tagore,0.31817835569381714,1,1,1
4603,"Answer the question concisely. Q: ""Who wrote the sons """"I've Got You Under My Skin"""" and """"I Get A Kick Out Of You""""?"" A:","['Cole Porter', 'Cole Albert Porter', 'Compositions by Cole Porter', 'Cole Albert', 'Cole porter', ""I Know It's Not Meant for Me""]",Cole Porter,0.9847636818885803,0,0,0
4610,"Answer the question concisely. Q: ""Under what name did Mrs. Middleton Murray publish works such as """"The Garden Party"""", """"The Dove's Nest"""" and """"Something Childish""""?"" A:","['Katherine Middleton Murry', 'Katherine Mansfield', 'Kathleen Mansfield Murry', 'Kate Mansfield', 'Katherine Mansfield Beauchamp', 'Kathleen Murry', 'Katherine Mansfield Murry', 'Kathleen Mansfield Bowden', 'Katherine Mansfield Beauchamp Murry', 'Katharine Mansfield', 'Matilda Berry', 'Kathleen Mansfield Beauchamp', 'Kathleen Beauchamp', 'Catherine Mansfield']","""Mrs. Middleton Murray published works such as """"The Garden Party"""", """"The Dove's Nest"""" and """"Something Childish"""" under the name of Katherine Mansfield",0.2859184741973877,1,0,0
4611,Answer the question concisely. Q: Who of these musicians was inducted into the Rock and Roll Hall of Fame in 2014? A:,"['Cat stevens', 'Yusef Eslam', 'Cat Steven', 'Stephen Demetre Georgiou', 'Steven D. Georgiou', 'Kat stevens', 'Yusuf islam', 'Yusef Islam', 'Cat Stephens', 'Steven Demetre Georgiou', 'Cat stephen', 'Cat Stevens', 'Steven demetre georgiou', 'Stephen Georgiou', 'Yusuf (singer)', 'Yusaf Islam', 'Yousef Islam', 'Stevens, Cat', 'Yusuf Islam', 'Steven Georgiou']",Paul McCartney,0.20994223654270172,1,1,1
4612,Answer the question concisely. Q: The Formosan Black Bear is indigenous to where? A:,"['Zhonghua Minguo', 'Republic of China', 'Taiwan country', 'Tawian', 'China, the Republic of', 'China (Taiwan)', 'Tai-Wan', 'Ilha formosa', 'Chung-hua Min-kuo', 'Republic of China(Taiwan)', '臺灣', ""Ts'ai Tai-wan te Chung-hua Min-kuo"", 'Taioaan', 'R.O.C', 'Tâi-oân', 'ISO 3166-1:TW', 'Tiawan', 'Taiwan, ROC', 'Min Guo', 'TAIWAN', 'Taiwan (nation)', 'Republic of CHina', 'Free China (modern)', 'Republic of China (R.O.C.)', 'Taiwan (country)', 'Jhong-hua Min-guo', 'Taiwan Island', '台湾', 'JhongHua MinGuo', '台灣', 'Taioan', 'Taiwan, Republic of China', 'Taïwan', 'Minguo', 'Chung-Hua Min-Kuo', 'Chuka Minkoku', 'Republic Of China', 'Jhonghua Minguo', 'RoC', 'Tai-oan', 'China (Republic of)', 'Republic of China/Taiwan', 'Taiwan (ROC)', 'Republic of China (1945–71)', 'Chunghwa Minkuo', 'Zhōnghuá Mínguó', 'Taiwan ROC', 'Taiwan Country', 'Chunghwa Republic', 'Republic China', 'R China', 'R.o.China', 'Republic of China, Taiwan', 'Chunghwaminkuo', 'Republic of china', 'Republic of China on Taiwan', 'Taiwan (state)', 'China (ROC)', 'Republic of China (ROC)', 'Republic of China (Taiwan)', 'Táiwān', 'RO China', 'The R.O.C.', 'Chūka Minkoku', 'Taiwan (Republic of China)', 'China (Republic : 1949-)', 'TPKM', 'China, Republic of (Taiwan)', 'ROC (China)', 'Tawan', 'Jhonghuá Mínguó', 'Zhonghuá Mínguó', '中华民国', 'R.O. China', 'The Republic of China', 'Chung Min Kuo', ""Zhōnghuá Mín'guó"", 'JhongHuá MínGuó', 'Republic of China (1949–present)', '中華民國', ""T'aiwan"", 'Táiwan', 'China, Republic of', 'Taiwan', 'Chunghua Minkuo']",Taiwan.,0.7675913572311401,0,0,0
4615,Answer the question concisely. Q: What year did the cable television network ESPN made its debut broadcasting and producing sports-related programming 24 hours a day? A:,"['one thousand, nine hundred and seventy-nine', '1979']",1979,0.7800009250640869,0,0,0
4619,"Answer the question concisely. Q: British artist Sir James Thornhill (1675-1734), history painter and sergeant painter to George I and George II, was related by marriage to which other artist? A:","['Hogarthian', 'Giles Grinagain', 'Hogarthean', 'W. Hogarth', 'William Hogarth']","Sir Godfrey Kneller (1646-1723), court painter to William and Mary",0.1907915472984314,1,1,1
4642,Answer the question concisely. Q: Who gave Harry Potter his first kiss? A:,"['Cho Chang', 'Anthony Goldstein', 'Ginny Weasley', 'Ginevra Molly %22Ginny%22 Weasley', 'List of minor Ravenclaw characters', 'Seamus Finnegan (Harry Potter character)', 'List of Minor Hufflepuff Characters', 'Colin Creevey', 'Ginevra %22Ginny%22 Molly Weasley', 'Ginerva Weasley', 'Minor Ravenclaws', 'Angelina Johnson', 'Lavender Brown (Harry Potter)', 'Lavender Brown', 'Ginny weasley', 'Colin Creevy', 'Seamus Finnigan', 'Fred and George Weasley', 'Terry Boot', 'Luna Lovegood', 'Weasley twins', 'George Weasley', 'Hogwarts students', 'Séamus Finnegan', 'List of minor Hufflepuff characters', 'Michael Corner', 'Padma Patil', 'Alicia Spinnet', 'Colin and Dennis Creevy', 'Nigel Wolpert', 'George and Fred Weasley', 'Minor Huffelpuffs', 'Minor characters associated with quidditch', 'Fred Weasley', 'Minor Hufflepuffs', 'List of minor Gryffindor characters', 'The Wonder of Wigtown Wanderers', 'Parvati Patel', 'Katie Bell (Harry Potter)', 'All about Luna Lovegood', 'Ginevra Molly Potter', 'Minor Harry Potter characters in Hufflepuff', ""Gryffindors in Harry Potter's Year"", 'Sitara Shah', 'Minor characters associated with Quidditch', 'Luna Lovegood biography', 'Neville Longbottom', 'C. Warrington', 'Ginny weezly', 'List of Minor Ravenclaw Characters', 'Micheal Corner', 'Urquhart (Harry Potter character)', 'D.A. Harry Potter Series', 'Ginerva Potter', 'Luna (Harry Potter)', ""Harry Potter's Wife"", 'Dean Thomas (Harry Potter)', 'Ernie Macmillan', 'Colin and Dennis Creevey', 'Hannah Abbott', 'Minor Slytherin characters', ""Students in Harry Potter's year"", 'Jenny weasely', 'Lee Jordan (Harry Potter)', 'Cho chang', 'Jenny weasley', 'Lovegood', 'Ginny Potter', ""Gryffindors in Harry's Year"", 'The Gryffindor Chasers', 'The Creevey Brothers', 'Marietta Edgecombe', 'Dai Llewllyn', 'Justin Finch Fletchley', 'Roger Davies (Harry Potter character)', 'Longbottom family', 'Ginny weezley', 'Ernie Macmillian', 'Ginevra Molly Ginny Weasley', 'Neville longbottom', 'Ginevra Molly Weasley', ""Dumbledore's Army members"", 'Justin Finch-Fletchley', 'Minor Gryffindors', 'Roger Davies (fictional character)', 'Dennis Creevey', ""Students in Harry Potter's Year"", 'List of Minor Ravenclaw characters', 'Susan Bones', 'Montague (Harry Potter character)', 'Ginny (Harry Potter)', 'List of Minor Gryffindor characters', 'Ginevra Potter', 'Ginerva (Ginny) Weasley', ""Gryffindors in Harry Potter's year"", ""Gryffindors in Harry's year"", 'Zacharias Smith', 'List of Minor Gryffindor Characters', 'Miss S. Fawcett', 'Parvati Patil', 'Lavender Brown (disambiguation)', 'Ginny Weasley (character)', 'Dennis Creevy', 'Jinny weasley', 'Ginevra Weasley', 'Professor Longbottom', ""Dumbledore's Army""]",Hermione Granger,0.5960282683372498,0,1,1
4654,"Answer the question concisely. Q: One of the oldest known board games involves a grid of thirty squares and sets of pawns, figured in a 1999 video game, and is called what? A:","['Senet', ""Sn.t n.t H'b"", 'Senat', 'Senet (board game)']",Go,0.0781155675649643,1,1,1
4659,Answer the question concisely. Q: After an earlier experiment by AOL's QuantumLink Serial what was the episodic online story (1995-7) which first included paid advertising banners and product placement? A:,"['The Spot, or thespot.com']",The Sims,0.10337607562541962,1,1,1
4677,Answer the question concisely. Q: What nation did the United States declare war on - after the sinking of the USS Maine? A:,"['Islands of Spain', 'España', 'Reino de España', 'Name of Spain', 'Espagna', 'Espańa', 'Reino de Espana', 'Espana', 'Kingdom of the Spains', 'The Spanish Society', 'Espainia', 'Mountains of Spain', ""Regne d'Espanya"", 'The kingdom of Spain', 'SPAIN', ""Regne d'Espanha"", 'Espanya', 'Espainiako Erresuma', 'Etymology of Spain', 'Spane', 'ISO 3166-1:ES', 'Spain', 'Spanish Kingdom', 'Kingdom of Spain', 'El Reino de España', 'El Reino de Espana']",Spain.,0.7452332973480225,0,0,0
4688,"Answer the question concisely. Q: Fill in the blank: Houston, Tranquility Base here. The _____ has landed A:","['Eagle', 'Aquilinae', 'King of the Air', 'King of the air', 'Booted eagles (group)', 'Kitpu', 'Hawk eagle', 'Eagle Spirit', 'Eagle (symbolism)', 'Eagles', 'Harpy (zoology)', 'Hawk-eagle']",Apollo 11,0.1510678082704544,1,1,1
4689,"Answer the question concisely. Q: ""What """"family"""" killed actress Sharon Tate and others?"" A:","['Charles manson family', 'William Garretson', 'Charles Mansion', 'Ruth Ann Moorehouse', 'Charles Manson Jr', 'Charles Manson', 'Lauren Willett', 'Manson murders', 'LaBianca', 'Tate-La Bianca murders', 'Gary Hinman', 'Leno La Bianca', 'Abigail Folger', 'Wojciech Frykowski', 'Ruth Ann %22Ouisch%22 Moorehouse', 'Manson Family', 'Priscilla Cooper', 'Ruth Moorehouse', 'Reni Willett', 'Abigail Anne %22Gibby%22 Folger', 'Charles Mansen', 'Manson family', 'Manson-Tate murders', 'Tate-LaBianca', 'Manson Murders', 'Tate–LaBianca murders', 'Charles Manson Murders', 'Gibbie', 'LaBianca murders', 'Nancy Pitman', 'Tate-LaBianca murders', 'Charles Milles Manson', 'James Willett', 'Manson Family murders', 'Charles Maddox', 'Michael Monfort', 'Charles Manson murders', 'Charls Milles Manson', 'The Manson family', 'Charlie Manson', 'Leno LaBianca', 'Kathleen Maddox', 'Leno and Rosemary LaBianca', 'Manson Family Movies', 'Charles Milles Maddox', 'Rosemary LaBianca', 'Chuck Manson', 'Charles manson', 'Charls Manson family', 'Rosemary La Bianca', 'Tate murders', 'Manson-La Bianca murders', 'No name Maddox', 'The Manson Family', 'Charles Manson, Jr.', 'Shahrokh Hatami', 'William Goucher']","""The Manson Family.""",0.8691256046295166,0,0,0
4694,"Answer the question concisely. Q: What country had a famine that killed over 400,000? A:","['Ethiopean', 'Ethiopai', 'Ityoṗṗya', 'Æthiopia', 'AEthiopia', 'Etiopia', 'The Democratic Republic Of Ethiopia', ""Ityop'pya"", 'Ītyōṗṗyā', ""Ityop'ia"", 'Ethopian', 'Ethiop', 'Federal Democratic Republic of Ethiopia', 'Etheopia', 'Abbysinnia', 'Abysinna', ""Ityop'iya"", 'Abissinia', 'Habeshistan', 'Prehistory of Ethiopia', 'Names of Ethiopia', 'Ityoppya', 'Ethiopia', 'ISO 3166-1:ET', 'ʾĪtyōṗṗyā', 'Ethiopian', 'Ethiopioa', 'Name of Ethiopia', 'FDRE', 'Etymology of Ethiopia', 'Federal Republic of Ethiopia', 'ኢትዮጵያ']",China.,0.12794935703277588,1,1,1
4705,Answer the question concisely. Q: What type of animal was Bambi's friend Flower? A:,"['Wood pussy', 'a Skunk', 'Mephitinae', 'Chingue', 'Skunk spray', 'Skunks', 'Mephitidae', 'Skunk']",A skunk,0.9105028510093689,0,0,0
4714,Answer the question concisely. Q: On which British holiday did the 2004 tsunami occur? A:,"['Second Christmas Day', 'Annandagen', 'Boxing Day', 'Box day', 'Day of Goodwill', 'Second Day of Christmas', 'Christmas box', 'Day after Christmas', 'Day of Good Will', 'Day of goodwill', 'Boxing-day', 'Boxing day']",Boxing Day,0.9314665198326111,0,0,0
4732,Answer the question concisely. Q: In what city would you find Copacabana beach? A:,"['São Sebastião do Rio de Janeiro', 'BRRIO', 'Rio de Janiero', 'UN/LOCODE:BRRIO', 'Río de Jeneiro', 'Rio di Janeiro', 'Rio de Janeiro (city)', 'Rio, Brazil', 'Rio de Janero', 'Rio de Janeiro (Brazil)', 'Rio Janeiro', 'Río de Janeiro, Brazil', 'Rio de janeiro', 'Rio de Janeiro city', 'Río de Janeiro', 'R. Janeiro', 'Rio-de-Janeiro', 'Rio de janero', 'R Janeiro', 'Rio de Jainero', 'River of January', 'Rio de Janeiro', 'Rio de Janeiro, Brazil', 'Rio de Janerio', 'Sao Sebastiao do Rio de Janeiro', 'Rio de Janiero, Brazil', 'Rio de Janeiro, RJ', 'Rio De Janiero', 'Rio de Janeiro City', 'Rio De Janeiro', 'Rio De Janeiro, Brazil', 'The Marvelous City', 'Rio de Janeiro, Rio de Janeiro', 'Rio de janerio', 'January River']","Rio de Janeiro, Brazil",0.9572539925575256,0,0,0
4745,Answer the question concisely. Q: What synthetic fiber is used in most bulletproof vests? A:,"['Kevlar', 'Kevlar K-29', 'Poly-paraphenylene terephthalamide', 'Keflar', 'Kevlar(r)']",Kevlar.,0.9235574007034302,0,0,0
4765,Answer the question concisely. Q: What gladiator famously led a slave revolt against Rome? A:,"['Spartacus', 'Sparticus', 'Spartacus (person)', 'Spartakus', 'Espartaco']",Spartacus,0.9723734855651855,0,0,0
4773,Answer the question concisely. Q: What is the name for a person who tried to turn base metals into gold? A:,"['Alchemi', 'Alchemistry', 'Renaissance alchemy', 'Alchemical', 'Genesis of alchemy', 'Alchemy', 'History of Alchemy', 'Decline of Western alchemy', 'Alchemy magic', 'AlchemY', 'Alchemy in history', 'Alchemists', 'Alchemic', 'Alchemist', 'Operative Alchemy', 'History of alchemy']",Alchemist,0.9599661827087402,0,0,0
4777,Answer the question concisely. Q: What occupation puts one at risk for black lung? A:,"['Coal seams', 'Collieries', 'Coal miner', 'Coal mines', 'Colliery', 'Coalminer', 'Coal mined', 'Surface coal mine', 'Coal Mining', 'Coal-miner', 'Coal mine', 'Coal extraction', 'Environmental impact of coal mining', 'Coalworks', 'Deep mine', 'Underground coal mining', 'Coal pit', 'Coal mining', 'Coal-mine', 'Highwall', 'Opencast coal mining', 'Coal production', 'Mining coal', 'Coalmining', 'Coal seam', 'Coal Miner', 'Opencast coalmine', 'Coal field', 'Coal-mining', 'Coalmine', 'Underground coal mine', 'Environmental impacts of coal mining']",Coal miners,0.7668073177337646,0,0,0
4784,"Answer the question concisely. Q: ""What body part was incorporated into Batman's body suit in """"Batman & Robin"""", starring George Clooney?"" A:","['Male nipple', 'Nipples', 'Erection of nipples', 'Nipple erection', 'Teats', 'Thelium', 'Erection (nipple)', 'Papilla mammaria', 'Teat', 'Titty hard-on', 'Nipple', 'Male nipples', 'Streak canal', 'Trackdad', 'Mammary papilla', 'Erection of nipple']","""The Bat-nipples",0.3948587477207184,1,1,1
4793,Answer the question concisely. Q: What were Pangaea and Gondwana? A:,"['Continant', '7 continents', 'Continents', 'Continants', 'Continental landform', 'Continental Landform', 'Seven Continents', 'Five continents', 'List of Continents', '5 continents', 'Seven continents', 'Six continents', 'List of continents', 'Sub-continent', 'List of continents by area', 'Subcontinents', 'Continent', '6 continents']",Pangaea and Gondwana were supercontinents that existed during the Mesozoic Era,0.356584370136261,1,1,1
4794,Answer the question concisely. Q: In what country is vodou religion commonly practiced? A:,"['Haitian Ancestry', 'Haïti', 'Name of Haiti', 'Republic of haiti', 'Haidi', 'Subdivisions of Haiti', 'ISO 3166-1:HT', 'Administrative divisions of Haiti', 'Republic of Haiti', ""République d'Haïti"", 'Arrondissements and communes of haiti', 'Repiblik Ayiti', 'History of Haitian Nationality', 'Departements of Haiti', 'People of Haiti', 'Haiti', 'Ayiti', 'Haití', 'Hayti', 'Haitian Declaration of Independence']",Haiti,0.8812255263328552,0,0,0
4801,Answer the question concisely. Q: What city's catacombs contain the bones of over six million people? A:,"['Paříž', 'FRPAR', 'Paris', 'Name of paris and its inhabitants', 'Paname', 'Paris France', 'Ville Lumière', 'Leucetia', 'Rue de Ménilmontant', 'Paris agglomeration', 'France Paris', 'Sports in Paris', 'Departement de Paris', 'Paris, Ile-De-France', 'Rue de Menilmontant', 'UN/LOCODE:FRPAR', 'Paříži', 'Ville Lumiere', 'Paris, France', 'Paris, Île-de-France', 'Paris, Île-de-France, France', 'Parijs', 'Parisien', 'Cuisine of Paris', 'Suburbs of Paris', 'Sport in Paris', 'The weather in Paris', 'Parisian (person)', 'Parizi', 'París', 'Name of Paris and its inhabitants', 'Paree', 'Paris, Europe', 'Paris, Banks of the Seine', 'Paris (etymology)', 'Paris (France)', 'The City of Love (city)', 'Département de Paris']",Rome,0.5485718250274658,0,1,1
4802,Answer the question concisely. Q: What country does Waterford crystal come from? A:,"['Irlanda', 'Island ireland', 'Ireland (region)', 'Irlandia', ""Erin's Isle"", 'Airlan', 'Ireland', 'West Coast of Ireland', 'The island of Ireland', 'Island Ireland', 'Ireland (island)', 'Irland', 'HÉireann', 'Ireland Ulster', 'Population of Ireland', 'Irelander', 'Ireland and Ulster', 'Ireland (Island)', 'IRELAND', 'Symbol of Ireland', 'Scotia major', 'Island of Ireland', 'Airlann', 'Mikra Britannia', 'Irelanders', 'Auld Sod', 'Ierne (placename)']",Ireland,0.7958257794380188,0,0,0
4821,"Answer the question concisely. Q: ""What's the English version of """"L'Chaim"""", """"Prost"""" or """"Skal""""?"" A:","['Charles-Burrows-Charles Productions', 'Charles-Burrows-Charles', 'Cheers (TV show)', 'Charles/Burrows/Charles Productions', 'Cheers', 'Cheers (TV series)', 'Cheers characters', ""Melville's"", 'Charles Burrows Charles Productions']","""Cheers",0.8106371164321899,0,0,0
4831,Answer the question concisely. Q: What was the central meeting place of ancient Rome? A:,"['The Forum (disambiguation)', 'Fori', 'Forum', 'The Forum', 'Fora', 'The Forum (magazine)', 'Forum (disambiguation)', 'Forums', 'Forum (magazine)']",The Forum.,0.883479118347168,0,0,0
4863,Answer the question concisely. Q: Communist forces in Vietnam began an offensive during what holiday in 1968? A:,"['Tet (disambiguation)', 'Tet']",Tet,0.9081820249557495,0,0,0
4890,Answer the question concisely. Q: Who is the only black man to win a singles title at Wimbledon? A:,"['Arthur Ashe, Jr.', 'Arthur Robert Ashe, Jr.', 'Ashe, Arthur Robert', 'Arthur ash', 'Arthur R. Ashe', 'Arthur R. Ashe, Jr.', 'Arthur ashe', 'Arthur Ashe Jr.', 'Arthur (Robert) Ashe', 'Arthur Robert Ashe Jr.', 'Arthur R Ashe', 'Arthur Robert Ashe, Jr', 'Arthur Robert Ashe', 'Arthur Ashe', 'Arthur R. Ashe Jr.']",Arthur Ashe,0.9820780158042908,0,0,0
4902,Answer the question concisely. Q: Kriss Kross will make you what? A:,"['Jump (album)', 'Jumped', 'Jumps', 'Jump (song)', 'Jump', 'Jump!', 'Jumping (song)', ""Jumpin'"", 'Jump (disambiguation)', 'Jumpin', 'Jump (film)', 'Jumping (disambiguation)']",Cross-eyed,0.15560337901115417,1,1,1
4904,Answer the question concisely. Q: What agency protects the U.S. President? A:,"['Secret Service (disambiguation)', 'Secret Service']",The Secret Service,0.79815673828125,0,0,0
4915,"Answer the question concisely. Q: In alphabetical order, what is the last U.S. state? A:","['State of Wyoming', 'Wyoming state symbols', 'Wyoming (state)', 'Wyoming', 'Cowboy State', 'Geography of Wyoming', 'Education in Wyoming', 'Transport in Wyoming', 'Forty-Fourth State', 'Law and government of Wyoming', 'Constitution of the State of Wyoming', 'Symbols of the State of Wyoming', 'Wyoming metropolitan areas', 'Wyoming economy', 'Constitution of Wyoming', 'Demographics of Wyoming', 'Big Wonderful Wyoming', 'Wyoming counties', 'Sports in Wyoming', 'Equality State', 'Wyoming state nickname', 'The Equality State', 'Religion in Wyoming', '44th State', 'Wyomingite', 'US-WY', 'Wioming', 'Wyoming State Constitution', 'Economy of Wyoming', 'Wyoming factsheet', 'Transportation in Wyoming', 'Government of Wyoming', 'The Cowboy State', 'Politics of Wyoming', 'Wyomingites', 'Wyoming (U.S. state)', 'Wyoming, United States', 'Forty-fourth State', 'Wyo.', 'Climate of Wyoming']",Utah,0.29647213220596313,1,1,1
4921,Answer the question concisely. Q: What world leader introduced Glasnost and Perestroika? A:,"['M. Gorbachev', 'Gorbacheu', 'Gorbachev', 'Gorbačëv', 'Gorbachoff', 'Mihail Gorbacev', 'Mikhail S. Gorbachev', 'New thinking', 'Michail Gorbatschow', 'Gorbachav', 'Mihail Sergeevic Gorbacev', 'Gorbachevian', 'M Gorbachev', 'Mihail Gorbachev', 'Gorbacev', 'Mihail Gorbačëv', 'Mikhael Gorbachev', 'Mikael Gorbachev', 'Mikhail Gorbachev', 'January Proposal', 'Irina Mihailovna Virganskaya', 'Gorbatsiov', 'Mihail Gorbaciov', 'Mihail Gorbachyov', 'Michail Gorbatsjov', 'Михаил Сергеевич Горбачёв', 'Mikhail Sergeyevich Gorbachev', 'Mikhail Gorbačëv', 'Irina Virganskaya', 'Gorbatsof', 'Mikhail Sergeyevich Gorbachov', 'Gorbatschow', 'Michael Gorbachev', 'Mihail Sergeevič Gorbačëv', 'Mihail Sergejevic Gorbacev', 'Mikhail Gorbechev', 'Gorbachyov', 'Gorbachof', 'Mihail Sergejevič Gorbačëv', 'Михаил Горбачёв', 'New Thinking', 'Mikhail Gorbachyov', 'Mikhail Gorbachov', 'Gorbachov', 'Mikhail Sergeyevich Gorbachyov']",Mikhail Gorbachev,0.9802275896072388,0,0,0
4926,Answer the question concisely. Q: What did Peter Piper pick a peck of? A:,"['Fermented pepper mash', 'Pickled pepper', 'Pickled Peppers', 'Pepper Mash', 'Pickled peppers', 'Hot pepper mash']",Pickled peppers,0.9748531579971313,0,0,0
4966,Answer the question concisely. Q: What Italian author envisioned 9 circles of hell? A:,"['Alighieri', 'Dantean', 'Durante degli Alighieri', 'Dante Alleghieri', 'Dante Alghieri', 'Dante aligheri', 'Father of the Italian language', 'Alighieri, Dante', 'Durante degli alighieri', 'Dante', 'Il Sommo Poeta', 'Durante Alighieri', 'Alighieri Dante', 'Dante alighieri', ""Dante Alighieri's"", 'Fedeli d’Amore', 'Dante Aligheri', 'Dante Alighieri', 'The Supreme Poet', 'Supreme Poet']",Dante Alighieri.,0.9375200867652893,0,0,0
4968,Answer the question concisely. Q: Who betrayed Jesus for 30 pieces of silver? A:,"['Judas Iscariot', 'Judas iscariot', 'Judas ishcariot', 'Judas Iskariot', 'Judas (apostle)', 'Acts 1:18-20', 'Judas Escariot', 'Euangelion Ioudas', 'Iscariot', 'Judas']",Judas Iscariot,1.0017484426498413,0,0,0
4970,Answer the question concisely. Q: What country's flag is a red circle in a field of white? A:,"['日本國', 'State of Japan', 'Ja-pan', 'Nihon', 'Nippon', 'Japang', 'Modern–era Japan', 'Etymology of Japan', 'Japan (country)', 'Republic of Japan', 'Japanese financial sector', 'Nihon-koku', 'ISO 3166-1:JP', '日本', 'Japian', 'Japan', 'JapaN', 'The State of Japan', 'Riben', 'Nippon-koku', 'JPN', 'Jpan', 'Rìběn', '日本国', 'Japao', 'JAPAN', 'Japoa', '🗾']",The flag of the United States of America,0.3318241238594055,1,1,1
4973,"Answer the question concisely. Q: ""Who wrote """"Leaves of Grass""""?"" A:","['Whitman, Walt', 'Walter or Walt Whitman', 'Walt Whitman', 'Walter Whitman', 'Walt (Walter) Whitman', 'Uncle Walt', 'Walt whitman']","""Walt Whitman.""",0.8348981738090515,0,0,0
4976,Answer the question concisely. Q: Phil Collins was a drummer and singer in what band? A:,"['Génesis', 'Genesis (Album)', 'Genesis (song)', 'Genisis', 'Genesis (album)', 'Book of Genesis (disambiguation)', 'Genesis (film)', 'Genesis', 'Genesis (disambiguation)']",Genesis,0.805486798286438,0,0,0
4985,Answer the question concisely. Q: Au is the chemical symbol of what element? A:,"['Gold compound', 'Aurous', 'Gold consumption', 'Auric (Ion)', 'Gold (metal)', 'Gold metal', 'Gold compounds', '🜚', 'Gold toxicity', 'Element LXXIX', 'Atomic number 79', 'Aurric', 'Au (element)', 'Flour gold', 'Native gold', 'Lode gold', 'E175 (E number)', 'Monatomic gold', 'Gold jewelry', 'Auric compound', 'Gold making', 'Australium', 'Gold Lot', 'Use of gold', 'Gold', 'Gold poisoning', 'Element 79', 'Gold (mineral)', 'Gold (element)', 'Aurate', 'Goldness']",Gold,0.7428687810897827,0,0,0
5036,Answer the question concisely. Q: What de-facto independent country does China claim ownership of? A:,"['Zhonghua Minguo', 'Republic of China', 'Taiwan country', 'Tawian', 'China, the Republic of', 'China (Taiwan)', 'Tai-Wan', 'Ilha formosa', 'Chung-hua Min-kuo', 'Republic of China(Taiwan)', '臺灣', ""Ts'ai Tai-wan te Chung-hua Min-kuo"", 'Taioaan', 'R.O.C', 'Tâi-oân', 'ISO 3166-1:TW', 'Tiawan', 'Taiwan, ROC', 'Min Guo', 'TAIWAN', 'Taiwan (nation)', 'Republic of CHina', 'Free China (modern)', 'Republic of China (R.O.C.)', 'Taiwan (country)', 'Jhong-hua Min-guo', 'Taiwan Island', '台湾', 'JhongHua MinGuo', '台灣', 'Taioan', 'Taiwan, Republic of China', 'Taïwan', 'Minguo', 'Chung-Hua Min-Kuo', 'Chuka Minkoku', 'Republic Of China', 'Jhonghua Minguo', 'RoC', 'Tai-oan', 'China (Republic of)', 'Republic of China/Taiwan', 'Taiwan (ROC)', 'Republic of China (1945–71)', 'Chunghwa Minkuo', 'Zhōnghuá Mínguó', 'Taiwan ROC', 'Taiwan Country', 'Chunghwa Republic', 'Republic China', 'R China', 'R.o.China', 'Republic of China, Taiwan', 'Chunghwaminkuo', 'Republic of china', 'Republic of China on Taiwan', 'Taiwan (state)', 'China (ROC)', 'Republic of China (ROC)', 'Republic of China (Taiwan)', 'Táiwān', 'RO China', 'The R.O.C.', 'Chūka Minkoku', 'Taiwan (Republic of China)', 'China (Republic : 1949-)', 'TPKM', 'China, Republic of (Taiwan)', 'ROC (China)', 'Tawan', 'Jhonghuá Mínguó', 'Zhonghuá Mínguó', '中华民国', 'R.O. China', 'The Republic of China', 'Chung Min Kuo', ""Zhōnghuá Mín'guó"", 'JhongHuá MínGuó', 'Republic of China (1949–present)', '中華民國', ""T'aiwan"", 'Táiwan', 'China, Republic of', 'Taiwan', 'Chunghua Minkuo']",Taiwan,0.8396767377853394,0,0,0
5069,"Answer the question concisely. Q: ""Who was the male half of """"Bennifer""""?"" A:","['Political views of Ben Affleck', 'Nathan Decker', 'Ben Affleck', 'Tell No One (2014 film)', 'Benjamin Geza Affleckbold', 'B. G. Affleck-Boldt', 'Ben Afflek', 'Ben affleck', 'Line of Sight (film)', 'Benjamin G. Affleckbold', 'Benjamin Geza Affleck-Boldt', 'Benjamin G. Affleck-Boldt', 'Benjamin G. Affleck', 'Ben Afleck', 'Benjamin Geza Affleck', 'Benjamin Affleck', 'Affleck, Ben', 'Ben Aflek', 'Ben Affleck-Boldt', 'Filmography of Ben Affleck', 'Ben aflect', 'Nathan Decker (film)', 'Benjamin Géza Affleck-Boldt', 'Benjamin Géza Affleck']","""Ben Affleck.""",0.8511231541633606,0,0,0
5070,"Answer the question concisely. Q: ""What movie series features """"minions"""" that resemble Twinkies?"" A:","['Despicable Me (single)', 'Despicable Me (film)', 'Despicable Me (song)', 'Despicable me', 'Dr. Nefario', 'Despicable Me (2010)', 'Dr Nefario', 'Dispicable Me', 'Despicable Me', 'Minion language']","""Despicable Me",0.9221833944320679,0,0,0
5084,"Answer the question concisely. Q: ""What was the most famous song from the movie """"Frozen""""?"" A:","['Let It Go (disambiguation)', 'Let It Go (song)', 'Let it Go', 'Let It Go (Single)', 'Let It Go', 'Let it Go (song)', 'Let It Go (album)', 'Let it go']","""Let It Go",0.9133482575416565,0,0,0
5100,Answer the question concisely. Q: What animal kills more Americans than any other? A:,"['Anthophila', 'Apiformes', 'Ground bee', 'Bee flight', 'Solitary bees', 'Bee', 'Bees', 'Ground bees', 'Apiforme', 'Solitary bee']",Mosquitoes,0.25559985637664795,1,1,1
5106,Answer the question concisely. Q: What type of creature is Pepé Le Pew? A:,"['Wood pussy', 'Mephitinae', 'Chingue', 'Skunk spray', 'Skunks', 'Mephitidae', 'Skunk']",A skunk,0.7571134567260742,0,0,0
5112,Answer the question concisely. Q: What was the most common type of gun used in the Revolutionary War? A:,"['Smoothbore musket', 'Musket balls', 'Musket', 'Musketry', 'Boom stick', 'Musket ball', 'Muskets', 'Musketball']",Musket,1.0060656070709229,0,0,0
5122,"Answer the question concisely. Q: What American animal is commonly called an antelope, but is not actually an antelope? A:","['Pronghorns', 'Pronghorn sheep', 'American antelope', 'Prong Horn Antelope', 'Antilocapra', 'Antilocapra anteflexa', 'Prong buck', 'Pronghorn antelope', 'Pronghorn', 'Antilocapra americana', 'Pronghorn Antelope']",The pronghorn,0.761227548122406,0,0,0
5139,Answer the question concisely. Q: 'Feel Like Making Love' and 'The First Time Ever I Saw Your Face' were hit singles for which female artist? A:,['Roberta Flack'],Roberta Flack,0.988752543926239,0,0,0
5161,"Answer the question concisely. Q: Which device, now a plaything, has a lift end, a dingle end and an elbow? A:","['Boomerang world cup', 'Boomeranging', 'Boomeranger', 'Boomerangs', 'Boomorang', 'Boomarang', 'Boomerang']",A toy telephone,0.344631165266037,1,1,1
5162,Answer the question concisely. Q: What is the name of the German magazine which claimed in 1983 to have found Hitler's diaries? A:,"['Fashion timber', 'Parabolic stern', 'Retroussé stern', 'Elliptical stern', 'Retrousse stern', 'Cutaway stern', 'Canoe stern', 'Torpedo stern', 'Torpedoboat stern', 'Stern frame', 'Fashion piece', 'Square stern', 'Double ended stern', 'Constanzi stern', 'Wing transom', 'Pink stern', 'Stern (boat)', 'Cruiser stern', 'Counter stern', 'Transom stern', 'Pinky stern', 'Transom board', 'Torpedo boat stern', 'Round stern', ""Ship's stern"", 'Circular stern', 'Stern timber', 'Stern (ship)', 'Stern']",Der Spiegel,0.12080215662717819,1,1,1
5163,Answer the question concisely. Q: Who were the Greek equivalents of the Norns of Norse mythology? A:,"['Fates (disambiguation)', 'Three fates', 'Three-fates', 'The Fates (disambiguation)', 'The fates', 'The Fates', 'Fates', 'Three Fates', 'The Three Fates']",The Moirai,0.40095019340515137,1,0,1
5179,"Answer the question concisely. Q: In the nursery rhyme, who pulled pussy out of the well? A:",['Little Tommy Stout'],The cat.,0.05961593985557556,1,1,1
5191,"Answer the question concisely. Q: ""Who played the title role in the 1955 film, """"The Man From Laramie""""?"" A:","['James Stewart (actor)', 'Jimmy Stuart', 'James stewart (actor)', 'Jimmy Stewart', 'JAMES STEWART', 'James Stewart', 'Jimmy stewart', 'Stewart, James']","""James Stewart",0.8965771198272705,0,0,0
5198,Answer the question concisely. Q: On which island is Reina Sofia Airport? A:,"['Tenerife, Canary Islands', 'Tenarife', 'Tenerif', 'Teneriffa', 'Teneriff', 'Tenerife', 'Tenerife Island', 'Ténérife', 'Tenerife, Spain']",Tenerife.,0.7844576835632324,0,0,0
5202,Answer the question concisely. Q: With which orchestra was Arthur Fiedler (who died in 1979) most associated? A:,"['The Boston Pops Orchestra', 'Boston Pops Orchestra', 'Boston Pops', 'The Boston Pops']",Boston Pops,0.9447892904281616,0,0,0
5245,Answer the question concisely. Q: For what role in the film musical 'Chicago' did Catherine Zeta Jones win the Best Supporting Actress Oscar? A:,"['Velma (disambiguation)', 'Velma']",She played Velma Kelly,0.3639821410179138,1,0,0
5250,Answer the question concisely. Q: Cassiterite is a principal ore of which metal? A:,"['Tin Processing', 'Tin (element)', 'Sn (element)', 'Element 50', 'Stannic', 'Tin', 'Tin metallurgy', 'Tin lepsory', 'Stannous', 'Tin compounds', 'Stannous ion']",Tin,0.8082513809204102,0,0,0
5274,"Answer the question concisely. Q: Which media mogul married actress Jane Fonda in 1991, the marriage ending in divorce ten years later? A:","['TED TURNER', 'Robert Edward Turner', 'Billionaire Ted', 'Robert Edward III Turner', 'R.E. Turner', 'Ted Turner', 'Robert Edward Turner III', 'Ted Turner Foundation', 'Turner Foundation', 'Former owner of WCW']",Ted Turner,0.9682142734527588,0,0,0
5285,Answer the question concisely. Q: Which literary location did John Jarndyce own? A:,"['Reverend Chadband', 'Rev Mr Chadband', 'John Jarndyce', 'Bleakhouse', 'Nemo (Bleak House)', 'Mademoiselle Hortense', 'Chesney Wold', 'Honoria, Lady Dedlock', 'Bleak House', 'Richard Carstone', 'Miss Barbary', 'Lady Honoria Dedlock', 'Lady Dedlock', 'Harold Skimpole']",Bleak House,1.0048614740371704,0,0,0
5304,Answer the question concisely. Q: What was the name of the private eye played by Trevor Eve on TV in the '70s? A:,"['Shoestring (TV series)', 'Eddie Shoestring']",Winston Churchill,0.18727239966392517,1,1,1
5313,"Answer the question concisely. Q: What is the title of the last Harry Potter novel, published in 2007? A:","['HarryPotterandtheDeathlyHallows', 'Deathly hollows', '7th Harry Potter', 'Harry potter 7', 'Harry Potter Book 7', 'Harry Potter: Movie Seven', 'Harry potter and deathly hallows', 'Deathly Hallwos', 'Harry Potter & the Deathly Hallows', 'HPatDH', 'Harry7', 'Harry Potter and the Deathly Hallows (film)', 'Hpadh', 'The Deathly Hallows', 'Harry Potter and the Forest of Shadows', 'Harry Potter: Book Seven', 'Harry Potter and the Deadly Veil', 'Harry Potter and the Deathly Hallows (films)', 'Harry Potter Deathly Hallow', 'HPATDH', 'Harry Potter and the Heart of Ravenclaw', 'Harry Potter and the Elder Wand', '7th Harry Potter book', 'Hdph', 'Harry potter and the deathly hallows', 'Harry Potter and the Insignia of Death', 'Harry Potter and the Peverell Quest', 'The last harry potter', 'Harry Potter and the deathly hallows', 'HP07', 'HPDH', '7th harry potter book', 'Harry potter book vii', 'HPVII', 'Harry Potter and the Deadly Hollows', 'Harry Potter and the Pyramids of Furmat', 'HP-VII', 'The Deathly Hallow', 'Deadly Veil', 'Harry Potter 7 (Book)', 'Harry potter and the deadly hallows', 'Deathly Hallos', 'Harry Potter 7', 'Harry Potter book 7', 'Deathly Hallow', 'HP 7', 'Seventh harry potter book', 'Battle of Hogwarts', 'Hpatdh', 'Harry Potter: Book 7', 'Harry Potter and the Deathly Hallows', 'Harry Potter seven', 'Harry potter book 7', 'Deathly Hollows', 'Harry Potter book seven', 'Harry Potter and the Deathly Hollows', 'Potter7', 'Heart of Ravenclaw', 'Harry potter book seven', 'Harry potter & the deathly hallows', 'Harry Potter and the Deadly Hallows', 'Harry potter and the deathly hollows', 'Harry Potter: Film Seven', 'Harry Potter and the Relics of Death', 'Harry Potter VII', 'Harry Potter and the Deathly Hallwos', 'The last harry potter book', 'The battle of hogwarts', 'Deathly hallows', 'Carpet Book', 'Harry Potter7', 'Harry Pottre and the Deathly Hallows', 'HP7', 'Deathly Hallows', 'Hpdh', 'HP&', 'Resurection Stone', 'Hp7', 'Harry Potter and the Deathly Hallow', 'Harry Potter and Deathly Hallows', 'Harry Potter 7 (book)', 'Harry potter and the deathly hallows movie', 'Harry Potter and The Deathly Hallows', 'Harry Potter and the Deathly Hallows (flim)', 'Harry Potter seven (book)', 'Harry Potter and the Gifts of Death', 'Harry Potter and the deathly Hallows (film)', 'Harry Potter and the Deathy Hallows']",Harry Potter and the Deathly Hallows,0.9563276767730713,0,0,0
5318,Answer the question concisely. Q: During the 1970s which car maker produced the Triumph TR7 and the Jaguar XJS? A:,"['British Leyland Motor Corporation', 'Bleycar', 'British Leyland Motor Corp', 'The British Leyland Motor Corporation', 'Leyland of Australia', 'British Leyland', 'Leykor', 'British Leyland Motor Corporation Limited', 'BLMC']",Triumph and Jaguar,0.29249686002731323,1,1,1
5330,Answer the question concisely. Q: What is the alcoholic ingredient of a Screwdriver cocktail? A:,"['Blackcurrant vodka', 'Vodka', 'Vokda', 'Filtering vodka', 'Balkan 176deg', 'Wodka', 'Russian vodka', 'Balkan 176°', 'Wodka (disambiguation)', 'Vodak', 'Vodka and Coke', 'Водка']",Vodka,1.0093821287155151,0,0,0
5332,Answer the question concisely. Q: The Vinson Massif is the highest mountain of which continent? A:,"['Antarctic Politics', 'Antartica', 'Economy of Antarctica', 'Driest continent', 'ANTARCTICA', 'Antarctica (continent)', 'Flora of Antarctica', 'Latitude 81 degrees S', 'Latitude 85 degrees S', 'Anartica', 'Latitude 87 degrees S', '81st parallel south', 'Anarctica', 'Latitude 84 degrees S', '83rd parallel south', 'Economy of antarctica', 'Latitude 88 degrees S', 'Antarctica/Economy', 'Antartcica', '85th parallel south', '88th parallel south', '89th parallel south', '86th parallel south', 'Antarctica Politics', 'Latitude 82 degrees S', 'The driest continent', 'Politics in Antarctica', 'King of Antarctica', 'Antarctic icepack', 'Antarctic meteorites', 'ISO 3166-1:AQ', 'South frigid zone', 'Antarktis', 'Nothofagus beardmorensis', '84th parallel south', 'Latitude 89 degrees S', 'Antarctica', 'Latitude 86 degrees S', '82nd parallel south', 'Latitude 83 degrees S', '87th parallel south', 'Politics of Antarctica']",Antarctica,0.9072314500808716,0,0,0
5357,Answer the question concisely. Q: Which architect designed the Albert Memorial in 1875? A:,"['George Gilbert Scott', 'George Scott (architect)', 'Sir George Gilbert Scott', 'Sir Gilbert Scott', 'Gilbert Scott (architect)', 'G.G. Scott']",Sir Gilbert Scott,0.9740812182426453,0,0,0
5372,Answer the question concisely. Q: Where is the venue for the next Winter Olympics in 2010? A:,"['Vancouver, Canada', 'Vancouver (Canada)', 'Corpus Christi Elementary School (Canada)', 'UN/LOCODE:CAVAN', 'Vancouver, British Columbia, Canada', 'Vancouver, BC, Canada', 'Vancouver, British-Columbia', 'Vancouver, B.C., Canada', 'Vancouver', 'Vancouver, British Colombia', 'Vancover, British Columbia', 'Vansterdam', 'Vancouver (BC)', 'Hastings East (Vancouver)', 'Vancouver British Columbia', 'Vancouver Canada', 'City of Vancouver', 'Vancouver, BC', 'Vancouver (B.C.)', 'Vancouver City Centre, British Columbia', 'Vancouver, B.C.', 'South Vancouver, British Columbia', 'Vancouverite', 'Vancouver, British Columbia', 'Vancouver Christian School', 'Vancouvr', 'Hong kouver', 'Vancouverites', 'Hongcouver', 'Vancouver, bc', 'Corpus Christi Elementary', 'Hong couver', 'Greater Vancouver Bridges', 'Vancover', 'Vanocuver', 'Vancouver BC']","Vancouver, Canada",0.979185938835144,0,0,0
5378,Answer the question concisely. Q: Which is the most southerly country of the EU? A:,"['Health in Malta', 'Malta (Country)', 'Sport in Malta', 'Republic of Malta, G. C.', 'Malta GC', 'Architecture of Malta', ""Repubblika ta'Malta"", 'Maltese islands', 'Malta', 'List of islands of Malta', 'ISO 3166-1:MT', 'Islands of Malta, Malta', 'Malta, G. C.', ""Repubblika ta' Malta"", 'Republic of Malta', 'Etymology of Malta', 'Maltese Islands', 'Maltese archipelago', 'Name of Malta', 'The Souvereign Military Order of Malta']",Malta,0.8742457628250122,0,0,0
5389,"Answer the question concisely. Q: In New Zealand, of what are Kowhai and Titoki native species? A:","['Sapling', 'Macrophanerophyte', 'Parts of a tree', 'Big tree', 'Arboreus', 'Tree', 'Trees', 'Treee', '🌳', 'The trees', 'TREES', 'Wood layers', 'Treed', 'The Parts of a Tree']",Kowhai is a native species of New Zealand. Titoki is also a native species of New Zealand,0.41110754013061523,1,1,1
5405,Answer the question concisely. Q: Judge Jeffreys presided over the trials of 1685 following which rebellion? A:,"['Monmouth, Wales', 'MONMOUTH', 'Trefynwy', 'Monmouth']",The Popish Plot.,0.21170935034751892,1,1,1
5408,Answer the question concisely. Q: For which scientific discovery did Crick and Watson receive the 1962 Nobel Prize for Medicine? A:,"['Dna structure', 'RNA Structure', 'DNA structure', 'RNA structure', 'Nucleic acid structure', 'Mechanical properties of DNA', 'DNA topology', 'DNA bubble']",The discovery of the structure of DNA,0.6194055676460266,0,0,0
5415,Answer the question concisely. Q: What was the stage name of Margarita Carmen Cansino a star of 1940 musicals? A:,"['Rita Heyworth', 'Margarita Carmen Cansino', 'Margarita Cansino', 'Rita hayworth', 'Rita Welles', 'Rita Hayworth', 'Rita Cancino']",Rita Hayworth,0.9754997491836548,0,0,0
5417,Answer the question concisely. Q: In which modern day country was Gustav Mahler born? A:,"['4esko', 'Ceská republika', 'Czech Republic', 'Tjech republic', 'Republique Tcheque', 'Czech Republik', 'Ceská Republika', 'Czeck Republic', 'ISO 3166-1:CZ', 'The Czech Republic', 'CZR', 'République Tchèque', 'Česko', 'Administrative divisions of the Czech Republic', 'Czecho Republic', 'Winnerland', 'Protestantism in the Czech Republic', 'Tschechien', 'Check Republic', 'Czechia', 'Czech Republci', 'Etymology of the Czech Republic', 'Cesko', 'Česká republika', 'Češka', 'Cech Republic', 'Ceska Republic', 'Czech Rep', 'The Czeck Republic', 'Ceska', 'Ceska republika', 'Chez republic', 'Czec Republic', 'Climate of the Czech Republic', 'Csehorszag', 'Tcheque Republique', 'Republica Checa', 'Česká Republika', 'Cehia', 'Czech Rep.', 'Czech republic', 'Czechi', 'Tcheque Republic', 'Ceska Republika', 'Tjech Republic', 'ČR', 'Csehország', 'República Checa', 'Subdivisions of the Czech Republic', 'Bohemia-Moravia']",Austria,0.47591543197631836,1,1,1
5435,Answer the question concisely. Q: The Cesarewitch horse race is run at Newmarket during which month of the year? A:,"['Ocotber', 'October', '8ber', '㋉', 'Oct.', 'OCTOBER', 'Roctober']",October,0.7740414142608643,0,0,0
5444,Answer the question concisely. Q: In which year did the Battle of Gettysburg take place? A:,"['one thousand, eight hundred and sixty-three', '1863']",1863,0.8101606965065002,0,0,0
5460,Answer the question concisely. Q: Which television detective was created by Glenn Chandler? A:,"['Killer (Taggart)', 'Taggart', ""There's been a murder"", 'DCI Matt Burke', 'TAGGART', 'Taggart (TV series)']",Columbo,0.10276642441749573,1,1,1
5490,Answer the question concisely. Q: Who is the only figure skater to win 3 consecutive Winter Olympic gold medals? A:,"['SONJA HENIE', 'Henie, Sonja', 'Sonja Henje', 'Sonya Henie', 'Sonja Henie', 'Sonia Henie']",Sonja Henie,1.0372822284698486,0,0,0
5492,"Answer the question concisely. Q: ""In the board game Monopoly, what is the colour of the property """"Coventry Street""""?"" A:","['YELLOW', 'Hong Jin-ho', 'Hong Jinho', 'Hong Jin-Ho', 'YellOw']","""Red",0.1208559200167656,1,1,1
5499,Answer the question concisely. Q: Which island in the Grenadines of St. Vincent was bought by Colin Tennant in 1958? Princess Margaret built a holiday home there in the 1960's. A:,"['MUSTIQUE', 'Mustique']",Mustique,0.9151239395141602,0,0,0
5538,Answer the question concisely. Q: Which US state is nicknamed both 'the Colourful State' and 'the Land of Enchantment'? A:,"['State of New Mexico', 'New Mexico state nickname', 'Transportation in New Mexico', 'New Mexico', 'US-NM', 'Sports in New Mexico', 'Forty-seventh State', 'Estado de Nuevo Mexico', 'Climate of New Mexico', 'New Mexico, United States', 'New mexico', 'Religion in New Mexico', 'Estado de Nuevo México', 'NewMexico', 'New Mexico (state)', 'Forty-Seventh State', 'Tierra del Encanto', 'Education in New Mexico', 'Culture of New Mexico', '47th State', 'Geography of New Mexico', 'New Mexcio', 'Nueva mexico', 'Transport in New Mexico', 'Demographics of New Mexico', 'Insignia of the State of New Mexico', 'NM', 'Nuevo Mejico', 'New Mexico (U.S. state)', 'The Land of Enchantment', '47th state of the union', 'State of NM', 'Nuevo Méjico', 'Politics of New Mexico']",New Mexico,0.9828781485557556,0,0,0
5546,"Answer the question concisely. Q: Who said that there are only three true sports, bullfighting, mountaineering and motor racing, the rest are merely games? A:","['Famous at Twenty-Five Thirty a Master', 'E. M. Hemmingway', 'From Boy to Man Hemingways First World War', 'Clarence Edmonds Hemingway', 'ErnestHemingway/TheDownwardSpiral', 'Earnest Hemmingway', 'Ernest Heminway', 'ErnestHemingway/ViolenceandRedemption', 'Ernest M. Hemingway', 'Ernest Hemingway/The Downward Spiral', 'Hemingway ernest', 'From Reality to Fiction A Farewell to Arms', 'ErnestHemingway/FromRealitytoFictionAFarewelltoArms', 'ErnestHemingway/TheTimeinBetween', 'ErnestHemingway', 'ErnestHemingway/BibliographY', 'E. M. Hemingway', 'Ernest Hemingway', 'ErnestHemingway/SureShotsTheSecondWorldWar', 'Sure Shots The Second World War', 'Ernest Hemingway/Violence and Redemption', 'Ernest Hemingway/The Time in Between', 'Ernest Hemingway/Bibliography', 'Hemingway, Ernest', 'ErnestHemingway/FamousatTwentyFiveThirtyaMaster', 'Things Turn Sour', 'Ernesthemingway', 'Ernest Hemingway/Famous at Twenty-Five Thirty a Master', 'Ernest Hemmingway', 'ErnestHemingway/FromBoytoManHemingwaysFirstWorldWar', 'Ernest Miller Hemmingway', 'Hemingwayesque', 'E. Hemmingway', 'E. Hemingway', 'Why It Went Wrong', 'Violence and Redemption', 'ErnestHemingway/TheEndlessDarkNothingness', 'The Endless Dark Nothingness', 'Ernest Hemingway/Things Turn Sour', 'Ernest Hemingway/Young and Innocent', 'Ernest M. Hemmingway', 'Hemmingway', 'ErnestHemingway/YoungandInnocent', 'ErnestHemingway/ThingsTurnSour', 'Ernest Hemingway/The Endless Dark Nothingness', 'Ernest Hemingway/From Boy to Man Hemingways First World War', 'Hemingway', 'Ernest Hemingway/Sure Shots The Second World War', 'Ernest Hemingway/From Reality to Fiction A Farewell to Arms', 'ErnestHemingway/WhyItWentWrong', 'Ernest Miller Hemingway', 'Ernest Hemingway/Why It Went Wrong', 'Hemingwayan']",Ernest Hemingway,0.9638935327529907,0,0,0
5556,Answer the question concisely. Q: General James Wolfe was killed at which battle in 1759? A:,"['Province of Québec', 'Quebec (province)', 'Political culture of Quebec', 'Québec, Canada', 'Province de Québec', 'Capture of Quebec', 'Quèbec', 'Québec', 'CA-QC', 'Quebec province', 'Province of Quebec', 'Québec Province', 'Quebéc', 'Quebec (Province)', 'Quebec', 'Foreign relations of Quebec', 'British Conquest of New France', 'Province de Quebec', 'Capture of quebec', 'Québec (Province)', 'Quebec, Canada']",Quebec,0.875211238861084,0,0,0
5577,Answer the question concisely. Q: At the London Olympics 2012 which events will take place at Lords? A:,"['ARCHERY', 'Toxophilite', 'National Archery in the Schools Program', 'Primitive archery', 'Endong', 'Archer (comics)', 'Toxopholite', 'The Archer', 'Paralympic archery', 'Primitive Archery', 'Archery', 'Archers', 'Archeress', 'Bowmen', 'Archer', 'Bowmanship', 'The archer', 'The Archers (disambiguation)', 'Archery range', 'Anchor Point (archery)', 'Para-archery', 'Indoor archery', 'Toxophily', 'Archerie', 'Butt shooting', 'National archery in the schools program', 'Paralympic Archery', 'Villavar Tamils']",The cricket matches,0.21015943586826324,1,1,1
5592,Answer the question concisely. Q: In the Lake District which is the only body of water to actually be called lake? A:,"['Lake Bassenthwaite', 'Bassenthwaite Lake', 'Bassenthwaite lake']",Wastwater,0.15673109889030457,1,1,1
5601,Answer the question concisely. Q: Who commanded the Prussian army at the Battle of Waterloo in 1815? A:,"['Von Bluecher', 'Gebhard Furst Blucher von Wahlstatt', '(Gebhard) Blucher', 'Gebhard Leberecht Von Blücher', 'Gebhard Leberecht von Blucher', 'Gebhard Leberecht Von Blucher Prince Von Wahlstatt', 'Gebhard Leberecht von Blücher, Fürst von Wahlstatt', 'Marshal Blucher', 'Marshal Forwards', 'Gebhard Leberecht von Blücher, Fürst (Prince) von Wahlstatt', 'Gebhard Leberecht Von, Prince von Wahlstatt Blucher', 'Field Marshal von Blücher', 'Gebhard von Blucher', 'Gebhard von Blücher', 'Gebhard Fuerst Bluecher von Wahlstatt', 'Gebhard Blucher', 'Prince Blücher', 'Von Blücher', 'Von Blucher', 'Gebhard Leberecht von Blcher', 'Marshal Blücher', 'Gebhard Leberecht von Bluecher', 'Marshall Blucher', 'Prince Blucher', 'Gebhard Fürst Blücher von Wahlstatt', 'Gebhard Leberecht von Blücher']",Field Marshal Gebhard Leberecht von Blücher,0.6946815252304077,0,0,0
5604,Answer the question concisely. Q: How is the Shakespeare character 'Robin Goodfellow' better known? A:,"['PUCK', 'Puck', 'Puck (disambiguation)']",As Puck,0.5383999347686768,0,0,0
5607,Answer the question concisely. Q: On which town or city's beach did John Stonehouse do his Reggie Perrin (disappearing act)? A:,"['M I A M I', 'MIAMI', 'M.I.A.M.I.', 'M. I. A. M. I.']",Miami Beach,0.21648955345153809,1,1,1
5620,Answer the question concisely. Q: As whom is Paul David Hewson better known? A:,"['Paul David Hewson', 'Bono Vox', 'Bono', 'Paul Hewson', 'Bono (U2)']","As Bono, lead singer of the rock band U2",0.49814480543136597,1,0,0
5624,"Answer the question concisely. Q: ""Which country did Tsar Nicholas I of Russia call """"the sick man of Europe""""?"" A:","['Turkey', 'Turkey (country)', 'Türkiye Respublikasi', 'Turky', 'Turkei', 'Tuerkiye Cumhuriyeti', 'Tuerkiye', 'Turquie', 'ISO 3166-1:TR', 'Turquia', 'TurkeY', 'Turkey (Country)', 'Turkiye', 'Turkey (state)', 'Terky', 'Republic of Turkey', 'Türkiye', 'Turkish Republic', 'Republic of Turkiye', 'Turkish republic', 'The Republic of Turkey', 'Turkey (nation)', 'Türkiye Respublikası', 'Türkei', 'Tuerkei', 'Turkiye Cumhuriyeti', 'TURKEY', 'Republic of turkey', 'Etymology of Turkey', 'Turkie', 'Turkia', 'Türkiye Cumhuriyeti']","""Turkey",0.8010368943214417,0,0,0
5628,Answer the question concisely. Q: The remains of which ancient city were discovered by Heinrich Schliemann in the 1870s? A:,"['Trojan people', 'Troía', 'Truva', 'Troy Ilium', 'Iliam', 'Troie', 'Teukroi', 'Ilios', 'Troy', 'City of Troy', 'Troy (mythology)', 'TROY', 'Wilusha', 'Archaeological Site of Troy', 'Ancient Troya National Park', 'Troy (Extinct city)', 'People of Troy', 'Classical troy', 'Homeric troy', 'Troy (Asia Minor)']",Troy.,0.7661198973655701,0,0,0
5636,"Answer the question concisely. Q: In 2009, a special design was used on the reverse of the 50p coin to commemorate the 250th anniversary of which establishment? A:","['Kew Botanic Gardens', 'Royal Botanical Gardens, Kew', 'Kew Royal Gardens', 'Kew Garden', 'Kew Botanical Garden', 'Royal Botanic Gardens at Kew', 'Board of Trustees of the Royal Botanic Gardens Kew', 'Royal Botanic Gardens Kew', 'Kew Royal Botanic Gardens', 'Royal Gardens, Kew', 'Kew Botanical Gardens', 'Kew Botanic Garden', 'Kew Magazine', 'Royal Gardens at Kew', 'Royal botanic gardens kew', 'Jodrell Laboratory', 'Royal Botanic Kew Gardens', 'Royal Botanical Gardens at Kew', 'The Royal Botanic Gardens, Kew', 'Royal Botanic Gardens, Kew']",The Royal Mint,0.32815176248550415,1,1,1
5642,Answer the question concisely. Q: In which country has the pro-democracy leader Aung San Suu Kyi been kept under house arrest for the last 6 years? A:,"['Economic sanctions against Myanmar', 'Economic sanctions against Burma', 'ISO 3166-1:MM', 'Birman Empire', 'Etymology of Burma', 'Republic of The Union of Myanmar', 'Pyidaunzu Thanmăda Myăma Nainngandaw', 'Mianmar', 'Borders of Burma', 'Myanmar (Burma)', 'Mayanmar', 'မြန်မာပြည်', 'Pyi-daung-zu Myan-ma Naing-ngan-daw', 'Myammar', 'Burma/Myanmar', 'Burmese Republic', 'Burma-Myanmar', 'Burma (Myanmar)', 'Union of Myanmar', 'ပြည်ထောင်စု သမ္မတ မြန်မာနိုင်ငံတော်', 'Sanctions against Burma', 'Myanmar (formerly Burma)', 'Birma', 'ပြည်ထောင်စု သမ္မတ မြန်မာနိုင်ငံတော', 'Birmanie', 'Myanmar/(Burma)', 'Burma', 'Myanmar/Burma', 'MYANMAR', 'Myanmar', 'Myanmer', 'Socialist Republic of the Union of Burma', 'Republic of the Union of Myanmar', 'Eastern Burma', 'Union of burma', 'Myanma', 'Birmania']",Myanmar (Burma),1.0196549892425537,0,0,0
5663,"Answer the question concisely. Q: ""The last words of which German philosopher and author were (in translation) """"More Light!""""?"" A:","['גתה', 'Johann Goethe', 'Johann Wolfgang von Gothe', 'Goethe, Johann Wolfgang von', 'Von goethe', 'יוהאן וולפגנג גתה', 'Johann Von Goethe', 'Goeth, Johann Wolfgang von', 'Von Göthe', 'יוהן וולפגנג גתה', 'Johann Wolfgang von Göthe', 'Johann Wolfgang Von Goethe', ""Goethe's"", 'Göthe', 'Johann von Goethe', 'Johann Wolfgang von Goethe', 'J.W. Goethe', 'J. W. von Goethe', 'Johann Wolfgang Goethe', 'Goethean', 'Goethe', 'יוהן גתה', 'J W VON GOETHE', 'Von Goethe', 'Göte', 'יוהאן גתה']","""Friedrich Nietzsche.""",0.39748531579971313,1,1,1
5667,Answer the question concisely. Q: The Fitzwilliam Museum is in which British town or city? A:,"['Cambridge, United Kingdom', 'Cambridge, UK', 'Cantabrigiae', 'The weather in Cambridge', ""Christ's Piece"", 'Caergrawnt', 'Cambridge, East Anglia', 'England Cambridge', 'UN/LOCODE:GBCMG', 'Cambridge, Cambridgeshire', 'Cambridge (England)', 'Cambridge', 'Park Street Church of England Primary School', 'Cambridge, England', 'Grantabridge']",Cambridge,0.8354904055595398,0,0,0
5673,Answer the question concisely. Q: What type of fruit is a Blenheim Orange? A:,"['Apple Blossom', 'Appleblossom', 'Green Apples', 'Malus domesticus', 'Appleblossoms', 'Culture of apple', 'Malus domestica', 'Apple blossom', 'Apple/Nutritional information', 'Nutritional information about the apple', 'Apple production', 'Apple-blossoms', 'Apple blossoms', 'Apple peel', 'An apple a day', 'Apple (fruit)', 'Apple trees', 'Malus pumila', 'Malus communis', 'Pyrus malus', 'Apple tree', '🍏', '🍎', 'Apple Popularity', 'Apples', 'Dried apple', 'سێو', 'Apple (Fruit)', 'Green Apple', 'Apple-tree', 'Green apples', 'Apple', 'Apples and teachers', 'Aplle', 'Apple-blossom', 'Apple (tree)']",A Blenheim Orange is a type of orange,0.2524961233139038,1,1,1
5685,Answer the question concisely. Q: What is the name of the heroine in the story of 'Beauty and the Beast'? A:,"['Belle (song)', 'Belle', 'Belle (disambiguation)', 'BELLE', 'Belle (film)']",Belle,0.8413896560668945,0,0,0
5689,Answer the question concisely. Q: Which group had a hit in the 1980s with 'Everybody Wants To Rule The World'? A:,"['Tears 4 Fears', 'Tears For Fears', 'TEARS FOR FEARS', 'Tears for fears', 'Tears From Fears', 'Tears for Fears']",Tears For Fears,0.9825176000595093,0,0,0
5702,Answer the question concisely. Q: In which African country is the Danikil Desert? A:,"['Ethiopean', 'Ethiopai', 'Ityoṗṗya', 'Æthiopia', 'AEthiopia', 'Etiopia', 'The Democratic Republic Of Ethiopia', ""Ityop'pya"", 'Ītyōṗṗyā', ""Ityop'ia"", 'Ethopian', 'Ethiop', 'ETHIOPIA', 'Federal Democratic Republic of Ethiopia', 'Etheopia', 'Abbysinnia', 'Abysinna', ""Ityop'iya"", 'Abissinia', 'Habeshistan', 'Prehistory of Ethiopia', 'Names of Ethiopia', 'Ityoppya', 'Ethiopia', 'ISO 3166-1:ET', 'ʾĪtyōṗṗyā', 'Ethiopian', 'Ethiopioa', 'Name of Ethiopia', 'FDRE', 'Etymology of Ethiopia', 'Federal Republic of Ethiopia', 'ኢትዮጵያ']",Ethiopia,0.8686486482620239,0,0,0
5703,"Answer the question concisely. Q: What was the middle name of Senator Edward M Kennedy, who died in August 2009? A:","['Moore Theater Building', 'The Moore', 'MOORE', 'Moore Theatre', 'Moore Theatre (Seattle, Washington)', 'Moore Theater']",Edward Moore Kennedy,0.2366606891155243,1,1,1
5705,Answer the question concisely. Q: Which actress and singer is known as Li Lo? A:,"['Lindsay Lohen', 'Lindsey Lohan', 'La Lohan', 'Lindsay Dee Joanne Lohan', 'Linsey Lohan', 'Linsay Lohan', 'Lindsey Lowhan', 'Spirit in the Dark (Lindsay Lohan album)', 'Playground (Lindsay Lohan & Pharrell song)', 'Playground (Lindsay Lohan single)', 'Lindsay Dee Lohan', 'Spirit In the dark', 'Lndsay Lohan', 'Lindsay Lohan', 'Lindsay Morgan Lohan', 'Lezlo', 'Linsday Lohan', 'LiLo (actress)', 'Lyndsay Lohan', 'Lindsay Loahn', 'Playground (Lindsay Lohan)', 'Lindsi Lohan', 'LINDSAY LOHAN', 'Lezzlo', ""Lindsay Lohan's Forthcoming Studio Album"", 'Lindsy Lohan', 'Lindsay Lohan Remixes', 'Lindsay lohan']",Lily Allen,0.443583607673645,1,1,1
5710,Answer the question concisely. Q: In which part of New York city is Brooklyn situated? A:,"['2014 Long Island floods', 'L I', 'Long Island counties', 'Lawng Island', 'L.I', 'LONG ISLAND', 'Wrong island', 'Suffolk Island', 'Long Island Island', '2014 New York flood', 'Paumanok', 'Long Island, N.Y.', 'Eastern Long Island, New York', 'Long Island (N.Y.)', 'Long Island Counties', 'New York flood', 'Longisland, NY', 'Nassau-Suffolk, NY', 'Eastern Long Island', 'Long Island, NY', 'Mid-Island, New York', 'Long Island (New York)', 'Strong Island', 'Long island', 'Nassau-Suffolk', '2014 Long Island flood', 'Queens Island', 'Long Island flood', 'Long island counties', 'Long Island, New York', 'Long Island', 'Nassau Island', 'Nassau–Suffolk', 'Long Island, New York (State)', 'Long Island (NY)', 'Long Island, New York State', 'Towns on Long Island', 'Longe Isleland']",Brooklyn is situated in the southwestern part of New York city,0.37402620911598206,1,1,1
5714,"Answer the question concisely. Q: In the Bible, where was Jesus betrayed by Judas, and subsequently arrested? A:","['Gethsemane', 'GARDEN OF GETHSEMANE', 'Ghetsemane', 'Gardens of Gethsemane', 'Gethsemane Garden', 'Garden of Gethsemane.', 'Gethsemeni', 'Garden of Gethsemane', 'Garden of Gethsemani']",In the Garden of Gethsemane,0.7266083359718323,0,0,0
5723,"Answer the question concisely. Q: Which palace, built by Cardinal Wolsey, was home to Henry 8th and is supposedly haunted by two of his wives? A:","['Hampton Court Palace Maze', 'Hampton Court Palace', 'Hampton Court', 'Chapel Royal (Hampton Court Palace)', 'Hampton Court Gardens']",Hampton Court Palace,0.9843253493309021,0,0,0
5724,Answer the question concisely. Q: The Scottish football club Ferranti Thistle joined the Scottish Football League in 1974 as Meadowbank Thistle; in 1995 they relocated and changed their name to what? A:,"['Livingston (disambiguation)', 'Livingston', 'Livingston (town)']",Partick Thistle,0.06143777817487717,1,1,1
5726,Answer the question concisely. Q: What was the name of the Edinburgh dog that watched over his owner's grave for 14 years? A:,"['Greyfriars Bobby', ""Greyfriar's Bobby"", 'John Gray (Old Jock)']",Greyfriars Bobby,1.0043885707855225,0,0,0
5743,Answer the question concisely. Q: In which classic book does a boy hide in a ship's barrel of apples? A:,"['Treasure Island (novel)', 'Devils treasure', 'Blind Pew', 'Treasure island', 'The Treasure Island', 'Pew (Treasure Island)', 'Blind Pew (Treasure Island)', 'Treasure Island', 'The Benbow Inn', 'HMS Hispaniola']",Huckleberry Finn,0.5252591967582703,0,1,1
5744,Answer the question concisely. Q: Which playwright and poet became President of his country in 1989? A:,"['Hollar, Václav', '(Vaclav) Havel', 'Vaclav Havel', 'Václav Havel', 'Václav Havel Honor', 'Václav Havel Award', 'Václav Havel Library', 'Vaclev Havel', '1st President of the Czech Republic']",Vaclav Havel,1.0029842853546143,0,0,0
5765,"Answer the question concisely. Q: What name is given to the road junction in North Yorkshire, where the Al meets the A66? A:","['SCOTCH CORNER', 'Scotch Corner', 'Scotch Corner services']",The Al is the A66,0.08110444992780685,1,1,1
5766,"Answer the question concisely. Q: ""Which actor, best known for his role in """"The Godfather"""" series of films, shares his name with a member of TV's """"Dragon's Den""""?"" A:","['James Con', 'James Caan (actor)', 'James Cuhn', 'James Kawn', 'Caan, James', 'Sheila Marie Ryan', 'James Kon', 'James Caan', 'James Kaan', 'JAMES CAAN', 'Jimmy Caan', 'James Kohn', 'James Konn', 'James Conn', 'James Cawn']",Al Pacino,0.23796597123146057,1,1,1
5768,"Answer the question concisely. Q: Who, during a radio microphone test in 1984 said, 'I just signed legislation which outlaws Russia forever The bombing begins in five minutes? A:","['President Regan', ""Ronald Reagan's Alzheimer's letter"", 'Ronald W Reagan', '40th President of the United States', 'Reagan', 'Reaganian', 'Ronald Reagon', 'Reagen', 'Ronnie Reagan', 'Public image of Ronald Reagan', 'Ronald Reagan presidential campaign, 1976', 'Ronald Reagan', 'Reagan, Ronald', 'Reagan, Ronald Wilson', 'President Reagan', 'Reagan (president)', 'Health of Ronald Reagan', 'President Ronald Reagan', 'Ronald Reagan Centennial Commission Act', 'Ronald reagan', 'Reaganesque', 'Reaganite', 'Ronald Raegen', 'Ronald regean', 'Ronald Wilson Reagan', 'Ronald Regan', 'Ronald Reagan Centennial Commission', 'Dutch Reagan', 'Ronaldus Magnus', 'Ronald Reagen', 'Cultural and political image of Ronald Reagan', 'Ronal Reagan', 'Reagan Ronald', 'Ronald Raegan', 'Ronald W. Reagan']",Ronald Reagan,0.9352424740791321,0,0,0
5797,Answer the question concisely. Q: Clement (Clym) Yeobright is a leading character in which novel? A:,"['Return of the native', 'Diggory Venn', 'Return Of The Native', 'Return of the Native (novel)', 'Eustacia Vye', 'The return of the native', 'Thomasin Yeobright', 'The Return of the Native', 'Return of the Native']",The Return of the Native by Thomas Hardy,0.7854651212692261,0,0,0
5808,"Answer the question concisely. Q: Described as 'the paramount icon of our age', who did 'Time' Magazine name as the person of the 20th century? A:","['Albert Enstien', 'A Tribute to Einstein', 'ALBERT EINSTEIN', 'Albert Einstien', 'Einstein (physicist)', 'Einsetein', 'Albert Einstin', 'Einstien', 'Albert Eienstein', 'Albert Einstein', 'Einstein, Albert', 'Albert Enstein', 'Einsteinian', 'Alber Enstien', ""Albert Einstein's"", 'Einstein', 'Einstien, Albert', 'A. Einstein', 'Al Einstein', 'Albert einstein', 'Alber Einstein']",The Pope,0.1298462152481079,1,1,1
5811,Answer the question concisely. Q: Name the Latvian born dancer from the Kirov Ballet who defected to the West in 1974. A:,"['Mikhail Nikolayevich Baryshnikov', 'Barishnikov', 'Mikhail Barishnikov', 'MIKHAIL BARYSHNIKOV', 'Mikhail Nikolaevich Baryshnikov', 'Michael Baryzchnikow', 'Mikhail Baryshnikov', 'Baryshnikov, Mikhail']",Mikhail Baryshnikov,0.9805746078491211,0,0,0
5816,"Answer the question concisely. Q: ""Which European capital's English name is taken from """"black pool"""" in its native language?"" A:","['UN/LOCODE:IEDUB', 'Dublin city center', 'City Centre, Dublin', 'Dublin, Ireland', 'BÁC', 'Baile Atha Cliath', 'Baile átha Cliath', 'Dublin City Center', 'Central Dublin', 'Dublin Culture', 'Dublin (Ireland)', 'The weather in Dublin', 'Dubh Linn', 'Dublin', 'Dublin City, Ireland', 'Dublin City Centre', 'Capital of Republic of Ireland', 'Dublin city centre', 'Capital of Ireland', 'City Center, Dublin', 'Europe/Dublin', 'Dyflin', 'City of Dublin', 'Visitor Information for Dublin, Ireland', 'Capital of the Republic of Ireland', 'Dublin, County Dublin', 'Dublín', 'West Dublin', 'Dublin (city)', 'Dublin, Republic of Ireland', 'Baile Átha Cliath']","""Which European capital's English name is taken from """"black pool"""" in its native language",0.22780939936637878,1,1,1
5823,Answer the question concisely. Q: Which controversial movement was founded in 1928 by the Spaniard Josemaria Escriva de Balaguer y Albas? A:,"['The Prelature of the Holy Cross and Opus Dei', 'Opus dei', 'ODAN', 'Personal Prelature of the Holy Cross and Opus Dei', 'Personal prelature of Opus Dei', 'Opus Dei', 'Opus Dei Awareness Network', 'Opus Dei: Sources of controversies', 'Opus Dei: Allegations of being a cult', 'Prelature of the Holy Cross and Opus Dei']",Opus Dei,1.0045113563537598,0,0,0
5824,"Answer the question concisely. Q: Which British periodical was founded by Joseph Addison and Richard Steel in 1711, the current magazine bearing the title was launched in 1828? A:","['The Spectator', 'The Spectator (1828)', 'Spectator (1828)', 'Spectator Australia', 'William Cash (journalist)', 'Spectator.co.uk', 'Spectator Awards', 'The Spectator Australia']",The Spectator,0.9456609487533569,0,0,0
5829,Answer the question concisely. Q: Who was the Republican Presidential Nominee in the 2008 American Election? A:,"['Jon McCain', 'Senator J McCain', 'John S McCain III', 'John McCain III', 'Jon MacCain', 'John McCain', 'John MacCain', 'John MaCain', 'Jon mcCain', 'John Mc Cain', 'John Sydney McCain', 'John McKain', 'Sen. John McCain', 'McCain, John', 'John mcain', 'Jon mccain', 'Senator McCain', 'John Sydney McCain III', 'John Sidney McCain', 'John MCCaine', 'Sen. McCain', 'John mccain', 'John Sidney McCain III', 'John Sidney McCain IV', 'John McKaine', 'John McCaine', 'John S. McCain', 'Senator John McCain', 'John S. McCain, III', 'John Mccain', 'John McCane', 'John S. McCain III']",John McCain,0.9535026550292969,0,0,0
5833,Answer the question concisely. Q: Snail porridge is a dish associated with which famous chef? A:,"['The Big Fat Duck Cookbook', 'Heston Blumenthal', 'Heston blumental']",Ferran Adria,0.14630703628063202,1,1,1
5835,Answer the question concisely. Q: Who created the Barry McKenzie cartoon strip in the 1960s? A:,['Barry Humphries'],Barry Humphries,0.9778591394424438,0,0,0
5837,Answer the question concisely. Q: Basutoland is now known as what? A:,"['Lestho', 'Lesothans', 'Leshoto', 'Lethoto', 'Culture of Lesotho', 'Lesothan', 'Lesotho', 'Kingdom of Lesotho', 'Administrative divisions of Lesotho', 'ISO 3166-1:LS', 'Health care in Lesotho', 'Losotho', 'Health in Lesotho', 'Lesoto', 'Kingdom of lesotho', 'The Kingdom of Lesotho']",Lesotho,0.8833739757537842,0,0,0
5854,Answer the question concisely. Q: When Alexander the Great had an Empire to which Asian Country did it stretch? A:,"['ഭാരത മഹാരാജ്യം', 'هندستانڀارت،', 'भारतीय गणराज्याच्या', 'Bhārtiya Prajāsattāk', 'Indian Republic', 'ভারতরাষ্টৃ', 'Indian republic', 'ಭಾರತ ಗಣರಾಜ್ಯ', 'Union of India', 'இந்தியக் குடியரசு', 'भारतीय प्रजासत्ताक', 'India (country)', 'ISO 3166-1:IN', 'Indea', 'Etymology of India', 'ভারত গণরাজ্য', 'Republic Of India', 'INDIA', 'ભારતીય ગણતંત્ર', 'ভারত', 'Republic of India', 'Les Indes', 'Bhārat Gaṇarājya', 'جمہوٗرِیت بًارت', 'भारतमहाराज्यम्', 'Indya', 'Bharat Ganrajya', 'جمہوریہ بھارت', 'இந்திய', 'ଭାରତ ଗଣରାଜ୍ଯ', 'भारत गणराज्य', 'Republic of india', 'जुम्हूरियत भारत', 'Hindio', 'The Republic of India', 'భారత గణతంత్ర రాజ్యము', ""India's"", 'Hindistan', 'ਭਾਰਤ ਗਣਤੰਤਰ', 'Bhart', 'India', 'భారత రిపబ్లిక్', 'India.', 'ভাৰত গণৰাজ্য', 'Indian State', 'ISO 3166-1 alpha-3/IND', 'ভারতীয় প্রজাতন্ত্র']",India,0.7844386100769043,0,0,0
5867,Answer the question concisely. Q: In Camberwick Green on Children's TV who was the commander of Pippin Fort? A:,['CAPTAIN SNORT'],The commander of Pippin Fort was Pippin Fort,0.24190135300159454,1,1,1
5871,Answer the question concisely. Q: In music how many crotchets make up a semibreve? A:,"['FOUR (New Zealand TV Channel)', 'FOUR (TV channel) NZ', 'Four (New Zealand TV Channel)', 'Four (New Zealand)', 'FOUR (New Zealand TV channel)', 'FOUR', 'Four (New Zealand TV channel)', 'FOURtv', 'Four (TV Channel) NZ', 'FOUR (New Zealand)']",4.,0.06511309742927551,1,0,0
5873,Answer the question concisely. Q: Under what sign of the Zodiac is someone who has their birthday on Christmas Day? A:,"['Capricorni', 'Capricorn', 'Capricorne', 'Capricorn (disambiguation)', 'Capricorn (album)', 'Capricorns', 'CAPRICORN']",Capricorn,0.9778436422348022,0,0,0
5883,"Answer the question concisely. Q: What is the surname of the father and son who rode Grand National winners, L'Escargot in 1975 and Bobbyjo in 1999? A:","['Carberry', 'Carberry (disambiguation)']",Lester and Peter Piggott,0.11110695451498032,1,1,1
5895,"Answer the question concisely. Q: In John Bunyan's Pilgrim's Progress, where did the Giant Despair live? A:","['Delectable Mountains', 'The pilgrims progress', ""Pilgram's Progress"", ""Pilgrim's Progress"", ""The Pilgrim's Progress"", ""Pilgrim's proress"", 'Hill Difficulty', ""The Pilgrim's Progress from This World to That Which Is to Come"", 'Timorous', 'DOUBTING CASTLE', 'Mrs. Timorous', 'Pilgrim s Progress', 'Doubting Castle', 'Pilgrim’s Progress', 'Pilgrims Progress', ""House Beautiful (Pilgrim's Progress)"", 'The Pilgrim’s Progress']",In the Valley of Humiliation,0.33376938104629517,1,1,1
5906,"Answer the question concisely. Q: Which car company invented the three point seatbelt system, but refused to patent it, allowing all other car companies to use it free of charge in an effort to increase road safety? A:","['Glossary of Volvo features', 'Volvo Group', 'The Volvo Group', 'Aktiebolaget Volvo', 'AB Volvo', 'AB Volvo USA', 'Volvo', 'Volvo ReCharge Concept', 'Volvo Aktiebolaget', 'Volvo AB', 'Volvokoncernen']",Volvo,0.7489024996757507,0,0,0
5910,Answer the question concisely. Q: In which country is the Deccan Plateau? A:,"['ഭാരത മഹാരാജ്യം', 'هندستانڀارت،', 'भारतीय गणराज्याच्या', 'Bhārtiya Prajāsattāk', 'Indian Republic', 'ভারতরাষ্টৃ', 'Indian republic', 'ಭಾರತ ಗಣರಾಜ್ಯ', 'Union of India', 'இந்தியக் குடியரசு', 'भारतीय प्रजासत्ताक', 'India (country)', 'ISO 3166-1:IN', 'Indea', 'Etymology of India', 'ভারত গণরাজ্য', 'Republic Of India', 'INDIA', 'ભારતીય ગણતંત્ર', 'ভারত', 'Republic of India', 'Les Indes', 'Bhārat Gaṇarājya', 'جمہوٗرِیت بًارت', 'भारतमहाराज्यम्', 'Indya', 'Bharat Ganrajya', 'جمہوریہ بھارت', 'இந்திய', 'ଭାରତ ଗଣରାଜ୍ଯ', 'भारत गणराज्य', 'Republic of india', 'जुम्हूरियत भारत', 'Hindio', 'The Republic of India', 'భారత గణతంత్ర రాజ్యము', ""India's"", 'Hindistan', 'ਭਾਰਤ ਗਣਤੰਤਰ', 'Bhart', 'India', 'భారత రిపబ్లిక్', 'India.', 'ভাৰত গণৰাজ্য', 'Indian State', 'ISO 3166-1 alpha-3/IND', 'ভারতীয় প্রজাতন্ত্র']",India,0.7844386100769043,0,0,0
5915,Answer the question concisely. Q: Titan is a satellite of which planet? A:,"['Saturn (astronomy)', ""Saturn's"", '♄', 'Sol-6', 'Saturno (planet)', 'Sol 6', 'Planet Saturn', 'SATURN', 'Saturnus (planet)', '6th planet', 'Saturn (Planet)', 'Atmosphere of Saturn', 'Weather of Saturn', 'Sixth planet', 'Sol VI', 'Sun g', 'Saturn', 'Sol g', 'Saturn (planet)', 'Astronomy Saturn']",Saturn,0.7774461507797241,0,0,0
5931,Answer the question concisely. Q: Which RAF rank equates to the Army rank of Major General? A:,"['Air vice Marshal', 'Air vice-marshal', 'A/V/M', 'Air vice marshal (Australia)', 'Air Vice Marshal (Australia)', 'Air vice marshal', 'Air Vice-Marshall', 'Air Vice-Marshal', 'Air Vice Marshall', 'Air Chief Commandant', 'Air Vice Mshl', 'Air Vice-Mshl', 'Air Vice Marshal', 'Air-Vice Marshal', 'Air chief commandant', 'Air vice-marshal (Australia)']",Wing Commander,0.38404127955436707,1,1,1
5934,"Answer the question concisely. Q: In January 2010, who became the first mother to win the Australian Open Tennis Championships since Evonne Goolagong in the 1970's? A:","['Clijsters, Kim', 'Kim Kong', 'Clijsters', 'Kim Clisters', 'Kim Clijsters']",Serena Williams,0.26620572805404663,1,1,1
5969,Answer the question concisely. Q: Ur was a major city of which ancient civilization? A:,"['SUMER', 'Sumeria', 'Sumerian people', 'Sagiga', 'Sumerologist', 'Summerians', 'Sumer', 'Sumerian culture', 'Sumers', 'Sag-giga', 'Sumerian civilization', 'Ancient Sumerian', 'Šumer', 'Sumerians', 'Sumeric', 'Sumer Empire', 'Sumerian cultural centres: Eridu and Nippur', 'Discription of Sumerians', 'Ancient Sumer (Eight Features of Civilization)', 'Shumer', 'Sumer civilization']",Mesopotamia.,0.6105550527572632,0,1,1
5985,Answer the question concisely. Q: Who was the last British Prime Minister to represent a Welsh constituency? A:,"['James Callaghan (1912-2005)', 'Leonard James Callaghan, Baron Callaghan of Cardiff', 'Lord Callaghan', 'Jim Callaghan', 'Lord Callaghan of Cardiff', 'James Callaghan, Baron Callaghan', 'Lord James Callaghan', 'James, Baron Callaghan of Cardiff Callaghan', 'Premiership of James Callaghan', 'JAMES CALLAGHAN', 'Baron Callaghan of Cardiff', 'James Callaghan', 'Leonard James Callaghan', 'James Callaghan, Baron Callaghan of Cardiff']",David Lloyd George,0.25970160961151123,1,1,1
5998,Answer the question concisely. Q: Which country scored the first goal in the 2010 World Cup tournament? A:,"['South africa', ""South Africa's"", 'Southafrica', 'Third Republic (South Africa)', 'Republiek van Suid-Afrika', ""Sou'frica"", 'Zuid Afrika', 'Zuid-Afrika', 'ISO 3166-1:ZA', 'South-African', 'S Africa', 'Zuid Africa', 'Mzansi', 'Afrique du sud', 'Zuidafrika', 'Ningizimu Afrika', 'Capital of South Africa', 'Suid-Afrika', 'South-Africa', 'Rep. of SOUTH AFRICA', 'The Republic of South Africa', 'Suid Africa', 'Azania/South Africa', 'S Afr', 'Saffa', 'South African', 'Seth efrika', 'South Africa', 'Soufrica', 'Republic of south africa', 'South Africaà', 'The Beloved Country', 'S. Africa', 'Rep. of South Africa', 'South Africans', 'Republic of South Africa']",South Africa,0.9557985663414001,0,0,0
6023,Answer the question concisely. Q: Which music act took its name from a Bernard Cribbins hit record? A:,"['RIGHT SAID FRED', 'Rob Manzoli', 'Right said fred', 'Fred Fairbrass', 'Right Said Fred']",The Hollies,0.13753215968608856,1,1,1
6025,Answer the question concisely. Q: Which monarch said 'Will no-one rid me of this turbulent priest'? A:,"['Henry II', 'Henry ii', 'Enrico II', 'Enrique II', 'Heinrich II', 'Henri II', 'Hendrik II', 'Henry 2', 'Henry Ii', 'Henry the Second', 'Henry II (disambiguation)', 'King Henry II']",King Henry II,0.9929596185684204,0,0,0
6034,"Answer the question concisely. Q: Which 'literary' nickname has been given to the extinct species of man, discovered in Indonesia 2003, named Homo Floresiensis? A:","['Hobbits', 'Periannath', 'Hobbitish', 'Fallohides', 'Pheriannath', 'Stoor', 'Holbytla', 'Kuduk', 'Holbyta', 'JRR Tolkien/Hobbits', 'Hobbit hole', 'Harfoots', 'Fallohide', 'Smial', 'Harfoot', 'A hobbit', 'Hobit', 'Hobbit (Tolkien)', 'Hobbit', 'Hobbit-hole', 'Stoors', 'Hobbit holes', 'Hobbitry', 'Holbytlan', 'Hobbitses']",Hobbit,0.8927128314971924,0,0,0
6072,Answer the question concisely. Q: The naval Battle of Coronel took place during which war? A:,"['WORLD WAR I', 'World war i', 'The Great War', 'WW1', 'World war I', 'WorldWar1', 'WW-I Crusade', '1914–1918 war', 'First world war', 'Word War I', 'Ist world war', 'WW I', 'The First World War', 'World War one', 'WW!', 'World war 1', 'Worldwarone', 'W.W. I', 'Ww1', 'WwI', 'I World War', 'W.W.1', '1st World war', 'War World I', 'World War 1', 'World War I', 'World War, 1914-1918', 'The great war', 'W.W.I', '1914 to 1918', 'World War One', 'Great War', '2w1', '1914-1918', '1st World War', 'First World War', '1914-18 War', 'WorldWarOne', 'First World World', 'WW-I', 'Outbreak of World War I', 'The 1st World War', '14-18 War', 'World War l', 'World War Ⅰ', 'Wolrd War 1', 'Wwone', 'Great war', 'World war one', 'First Great War', 'WWI', 'War of 14-18', 'WW 1', 'One world war', 'Wwi']",The naval Battle of Coronel took place during the First World War,0.39112383127212524,1,0,0
6080,Answer the question concisely. Q: Which zodiac sign is between Libra and Sagittarius? A:,"['Scorpio', 'Skorpio', 'SCORPIO', 'Scorpio (disambiguation)']",Scorpio,1.0145975351333618,0,0,0
6082,Answer the question concisely. Q: What is the collective name for a group of hawks or falcons? A:,"['CAST', 'CAST (disambiguation)']",A kettle,0.054145216941833496,1,1,1
6095,Answer the question concisely. Q: In which book did Edgar Linton marry Catherine Eamshaw? A:,"['Wutherin heights', 'WUTHERING HEIGHTS', 'Wuthering', 'Thrushcross Grange', 'Wuthering Heights', 'Wuthering heights', 'Frances Earnshaw']",Wuthering Heights,0.9889980554580688,0,0,0
6110,"Answer the question concisely. Q: Crocodile, goblin and greenland are types of which fish? A:","['Sharks', 'Shark', 'Selachimorpha', 'Sharkes', 'Selachian', 'Shark senses and behaviors', 'Shark behaviour', 'Shark taxonomy', 'Selachoidei', 'Sharkie', 'Selachimorph', 'Latin names of sharks', 'Selachii', 'Selachians']",Shark,0.9221653342247009,0,0,0
6126,"Answer the question concisely. Q: Following the break-up of The Beatles, what was the title of George Harrison's first solo album? A:","[""It's Johnny's Birthday"", 'All Things Must Pass', 'Thanks for the Pepperoni', 'George Harrison: All Things Must Pass', 'Nowhere to Go (song)', 'Mother Divine (song)', 'Apple Jam', 'When Everybody Comes to Town', 'All Things Must Pass (album)', 'Window, Window', 'All Things Must Pass (30th Anniversary Edition)', 'I Remember Jeep', 'Out of the Blue (George Harrison song)', 'Down to the River (George Harrison song)', 'Going Down to Golders Green', 'Plug Me In (song)', 'Om Hare Om', 'Gnome Records', 'Gopala Krishna (song)', 'Tell Me What Has Happened with You', 'Dehradun (song)', 'Cosmic Empire']",All Things Must Pass,0.9689621925354004,0,0,0
6134,Answer the question concisely. Q: Which actress is the mother of actress Carrie Fisher? A:,"['Debbie Reynolds', 'Reynolds, Debbie', 'DEBBIE REYNOLDS']",Debbie Reynolds,0.9562292695045471,0,0,0
6137,"Answer the question concisely. Q: Prior to 1925, how was Oslo known? A:","['Christiania', 'Christiania (disambiguation)', 'CHRISTIANIA', 'Cristiania']",Oslo was known as Kristiania,0.26244139671325684,1,0,1
6147,Answer the question concisely. Q: In which pastime/game would you use the Forsyth-Edwards Notation or the GBR code? A:,"['Chess (disambiguation)', 'Chess (application)', 'CHESS', 'Chess (film)']",Chess,0.44892418384552,1,0,0
6156,"Answer the question concisely. Q: ""Which of the United States is known as the """"Sunflower"""" state?"" A:","['Kans.', 'Demographics of Kansas', 'Economy of Kansas', 'Kansasanian Soviet Socialist Republic', 'KANSAS', 'Politics of Kansas', 'Law of Kansas', 'Climate of Kansas', 'Kan.', 'Cansas', 'Kansas', 'State of Kansas', 'Geography of Kansas', 'Culture of Kansas', 'Transportation in Kansas', 'KS, USA', 'Thirty-fourth State', 'Brownbackistan', 'Sunflower State', 'Transport in Kansas', 'Religion in Kansas', 'The Sunflower State', 'Kansas (State)', 'Sports in Kansas', 'Thirty-Fourth State', 'Kansas (U.S. state)', 'Kansas, United States', '34th State', 'Kansas (state)']","""Kansas.""",0.756820797920227,0,0,0
6170,Answer the question concisely. Q: Which South Korean city was the venue of the 2011 World Athletics Championships? A:,"['Gu Nam Middle School', 'Taiku', '大邱', 'Taeku', 'Dae Gu', 'Taykwu', 'Taegu Metropolitan City', ""Daegu Gwang'yeogsi"", 'Daegu, South Korea', '대구시', 'Dongdo middle school', 'Daegu Autonomous City', 'Taegu', 'Daegu International School', 'Daegoo-Si', 'Taegu City', 'Dongdo Middle School', 'Daegu', 'Taegu, Korea', 'Taegu Metropolitan City, South Korea', 'Teagu', 'Autonomous City of Daegu', 'Daegu Municipality', 'Daegu Metropolitan City', 'Daegu International Financial Center', 'Daqiu', 'Dong-Pyeong Middle School', 'Taegu, Daegu', 'DaeChun Elementary School', 'City of Daegu', 'Daegu International Financial Centre', 'Metropolitan City of Daegu', 'Municipality of Daegu', 'Daegoo', '대구', 'Taegu-Kwangyokshi']",Daegu,1.0110406875610352,0,0,0
6176,Answer the question concisely. Q: Which English king stole The Stone of Scone from Scone Palace? A:,"['Edward the First', 'Longshanks', 'Edward i of england', 'Edward the Longshanks', 'Edward I Longshanks', 'Edward Longshanks', 'Edward I of England', 'Edward I', 'King Edward 1st', 'Edward I (England)', 'Overlord of Scotland', 'Edward I Longshanks of England', 'Edward I, King of England', 'King Edward I', 'Edward I Plantagenet', 'EDWARD I', 'Edward Longshanks, Hammer of the Scots', 'King Edward I of England', 'Edward 1', 'Lord Paramount of Scotland', 'Malleus Scotorum', 'Edward I, King of the English']",Edward I,1.0228031873703003,0,0,0
6186,Answer the question concisely. Q: Who was the friend of Little Jackie Paper? A:,"['Honalee', 'Puff, the magic dragon', 'Puff the Magic Dragon', 'Puff, the Magic Dragon', 'Puff the magic Dragon', 'Puff the magic dragon', 'Honah Lee', 'Jackie Paper', 'Puff, The Magic Dragon']",The Kangaroo,0.17281660437583923,1,1,1
6187,Answer the question concisely. Q: The folk song Johnny Todd is the signature tune for which 60s TV cop series? A:,"['Z Cars', 'Z cars', 'Bert Lynch', 'Z-Cars', 'Charlie Barlow', 'Z-cars']",Dragnet,0.12671300768852234,1,1,1
6191,Answer the question concisely. Q: The ESA was 35 years old in 2010. For what does the S stand? A:,"['Space', 'Spacial', 'Physical space', 'Space (astronomy)', 'Three-Space', 'Space (physics)', 'Three-space', 'Space (philosophy)', 'Geometrical space']",The S stands for the “Science” of the ESA,0.2395954132080078,1,1,1
6197,Answer the question concisely. Q: What name is given to the elements with atomic numbers from 89 to 103 in the periodic table? A:,"['Actinide Series', 'Radioactive rare earth element', 'Actinoids', 'Actinide series', 'Actinide elements', 'Actinides', 'Actinide metal', 'Actinide element', 'Actinide', 'Actinoid series elements', 'Actinide Element', 'Actinoid', 'Actinium Series', 'Actinoid elements']",Actinides,0.9912968277931213,0,0,0
6204,Answer the question concisely. Q: Kwells tablets are taken to prevent which ailment? A:,"['Carsicky', 'Simulation sickness', 'Mal de mer', 'Car sickness', 'TRAVEL SICKNESS', 'Carsick', 'Travel sickness', 'Motion sickness', 'Gaming sickness', 'Carsickness', 'Benzylamine hydrochloride', 'Kinesia', 'Car-sickness', 'Car sick', 'Kinetosis']",Kwells tablets are taken to prevent malaria,0.14624080061912537,1,1,1
6234,Answer the question concisely. Q: What was Shakespeare's shortest play - written in 1594? A:,"['The Comedie of Errors', 'The Comedy of Errors', 'The Comedy Of Errors', 'Angelo (The Comedy of Errors)', 'Aegeon', 'A Comedy of Errors', 'Comedy of Errors', 'Comedy Of Errors', 'Dromio', 'Comedy of Errors (play)', 'The Comedie of Errors.']",The Comedy of Errors,0.9750049114227295,0,0,0
6235,Answer the question concisely. Q: Who was housekeeper to Sherlock Holmes? A:,"['Mrs hudson', 'Mrs Hudson', 'Inspector Stanley Hopkins', 'Wiggins (Sherlock Holmes character)', 'Sherrinford Holmes', 'Minor Sherlock Holmes characters', 'Tobias Gregson', 'Mrs. Hudson', 'Inspector Bradstreet', 'Inspector Hopkins', 'Sherlock Holmes Character', 'Mrs Watson (Mary Morstan)', 'Raffles Holmes', 'Athelney Jones', 'Inspector Baynes', 'Stanley Hopkins', 'Shinwell Johnson', 'Wiggins (character in Sherlock Holmes stories)', 'Mrs. hudson', 'Mary Morstan', 'Inspector Gregson']",Mrs. Hudson,0.930141031742096,0,0,0
6238,Answer the question concisely. Q: Montmorency is a variety of which fruit? A:,"['Che.r.ry', 'CHERRY', 'Cherry (Yui song)', 'CHE.R.RY', 'Che.R.Ry']",Cherry,0.5298466682434082,0,0,0
6239,"Answer the question concisely. Q: What was the name of John Bunyan's autobiography, written in Bedford Gaol and published in 1666? A:","['Grace Abounding', 'GRACE ABOUNDING', 'Grace Abounding to the Chief of Sinners']",Grace Abounding to the Chief of Sinners,0.9711627960205078,0,0,0
6247,Answer the question concisely. Q: Who was the suffragette killed during the 1913 Derby? A:,"['Emily davidson', 'Emily Wilding Davison', 'Emily Davidson', 'Anmer (horse)', 'Emily Davison']",Emily Davison,0.9692550897598267,0,0,0
6263,"Answer the question concisely. Q: Dmitri, Ivan and Alexei are the eponymous central characters of which 1880 novel by Fyodor Dostoyevsky? A:","['The Brothers Kazamarov', 'Karamosov', 'Smerdyakov', 'Dmitry Fyodorvich Karamazov', 'The Brothers Karamazov', 'Pavel Fyodorovich Smerdyakov', 'Karamozov', 'Ivan Fyodorovich Karamazov', 'Karamazov', 'The Brothers Karamazov (novel)', 'Kolya Krassotkin', 'Pyotr Alexandrovich Miusov', 'Brothers Karamanzov', 'Brothers Karamozov', 'Ivan Karamazov', ""Brat'ya Karamazovy"", 'The Brothers Kazmarov', 'Bratya Karamazovy', 'Miuzov', 'Brothers Karamazov']",Crime and Punishment,0.12446340918540955,1,1,1
6266,Answer the question concisely. Q: Who is the present Prime Minister of the Irish Republic? A:,"['Finnuala Kenny', 'Finula Kenny', 'Fionnuala Kenny', ""Fionuala O'Kelly"", 'Enda kenny', 'Enda Kenny', 'Finnula Kenny', 'ENDA KENNY', ""Finnuala O'Kelly"", ""Fionnula O'Kelly"", 'A National Address By An Taoiseach Enda Kenny, TD', 'Fionuala Kenny', ""Finnula O'Kelly"", ""Finula O'Kelly"", 'Edna Kenny', ""Fionnuala O'Kelly"", 'Fionnula Kenny']",Leo Varadkar,0.23945322632789612,1,1,1
6276,"Answer the question concisely. Q: If a cricket match is curtailed because of inclement weather, what system is used to determine a result? A:","['D-L Method', 'Duckworth-Lewis', 'D/L method', 'Duckworth-Lewis system', 'Duckworth-Lewis method', 'Duckworth–Lewis method', 'Duckworth Lewis', 'Duckworth lewis method', 'Duckworth Lewis Method', 'D/L Method', 'DL Method', 'Duckworth–Lewis', 'Duckworth/Lewis method', 'Duckworth-Lewis Method', 'Duckworth Lewis system', 'DUCKWORTH-LEWIS', 'Duckworth Lewis method']",The Duckworth-Lewis method,0.7816635370254517,0,0,0
6292,Answer the question concisely. Q: Who scored Spain's winning goal in the final of the 2010 FIFA World Cup? A:,"['Andrés Iniesta Luján', 'Andrés Iniesta Lujan', 'Andrés Iniesta', 'Andres Iniesta Lujan', 'Andres Iniesta']",David Villa,0.2863337993621826,1,1,1
6317,"Answer the question concisely. Q: Supposedly a hangover cure, which drink consists of a raw egg, Worcestershire sauce and typically a hot sauce with condiments? A:","['Prairie Oyster', 'PRAIRIE OYSTER', 'Russell deCarle']",Bloody Mary,0.1467859447002411,1,1,1
6318,Answer the question concisely. Q: By what name was the artist Jacopo Comin (or Jacopo Robusti) better known? A:,"['Tintoretto, Il', 'Jacobo Robusti', 'Jacopo Tintoretto', 'Tintoretto', 'Jacopo Robusti', 'Tintoret', 'Little Dyer', 'Il Tintoretto']",Jacopo Tintoretto,1.0137664079666138,0,0,0
6324,Answer the question concisely. Q: Which Serbian football club is the only one from that country to win an UEFA completion? A:,"['Red Star Belgrade F.C', 'Red Star Belgrade F.C.', 'Crvena Zvezda FK', 'F.K. Crvena Zvezda', 'FK Estrella Roja', 'FK Crvena zvezda', 'Crevna zvezda', 'F.C. Red star Belgrade', 'Red Star Belgrade FC', 'Crvena zvezda FK', 'F.K. Crvena zvezda', 'FK crvena zvezda', 'FK Crvena Zvezda Beograd', 'Red Star Belgrade', 'Red Star Beograd', 'Fk crvena zvezda', 'Crvena zvezda Beograd', 'F.K. Crvena zvezda Beograd', 'Red star Belgrade FC', 'Crvena Zvezda F.K.', 'Red Star of Belgrade', 'Red star Belgrade', 'FC Crevna Zvezda', 'FC Red Star Belgrade', 'Red star Belgrade F.C.', 'Crvena Zvezda Beograd', 'Zvezdina zvezda', 'F.C Red Star Belgrade', 'FK Crvena Zvezda', 'Crvena zvezda F.K.', 'FK Crvena zvezda Beograd', 'RED STAR BELGRADE', 'FC Red star Belgrade', 'FK Red Star', 'F.K. Crvena Zvezda Beograd', 'F.C. Red Star Belgrade']",Red Star Belgrade,0.9966327548027039,0,0,0
6330,Answer the question concisely. Q: The name of what woodwind instrument is also that of a type of bean? A:,"['FLAGEOLET', 'Flageolet']",The clarinet,0.16210030019283295,1,1,1
6356,"Answer the question concisely. Q: Which American wit said, 'This is not a novel to be tossed aside lightly. It should be thrown with great force'? A:","['Constant Reader', 'Algonquin wit', 'Sunset Gun', 'Dot parker', 'Dorothy Parker', 'Dorothy Rothschild Parker', 'Dottie Parker', 'Dorothy Rothschild']",Mark Twain,0.22700896859169006,1,1,1
6368,Answer the question concisely. Q: Which is the only cactus fruit that is widely eaten? A:,"['Prickly Pear', 'Prickly pear (disambiguation)', 'Prickly-pear cactus', 'Prickly pears', 'Prickly pear', 'Prickly-pear', 'PRICKLY PEAR', 'Pricklypear']",Prickly pear,1.0243231058120728,0,0,0
6371,"Answer the question concisely. Q: ""Which make of car is advertised under the slogan """"Vorsprung Durch Technik""""?"" A:","['Audi Automobilwerke GmbH', 'AUDI', 'AUdi', 'Audi', 'AudI', 'Audi Aktien-Gesellschaft', 'Audi Q1', 'AUDi', 'Audi Sport', 'Audi AG', 'Audi Q6', 'AuDI', 'AuDi']","""Audi",0.7385801076889038,0,0,0
6382,Answer the question concisely. Q: In which town is the Octagon Theatre? A:,"['Bolton, Greater Manchester', 'Bolton, Lancashire', 'Bolton, Manchester', 'Bolton, England', 'Worktown', 'Bolton', 'Bolton, United Kingdom']",Stratford-upon-Avon,0.4975033402442932,1,1,1
6383,Answer the question concisely. Q: Who was the first female American astronaut? A:,"['Sally K. Ride', 'Sally Kristen Ride', 'Ride, Sally Kristen', 'Sally Ride', 'Sally Kirsten Ride', 'Dr. Sally Ride']",Sally Ride.,0.9068485498428345,0,0,0
6385,Answer the question concisely. Q: Anne Aston was a dizzy blonde hostess of which 1960s TV game show? A:,"['Bernie, the bolt!', 'The Golden Shot']",What's My Line,0.23911836743354797,1,1,1
6391,Answer the question concisely. Q: Which TV programme's 'experts' include Francis Prior and Phil Harding? A:,"['Timeteam', 'The Time Team Big Dig', 'Time Team']",Time Team,0.934272825717926,0,0,0
6403,"Answer the question concisely. Q: Introduced in 1908, for what does the B in the degree-equivalent course MBA stand? A:","['The business', 'The Business (disambiguation)', 'BUSINESS', 'The Business']",Business,0.5351731181144714,0,0,0
6412,Answer the question concisely. Q: Mitt Romney was Governor of which state 2003-7? A:,"['Masachusetts', 'Masshole Commonwealth', 'Massachusetts (state)', 'Massachusetts culture', 'Massachusetts, United States', 'Masachussetts', 'Commonwealth of Masachusetts', 'The Bay State', 'Commonwealth of Masachussets', 'Culture of Massachusetts', 'Commonwealth of Massachusetts', 'MA (state)', 'Massechusetts', 'Commonwealth of Masachusets', 'Commonwealth of Massachussets', 'Religion in Massachusetts', 'Masschusetts', 'Masachussets', 'Commonwealth of Massachussetts', 'Massachusetts', 'Transport in Massachusetts', 'Massachusite', 'Economy of Massachusetts', '6th State', 'Massitchusits', 'Massachsuetts', 'Commonwealth of Masachussetts', 'The Commonwealth of Massachusetts', 'Massachussets', 'Massachus', 'Massechussets', 'Transportation in Massachusetts', 'Massachusets', 'Masachusets', 'Mass.', 'Massachusetts state', 'Sixth State', 'Massachusites', 'Massacheusetts', 'Most Serene Commonwealth of Massachusetts', 'US-MA', 'Commonwealth of Massachusets', 'Massachussetts', 'Massachusetts (U.S. state)', 'Taxachusetts', 'State of Massachusetts', 'Massachusettes', 'Massachusettsan', 'Education in Massachusetts']",Massachusetts,0.834525465965271,0,0,0
6419,"Answer the question concisely. Q: ""Who painted """"Dedham Vale"""" and """"The Valley Farm""""?"" A:","['J Constable', '(John) CONSTABLE', 'John Constable']",John Constable,0.9636829495429993,0,0,0
6482,Answer the question concisely. Q: For which county did W G Grace play cricket for most of his career? A:,"['Gloucestershire, England', 'County of Gloucester', 'Gloucestershire (traditional)', 'Gloucestershire (administrative)', 'Gloucestershire (rump)', 'Windsoredge', 'Glouchestershire', 'Gloucestershire', 'Glos.', 'Gloucestershire, United Kingdom', 'Glocs']",Surrey,0.39302197098731995,1,1,1
6496,Answer the question concisely. Q: In which year were Queen Victoria and Prince Albert married; the uniform penny post introduced in the UK; Tchaikovsky was born? A:,"['1840', 'one thousand, eight hundred and forty']",1840,0.8252346515655518,0,0,0
6508,"Answer the question concisely. Q: ""Who presents """"The Unbelievable Truth"""" on BBC Radio 4?"" A:","['Dave Mitchell (disambiguation)', 'David B. Mitchell', 'David mitchell', 'Dave Mitchell', 'David Mitchell', 'David Mitchell (soccer)', 'Mitchell, David', 'David Mitchell (footballer)', 'David Mitchell (football)', 'David Mitchell (disambiguation)']","""David Mitchell",0.8883470892906189,0,0,0
6511,"Answer the question concisely. Q: Which Sanskrit word appears as a concept in both Buddhism and Hinduism, etc., and means Law or Natural Law? A:","['Dhamma', 'Dharma', 'Dharma (Buddhism)', 'Dharmas', '法', 'The dharma', 'Dharm', 'Dharmic', 'Dhammā', 'Fǎ']",Dharma,0.8763275146484375,0,0,0
6520,Answer the question concisely. Q: The Radio 5 Live show 'Fighting Talk' is hosted by which presenter? A:,['Colin Murray'],Colin Murray,0.9708422422409058,0,0,0
6531,Answer the question concisely. Q: Which art movement was pioneered by Pablo Picasso and George Braque? A:,"['Analytical Cubism', 'Cubistic', 'Multiple perspective', 'Synthetic cubism', 'Cubist artist', 'CUBISM', 'Cubists', 'Analytic cubism', 'Cubist painting', 'Cubist', 'Analytical cubism', 'Synthetic Cubism', 'Cubism', 'Analytic Cubism']",Cubism,0.929891049861908,0,0,0
6539,Answer the question concisely. Q: Which female singer won her second Mercury Music Prize in 2011 for her album let England Shake'? A:,"['PJH', 'Polly Harvey', 'Harvey, PJ', 'PJ Harvey', 'P.J. Harvey', 'Pj harvey', 'P J Harvey', 'P. J. Harvey', 'Polly Jean Harvey', 'P J HARVEY']",PJ Harvey,0.9824428558349609,0,0,0
6551,"Answer the question concisely. Q: Who, c1842, painted the picture Snowstorm - Steamboat off a Harbour's Mouth, now in the Tate? A:","['Turner collection', 'J.+M.+W.+Turner', 'Joseph W. Tuner', 'Turnerian', 'J.M.W. Turner', 'Turner Bequest', 'J.W.M. Turner', 'Joseph Mallard William Turner', 'Turner (painter)', 'J. M. W. Turner', 'J M W Turner', 'Joseph Mallord William Turner RA', 'JNW Turner', 'Joseph M. W. Turner', 'Joseph Mallord William Turner', 'JMW Turner', 'John Mallord William Turner', 'Joseph William Turner', 'Turneresque', 'J+M+W+Turner']",JMW Turner,0.9642165303230286,0,0,0
6557,Answer the question concisely. Q: Which US state is the least populated? A:,"['State of Wyoming', 'Wyoming state symbols', 'Wyoming (state)', 'Wyoming', 'Cowboy State', 'Geography of Wyoming', 'Education in Wyoming', 'Transport in Wyoming', 'Forty-Fourth State', 'Law and government of Wyoming', 'Constitution of the State of Wyoming', 'Symbols of the State of Wyoming', 'Wyoming metropolitan areas', 'Wyoming economy', 'Constitution of Wyoming', 'Demographics of Wyoming', 'Big Wonderful Wyoming', 'Wyoming counties', 'Sports in Wyoming', 'Equality State', 'Wyoming state nickname', 'The Equality State', 'Religion in Wyoming', '44th State', 'Wyomingite', 'US-WY', 'Wioming', 'Wyoming State Constitution', 'Economy of Wyoming', 'Wyoming factsheet', 'Transportation in Wyoming', 'Government of Wyoming', 'The Cowboy State', 'Politics of Wyoming', 'Wyomingites', 'Wyoming (U.S. state)', 'Wyoming, United States', 'Forty-fourth State', 'Wyo.', 'Climate of Wyoming']",Wyoming,0.8503310680389404,0,0,0
6576,"Answer the question concisely. Q: Which designer, artist and poet founded the Kelmscott Press in 1891? A:","['William Morris', 'Kelmscott Press', 'W. Morris', 'William morris', 'Kelmscott Chaucer', 'Morris, William']",William Morris,0.9637845754623413,0,0,0
6578,Answer the question concisely. Q: In literature and films Admiral Sir Miles Messery was better known as what? A:,"['ⓜ', 'Ⓜ', '🄜', '🅜', 'M', 'Ｍ', '🅼', 'M (letter)', '⒨', '🄼']",The man who invented the Messerschmitt,0.11050155758857727,1,1,1
6586,Answer the question concisely. Q: On which island is President Ulysses S.Grant burled? A:,"['Manhattan, New York (state)', 'Manhattan (NY)', 'Man hattan', 'Manhattan (New York)', 'Manhatten', 'New York County, NY', 'Cabrini Hospice', 'New York County, New York', 'Manhutton', 'Manhattan, United States', 'New York (Manhattan) County, New York', 'Island of Manhattan', 'Manhattan', 'Manhattan County', 'Manhatas', 'Manhattan, New York, US', 'Manhattan Schist', 'New York County (NY)', 'Manhattan (New York, N.Y.)', 'Manahachtanienk', 'Manhattan, NY', 'Borough of Manhattan', 'Manhatten, NY', 'Timeline of Manhattan history', 'City and County of New York', 'Manhattan schist', 'Mannados', 'Manhattanite', 'Manhattan trade', 'Government of Manhattan', 'Manhattan Island', 'County of New York', 'The 24$ deal', 'MANHATTAN', 'Ganono', 'Crosstown traffic (Manhattan)', 'Manhattan, New York City, New York', 'Manhattan (borough)', 'Manhattan, New York City', 'New York Island', 'County of Manhattan', 'Manhattan island', 'New York County', 'Manhatttan, New York', 'Manhattan, New York', 'New York (county)']",The island of Manhattan,0.8099826574325562,0,0,0
6588,Answer the question concisely. Q: Viva Forever' is a West End musical (2012) based on the music of 'which pop group? A:,"['Spice Girls solo discography', 'The Spice Girls', 'Now And Forever : The Greatest Hits (Spice Girls album)', 'Spice Girl', 'Suzanne Tinker', 'Lianne Morgan', 'Spice Girls', 'Solo spice girls discography', 'Spice girls', 'The Spice Girls Story: Viva Forever!', 'Touch (girl group)', 'SPICE GIRLS']",Spice Girls,0.9274994134902954,0,0,0
6597,Answer the question concisely. Q: What is the term for the thousands of rocky or icy bodies orbiting the sun between Jupiter and Mars? A:,"['Main asteroid belt', 'Asteroid belt', 'Main-belt asteroid', 'Main belt', 'Main-belt', 'Main Asteroid Belt', 'Inner Main-belt Asteroid', 'Outer Main-belt Asteroid', 'Main-belt Asteroid', 'Main belt asteroid', 'Main Belt', 'Inner asteroid belt', 'Asteroid field', 'Asteroidal dust', 'Main belt asteroids', 'Main Belt asteroid', 'Belt asteroid', 'Outer asteroid belt', 'Asteroid dust', 'Main-belt asteroids', 'Asteroid Belt', 'Outer main belt asteroid']",Asteroids,0.40501272678375244,1,0,0
6605,Answer the question concisely. Q: Which Jane Austen character rents Netherfleld Park? A:,"['Pride prejudice', 'Pride and predjudice', 'MR BINGLEY', 'Mr. Bingley', 'Mrs. Bennet', 'Pride and prejudice', 'Pride & Prejudice', 'Pride And Prejudice', 'Pride and Prejudice', 'Pride and Predjudice', 'Georgiana darcy', 'Pride and Prejudice (novel)', 'Georgiana Darcy', 'Jane Bennet', 'Lydia Bennet']",Mr. Collins,0.334961473941803,1,1,1
6629,Answer the question concisely. Q: What does a costermonger sell? A:,"['Fruiting', 'Friut', 'Fruiting Shrubs', 'Prutas', 'Bacca', 'Nutritious fruits', 'Simple fruit', 'Culture of fruits', 'Fruits', 'Fleshy fruit', 'Seed pod', 'Pod types', 'Fruit', 'Fruity']",Fruit and vegetables,0.5628509521484375,0,1,0
6645,Answer the question concisely. Q: In which county is Blacksticks Blue cheese produced? A:,"['Lancastershire', 'Lancashire, England', 'County Palatine of Lancaster', 'LANCASHIRE', 'The Red Rose County', 'County of Lancaster', 'Lancashire (England)', 'Lancashire County Palatine', 'Lancashire Administration County', 'Countie of Lancaster', 'Lancashire', 'Lancashire Enterprise Zone', 'County palatine of Lancaster']",In the county of Somerset,0.334439754486084,1,1,1
6681,Answer the question concisely. Q: The most southerly part of mainland Australia is in which state? A:,"['CIVI-TV', 'A Victoria', 'A-Channel Vancouver Island', 'A-Victoria', 'CTV Two Vancouver Island', 'A-Channel Victoria', 'CIVI-DT-2', 'VICTORIA', 'CTV Vancouver Island', 'A Vancouver Island', ""'A' Vancouver"", '%22A%22 Vancouver', '%22A%22 Vancouver Island', ""'A' Vancouver Island"", 'CIVI-DT', 'The New VI', 'CTV Two Victoria', ""'A' Victoria"", 'CIVI', '%22A%22 Victoria']",South Australia,0.15609857439994812,1,1,1
6686,Answer the question concisely. Q: Which instrument plays the A note to which the orchestra tunes before a performance? A:,"['Oboe (disambiguation)', 'OBOE', 'OBOE (disambiguation)']",The A note is played by the oboe,0.18881116807460785,1,1,1
6720,"Answer the question concisely. Q: Eunice was the mother of which New Testament figure, the recipient of two epistles from Saint Paul? A:","['Timothy', 'Timothy (disambiguation)', 'TIMOTHY']","Eunice was the mother of Timothy, the recipient of two epistles from Saint Paul",0.2535709738731384,1,0,0
6733,Answer the question concisely. Q: Which golfer is nicknamed 'El Niño'? A:,"['Sergio García', 'Sergio Garcia', 'SERGIO GARCIA']",Tiger Woods,0.13560861349105835,1,1,1
6736,Answer the question concisely. Q: Which actress played Lillie Langtree in the 1970s TV drama series Lillie? A:,"['Francesca Annis', 'FRANCESCA ANNIS']",Diana Rigg,0.43387115001678467,1,1,1
6742,Answer the question concisely. Q: Who played the Riddler in the original Batman TV series? A:,"['Gorshin', 'Frank Gorshin', 'FRANK GORSHIN']",Frank Gorshin,0.987981915473938,0,0,0
6754,Answer the question concisely. Q: In which London building do you find the Jerusalem Chamber? A:,"['Westminster Abbey', 'Abbey of Westminster', 'Westminister abby', 'St. Peter, Westminster', ""Westminster Palace, Westminster Abbey and Saint Margaret's Church"", ""St. Peter's, Westminster"", 'Collegiate Church of St Peter, Westminster', ""Westminster Abbey and St. Margaret's Church - Westminster Palace, Westminster Abbey and Saint Margaret's Church"", ""St Peter's Monastery, Westminster"", 'Westminster abby', 'Westminster abbey', 'Westmister Abbey', 'The Collegiate Church of St Peter at Westminster', ""St Edmund's Chapel, Westminster Abbey"", 'Westminister Abbey', ""St Peter's Church, Westminster""]",The Jerusalem Chamber is located in the Tower of London,0.328804075717926,1,1,1
6765,Answer the question concisely. Q: What is the French name for the English channel? A:,"['La Manche', 'British Sea', 'Mor Breizh', 'English channel', 'English Channel', 'EnglishChannel', 'Anglo-French Pond', 'The English Channel', 'Narrow seas', 'The Channel', 'Dover Traffic Separation System', 'British Channel', 'Channel Swimming', 'Mor Bretannek', 'English Chanel']",La Manche,1.0040173530578613,0,0,0
6773,Answer the question concisely. Q: A 'Clumber' is a breed of which dog? A:,"['Spaniel', 'Flushing spaniel', 'Flushing spaniels', 'Flushing Spaniels', 'Spaniels']",Clumber Spaniel,0.5941332578659058,0,1,1
6777,Answer the question concisely. Q: Which English football ground features the 'Holte End'? A:,"['Villa Park', 'Villa Park, England', 'Holte End', 'Doug Ellis Stand', 'Villa Park (stadium)', 'Trinity Road Stand', 'Holte end', 'Aston Lower Grounds']",Aston Villa,0.3197161555290222,1,1,1
6778,Answer the question concisely. Q: What is the distinctive colour of the soles of shoes designed by Christian Louboutin? A:,"['Red (colour)', 'Rgb(255, 0, 0)', 'Incarnadining', 'Rauður', 'Incarnadine', 'Red (political adjective)', 'FF0000', 'Red Movement', 'Red', 'Red (Colour)', 'Reddeners', 'Reddest', 'Reddened', 'Redishly', 'Firebrick red', 'Reddens', 'Reddener', 'Color red', 'Reddishness', 'Redly', 'Aztec red', 'Red (color)', '(255, 0, 0)', 'Raudur', 'Color/red', 'Redest', 'Redishness', 'Incarnadined', 'Incarnadines', 'Reddishly', 'List of terms associated with the color red', 'Redness']",Red,0.790594220161438,0,0,0
6795,Answer the question concisely. Q: Which unit of the Roman army was one tenth of a legion? A:,"['Cohort', 'Cohorts', 'Cohort (disambiguation)']",The cohort,0.6670873761177063,0,0,0
6804,Answer the question concisely. Q: The 'Angel of Christian Charity' in London is more commonly known by what name? A:,"['Illuminated advertisements of Picadilly Circus', 'Piccadilly Archer', 'Picardilly Circus', 'Piccadilly Circus', 'Piccadilly circus', 'Eros (Statue)', 'Piccadilly Circus illuminated signs', 'Shaftesbury Monument Memorial', '(Statue of) Eros', 'History of Piccadilly Circus', 'Picadilly Circus', 'Piccadilly Circus, London', 'Picadilly circus', 'London, Trocadero', 'Illuminated advertisements of Piccadilly Circus', 'Eros statue', 'The Statue of Eros']",The Salvation Army,0.22747421264648438,1,1,1
6809,Answer the question concisely. Q: Under what pseudonym did JK Rowling publish the book 'The Cuckoo's Calling'? A:,"['Robert Galbraith (disambiguation)', 'Robert Galbraith']",Robert Galbraith,0.9833782911300659,0,0,0
6822,Answer the question concisely. Q: Which county won the 2013 Cricket County Championship? A:,"['Durham (disambiguation)', 'The weather in Durham', 'Durham', 'Durham (city)', 'Durham City (county town)', 'Durham (Amtrak station)', 'DURHAM']",Yorkshire,0.3520212471485138,1,1,1
6834,Answer the question concisely. Q: What spirit is added to tomato juice to make a Bloody Maria? A:,"['Tequila Manhattan', 'Tequila fruit', 'Reposado', 'Tequilla', 'Tequila', '100%25 agave', 'Mixtos', 'Extra Añejo', 'List of Tequila brands', 'TEQUILA']",Vodka,0.28165721893310547,1,1,1
6837,Answer the question concisely. Q: Where does the draw for the Euromillions lottery prize usually take place? A:,"['Paříž', 'FRPAR', 'Paris', 'Name of paris and its inhabitants', 'Paname', 'Paris France', 'Ville Lumière', 'Leucetia', 'Rue de Ménilmontant', 'Paris agglomeration', 'France Paris', 'Sports in Paris', 'Departement de Paris', 'Paris, Ile-De-France', 'Rue de Menilmontant', 'UN/LOCODE:FRPAR', 'Paříži', 'Ville Lumiere', 'Paris, France', 'Paris, Île-de-France', 'Paris, Île-de-France, France', 'Parijs', 'Parisien', 'Cuisine of Paris', 'Suburbs of Paris', 'Sport in Paris', 'The weather in Paris', 'Parisian (person)', 'Parizi', 'París', 'Name of Paris and its inhabitants', 'Paree', 'Paris, Europe', 'Paris, Banks of the Seine', 'Paris (etymology)', 'Paris (France)', 'The City of Love (city)', 'Département de Paris']","In Paris, France",0.7688915133476257,0,0,0
6856,Answer the question concisely. Q: Which St Helens born ex Rugby League player died recently after a seven year battle with cancer during which he raised thousands of pounds for charity? A:,"['Stephen Prescott', 'Steve Prescott', 'STEVE PRESCOTT']",Paul Sculthorpe,0.3064923882484436,1,1,1
6861,Answer the question concisely. Q: In the Old Testament of the Bible who was the father of David? A:,"['Jesse (given name)', 'Yishai', 'Yishay', 'Jesse(given name)', 'Jesse', 'יִשַׁי']",King Saul,0.5096454620361328,0,1,1
6863,"Answer the question concisely. Q: Which island known as Ynys Gybi in Welsh, lies just off the west coast of Anglesey? A:","['Holy Island (disambiguation)', 'Holy Island', 'Holy Isle (disambiguation)', 'Holy Isle']",Holy Island,0.9906858205795288,0,0,0
6870,Answer the question concisely. Q: What colour is the heraldic colour gules? A:,"['Red (comics)', 'Red (song)', 'Red (comic)', 'Red (album)', 'Red (film)', 'R.E.D.', 'Red (disambiguation)', 'RED']",Red,0.4661584496498108,1,0,0
6890,Answer the question concisely. Q: Which Liverpool street was named as 'The Great Street 2013' in the National Urbanism Awards? A:,"['Hope St', 'Hope st', 'Hope Street']",Bold Street,0.3190128803253174,1,1,1
6921,Answer the question concisely. Q: In which of Thomas Hardy's novels is Bathsheba Everdene the heroine? A:,"['Far from the Madding Crowd', 'Far from the Madding Crowd (novel)', 'Far From The Madding Crowd', 'Far From the Madding Crowd', 'Gabriel Oak', 'Far from the madding crowd', 'Bathsheba Everdene']",Far from the Madding Crowd,0.9686235189437866,0,0,0
6922,Answer the question concisely. Q: On which river is Shrewsbury? A:,"['Seven Boar', 'Severn river (great britain)', 'Afon Hafren', 'Severn Vale', 'Severn River (Great Britain)', 'River Severn', 'Severn', 'The Severn River']",On the Severn,0.4810371994972229,1,0,0
6928,"Answer the question concisely. Q: In feet, how wide is a singles tennis court? A:","['twenty-seven  distance', '27 distance', '27 feet']",78 feet,0.47996532917022705,1,1,1
6937,Answer the question concisely. Q: The Andaman Sea is part of which ocean? A:,"['Indian (disambiguation)', 'INDIAN', 'Indian (Asian)', 'Indians', 'Indian', 'Indian (film)', 'Indian (Americas)']",The Andaman Sea is part of the Indian Ocean,0.374261736869812,1,1,1
6941,"Answer the question concisely. Q: The People Party, founded in Coventry in 1972, changed its name in 1975 and again in 1985. The party is represented in Parliament, the Lords and the European Parliament, how is it now known? A:","['The Green Party', 'Green Party (disambiguation)', 'Green party (disambiguation)', 'GreenParty', 'Greens Party', 'Green Party', 'Organized Green Party']",The Green Party,0.9695839285850525,0,0,0
6958,"Answer the question concisely. Q: Which organisation was founded in Ontario, Canada in 1897 by Adelaide Hoodless? A:","[""Women's Guild"", ""National Federation of Women's Institutes"", ""Women's Institute"", ""Women's Institutes"", 'National Federation of Women’s Institutes', ""British Women's Institute"", ""Women's Institute (British)"", 'British Women Institute', 'Women’s Institute', 'NFWI', ""WOMEN'S INSTITUTE"", ""Women's Institutes (British)""]",The Women's Institute,0.740761935710907,0,0,0
6983,Answer the question concisely. Q: Las Vegas is in which US State? A:,"['Silver State', 'Nevada, United States', 'Sports in Nevada', 'Geography of Nevada', 'US-NV', ""Nevada's Southern Boundary 1861-1867"", 'Transportation in Nevada', 'The Sagebrush State', 'NV (state)', 'Education in Nevada', 'Religion in Nevada', 'Nevadian', '36th State', 'NEVADA', 'The Battle Born State', 'Thirty-Sixth State', 'Nev.', 'Demographics of Nevada', 'Navada', 'Nevada Annulment', 'Nevada, USA', 'Climate of Nevada', 'Economy of Nevada', 'Thirty-sixth State', 'State of Nevada', 'Politics of Nevada', 'Nevadan', 'Silver state', 'Nevada (U.S. state)', 'The Silver State', 'Tikaboo Valley', 'Nevada (state)', 'Battle Born State', 'Transport in Nevada', 'Nevada']",Nevada,0.8954633474349976,0,0,0
6996,Answer the question concisely. Q: Who directed the Michael Jackson video ‘Bad’? A:,"['Martin Schorsese', 'Martin Scorsese', 'Scorsezi', 'Martin Charles Scorsese', 'Scorsese, Martin', 'Martin Scorsesi', 'Martin scorcese', ""Martin Scorsese's"", 'Scorseze', 'Marty Scorsese', 'Scorsese', 'Scorsesean', 'Martin Scorsese characters', 'Martin Scorcese', 'Scorcese', 'Martin schorsese', 'Martin Marcantonio Luciano Scorsese', 'Martin scorsese', 'Scorsesi']",Martin Scorsese,0.931117832660675,0,0,0
7001,Answer the question concisely. Q: What name is given to belief in more than one god? A:,"['Polytheists', 'Politeism', 'Polytheistic religion', 'Hard and soft polytheism', 'Polytheist', 'Hard Polytheism', 'POLYTHEISM', 'Polytheistic', 'Soft polytheism', 'Monistic polytheism', 'Polytheism', 'Polytheistic religions', 'Substance monotheism', 'Monistic-polytheism', 'Hard polytheism', 'Soft Polytheism', 'Soft and hard polytheism']",Polytheism,0.9501254558563232,0,0,0
7012,Answer the question concisely. Q: The Italian soccer club Sampdoria plays home games in which city? A:,"['Quarto di Genova', 'Flag of Genoa', 'UN/LOCODE:ITGOA', 'Genova, Italy', 'Gènova', 'Genoan', 'Genoa, Italy', 'History of Genoa', 'GENOA', 'Genoa', 'Genova', 'Geona', 'Palazzo Bianco and Palazzo Rosso Genoa']",Genoa,0.8660969734191895,0,0,0
7032,Answer the question concisely. Q: Who played Gene Hunt in the TV series Life on Mars and Ashes to Ashes? A:,"['Philip glenister', 'Phillip Glenister', 'Philip Glenister']",Philip Glenister,0.9743465781211853,0,0,0
7050,Answer the question concisely. Q: My Colourful Life: From Red To Amber is the autobiography of which local sports personality who died in 2011? A:,"['Ginger McCain', 'GINGER McCAIN', 'Ginger mccain']",The late Colin Bland,0.2174723595380783,1,1,1
7059,"Answer the question concisely. Q: Played on TV by Gregor Fisher, whose boat was called The Vital Spark? A:",['Para Handy'],The Vital Spark was the boat of the fictional character Rab C Nesbitt,0.1560005098581314,1,1,1
7084,Answer the question concisely. Q: What was the name of the Super Typhoon that devastated the Philippines and Southeast Asia in November 2013? A:,"['Haiyan (disambiguation)', 'Typhoon Haiyan (disambiguation)', 'Haiyan', 'Haiyan County']",Haiyan,1.0197112560272217,0,0,0
7087,Answer the question concisely. Q: Which US President has a statue in Parliament Square? A:,"['The Kennedy', 'KENNEDY']",Abraham Lincoln,0.18940572440624237,1,1,1
7098,"Answer the question concisely. Q: Which TV series was about a pop group called 'Little Ladies' featuring Charlotte Cornwell, Julie Covington and Rula Lenska? A:","['Rock Follies', ""Rock Follies of '77""]",The Rag Trade,0.163232684135437,1,1,1
7111,"Answer the question concisely. Q: The Gateway Arch, aka Gateway to the West, America?s largest man-made monument, is in which city? A:","['Missouri St. Louis', 'Missouri Saint Louis', 'St-Louis', 'St. Louis, Mo', 'Saint Louis (Mo.)', 'St. Louis Missouri', 'St Louie', 'UN/LOCODE:USSTL', 'St. Louis (MO)', 'St Louis, MO', 'St. Lewis, Missouri', 'St, Louis, Missouri', 'Saint Louis, MO', 'St Louis', 'St. Louise, Missouri', 'Saint Louis Missouri', 'St.Louis', 'St. Louis, MO', 'St Louis Missouri', 'City of Saint Louis', 'St. Louie', 'St.Louis Missouri', 'St.Louis, MO', 'St Louis, Missouri', 'St.Louis, Missouri', 'St Louis, Mo', 'St louise', 'St. louis mo', 'Saint Louis (Missouri)', 'St louis', 'St. Louis, Missouri', 'St, Louis, MO', 'Rome of the West', 'Saint Louis City, Missouri', 'Saint Louie', 'StLouis', 'SAINT LOUIS MO 631xx', 'St. Louis City', 'Saint louis, mo', 'St Louis (MO)', 'St. Louis, USA', 'Saint Louis City', 'City of St. Louis', 'Saint Louis, Mo.', 'St. Louis City, Missouri', 'St. Louis', 'Southern Railway (St. Louis)', 'St. Lewis, MO', 'City of St. Louis, Missouri', 'St, Louis', 'St louis, mo', 'St. Louis, Missouri, USA', 'St.Louis, Mo.', 'St. Louis, Missouri, United States', 'Saint Louis, USA', 'Saint Louis, Missouri', 'St. Louis, Mo.']","St. Louis, Missouri",0.9686207175254822,0,0,0
7112,"Answer the question concisely. Q: Which TV network is based in Doha, Qatar? A:","['AI Jazeera', 'Aljazeerah', 'Aljazeera TV', 'Al Jazeera Arabic', 'Al Jazeera TV', 'Aljazirah', 'Al-Jazirah', 'AlJazeera', 'Aljazira', 'Aljazeera.net', 'Al Jazeera Network', 'Al Jazeera', 'Al-jazeera', 'Al-Jazeerah', 'Al Jazeera Presenters', 'Al Jazeera Television', 'Al Jazeerah', 'Al Jazeera (Arabic)', 'Al Jazera', 'Al-Jazeera', 'Al Dschasira', 'الجزيرة', 'AL Jazirah TV', 'Al jazeera', 'Aljazera', 'Aljazeera Television', 'Al Jazeera News', 'Al-jezeera', 'Aljazeera', 'Al Jazeera footage', 'Al Jezeera', ""Al Jazeera's""]",Al Jazeera,0.9137994050979614,0,0,0
7114,Answer the question concisely. Q: Where on the body would a Hindu woman wear a bindi? A:,"['Hairline', 'Fore head', 'Forehead', 'Foreheads', 'Sinciput', 'Sincipital']",On the forehead.,0.5806126594543457,0,0,0
7135,Answer the question concisely. Q: Under what name did Dr Brooke Magnanti write her blog about her life as a call girl? A:,"['Belle du Jour', 'Belle de jour (disambiguation)', 'Belle de Jour (disambiguation)', 'Belle de Jour', 'Belle de jour']",Belle de Jour,0.9840065240859985,0,0,0
7140,"Answer the question concisely. Q: In Greek mythology who was the Queen of the Gods, also the wife and sister of Zeus? A:","['Hera (particle accelerator)', 'HERA', 'Hadron Elektron Ring Anlage']",Hera,0.4172466993331909,1,0,0
7148,"Answer the question concisely. Q: ""Who composed the works """"The Fountains of Rome"""" and """"The Pines of Rome"""" in 1916 and 1924 respectively?"" A:","['Ottorino RESPIGHI', 'Respighi, Ottorino', 'Ottorino Resphigi', 'Ottorino Respighi']","""The Fountains of Rome"" was composed by Ottorino Respighi in 1916. ""The Pines of Rome"" was composed by Ottorino Respighi in 1924",0.5004135966300964,0,0,0
7168,Answer the question concisely. Q: Josiah Bartlet was a central character in which U.S. TV drama series? A:,"['The West Wing (television series)', 'San Andreo', 'The West Wing (TV Series)', 'The West Wing (TV show)', 'West Wing (TV Series)', 'West Wing, The', 'Qumar', 'The west wing (tv)', 'West wing (TV series)', 'The West Wing (television)', 'The West Wing (tv series)', 'The West Wing', ""Q'umar"", 'West Wing (television show)', 'Kuhndu', 'West Wing (TV show)', 'List of The West Wing broadcasters and home video releases', 'The west wing (tv series)', '1998 presidential election (west wing)', 'West Wing (television)', 'West wing (tv)', 'The West Wing (TV)', 'The West Wing (TV series)', 'Equatorial Kundu', 'West Wing (TV series)']",The West Wing.,0.8887061476707458,0,0,0
7172,Answer the question concisely. Q: Who had a top 40 hit UK single in 1966 with Mustang Sally? A:,"['Wilson Picket', 'Wilson Pickett', 'Wilson pickett']",Wilson Pickett,0.9698143005371094,0,0,0
7188,Answer the question concisely. Q: In an electrical circuit what is measured by a Wheatstone Bridge? A:,"['Resistance (biology)', 'Resisting', 'Resistingly', 'Resistance (novel)', 'Resistance (album)', 'Resistant', 'Resistance (disambiguation)', 'Resistance', 'Resistedly', 'Resistance (film)', 'Resistence', 'Resisted', 'Resistantly']",The Wheatstone Bridge is used to measure the unknown resistance of a circuit,0.2546355724334717,1,1,1
7191,Answer the question concisely. Q: What type of animal is a frogmouth? A:,"['Avians', 'Avialan', 'Chick guard stage', 'Bird breeding', 'Flying Bird', 'Nestling', 'Baby birds', 'Avafauna', 'Aves', 'Bird', 'Avialians', '🐣', 'Living sauropods', '🐥', '🐤', 'Roosting', 'Pet bird', 'Aviala', 'Nestlings', 'Avialian', 'Ornithes', 'Avifauna', 'Living sauropods in Africa', 'Living dinosaurs in Oceania', 'Neornithes', 'Roost site', 'Neornithine', 'Avian proteins', 'Surviving Dinosaurs', 'Birds mating', 'Avian reproduction', 'Modern bird', 'Birds', 'Bird reproduction', 'Ornis', 'Living dinosaurs in Australasia', 'Avian dinosaur', '🐦', 'Modern birds', 'Class aves', 'Modern Dinosaurs', 'Birdness', 'Chick (bird)']",A frogmouth is a type of bird,0.33902186155319214,1,0,0
7193,Answer the question concisely. Q: Which bird was the emblem of Prussia? A:,"['EAGLE', 'Eagle (disambiguation)', 'The Eagle', 'Eagles (film) (disambiguation)', 'Eagles (film)', 'The Eagle (movie)', 'Eagle (coin)', 'The Eagle (disambiguation)', 'The Eagle (film)']",The eagle.,0.7364763021469116,0,0,0
7199,"Answer the question concisely. Q: ""Son of a famous singer, who directed the films """"Moon"""" and """"Source Code""""?"" A:","['Zowie Bowie', 'Duncan Jones', 'Zoe Bowie']","""Christopher Nolan",0.1894213706254959,1,1,1
7202,"Answer the question concisely. Q: ""Which character did Robert De Niro portray in the film """"Taxi Driver"""""" A:","['Travis bickle', 'Travis Bickle']","""Travis Bickle""",0.8286974430084229,0,0,0
7203,Answer the question concisely. Q: In the 1950s which tennis player entered the Wimbledon Ladies Singles three times winning oh each occasion? A:,"['Maureen Connolly Brinker', 'Mo Connolly', 'Maureen Brinker', 'Little Mo Connolly', 'Maureen Catherine Connolly', '%22Little Mo%22 Connolly', 'Maureen Connolly']",Maureen Connolly,0.9841146469116211,0,0,0
7205,Answer the question concisely. Q: In which country are the wine producing regions Huasco Valley and Choapa Valley? A:,"['ISO 3166-1:CL', 'Cxilio', 'Cile', 'Etymology of Chile', 'Republic of Chile', 'Chilean Republic', 'State of Chile', 'Chile', 'Name of Chile', 'República de Chile', 'Chilé']",Chile,0.8508561849594116,0,0,0
7214,Answer the question concisely. Q: Who wrote the 1911 opera ‘Der Rosenkavalier’? A:,"['Strauss, Richard', 'Richard Strauss', 'Richard Georg Strauss', 'Ricardo Strauss']",Richard Strauss,0.9219369888305664,0,0,0
7221,Answer the question concisely. Q: Of which sculptor was it said on his gravestone to be a loss to the Cafe Royal? A:,"['Kathleen Epstein', 'Epstein, Sir Jacob', 'Sir Jacob Epstein', 'Jacob Epstein', 'Jacob Epstein (sculptor)']",Auguste Rodin,0.20649930834770203,1,1,1
7224,Answer the question concisely. Q: Who wrote the book Don Quixote? A:,"['Don Miguel Cervantes y Saavedra', 'Saavedra Cervantes', 'Miguel De Cervantes', 'Miguel de Cervantes Saavedra', 'Miguel saavedra de cervantes', 'Miguel de cervantes', 'Servantes', 'Cervantès', 'The proof of the pudding', 'Michael de Cervantes Saavedra', 'Miguel de Servantes', 'Miguel Cervantez', 'Miguel de Cervantes-Saavedra', 'Cervantes Saavedra, Miguel de--Writer', 'Miguel Cervantes', 'Cervantes', 'Miguel de cervantes saavedra', 'Miguel Saavedra de Cervantes', '(Miguel de) Cervantes', 'Don miguel cervantes y saavedra', 'Miguel de servantes', 'De Cervantes', 'Miguel de Cervantes y Saavedra', 'Don Miguel de Cervantes y Saavedra', 'Miguel de Cervantes', 'Cervantes Saavedra, Miguel de', 'Cervantes Saavedra']",Miguel de Cervantes,0.9711320996284485,0,0,0
7237,Answer the question concisely. Q: How many vertices (ie corners) are there on an octahedron? A:,"['SIX', 'six', '6']",8,0.28794246912002563,1,1,1
7247,Answer the question concisely. Q: Which son of a famous drummer played drums for The Who at Glastonbury this year ? he has toured with them since 1996? A:,"['ZAK STARKEY', 'Zak Starkey', 'Zak Starr']",Zak Starkey,0.9825596809387207,0,0,0
7251,Answer the question concisely. Q: In which city did Dylan Thomas die? A:,"['New Yourk State', 'State of N.Y.', 'US-NY', 'N Y', 'The state of NY', 'NewYork', 'NYS', 'Neo York', 'NY state', 'Nova York', 'State of new york', 'Ny', 'New york', 'Nueva York (estado)', 'N Y state', 'New York (state)', 'U.S. state of New York', 'New York state', 'New York, U.S.', 'State New York', 'Nýja-Jórvík', 'Newyork', 'NEW YORK', 'State of N. Y.', 'N. Y. state', 'NY', 'The state of N.Y.', 'NY (state)', ""New York's"", 'N.Y. (U.S. state)', 'State of new yourk', 'New York State', 'New York (U.S. state)', 'New york state', 'New Yrok', '11th State', 'New York (USA State)', 'State of N Y', 'New-York', 'The State of New York', 'State of New York', 'US state of New York', 'N Y (U.S. state)', 'N.Y. state', 'N.Y.', 'The state of N. Y.', 'N. Y. (state)', 'The state of N Y', 'New York, US', 'N.Y. (state)', 'Nyja-Jorvik', 'Religion in New York', 'New Yourk', 'N. Y.', ""New York State's"", 'Estado Nueva York', 'New York (USA state)', 'New york population', 'New York, U.S.A', 'New York', 'NY (U.S. state)', 'Estado de Nueva York', 'N. Y. (U.S. state)', 'Eleventh State', 'N Y (state)', 'State of NY', 'New York (State)', 'New York (U.S. state']",New York,0.9125485420227051,0,0,0
7259,Answer the question concisely. Q: Oswald Cobblepot is a devious crime-boss who is seldom seen without one of his trick-umbrellas. How is this Batman villain better known? A:,"['Penguin (comics)', 'The Penguin (comics)', 'Oswald Chesterfield Cobblepot', 'Actors to portray the Penguin', 'Cobblepot', 'Oswald Cobblepot', 'The penguin', 'The Penguin', 'Penguin (Oswald Chesterfield Cobblepot)', 'PENGUIN', 'Penguin (character)']",He is better known as the Penguin,0.582406759262085,0,0,0
7286,"Answer the question concisely. Q: Raphanus Sativus is the Latin name of what vegetable, which has varieties including Cherry Belle, Sicily Giant and Daikon? A:","['Icicle radish', 'Radishes', 'Winter radish', 'Radish', 'Raphanus sativus', 'Raphanus Sativus', 'R. sativus', 'Radish oil', 'Rettich', 'Common radish', 'Cultivated radish', 'Raddish']",Radish,1.0023822784423828,0,0,0
7289,"Answer the question concisely. Q: ""Which city was the target of the first """"Thousand Bomber Raid"""" on May 30th/31st 1942?"" A:","['UN/LOCODE:DECGN', 'Cologne, Germany', 'City of Cologne', 'Colonia Agrippinae', 'Koln', 'Cologne', 'Kölle', 'DECGN', 'Koeln', 'Cöln am Rhein', 'Köln (region)', 'Köln, Germany', 'Köln', 'Cologne (Germany)', 'Cöln', 'Cologner', 'Koeln, Germany', 'Oppidum Ubiorum', 'Coln', 'Koln, Germany', 'Keulen', 'Culture of Cologne']","""Liverpool",0.4502960443496704,1,1,1
7292,Answer the question concisely. Q: Who was King of England in 1350? A:,"['Edward III of England', 'Edward iii of england', 'Edward III', 'Edward 3', 'King Edward III', 'King of England III', 'Edward III, King of the English', 'King Edward III of Windsor', 'Edward III of Windsor', 'EDWARD III', 'King Edward III of England', 'Eduard III', 'Edward III Plantagenet', 'Edward III, King of England', 'Edward of Windsor', 'Edward iii', 'Edward III Plantagenet of Windsor', 'Edward III (England)', 'Edward the Third']",Edward III,1.024752140045166,0,0,0
7313,"Answer the question concisely. Q: Who wrote the original music score for the 2015 film the Hateful Eight his first complete western score for 35 years, winning a Golden Globe ? A:","['Ennio moricone', 'Dan Savio', 'Ennio Morricone', 'ENNIO MORRICONE', 'Enio morricone', 'Ennio morricone', 'Enrico morricone', 'Morricone', 'Leo Nichols']",Ennio Morricone,1.0132299661636353,0,0,0
7314,Answer the question concisely. Q: Name the capital city of the Canadian Province of British Columbia? A:,"['CIVI-TV', 'A Victoria', 'A-Channel Vancouver Island', 'A-Victoria', 'CTV Two Vancouver Island', 'A-Channel Victoria', 'CIVI-DT-2', 'VICTORIA', 'CTV Vancouver Island', 'A Vancouver Island', ""'A' Vancouver"", '%22A%22 Vancouver', '%22A%22 Vancouver Island', ""'A' Vancouver Island"", 'CIVI-DT', 'The New VI', 'CTV Two Victoria', ""'A' Victoria"", 'CIVI', '%22A%22 Victoria']",Victoria,0.43577927350997925,1,0,0
7343,Answer the question concisely. Q: Which type of fish is used to make an Arbroath Smokie? A:,"['Haddock', 'Melanogrammus aeglefinus', 'Melanogrammus']",A haddock,0.616589367389679,0,0,0
7357,Answer the question concisely. Q: In which Hampshire village is the National Motor Museum? A:,"['Beaulieu', 'Beaulieu (disambiguation)']",Beaulieu,0.9664630889892578,0,0,0
7367,Answer the question concisely. Q: Who wrote the novel The Naked and the Dead? A:,"['Maileresque', 'The Prisoner of Sex', 'NORMAN MAILER', 'Norman Kingsley Mailer', 'Mailer, Norman', 'Mailerian', 'Norman Kingsley', 'Norman Mailer']",Norman Mailer.,0.9007963538169861,0,0,0
7374,Answer the question concisely. Q: Which 'Dame' is one of the main presenters of Women's Hour on Radio 4? A:,['Dame Jenni Murray'],Dame Jenni Murray,0.9870305061340332,0,0,0
7375,"Answer the question concisely. Q: Which Italian sauce for pasta contains tomato, black olives, capers, anchovies and red peppers? The name translates as 'whore’s style'? A:","['Sugo alla puttanesca', 'Spaghetti alla puttanesca', 'Puttenesca', 'Pettenesca', 'Pasta Puttanesca', 'Putanesca', 'Pasta alla Puttanesca', 'Puttanesca', 'Salsa puttanesca', 'Spaghetti alla Puttanesca', 'Pasta alla puttanesca']",Putanesca,1.046844720840454,0,0,0
7377,"Answer the question concisely. Q: ""Which actress played the Bond Girl, """"Solitaire"""" in the film """"Live and Let Die""""?"" A:","['Jane Seymour', 'Jane St Maur', 'Jane Seymour, Queen of England', 'Jane semour', 'Queen Jane Seymour']","""Jane Seymour",0.8310779333114624,0,0,0
7386,Answer the question concisely. Q: Who wrote the novel The Life of Pi? A:,"['Yenn Martel', 'Martel, Yann', 'Yann Martel', 'Yann Martell']",Yann Martel.,0.931749701499939,0,0,0
7389,Answer the question concisely. Q: The 1999 film 10 Things I Hate About You starring Heath Ledger and Julia Stiles is a modern version of which Shakespeare play? A:,"['Hortensio', 'The Taming of The Shrew', 'TTOTS', 'The Taming Of The Shrew', 'Taming of a Shrew', 'Kate (The Taming of the Shrew)', 'The Taming of the Shrew (opera)', 'The Taming of a Shrew', 'Taming of the shrew', 'Lucentio', 'The taming of the shrew', 'THE TAMING OF THE SHREW', 'The taming of the shew', 'The Taming of the Shrew Act 1', 'Taming Of The Shrew', 'The Taming of the Shrew', 'Taming of the Shrew', 'Katerina Minola']",The Taming of the Shrew,0.9714614152908325,0,0,0
7398,Answer the question concisely. Q: What was the name of David Bowie’s final album released two days before his death? A:,"['BLACKSTAR', 'Blackstar (TV series)', 'BlackStar', 'Powerstar']",Blackstar,0.8250303268432617,0,0,0
7404,Answer the question concisely. Q: What is the name of the 2500km long tourism trail on the west coast of Ireland? A:,['Wild Atlantic Way'],Wild Atlantic Way,0.9723012447357178,0,0,0
7414,Answer the question concisely. Q: Which sport had previously been known as Whiff Whaff and Gossima? A:,"[""Ping-pang Ch'iu"", 'Ping pong ball', 'Corbillon cup', 'Pen-holders', 'PingPong', 'Wiff-Waff', 'Wiff Waff', 'Round corner table tennis', 'Ping pong balls', 'Whiff-whaff', 'Ping Pong', 'Ping-pong ball', 'Rounded corner table tennis', 'Round table tennis', 'Pen-holding', 'Table tennis', 'Pingpong', 'Wiff-waff', 'Table-tennis', '卓球', 'Gossima', 'Whiff whaff', 'Table Tennis', 'Penholding', 'T tennis', '🏓', 'Table tennis table', 'Ping-Pong', 'Table Tennis Ping-Pong', 'Table tennis ball', 'Penholder grip', 'Penholders', 'Table tennis tables', 'Penholder (grip)', 'Table-Tennis', 'Pen holders', 'Pingpang Qiú', 'Tabletennis', 'Ping-pong', 'Pen holding', 'Pingpang Qiu', 'Pingpang Ciou', 'Ping pong']",Cricket,0.3732203245162964,1,1,1
7424,Answer the question concisely. Q: The 1810 betrothal of Princess Theresa to Crown Prince Ludwig not only resulted in the meadow where the event took place to be named Theresienwiese but also started what? A:,"['Oktoberfest', 'Brewfest', 'Oktoeberfest', 'Oktöbërfest', 'Octoberfestivities', 'Oktober Fest', 'Ein prosit', 'October fest', 'Octoberfest', 'Wiesn', 'Oktoberfestivities']",The Oktoberfest,0.7505413293838501,0,0,0
7427,Answer the question concisely. Q: What aspect of the folktale Hansel and Gretel has been adapted in user-interface design to help users navigate among various screens? A:,"['Breaded', 'Crumbed', 'Breadcrumbs', 'Breadcrumb', 'Panko', 'Bread crumbs', 'Bread crumb', 'Breading', 'Crumbing']",The folktale Hansel and Gretel has been adapted in user-interface design to help users navigate among various screens by using breadcrumbs,0.29430103302001953,1,0,0
7438,Answer the question concisely. Q: The American journalist Ida Tarbell is known for her expose of the corrupt practices of which giant company? John D. Rockefeller probably hated her! A:,"['Bp-II', 'Standard oil', 'Standard Oil', 'Standard Oil Co.', 'Standard Oil Trust', 'Standard Oil Company', 'Carter Oil', 'Sandard oil', 'Standard Oil Company and Trust']",Standard Oil,0.9778600931167603,0,0,0
7451,Answer the question concisely. Q: What period film of Stanley Kubrick that recounts the exploits of an 18th century Irish adventurer is loosely based on a novel of William Makepeace Thackeray? A:,"['Barry Lyndon (film)', 'Barry Lynd', 'Barry Lyndon']",Barry Lyndon,0.9726023077964783,0,0,0
7466,Answer the question concisely. Q: The Frenchman Jean Robert-Houdin (1805-1871) is credited with formalizing what form of entertainment? A:,"['Magikal', 'Magical powers', 'The Magic (disambiguation)', 'Magical record', 'Magick (song)', 'Magick (disambiguation)', 'Magick', 'The Magic', 'Magic', 'Magickal', '%22magicaly%22', 'Magic (movie)', 'Magic (album)', 'Magicaly', 'Magic (disambiguation)', 'Magic (song)', 'MAGIC', 'Magic FM', 'Majick', 'Magic (film)', 'Magically', 'Magiks', 'Magic powers', 'Magick (single)', 'Low magic']",Magic.,0.694400429725647,0,0,0
7468,"Answer the question concisely. Q: Which organization claims to have the world's largest collection of public records, unpublished opinions, forms, legal, news, and business information? A:","['Matthew Bender', 'Matthew Bender & Co.', 'LexisNexis Examen', 'Concordance (software)', 'LexisWeb', 'Matthew Bender & Company', 'LexisNexis Matthew Bender', 'Seisint', 'Lexis Nexus', 'Nexus Lexus', 'Lexis/Nexis', 'Mead Data Central', 'Nexis.com', 'Concordance (computer software)', 'Lexisnexis', 'Nexis', 'Lexus-Nexus', 'Data Central', 'LexisNexis', 'LEXIS', 'Sheshunoff Information Services', 'Lexus nexis', 'LexusNexus', 'Lexus Nexus', 'Nexislexis', 'LexisNexis News', 'Lexis.com', 'Lexis-nexis', 'Lexis Library', 'Lexis-Nexus', 'Lexis nexis', 'LEXIS/NEXIS', 'LexisNexis Academic', 'State Net', 'Concordance database', 'Lexis Nexis', 'Lexis-Nexis', 'LEXIS-NEXIS']",Westlaw,0.10343533754348755,1,1,1
7478,Answer the question concisely. Q: What is the world's smallest land-locked country? A:,"['Geology of the Vatican City', 'Christianity in Vatican City', 'ISO 3166-1:VA', 'People of Vatican City', 'State of Vatican City', 'Ecclesiastical governnment', 'Vaticana City', 'The Vatican City State', 'Communications in the Vatican City', 'Roman Catholicism in the Vatican City', 'Vatican City/Communications', 'History of Vatican', 'Vatican City-State', 'State of the City of the Vatican', 'Demographics of the Vatican City', 'State of Vatican', 'Roman Catholicism in Rome', 'State of the Vatican City', 'Holy See (The Vatican)', 'Catholic City', 'Europe/Vatican', 'The Vatican City', 'Vatican City State', 'Vatican city', 'CittA del vaticano', 'Demographics of Vatican City', 'Population of Vatican City', 'Città del vaticano', 'History of Vatican City', 'Religion in the Vatican City', 'Vatikan', 'Capital of Vatican City', 'Vatican City/People', 'Sovereign of the State of the Vatican City', 'Sport in the Vatican City', 'Stato della Città del Vaticano', 'Holy See (Vatican)', 'Status Civitatis Vaticanae', 'Vatican City', 'Vatican City/History', 'Citta del Vaticano', 'Città del Vaticano', 'History of the Vatican City', 'Vatican State', 'Vatican citizenship', 'CittÃ del vaticano', 'Roman Catholicism in Vatican City', 'List of companies of Vatican City', 'Vatican City (Holy See)', ""Apostolic Palace & St. Peter's Basilica, Vatican City"", 'Citta del vaticano']",Liechtenstein.,0.12170635163784027,1,1,1
7490,"Answer the question concisely. Q: Luzon, Visayas and Mindanao form the three major island groups of which country? A:","['Islas Filipinas', 'The Republic of the Philippines', 'Philippines Republic', 'Pinas (country)', 'Philipine', 'Phillipines', 'Republic of Philippines', 'ISO 3166-1:PH', 'Republic of Pilipinas', 'PHILIPPINE', 'Regional population of the Philippines', 'Fillipines', 'The Philipines', 'Filippines', 'Phillippenes', 'Las Islas Filipinas', 'Islas de Filipinas', 'Filipines', 'Legazpi Boulevard', 'Republic of the Philippines', 'Philippines', 'Fillippines', 'Philippine archipelago', 'Philippine islands', 'Philippinan', 'The Phillipines', 'PHILIPPINES', 'The Phillippines', 'Lu Sung', 'Philippine republic', 'Philipines', 'Philippine Islands', 'Phillipine', 'Etymology of the Philippines', 'Philippine Archipelago', 'Filipino Republic', 'Philippines Colonial History', 'Phillippines', 'Republika ng Pilipinas', 'Philippines archipelago', 'Pilipinas', 'The Philippines', 'Philippine', 'Philiphines', 'Department of Health-Center for Health Development', 'Philippenes', 'Phillippine', 'Phillipenes']",The Philippines,0.9448551535606384,0,0,0
7502,"Answer the question concisely. Q: The Battle of the Plains of Abraham in 1759, a pivotal battle in the Seven Years' War fought between the English and the French, is the only major confrontation ever to have taken place in what country? A:","['Canada', 'Canadá', 'The Dominion of Canada', 'Commonwealth of Canada', 'Dominion of canada', 'ISO 3166-1:CA', 'Etymology of Canada', 'CANADA', 'Canadiophile', ""Canada's"", 'ᑲᓇᑕ', 'Canada/References', ""America's top hat"", 'Canada.', 'Cnada', 'Čanada', 'Canadian Federation', 'Kenadian', 'Canadialand', 'Xanada', 'Dominion of Canada', 'Canadaa']",Canada,0.8032262325286865,0,0,0
7505,"Answer the question concisely. Q: When it was liberated from the UK in 1957, which country became the first sub-Saharan nation to gain independence? A:","['Ghana', 'Ghanian', 'Ghanaian Republic', 'Etymology of Ghana', 'Ghanan', 'The Democradic Republic of Ghana', 'The country Ghana', 'Black Star of Africa', 'Republic of Ghana', 'Ghana homeland', 'State of Ghana', 'ISO 3166-1:GH', 'Republic Of Ghana', 'Ghanaian', 'The Republic Of Ghana', 'Republic Ghana']",Ghana,0.8429092764854431,0,0,0
7514,Answer the question concisely. Q: The first name of which science fiction hero created by Alex Raymond was retitled as 'Speed' in Australia to avoid a negative connotation of the word by which we know him better? A:,"['Speed Gordon', 'Flash gordon', 'Flash (Gordon)', 'Flash Gordan', 'Flash Gordon 3D', 'Flash Gordon']",Flash Gordon,0.9797629117965698,0,0,0
7519,"Answer the question concisely. Q: Which rock concert held on December 6, 1969 was speculated to be a 'Woodstock West' but became infamous after it was marred by considerable violence? A:","['Altamont Festival', 'Altamont Speedway Free Festival', 'Altamont Free Festival', 'Altamont Music Festival', 'Altamont free concert', 'Altamont Free Concert']",Altamont,0.47326934337615967,1,0,0
7523,Answer the question concisely. Q: What is the better known name of the English singer Yusuf Islam who converted to Islam in 1977 at the height of his fame? A:,"['Cat stevens', 'Yusef Eslam', 'Cat Steven', 'Stephen Demetre Georgiou', 'Steven D. Georgiou', 'Kat stevens', 'Yusuf islam', 'Yusef Islam', 'Cat Stephens', 'Steven Demetre Georgiou', 'Cat stephen', 'Cat Stevens', 'Steven demetre georgiou', 'Stephen Georgiou', 'Yusuf (singer)', 'Yusaf Islam', 'Yousef Islam', 'Stevens, Cat', 'Yusuf Islam', 'Steven Georgiou']",Cat Stevens,0.96556556224823,0,0,0
7550,Answer the question concisely. Q: What American city has suffered two (separate) outcomes of what are now called 'The Move' and 'The Decision' in sports lore? A:,"[""The Rock 'n' Roll Capital of the World"", 'Cleveland, Cuyahoga, Ohio', 'Cleveland, Ohio', 'Clevelnad', 'The Cleve', 'Government of Cleveland, Ohio', 'Cleveland, Ohio, US', 'Cleaveland', 'Urban community school', 'Ohio Cleveland', 'Cleveland, Ohio, USA', 'Cleveland, Ohio, U.S.A.', 'Cleveland, OH.', 'Sixth City', 'Cleveland, oh', 'UN/LOCODE:USCLE', 'Cleveland,ohio', 'The Rock and Roll Capital of the World', 'Cleveland, USA', 'Poznan, Ohio', 'Cleveland Ohio', 'Cleveland (OH)', 'Sister Cities of Cleveland, Ohio', 'Cleveland, Ohio, U.S.', 'Cleveland, Oh', 'Cleveland (Ohio)', 'Government of Cleveland', 'Sister cities of Cleveland, Ohio', 'Urban Community School', 'Cleveland, ohio', 'Cleveland', 'Cleveland, OH']",Philadelphia,0.3731493651866913,1,1,1
7573,Answer the question concisely. Q: Who played the title role in the 2008 film 'The Curious Case Of Benjamin Button'? A:,"['Bradley Pitt', 'Brad Pitt', 'Brad pitt', 'Pitt, William Bradley', 'Brad Pit', 'William Bradley Pitt', 'BRAD PITT']",Brad Pitt,0.9639519453048706,0,0,0
7579,"Answer the question concisely. Q: What two word name is given to an 1887 demonstration in London against Irish repression, a 1905 massacre in St. Petersburg, and a 1972 shooting of civilians in Londonderry? A:","['Blut Sonntag', 'Bloody Sunday (disambiguation)', ""'Bloody Sunday'"", 'Bloody sunday', 'Bloody Sunday', ""'BLOODY SUNDAY'"", 'Bloody (disambiguation)']",Bloody Sunday,0.9977778196334839,0,0,0
7581,"Answer the question concisely. Q: Livorno, Pisa and Siena are three of the largest cities in which Italian region? A:","['Toscana', 'Tuscany', 'Tuscany (Italy)', 'Tuscan coast', 'Tuscany, Italy', 'TUSCANY', 'Toskana']",Tuscany,1.0656254291534424,0,0,0
7599,Answer the question concisely. Q: What colour is the square (which contains a white star) on the flag of Chile? A:,"['BLUE', 'Gauss-Markov assumptions', 'Best Linear Unbiased Estimator', 'Gauss-Markov theorem', 'Linear estimator', 'Gauss–Markov assumptions', 'Gauss-Markow least squares theorem', 'Best linear unbiased estimator', 'Gauss–Markov–Aitken theorem', 'Gauss-Markov model', 'Gauss-Markov-Aitken theorem', 'Gauss markov theorem', 'Gauss–Markov model', 'Gauss–Markov theorem', 'Blue (statistics)']",White,0.17365117371082306,1,1,1
7632,"Answer the question concisely. Q: Prior to Gordon Brown, who was the last British Prime Minister to represent a Scottish constituency? A:","['Alec Douglas-Home', 'Alex Douglas-Home', 'Alexander Douglas-Home, 14th Earl of Home', 'Douglas-home', 'Sir Alexander Douglas-Home', 'Alec Douglas-Home, 14th Earl of Home', 'Alexander Frederick Douglas-Home', 'Sir Alec Douglas-Home', 'Douglas home', 'ALEC DOUGLAS-HOME', 'Douglas-Home', '14th Earl of Home', 'Sir Alec Douglas Home', 'Baron Home of The Hirsel', 'Alexander Frederick Douglas-Home, Baron Home of the Hirsel of Coldstream', 'Alexander Douglas-Home, Baron Home of the Hirsel', 'Alexander Frederick, Sir Douglas-Home', 'Douglas Home', 'Home, 14th earl of', 'Alexander Frederick Douglas-Home, Baron Home of the Hirsel', 'Alexander Douglas-Home', 'Sir Alec Douglas-Home (The Earl of Home)', 'Shadow Cabinet of Alec Douglas-Home', '14th earl of Home', 'Alec Douglas Home', 'Baillie Vass', 'Diana Douglas-Home Wolfe-Murray', 'Lord Home of the Hirsel', 'Baron Home of the Hirsel']",Gordon Brown,0.2216978669166565,1,1,1
7653,"Answer the question concisely. Q: Which 19th century British novelist, who worked as a Surveyor for the Post Office, was reputedly instrumental in the introduction of the pillar box in 1852? A:","['A Trollope', 'Anthony Trollope', 'ANTHONY TROLLOPE', 'Anthony Trollop', 'One of the Firm', 'Trollopean']",Charles Dickens,0.2019779086112976,1,1,1
7661,Answer the question concisely. Q: In which Children's book does the character Wilbur the Pig appear? A:,"['Charlotte A. Cavatica', ""Charlette's web"", 'Charlottes Web', ""Charlotte (Charlotte's Web)"", 'Templeton the rat', 'Some Pig', ""Charlotte's Web"", 'Homer Zuckerman', 'Charlotte’s Web', 'Charlettes Web', 'Templeton the Rat', ""Wilbur (Charlotte's Web)"", 'Charlotte’s web']",Charlotte's Web,0.961637020111084,0,0,0
7662,Answer the question concisely. Q: The Kalahari Desert lies chiefly in which country? A:,"['Country BWA', 'Lefatshe la Botswana', 'Administrative divisions of Botswana', 'Republic of Botswana', 'Botsuana', 'Botswanan', ""Khama's Country"", 'Botswana', 'ISO 3166-1:BW']",Botswana.,0.7508830428123474,0,0,0
7667,"Answer the question concisely. Q: ""Which Latin legal term means """"You should have the body""""?"" A:","['Writ of habeas corpus', 'Habeas corpus ad deliberandum et recipiendum', 'Hábeas corpus', 'Habeas corpus ad respondendum', 'Writ of habeus corpus', 'HABEUS CORPUS', '28 U.S.C. SS 2254', 'Habeas corpus ad satisfaciendum', 'Habeus corpus', 'Habeas', 'Habeas corpus', 'Habeaus corpus', 'Criminal Procedure Act 1701', 'Habaes Corpus', 'Great Writ', 'Habeas corpus ad prosequendum', 'Habeas corpus ad faciendum et recipiendum', 'Writ of Habeas Corpus', 'Habeus Corpus', 'Habeas relief', 'Writ of Habeus Corpus', 'Habius corpus', 'Habeas corpus ad testificandum', '28 U.S.C. § 2254', 'Habeas corpus ad subjiciendum', 'Habeous corpus', 'Great writ', 'Act for preventing wrongful imprisonment and against undue delays in trials', 'Writ Of Habeas Corpus', 'Habeas corpus cum causa', 'Habeas corpus petition', 'The writ of habeas corpus', 'Habeas Corpus', 'Habeas petition', 'Habeous Corpus']","""Corpus delicti.""",0.44137048721313477,1,1,1
7673,Answer the question concisely. Q: What is the general term for heat energy that has been drawnfrom under the ground? A:,"['Geothermic gradient', 'GEOTHERMAL', 'Geothermy', 'Geothermal (geology)', 'Geothermal', 'Thermogeology', 'Geotherm', 'Geothermal gradient', 'Geothermal gradients']",Geothermal energy,0.5578348636627197,0,0,1
7679,"Answer the question concisely. Q: 'Whole Lotta Love', 'Yellow Pearl', 'The Wizard', and 'Get Out Of That' have all been theme tunes to which television programme? A:","['Top of The Pops', 'Top of the Pops Saturday', 'Top Of The Pops', 'Top of the pops', 'Top of the Pops (US)', 'TOTP', 'TOTP (disambiguation)', 'Top of the Pops (UK)', 'Top of the Pops', ""'TOP OF THE POPS'"", 'Dave Davani Four']",The Wizard was the theme tune to the 1980s children's TV show The Wizards of Oz,0.24292686581611633,1,1,1
7689,Answer the question concisely. Q: Which US statesman is on the $100 bill? A:,"['A Tradesman of Philidelphia', 'Bin Franklin', 'Abigail Afterwit', 'The Busybody', 'Anthony Afterwit', 'Betty Diligent', 'Benjamin Franklin', 'The Benjamin Franklin', 'Franklinian', 'Friend to the Poor', 'Ben Franlkin', 'Bejamin franklin', 'Alice Addertongue', 'Sage of the Constitutional Convention', 'Franklinic', 'Benjamin franklin', 'Those who would give up Essential Liberty', 'Ben Franklin', 'B franklin', 'The Benjamin Franklin Bust', 'B. Franklin', 'Abigail Twitterfield', 'BENJAMIN FRANKLIN', 'Benjamin (Ben) Franklin', 'Ben franklin', 'Sidi Mehemet Ibrahim', 'B Franklin']",Alexander Hamilton,0.2844136953353882,1,1,1
7701,"Answer the question concisely. Q: Although both her parents are Australian, in which US state was Nicole Kidman born? A:","['Haiwii', 'The State of Hawaii', 'Mokuʻāina o Hawaiʻi', 'Mokuʻa-ina o Hawaiʻi', 'Demographics of Hawaii', 'Hawaiian culture', ""Hawai'i Resident"", 'Economy of Hawaii', 'Hawaii, United States', 'Haiwaii', 'US-HI', 'Owhyhee', 'Transport in Hawaii', 'Hawii', 'Hawaii, USA', '50th State', 'Hawai’i', ""Hawai'i"", 'Haway', 'Hawai%60i', 'HAWAII', 'Hawaii (U.S. state)', 'State of Hawaiʻi', 'Hawái', 'Languages of Hawaii', 'Hawaï', 'Demographics of Hawaiʻi', 'State of Hawai%60i', 'Hawwaii', 'Hawai‘i', 'Moku%60aina o Hawai%60i', 'U.S. (HI)', 'Hawaií', 'The Aloha State', 'Hawaii', 'Culture of Hawaii', 'Geography of Hawaii', ""Hawai'i State"", 'State of Hawaii', 'Health in Hawaii', 'Religion in Hawaii', 'ハワイ', 'Hawaiʻi', 'Hawaii Resident', 'Moku%60a-ina o Hawai%60i', 'Howaii', 'Fiftieth State', 'Hawaii (state)', 'Aloha State', 'Education in Hawaii', ""State of Hawai'i""]",Hawaii,0.8611897230148315,0,0,0
7704,Answer the question concisely. Q: Whose horse was called Sleipnir? A:,"['Odin (disambiguation)', 'ODIN']",Odin’s,0.27030622959136963,1,0,0
7706,Answer the question concisely. Q: Which composer was married to Clara Wieck from 1840 until his death in 1856? A:,"['Schumann, Robert Alexander', 'Robert Schumann', 'Ballets to the music of Robert Schumann', 'ROBERT SCHUMANN', 'Robert Alexander Schumann']",Robert Schumann,0.9567589163780212,0,0,0
7709,"Answer the question concisely. Q: Born on this day in 1962 John Hannah played which detective on TV, the role being taken over after the first series by Ken Stott? A:","['The Inspector Rebus novels', 'Inspector Rebus', '(INSPECTOR) REBUS', 'The Inspector Rebus books']",Inspector Rebus,0.996263325214386,0,0,0
7725,Answer the question concisely. Q: Which German city is served by 'Lohausen Airport'? A:,"['Duesseldorf', 'Dusseldorf, Germany', 'UN/LOCODE:DEDUS', 'Duisseldorf', 'DUSSELDORF', 'Düsseldorf', 'Duesseldorp', 'Dusseldorf', 'Düsseldorf, Germany', 'Düsseldorp', 'Duesseldorf, Germany']",Düsseldorf,0.7529860734939575,0,0,0
7732,"Answer the question concisely. Q: Elected in 2008, who is the current Prime Minister of New Zealand? A:","['John Key', 'Ponytail-gate', 'JOHN KEY', 'J Key']",John Key,0.9640059471130371,0,0,0
7745,Answer the question concisely. Q: In which novel by Alan Sillitoe is 'Arthur Seaton' employed at a bicycle factory? A:,"['Saturday Night and Sunday Morning', 'Saturday Night and Sunday Morning (novel)', ""'SATURDAY NIGHT AND SUNDAY MORNING'"", 'Saturday night and sunday morning']",Saturday Night and Sunday Morning,0.9830436110496521,0,0,0
7752,Answer the question concisely. Q: Which model of Ford is named after the Italian resort which was host to the 1956 Winter Olympics? A:,"['Cortina', 'CORTINA', 'Cortina (disambiguation)']",Cortina,0.9134543538093567,0,0,0
7756,Answer the question concisely. Q: Which African island is named in honour of the saint upon whose feast day the island was discovered in 1471? A:,"['São Tome', 'São Tomé (city)', 'Sao Tome, Sao Tome and Principe', 'S. Tome', 'S. Tomé', 'São Tomé', 'SAO TOME', 'São Tomé, São Tomé and Principe', 'Sao Tome', 'Sao Tomé', 'Sāo Tomé', 'Sao tome', 'São Tomé, São Tomé and Príncipe', 'Capital of São Tomé and Príncipe', 'São Thomé', 'São Tomé, Sao Tome and Principe', 'Sao Thome']",Madagascar,0.33564114570617676,1,1,1
7761,Answer the question concisely. Q: The plot of which Arthur Miller play takes place entirely within the mind of a new York Jewish intellectual called 'Quentin'? A:,"['After the Fall (album)', 'After The Fall (album2)', ""'AFTER THE FALL'"", 'After the Fall', 'After the Fall (book)', 'After the Fall (disambiguation)', 'After The Fall', 'After The Fall (album)']",The Crucible.,0.21599885821342468,1,1,1
7768,Answer the question concisely. Q: Which chemical element is named after the Greek word for the Moon? A:,"['Selenious', 'Selenium compounds', 'Selenian', 'Selenium (disambiguation)', 'Selenous', 'Selenium', 'Element 34', 'Selenosis', 'Seleniferous', 'Seleniun', 'Seleniuretted', 'Selenium poisoning']",Silver,0.1169823408126831,1,1,1
7770,Answer the question concisely. Q: What is carnophobia the fear of? A:,"['Lean Meat', 'Lean meat', 'Eating meat', 'Meat', 'Meat consumption', 'Processed meats', 'Processed meat', 'Meats', 'Meat science', 'Boneless meat', 'Meat eating']",The fear of carrots,0.29806026816368103,1,1,1
7771,Answer the question concisely. Q: Which song was a hit for both Guns ‘n’ Roses in 1988 and Sheryl Crow in 1999? A:,"['Sweet child of mine', ""Sweet Child O'Mine"", 'Sweet Child Of Mine', 'Sweet child o mine', ""Sweet Child o' Mine"", 'Sweet Child of Mine', 'Sweet Child O Mine', ""Sweet Child O' Mine""]",“Sweet Child O’ Mine,0.9180141687393188,0,0,0
7775,"Answer the question concisely. Q: Which bird is the symbol of the Durrell Wildlife Conservation Trust, which began its overseas work in Mauritius in 1970? A:","['Raphus', 'Dodo (bird)', 'Didus', 'Dodology', 'Dodoor', 'Raphus cucullatus', 'Cygnus cucullatus', 'Gallinaceus Gallus peregrinus', 'White dodo', 'Raphus (genus)', 'Extinct bird dodo', 'Drontes', 'Do-Do Bird', 'Dodo bird', 'The Dodo', 'DODO', 'Mauritius Dodo', 'Dodos', 'Do-Do', 'Dodaars', 'White Dodo', 'Dodoers', 'Struthio cucullatus', 'Diricawl', 'Dodologist', 'Dront', 'Doodars', 'Dodo Bird', 'Dodo', 'Walghvogel', 'Do-do', 'Do do bird', 'Didus ineptus', 'White dodos', 'Do do', 'Oiseau de Nazareth', 'Dronte']",The pink pigeon,0.3202526271343231,1,1,1
7777,Answer the question concisely. Q: In which sport did the future King Olav V of Norway in 1928 and the future King Constantine II of Greece in 1960 win Olympic Gold Medals? A:,"['Heeling forces', 'SAILING', 'Sailing', 'Heel (sailing)', 'Heeling force', 'Heeling (sailing)', 'Recreational sailing', 'The Theory of Sailing', 'Sailboating', 'Sailing against the Wind', 'Theory of sailing']",Sailing,0.9340064525604248,0,0,0
7778,Answer the question concisely. Q: Which ball sport is played on a court 18 metres long by 9 metres wide? A:,"['Court (volleyball)', 'Volley ball', 'Libero (volleyball)', 'Serve (Volleyball)', 'Spike (volleyball)', 'Vollyball', 'Spike (Volleyball)', 'Outside hitter', 'VolleyBall', 'Volleyball dig', 'Rally point system', 'Indoor volleyball', 'History of volleyball', 'Volleyball', '🏐', 'V-ball', 'Lebro', 'High school volleyball', 'Volley-Ball', 'Volley Ball', 'Setter (Volleyball)', 'Mintonette', 'Volleyball court', 'VOLLEYBALL', 'Serve (volleyball)', 'Volleyball rules', 'Volley-ball']",Tennis,0.5193138718605042,0,1,1
7794,"Answer the question concisely. Q: 'Sanstorm', 'Walkaway' and 'Flying' were top ten hits for which group in the mid '90's? A:","['CAST', 'CAST (disambiguation)', ""'CAST'""]",The Prodigy,0.16221722960472107,1,1,1
7837,Answer the question concisely. Q: What is the 'Pritzker Prize' awarded for? A:,"['Architecturally', 'Civil Architecture', 'Architecture (built environment)', 'The Art and History of Architecture', 'First art', 'Architectural work', 'Archetecture', 'Frozen music', 'Civil architecture', 'Architecture', 'Architectural', 'ARCHITECTURE', 'First Art', 'Architecure', 'Architectures']",The Pritzker Prize is awarded for architecture,0.3829165995121002,1,0,0
7850,Answer the question concisely. Q: What was the name of the American President played by Martin Sheen in the TV series 'The West Wing'? A:,"['Jed bartlet', 'Josia Bartlet (fictional)', 'Bartlet Administration', 'Dr. Josiah Edward %22Jed%22 Bartlet', 'Josiah Bartlet', 'President Bartlet', ""'JOSIAH BARTLET'"", 'President Bartlett', 'Jed Bartlett', 'Jed Bartlet', 'Jeb bartlet', 'Josiah Edward Bartlet']",Josiah Bartlet,0.982503354549408,0,0,0
7873,"Answer the question concisely. Q: Michael Jackson was one of ten children. Who is the youngest, born in 1966? A:","['Joint Academic Network', 'JANET(UK)', 'JANET', 'JNT Association', 'UKERNA', 'SuperJANET', 'Ja.net', 'Janet(UK)']",Janet Jackson.,0.35591864585876465,1,1,1
7885,Answer the question concisely. Q: Who was US Secretary of State from 1977 - 80? A:,"['CYRUS VANCE', 'Cyrus Roberts Vance', 'Cyrus Vance', 'Cyrus R. Vance']",Cyrus Vance,0.9769096374511719,0,0,0
7887,Answer the question concisely. Q: To which foodstuff does the adjective 'Butyric' apply? A:,"['Butter', 'BUTTER', 'Butter pat', 'Whey butter', 'Buttered', 'Lightly salted butter', 'Buter', 'Cultured butter', 'Unsalted butter']",Butter,0.8642754554748535,0,0,0
7889,Answer the question concisely. Q: In which country's army did Guy Fawkes enlist in 1593? A:,"['Islands of Spain', 'España', 'Reino de España', 'Name of Spain', 'Espagna', 'Espańa', 'Reino de Espana', 'Espana', 'Kingdom of the Spains', 'The Spanish Society', 'Espainia', 'Mountains of Spain', ""Regne d'Espanya"", 'The kingdom of Spain', 'SPAIN', ""Regne d'Espanha"", 'Espanya', 'Espainiako Erresuma', 'Etymology of Spain', 'Spane', 'ISO 3166-1:ES', 'Spain', 'Spanish Kingdom', 'Kingdom of Spain', 'El Reino de España', 'El Reino de Espana']",England,0.4208618998527527,1,1,1
7892,Answer the question concisely. Q: What is the name of the Police Chief in 'The Simpsons'? A:,"['CHIEF Clancy WIGGUM', 'Chief wiggum', 'Clancy Wiggum', 'Chief Wiggum', 'Chief Clancy Wiggum', 'Cheif Wiggum', 'Daddy Round-Round', 'The Simpsons/Chief Clancy Wiggum']",Clancy Wiggum,1.0241565704345703,0,0,0
7920,Answer the question concisely. Q: The Tripitaka is a collection of whose religious teachings? A:,"['Siddhattha Gotama', 'Buhda', 'Shakyamuni Gautama', 'The life of the Buddha', 'Gotama Buddha', 'Sakyamuni', 'Buddha and Vishnu', 'Shijiamounifo', 'Shakhyamuni', 'Sakayamuni', 'Shakamuni', 'The Budda', 'Siddhārtha Gautama', 'Buddha - God or Man', 'Buhhda', 'Thus-come-one', 'Budda', 'Phật', 'Siddhartha Gautam Buddha', 'The story of buddha', 'Buddah', 'Śākyamuni', 'Buddha Shakyamuni', 'Shakymuni Buddha', 'Siddhartha Gautama', 'Buddha', 'Shakyamuni Buddha', 'Recluse Gotama', 'BuddHa', 'Sidarta Guatema', 'Lord Buddha', 'Nepal buddha', 'Gautama', 'Enlightened One', 'Shijiamouni', 'बुद्ध', 'Gautama buddha', 'Gautam Buddha', 'Guatama', 'Enlightenment of Buddha', 'Birthplace of Gautama Buddha', 'Siddhartha Gotoma', 'Shaka Nyorai', 'Gautama Siddhartha', 'Sakyamuni Buddha', 'Enlightened one', 'The Enlightened One', 'Gautama Siddartha', 'Prince Siddhartha', 'Sage of the Shakyas', 'Shakyamuni', 'Siddartha Gautama', 'The Buddha', 'Буда', 'Siddharta Gautama', 'Buddha, the Enlightened', 'Gautama Buddha', 'Shijia Mouni', 'Buddha Gautama', 'Thus-gone-one', 'Siddharta Guatama', 'Gotama buddha', 'Gowthama Buddha', 'Siddhartha gotama', 'Butsu', 'Buddha – God or Man', 'Siddhartha Gautam', 'Shri Buddha', 'Awakened One', 'Śākyamuni Buddha', 'Goutham', 'Siddhartha Buddha', 'Sage of the Sakyas', 'The Awakened One', 'Siddhartha Gutama', 'Sakhyamuni Buddha', 'Siddhartha Guatama', 'Śakyamuni Buddha']",Buddhist.,0.5320467352867126,0,1,1
7924,Answer the question concisely. Q: To which order of monks does or did Pope Francis belong? A:,"['Society of Jesuits', 'History of the (1814-1912) Jesuits', 'Societas Jesus', 'Jesuit missionary', 'Jezuit Society', 'The Jesuits', 'Compania de Jesus', 'Jesuits', 'History of the (pre-1750) Jesuits', 'Jesuit vocation', 'Compañía de Jesús', 'Jesuit Apologetic', 'Society of Jesus', 'Jesuites', 'Jesuit', 'Jesuits in Canada', 'Societas Jesu', 'Jesuit order', 'Jesus, The Society of', 'Society of Jesus, The', 'Fathers of the Society of Jesus', 'US Assistancy', 'Loyolites', 'Jesuit Order', 'Order of Jesuits', 'Jesuit society', 'Jesuit priests', 'Brothers of the Society of Jesus', 'Company of Jesus', 'Jesuit missionaries', 'Jesuit priest', 'Jesuit Brothers', 'History of the (1773-1814) Jesuits', 'Black Robes', 'Jesuit Generals Prior to the Suppression', 'Societas Iesu', 'Society of jesus']",The Society of Jesus (Jesuits,0.6523779630661011,0,0,0
7927,Answer the question concisely. Q: Which fruit do the Germans call Apfelsine? A:,"['Orange (album)', 'Orangeishness', 'Orange (film)', 'Orangishness', 'Orangeishly', 'Orangishly', 'Orange', 'Oranfe', 'Orange (disambiguation)']",Apple,0.12486284971237183,1,1,1
7929,"Answer the question concisely. Q: In the human body, what is the common name for the 'Talus bone'? A:","['Ancle', 'Ankles', 'Articulatio talocruralis', 'Talocrural joint', 'Talocrural articulation', 'Tibiotalar joint', 'Talocrural', 'ANKLE', 'Ankle examination', 'Ankle-joint', 'Ankle joint', 'Ankle', 'Mortise view']",Ankle bone,0.5479465126991272,0,0,0
7937,Answer the question concisely. Q: Charles Rennie Mackintosh was a leading exponent of which art movement around the 1900's? A:,"['Art-Nouveau', 'Die Jugend', 'Art noveau', 'Jugenstil', 'Art Noveau', 'Modern Style', 'Art Nouveau Jewellery', 'Art nouveau', 'Modern style', 'Jugend style', 'ART NOUVEAU', 'Art Nouveau', 'Stile Liberty', 'Jugendstil', 'Jungenstil']",Art Nouveau,0.9803866147994995,0,0,0
7941,Answer the question concisely. Q: In which present day African nation are the Amhara and Oromo peoples to be found? A:,"['Ethiopean', 'Ethiopai', 'Ityoṗṗya', 'Æthiopia', 'AEthiopia', 'Etiopia', 'The Democratic Republic Of Ethiopia', ""Ityop'pya"", 'Ītyōṗṗyā', ""Ityop'ia"", 'Ethopian', 'Ethiop', 'ETHIOPIA', 'Federal Democratic Republic of Ethiopia', 'Etheopia', 'Abbysinnia', 'Abysinna', ""Ityop'iya"", 'Abissinia', 'Habeshistan', 'Prehistory of Ethiopia', 'Names of Ethiopia', 'Ityoppya', 'Ethiopia', 'ISO 3166-1:ET', 'ʾĪtyōṗṗyā', 'Ethiopian', 'Ethiopioa', 'Name of Ethiopia', 'FDRE', 'Etymology of Ethiopia', 'Federal Republic of Ethiopia', 'ኢትዮጵያ']",Ethiopia,0.8686486482620239,0,0,0
7943,Answer the question concisely. Q: By what nickname was the American prisoner Robert Franklin Stroud better known? A:,"[""'THE BIRDMAN OF ALCATRAZ'"", 'Birdman of Alcatrez', 'Della Mae Jones', 'The alcatraz bird man', 'Robert Franklin Stroud', 'Birdman Of Alcatraz', 'Bird Man of Alcatraz', 'Robert Stroud', 'The Birdman of Alcatraz', 'Birdman of Alcatraz']",The Birdman of Alcatraz,0.9832168817520142,0,0,0
7953,Answer the question concisely. Q: In which decade was the David Lean film 'Lawrence Of Arabia' released? A:,"['Sixties Revolution', 'Turbulent Sixties', '1960s (decade)', ""The '60's"", ""60's"", '1960s in sports', ""1960's"", 'Nineteen sixties', 'The 60s', '1960s', ""The '60s"", 'Sixties', ""The 60's"", 'Nineteen-sixties', '1960ies', '1960–1969', '%6060s', ""'60s"", '1960-1969', '1960’s', 'The Sixties']",1962,0.3333180546760559,1,1,1
7992,Answer the question concisely. Q: Which Greek philosopher taught at the Lyceum? A:,"['ARISTOTLE', 'Αριστοτέλης', 'Philosophy of Aristotle', 'Aristotelis', 'MrAristotle', 'Aristutalis', 'Aristole', 'Artistotle', 'Aristotole', 'Aristotel', ""Aristotle's"", 'The Stagirite', 'Aristotles', 'Aristotles theories', 'Artisole', 'The Stagyrite', 'Stagirite', 'Arystoteles', 'It is the mark of', 'Aristotele', 'Aristotelo', 'Aristoteles', 'Aristotle of Stagira', 'Aristotle', 'Aristotelean philosophy']",Aristotle,0.948979914188385,0,0,0
7997,Answer the question concisely. Q: The painting 'Faithful Unto Death' can be found in Liverpool's Walker Art Gallery. Who painted it? A:,"['Sir Edward Poynter, 1st Baronet', 'SIR EDWARD JOHN POYNTER', 'Edward Poynter', 'Edward John Poynter', 'Sir Edward John Poynter', 'Sir Edward Poynter', 'EJ Poynter']",John Everett Millais.,0.27444231510162354,1,1,1
8019,"Answer the question concisely. Q: Which artist, a member of the Order of Merit, was born in Bradford in July 1937? A:","['Hockney', 'DAVID HOCKNEY', 'David Hockney']",Sir Cliff Richard,0.24087370932102203,1,1,1
8034,Answer the question concisely. Q: What name is given to a line on a map joining places of equal rainfall? A:,"['Isopleths', 'Isobar (meteorology)', 'Aclinic line', 'Isohel', 'Isoclinic line', 'ISOHYET', 'Isohyetal line', 'Isohytes', 'Isogon (meteorology)', 'Isocheim', 'Isopleth', 'Halleyan lines', 'Isohyat', 'Contour plot', 'Agonic line', 'Isotherm (contour line)', 'Aclinic Line', 'Isohypse', 'Isohyet', 'Isotherms', 'Agonic lines', 'Isogon', 'Contour line', 'Isodynamic Lines', 'Isolines', 'Isodynamic line', 'Isoclinic Lines', 'Contour Plot', 'Height Contours', 'Isohume', 'Isoflor', 'Contour lines', 'Isallobar', 'Isodrosotherm', 'Agonie Lines', 'Isarithm', 'Contour maps', 'Isogon (geomagnetism)', 'Contour map', 'Isohyetal', 'Mathematical Contours', 'Isogonic lines', 'Isotach', 'Isophote', 'Contour interval', 'Halleyan line', 'Isogonic line']",Isotach,1.0324336290359497,0,0,0
8041,"Answer the question concisely. Q: Who in the Bible, became the first drunken man after planting a vineyard? A:","['Noah (album)', 'Noah (disambiguation)', 'Noah (film)', 'NOAH']",Noah.,0.41186612844467163,1,0,0
8049,Answer the question concisely. Q: Which of Puccini's operatic characters commits suicide with her father's sword? A:,"['Madam Butterfly', 'Lieutenant Pinkerton', 'Madama Butterfly', 'Un bel di vedremo', 'B. F. Pinkerton', ""'MADAME BUTTERFLY'"", 'Cio-Cio-San', 'Cio Cio San', 'Cio-Cio San', 'Un bel dì vedremo', 'Un bel di', 'Madame Butterfly', 'B.F. Pinkerton', 'Vogliatemi bene', 'Un Bel Di']",Tosca,0.17351022362709045,1,1,1
8050,"Answer the question concisely. Q: In the Book of Genesis, who dreamt of a ladder reaching from Earth to the Heavens? A:","['Yaʿaqov', 'Yaʿqob', 'Yaakov', 'Yaʿăqōḇ', 'Yacov', 'Yaakov Avinu', ""Ya'kov"", 'Yaacob', 'Yaʿakov', 'Yaaqov', 'Jacob', 'Sons of Jacob', ""Ya'akov"", 'יַעֲקֹב', 'Yaaqobh', 'Israel (Bible)', ""Ya'aqov"", ""Ya'aqobh"", 'Ille qui nos omnes servabit', 'Ya’akov', ""Ya'qob"", 'يعقوب', 'Yakuv', 'Prophet Jacob', 'Jacob (Bible)', 'JACOB', 'Yacob', 'Yakuf']",Jacob.,0.7027117013931274,0,0,0
8066,Answer the question concisely. Q: In which city could you travel on the underground from Atlantis to Mall of the Emirates? A:,"['Dubai (city)', 'Dubai, U.A.E', 'Dubai, Dubai', 'Family tree of the Al Maktoum rulers', 'Al-Dubayy', 'Dubayy (emirate)', 'Dubai, Emirate of Dubai', 'UN/LOCODE:AEDXB', 'Doubai', 'دبيّ', 'Dubai, U.A.E.', 'Dubaīy', 'Dubaian', 'Emirate Of Dubai', 'Dubayy', 'Dubai, United Arab Emirates', 'Dubai, Emirates', 'Dubai', 'Dubai, UAE', 'Dubai City', 'Al memzar, dubai', 'Dubaiy', 'Dubai, Dubai, United Arab Emirates', 'Dubaii', 'City of Dubai']",Dubai,0.8131623268127441,0,0,0
8070,Answer the question concisely. Q: rtve is the state broadcaster in which country? A:,"['Islands of Spain', 'España', 'Reino de España', 'Name of Spain', 'Espagna', 'Espańa', 'Reino de Espana', 'Espana', 'Kingdom of the Spains', 'The Spanish Society', 'Espainia', 'Mountains of Spain', ""Regne d'Espanya"", 'The kingdom of Spain', 'SPAIN', ""Regne d'Espanha"", 'Espanya', 'Espainiako Erresuma', 'Etymology of Spain', 'Spane', 'ISO 3166-1:ES', 'Spain', 'Spanish Kingdom', 'Kingdom of Spain', 'El Reino de España', 'El Reino de Espana']",Spain,0.8297645449638367,0,0,0
8073,"Answer the question concisely. Q: Who is the only Rugby League player to win two consecutive Lance Todd trophies, doing so in 2007 and 2008? A:","['Paul Wellens', 'Paul wellens']",Paul Wellens,0.9545984268188477,0,0,0
8082,Answer the question concisely. Q: The Cerval is one of the more uncommon members of which family of animals? A:,"['C.A.T', 'Cat (disambiguation)', 'C.A.T.', 'CAT']","The Cerval is one of the more uncommon members of the family of animals known as the ""Cervalidae",0.24562843143939972,1,1,1
8085,"Answer the question concisely. Q: ""In British history, who was nicknamed """"The Sailor King""""?"" A:","['William IV (disambiguation)', 'Wilhelm IV', 'William iv', 'WILLIAM IV', 'William 4', 'William IV', 'William Iv']","""George III.""",0.6649865508079529,0,1,1
8101,Answer the question concisely. Q: How many players are there in a Curling team? A:,"['FOUR (New Zealand TV Channel)', 'FOUR (TV channel) NZ', 'Four (New Zealand TV Channel)', 'Four (New Zealand)', 'FOUR (New Zealand TV channel)', 'FOUR', 'Four (New Zealand TV channel)', 'FOURtv', 'Four (TV Channel) NZ', 'FOUR (New Zealand)']",4,0.17756375670433044,1,0,0
8111,Answer the question concisely. Q: On which course will 'The Ebor Handicap' and 'The Knavesmire Stakes' be run in August? A:,"['Park Grove (1895)', 'York UA', 'Yorkish', 'UN/LOCODE:GBYRK', 'York, UK', 'Eoforwic', 'Park Grove School', 'York Ham', 'The weather in York', 'City of York', 'York, England', 'York, Yorkshire', 'York ham', 'County Borough of York', 'YORK', 'Eoferwic', 'Park Grove Primary School', 'York, North Yorkshire', 'Yoisk', 'York', 'York (England)']",The Ebor Handicap will be run on the 20th August and the Knavesmire Stakes will be run on the 21st August,0.3064035177230835,1,1,1
8122,Answer the question concisely. Q: The TV serie Mad Men is set in which decade? A:,"['Sixties Revolution', 'Turbulent Sixties', '1960s (decade)', ""The '60's"", ""60's"", '1960s in sports', ""1960's"", 'Nineteen sixties', 'The 60s', '1960s', ""The '60s"", 'Sixties', ""The 60's"", 'Nineteen-sixties', '1960ies', '1960–1969', '%6060s', ""'60s"", '1960-1969', '1960’s', 'The Sixties']",The 1960s,0.8320499658584595,0,0,0
8125,Answer the question concisely. Q: CPE Bach was the son of JS Bach. What was the E in his name? A:,"[""Immanu'el"", ""'Immanu'el"", 'Emanuel', 'Emmanuil', ""'Imanu'el"", ""Imanu'el"", 'Emanuel (disambiguation)']",Johann Sebastian Bach,0.20047518610954285,1,1,1
8130,Answer the question concisely. Q: What does the now largely obsolete Bessemer Process produce? A:,"['Steel', 'Steel workers', 'Steel plate', 'Steel truss', 'Steelworker', 'Steel (alloy)', 'Steel industry', 'STEEL', 'Steel (metal)', 'Steels', 'Titanic steel', 'Steelworkers', 'Steel in Africa', 'Steel sheeting', 'Crude steel', 'Steel worker', 'Unwrapped steel', 'Long steel products', 'Steel Construction', 'Steel manufacture']",Pig iron.,0.268304705619812,1,1,1
8139,Answer the question concisely. Q: Sara Jane Moore was responsible for an unsuccessful attempt to assassinate which American President? A:,"['President Gerald R. Ford', 'Gerald R. Ford Jr.', 'Assassination attempts on Gerald Ford', 'Leslie Lynch King Jr.', 'Leslie L King', 'Leslie King, Jr.', 'Ford administration', 'Gerald R Ford', 'Leslie Lynch King, Jr', 'Birth and life of Gerald Ford', 'Leslie Lynch King', 'Presidency of Gerald Ford administration', 'Gerald fod', 'Vice President Ford', 'Nixon pardon', 'Ford Administration', 'Presidency of Gerald R. Ford', 'Jerry Ford', 'U.S. President Gerald Ford', 'Gerald Rudolph Ford', 'Gerald R. Ford', 'Presidency of Gerald Ford', 'GERALD FORD', 'Gerald ford', 'Gerald R. Ford, Jr', 'Gerald Rudolph Ford Jr.', 'Presidency of gerald ford', 'Gerald Rudolph, Jr. Ford', 'President Gerald Ford', 'Gerald Ford, Jr.', 'Gerald R. Ford, Jr.', 'Gerry Ford', 'Leslie Lynch King Jr', 'Gerald Ford', 'Leslie L. King', 'Leslie Lynch King, Jr.', '38th President of the United States', 'Leslie King, Jr', 'President Ford', 'Gerald Rudolph Ford, Jr.']",Gerald Ford.,0.8986064195632935,0,0,0
8142,Answer the question concisely. Q: Which Bourbon whiskey was named in 1933 after the American Colonel who rebuilt the business following the end of Prohibition? A:,"['James Beam', 'Red Stag', 'Jim Beam whiskey', 'Jim Beam Whiskey', 'Booker Noe', 'Jim Beam', ""'JIM BEAM'"", 'Jim beam', 'Jim bean', 'Jim Beam Rye', 'National Distillers', ""Jacob's Ghost""]",Jim Beam,0.9648140668869019,0,0,0
8154,Answer the question concisely. Q: Which of the 'Seven Wonders Of The World' stood at Halicarnassus? A:,"['Grave of Mausolus', 'Grave of Maussollos at Halicarnassus', 'Mausoleum of Mausolus', 'Mausoleum at Halicarnassus', 'Grave of Mausolus at Halicarnassus', 'The mausoleum at halicarnassus', 'Mausoleum of Halicarnassus', 'Tomb of Mausolus', 'Grave of Maussollos', 'Mausoleum of Maussollos', 'Mausoleum of Maussollos at Halicarnassus', 'MAUSOLEUM OF MAUSSOLLOS']",The Mausoleum,0.45160871744155884,1,0,0
8155,Answer the question concisely. Q: By what name was the American short-story writer William Sydney Porter better known? A:,"['O.henry books', 'William Sidney Porter', 'O HENRY', 'O. Henry', 'Henry, O.', 'Oliver Henry', 'O.Henry', 'O Henry', 'William Sydeny Porter', 'William Sydney Porter', 'William S. Porter', 'Heart of the West (O. Henry story)', 'Sidney Porter', ""O'Henry"", 'Sydney Porter']",O. Henry,0.9665374159812927,0,0,0
8184,Answer the question concisely. Q: How many wheels are there on a sulky? A:,"['2', 'two']",Four,0.12721925973892212,1,1,1
8187,Answer the question concisely. Q: Whose eighteenth studio album released in March this year is Postcards from Paradise? A:,"['RINGO', 'Starr, Ringo', 'Richard Starkey, Jr.', 'Beatle Ringo', 'Ringo Star', 'Richie Snare', 'Ringo starkey', 'Ringo Starr', 'Ringo Starkey', 'Ringo', 'RINGO STARR', 'Richard Starkey', '%22Ringo%22', 'Richard Starky', 'Richard Starrkey', 'Ringo (film)', 'Richard Starkey Jr.', 'Ringo starr', 'Richard Henry Parkin Starkey Jr.']",Elton John,0.22841224074363708,1,1,1
8195,"Answer the question concisely. Q: At the beginning of 'Two Towers', the second book in 'The Lord Of The Rings' trilogy, who was apparently killed in the 'Mines of Moria'? A:","['Tharkun', 'Mithrandir', 'Olórin', 'Gandalf the gray', 'Gandalf the White', 'Tharkûn', ""'GANDALF'"", 'You shall not pass', 'Greyhame', 'Lathspell', 'Gandalv', 'Stormcrow', 'Ganadalf', 'Gandalf', 'Olorin', 'Gandlaf', 'Gandalf Greyhame', 'Gandalf the Grey', 'You shall not pass!', 'Bladorthin', 'Gandalf the Gray', 'Gandalf Stormcrow']",Gandalf the Grey,1.0116947889328003,0,0,0
8198,"Answer the question concisely. Q: What is the common name for the perennial-flowering houseplant, 'Saintpaulia'? A:","['Saintpaulia ionantha', 'African violet', 'Saintpaulia', 'AFRICAN VIOLET', 'African Violet', 'African violets', 'Violeta africana', 'African Violets']",African violet,0.9907053709030151,0,0,0
8237,Answer the question concisely. Q: In a 1970's safety campaign what did Jimmy Savile advise us to do every car trip? A:,"[""'CLUNK CLICK'"", 'Clunk Click Every Trip', 'Clunk Click']","""Take one",0.08819172531366348,1,1,1
8239,"Answer the question concisely. Q: Which is the oldest of the eight Ivy League Universities, founded in 1636 as New College? A:","['Harvard University Crimson', 'University of Harvard', 'HARVARD', 'Harvard University', 'New College, Cambridge, Massachusetts', 'Harvard U.', 'Harvard.edu', 'Harvard University Department of Psychology', 'Haravrd', 'Kremlin on the Charles', 'Harvard', 'Harvard University Concord Field Station', 'Harvard university', 'Harvard Univ.', 'New College, Cambridge, MA', 'Harvard.', 'Harvard-Radcliffe TV', 'Harward university']",Harvard University,0.91324782371521,0,0,0
8240,Answer the question concisely. Q: In April 1814 which King gained the French throne to begin the Bourbon Restoration? A:,"['Louis XVIII of France', 'LOUIS XVIII', 'Louis XVIII', 'Louis the Eighteenth', 'Restoration of Louis XVIII of France', 'Louis Stanislas Xavier de France', 'King Louis XVIII', 'King Louis XVIII of France']",Louis XVIII,1.0124057531356812,0,0,0
8260,Answer the question concisely. Q: What is the last year that a car can be described as 'Vintage'? A:,"['one thousand, nine hundred and thirty', '1930']",1980,0.12788517773151398,1,1,1
8269,Answer the question concisely. Q: Who sang about 'Angie Baby' in 1975? A:,"['Helen Reddy', 'HELEN REDDY']",Helen Reddy,0.9796521663665771,0,0,0
8275,"Answer the question concisely. Q: In which country is the Moremi Game Reserve, a National Park, part of the Okavango Delta? A:","['Country BWA', 'Lefatshe la Botswana', 'Administrative divisions of Botswana', 'Republic of Botswana', 'BOTSWANA', 'Botsuana', 'Botswanan', ""Khama's Country"", 'Botswana', 'ISO 3166-1:BW']",Botswana,0.8523931503295898,0,0,0
8277,Answer the question concisely. Q: Which British butterfly has the scientific name Vanessa atalanta? A:,"['Papilio atalanta', 'Red Admiral (disambiguation)', 'Red Admiral', 'Red admiral butterfly', 'RED ADMIRAL', 'Red Admiral (Vanessa atalanta)', 'Red admiral', 'Pyrameis atalanta', 'Red admiral (disambiguation)', 'Vanessa atalanta (Red Admiral)', 'Red admirable']",The Red Admiral,0.7508119344711304,0,0,0
8281,"Answer the question concisely. Q: Which series of spotters guides was named after a children's game - a complete book was sent to a 'Big Chief', one of whom was David Bellamy the botanist? A:","['I-Spy', 'I-Spy (Michelin)', 'I-SPY']","The 'Big Chief' was the head of the Royal Horticultural Society, and the series was called 'Big Chief's Spotters Guide",0.19263069331645966,1,1,1
8291,Answer the question concisely. Q: What name is given to the practice of arranging voting districts to favour one candidate or party above another? A:,"['The gerry-mander', 'Gerrymandering', 'Gerrymandring', 'Jerrymangering', 'Gerrymanders', 'Jerrymandering', 'Garrymandering', '70/30 District', 'Gerrymande', 'Jerrymander', 'The gerrymander', 'Gerymandering', 'Packing and cracking', 'Gerrymandered', 'Gerrymander', 'Cracking and packing', 'Gerry-mandering']",Gerrymandering,0.9818882942199707,0,0,0
8305,Answer the question concisely. Q: Who was the King of Libya who was overthrown by a military coupled by Colonel Qaddafi in 1969? A:,"[""Idris ibn 'Abd Allah"", 'Idris I of Morocco', 'Idris I of Maghreb', 'Idris ibn Abdallah', ""Idris ibn' Abd Allah"", 'Imam Idris', 'Idris ibn Abdullah', 'Idris ibn Salih', 'IDRIS I', 'Idris I', 'Al-Sharif Idris I', 'Idriss I']",King Idris,0.5632404088973999,0,0,1
8317,"Answer the question concisely. Q: Complete the sequence: Johnson, Nixon, Ford....? A:","['James Earl Carter Jr.', 'James Carter, Jr', 'James Earl %22Jimmie%22 Carter Jr.', 'Carter, Jimmy', 'James Earl Carter, Jr', 'Jimmie Carter', 'Jimmie Carter Jr.', 'James Earl %22Jimmie%22 Carter, Junior', 'Jimmy Carter, Jr', 'James Earl %22Jimmie%22 Carter Junior', 'Carter, James Earl', 'James Earl %22Jimmie%22 Carter, Jr', 'James E. Carter, Jr.', 'Jimmy Carter Junior', 'James Earl %22Jimmy%22 Carter, Jr', 'President Carter', 'Jimmy Carter Jr', 'Jimmie Carter, Jr.', 'Carter, James Earl %22Jimmie%22', 'Why not the best', 'James Earl %22Jimmy%22 Carter Jr', 'Jimmie Carter, Junior', 'James Earl %22Jimmie%22 Carter, Jr.', 'James Earl %22Jimmy%22 Carter Jr.', 'Jimmy carter', 'James Earl %22Jimmy%22 Carter, Junior', 'James Earl Carter Jr', 'President carter', 'Jimi Carter', 'Jimmy Earl Carter', 'James Carter, Jr.', 'James Earl Carter Junior', 'Carter, James Earl %22Jimmy%22', 'James Earl %22Jimmy%22 Carter, Jr.', '39th President of the United States', 'President Jimmy Carter', 'James Earl %22Jimmy%22 Carter', 'James Earl Carter', 'James Earl (Jimmy) Carter', 'James Earl %22Jimmie%22 Carter Jr', 'Jimmy Carter', 'James Earl Carter, Junior', 'James Earl %22Jimmy%22 Carter Junior', 'Jimmie Carter Junior', 'Why Not the Best', 'James E. Carter', 'Jimmie Carter, Jr', 'Jimmy Carter, Jr.', 'Jimmy Carter, Junior', 'James Earl Carter, Jr.', 'Jimmie Carter Jr', 'James %22Jimmy%22 Carter', 'Jimmy E. Carter', 'Carter, Jimmie', 'Jimmy Carter Jr.', 'JIMMY CARTER', 'James Earle Carter', 'James E. Carter Jr.']","Carter, Reagan, Bush, Clinton, Bush, Obama",0.35466164350509644,1,1,1
8324,"Answer the question concisely. Q: ""Which company uses the advertising slogan """"Spend A Little, Live A Lot""""?"" A:","['Aldi Süd', 'Salut!-mobile', 'ALDI', 'Albrecht discount', 'Aldi Sued', 'Aldi Einkauf GmbH & Co. oHG', 'ALDI Einkauf GmbH & Co. oHG', 'Aldi equator', 'Aldi Inc.', 'Willow Woods', 'ALDI Nord', 'Aldi', 'ALDI Einkauf GmbH & Compagnie, oHG', 'Aldi Nord', 'Aldi Sud']","""The company is called """"Spend A Little, Live A Lot""""",0.14621950685977936,1,1,1
8328,Answer the question concisely. Q: To which species does the Gnu or Wildebeest belong? A:,"['23 U.S. 66', 'ANTELOPE', 'The Antelope the Vice-Consuls of Spain and Portugal', 'The Antelope', 'Antelope case']",The Gnu or Wildebeest belongs to the genus Connochaetes,0.21061213314533234,1,1,1
8335,Answer the question concisely. Q: Which prominent Irish Nationalist was hung for treason in 1916 due to his involvement in the Easter Uprising? A:,"['Roger Casement', 'Sir Roger Casement', 'Casement Diaries', 'Mac Easmainn', 'Roger David Casement', 'Ruairi Mac Easmainn', 'Sir Roger David Casement', 'Ruairí Mac Easmainn', 'Easmainn']",Thomas Clarke,0.2739892303943634,1,1,1
8364,Answer the question concisely. Q: The flag of which Asian country contains an image of the mythical Thunder Dragon? A:,"['Bhután', 'Bhutan, demography', 'Bootan', 'Name of Bhutan', 'Bhutanese Kingdom', 'Bhutan/Transnational issues', 'Lho Men Jong', 'Druk Yul', 'Administrative divisions of Bhutan', 'Etymology of Bhutan', 'Bhutan', 'འབྲུག་ཡུལ', 'Kingdom of Bhutan', 'Bhoutan', 'Kingdom of Bhután', 'Lhomen Khazhi', 'ISO 3166-1:BT', 'འབྲུག་ཡུལ་', 'Lho Tsendenjong', 'Druk-Gyal-Khab', 'BHUTAN', 'Lho Mon', 'Buhutan']",Bhutan,0.8589601516723633,0,0,0
8368,Answer the question concisely. Q: How is the peasant girl 'Marenka' known in the title of an 1866 opera by Bedrich Smetana? A:,"['Bartered Bride (disambiguation)', 'Bartered Bride', ""'THE BARTERED BRIDE'""]",The Bartered Bride,0.7800618410110474,0,0,0
8403,Answer the question concisely. Q: In 1902 which food company started production in a disused malthouse in Burton-on-Trent? A:,"['MARMITE', 'Marmageddon', 'Marmite reaction', 'Marmite', 'Our Mate', 'Marmite effect', 'Where to buy marmite', ""Ma'amite""]",Bass,0.05848187953233719,1,1,1
8404,Answer the question concisely. Q: Singer Eleonara Fagan was better known by what stage name? A:,"['Billie halliday', 'Billie Holiday', 'Billy Holiday', 'Lady Day (singer)', 'Eleanora Fagan', 'BILLIE HOLLIDAY', 'Frank DeViese', 'Billy Holliday', 'Billie Holliday', 'Billy holliday', 'Eleanora Fagan Gough', 'Holiday, Billie']",Ella Fitzgerald,0.6421657204627991,0,1,1
8444,Answer the question concisely. Q: Near which Chinese city is the famous Terracotta Army to be found? A:,"['Xian, China', ""Xi'an City"", 'Xian', 'Xi Jing', 'Hsi-An', ""Xi'an, China"", '西安市', 'Sai-an Fu', 'Xi’an', 'Singan', ""Xi'an"", 'Xi An', '西安', 'Xijing', 'Hsian', 'Signan', 'Xīān', 'Xi΄an', ""Hsi'an"", 'Sianfu', 'Xian, Shaanxi', ""Xi'an, Shaanxi"", ""X'IAN"", 'Sian, China', 'Hsi-an', 'Siking', ""Xī'ān""]",Xi'an,1.0139737129211426,0,0,0
8466,"Answer the question concisely. Q: Octavian, who became Augustus, and Marcus Aemilius Lepidus were two members of the 'Second Triumvirate' in 43 BC. Who was the third? A:","['Mark antony', 'Mark Antony', 'Marcus Antonius', 'MARK ANTONY', 'Marc Antony']",Mark Antony,0.9659868478775024,0,0,0
8467,Answer the question concisely. Q: Which country's national flag contains a Yin and Yang symbol at its centre? A:,"['Nam Chosun', 'Korea, Republic Of', 'So. Korea', 'ISO 3166-1:KR', 'R.O.K.', 'Korea, Republic of', 'Korea, South', 'Daehan Minguk', 'Republic Of Korea', 'S. Korea', 'R. Korea', 'South Kroea', 'South korea', 'Republican Korea', 'Korea (R.O.K.)', 'The republic of korea', 'SOUTH KOREA', 'Korea South', 'ROK', 'Daehanminkook', '남한', 'South Korea/Economy', 'Daehanmingook', 'Korea (South)', 'Korea Republic', 'SKorea', 'S Korea', '韓國', 'South-korea', 'Republican Corea', 'Republic of KOREA', 'Corea Republic', 'Daehanminkuk', 'Korea (Republic of)', 'Republic of korea', 'Korea (ROK)', 'South Koreans', 'Free Korea', 'Daehanminguk', '대한민국', 'South Corea', 'Modern Corea', 'South corea', ""Taehan-min'guk"", 'S.Korea', '大韓民國', 'South-Korea', 'Republic of Corea', 'S. Koreans', 'S. Korean', 'South Korean', 'Korea (Seoul)', 'Namjoseon', 'Republic of Korea', 'Korea, S', 'Korean Republic', 'Republic of South Korea', 'South Korea', '한국', 'Corean Republic']",China,0.5062184929847717,0,1,1
8479,"Answer the question concisely. Q: 'The Playboy Riots' occurred during and following the opening in 1907 of 'The Playboy Of The Western World' by J.M. Synge, at which Dublin theatre? A:","['Irish National Theatre Society', 'ABBEY THEATRE', 'Irish National Theatre', 'Peacock Theatre, Dublin', 'The Abbey Theater', 'Abbey School of Actors', 'Abbey School of Acting', 'National Theatre of Ireland', 'Abbey Theater', 'Abbey Theatre, Dublin', 'Abbey Experimental Theatre Company', 'Abbey School of Ballet', 'Abbey Theatre', 'Abbey Players', 'The Abbey Theatre']",The Abbey Theatre,0.9586881399154663,0,0,0
8496,Answer the question concisely. Q: What was the currency of the Netherlands from the 17th century until 2002 A:,"['Gulden, Historical Denomination', 'Gulden (historical denomination)', 'Guilders', 'Guilder']",The Netherlands Guilder,0.4343922734260559,1,0,0
8501,Answer the question concisely. Q: Who plays the title character in the recent BBC TV series 'Sherlock'? A:,"['Benedict cumberbatch', 'Benedict Timothy Carlton Cumberbatch', 'Benedict Cumberbatch', 'BENEDICT CUMBERBATCH']",Benedict Cumberbatch,0.9915903806686401,0,0,0
8508,Answer the question concisely. Q: Which South American country adopted the US Dollar as its official unit of currency in 2000? A:,"['Independence Day of Ecuador', 'Equadorians', 'Ecuadorean', 'Name of Ecuador', 'Ecuador', 'People of Ecuador', 'Republic of Ecuador', 'Regions of Ecuador', 'Independence Day (Ecuador)', 'Ecuadorian Independence Day', 'Administrative divisions of Ecuador', 'Ecuadoreans', 'Ecquador', 'Subdivisions of Ecuador', 'Equador', 'Zones of Ecuador', 'ECUADOR', 'ISO 3166-1:EC', 'Republica del Ecuador', 'República del Ecuador']",Ecuador,0.8369162082672119,0,0,0
8512,Answer the question concisely. Q: Which American songwriter wrote the music and lyrics for the musical 'Annie get Your Gun'? A:,"['Ellin Mackay', 'Irving Berlin', 'Marie (Irving Berlin song)', 'I Love a Piano', 'Israel Baline', 'Israel Isadore Baline', 'IRVING BERLIN', 'Israel Isidore Baline']",Irving Berlin,0.9766006469726562,0,0,0
8549,Answer the question concisely. Q: Malabo is the capital of which African country? A:,"['GNQ', 'Equatorial Guineau', 'Equatorial guinea', 'Guinea Ecuatorial', 'Guinée Équatoriale', 'Sport in Equatorial Guinea', 'Guinea Equatoriale', 'Equatorial Guinean', 'Equitorial Guinea', 'GEQ', 'Equatoguineans', 'Guinee Equatoriale', 'Equatorial Guinée', 'Equatoguinean', 'Guiné Equatorial', 'Guine Equatorial', 'Guinée équatoriale', 'Administrative divisions of Equatorial Guinea', 'EqG', 'Equatorial Guniea', 'Guinea Équatoriale', 'Equatorial Guineans', 'Eqguin', 'Equatoguinea', 'Guinee equatoriale', 'Republic of Equatorial Guinea', 'Eq. Guinea', 'Equatorial Guinee', 'EQG', 'Guinea Equatorial', 'Equitoreal guinea', 'Equatorial Guinea', 'ISO 3166-1:GQ', 'Equatorial guiniea']",Equatorial Guinea,0.9873128533363342,0,0,0
8562,Answer the question concisely. Q: Matt Busby played for Manchester City from 1928 to 1936. Which club did he play for from 1936 to 1941? A:,"['Liverpudlian', 'Liverpudlians', 'Liverpool, UK', 'Liverpool (borough)', 'Liverpool, Britain', 'Metropolitan Borough of Liverpool', 'The weather in Liverpool', 'Liverpool (England)', 'Liverpool/Archive 1', 'Lerpwl', 'County Borough of Liverpool', 'Liverpool', 'Scouseland', 'Liverpool, Merseyside', 'Landmarks in Liverpool', 'Liverpool, England', ""L'POOL"", 'Liverpool, U.K.']",Manchester United,0.3277568221092224,1,1,1
8563,Answer the question concisely. Q: George and Mildred and Robin's Nest were spin-offs from which TV series of the 1970s? A:,"['Man About the House (film)', 'One for the Road (Man About the House)', 'Man About The House', 'Man About the House', 'Man about the House']",Man About the House,0.9542986750602722,0,0,0
8572,Answer the question concisely. Q: In which part of the human body would you find the Sphenoid bone? A:,"['Quadratojugal fenestrae', 'Temporal fenstra', 'Supratemporal', 'Post-temporal fenestrae', 'Postfrontal', 'Skull (anatomy)', 'Temporal fenestrae', 'Quadratojugal fenestra', 'Skulled', 'Cranial ridges', 'Symplectic bone', 'Temporal fenestra', 'Mandibular fenestra', 'Temporal fenestræ', 'Supratemporal fenestra', 'Crania', 'Skull fenestra', 'Cranial bone', 'Mandibular fenestrae', 'Skull', 'Animal skulls', 'Cranium (anatomy)', 'Post-temporal fenestra', 'Cranial ridge', 'Temporal Fenestra', 'Temporal opening', 'Orbital fenestra', 'Palatal fenestrae', 'Palatal fenestra', 'Fenestra pseudorotunda', 'Animal skull', 'Intertemporal', 'Skull bones', 'Skull bone', 'Skulle', 'Nasal fenestra', 'Cranium', 'Skull fenestrae', 'Skulls', 'Orbital fenestrae']",The Sphenoid bone is located in the middle of the skull,0.40012550354003906,1,1,1
8587,Answer the question concisely. Q: Who is the current occupant of Dorneywood in Buckinghamshire? A:,"['Gideon Osborne', 'Chancellor George Osborne', 'George Osbourne', 'George osborne', 'George Gideon Oliver Osborne', 'George Osborne MP', 'Gideon George Oliver Osborne', 'George Osborne']","The current occupant of Dorneywood in Buckinghamshire is the Prime Minister of the United Kingdom, Boris Johnson",0.1864948272705078,1,1,1
8589,"Answer the question concisely. Q: Albacore, bigeye and longtail are species of what type of fish? A:","['Transurethral needle ablation', 'Transurethral needle ablation of the prostate', 'Trans urethral needle ablation of the prostate', 'T.U.N.A.', 'TUNA', 'Transurethral radiofrequency ablation']",Tuna,0.26385733485221863,1,0,0
8592,"Answer the question concisely. Q: ""Which word completes each of the novels in a series by Enid Blyton - including """"The ??? of the Burnt Cottage"""", """"The ??? of the Vanished Prince"""" and """"The ??? of the Missing Necklace""""?"" A:","['Mystery', 'Mysteriousness', 'Mystery (disambiguation)', 'MYSTERY', 'The Mystery', 'Mystery (song)', 'Mysterious', 'Mystery (album)', 'Mystery (film)']","""Famous Five",0.4331122636795044,1,1,1
8596,"Answer the question concisely. Q: ""Who plays the girlfriend, then wife of Michael Corleone in the 1972 film """"The Godfather""""?"" A:","['Diane Keaton', 'Diane Keaton filmography', 'Dianne Keaton', 'Diane Hall', 'DIANE KEATON', 'List of awards and nominations received by Diane Keaton']","""Kay Adams.""",0.2195291966199875,1,1,1
8597,Answer the question concisely. Q: Who is the twin sister of Sebastian in Shakespeare's Twelfth Night? A:,"['Bratsche', 'VIOLA', 'Alto viola', 'Electric viola', 'Violas', 'Electric Viola', 'Viole', 'Violist', 'Viola']",Viola,0.8243597745895386,0,0,0
8602,Answer the question concisely. Q: The Vectis National Party was a political party formed in 1967 which campaigned for crown dependency for which island? A:,"['Isle of White', 'Angel Radio', 'Isle of Wight UA', 'Isle of Wight', 'IoW', ""Izzle O' Wizzle"", 'Goddards Brewery', 'Isle Of Wight', 'Angel Radio (Isle of Wight)', 'The Isle of Wight', 'Isle of White Facts', 'Isle of wight', 'Isle of Wight marathon', 'Isle of Wight, England', 'Yates Brewery', 'Isle of Weight', 'Isle of white', 'Ventnor Brewery']",The Isle of Wight,0.9727118611335754,0,0,0
8608,"Answer the question concisely. Q: Han of Iceland, Oedipus in Athens & The Ballet of Unhatched Chicks are all works by which composer? A:","['Modest Petrovich Mussorgsky', 'Modest musorgsky', 'Modest Petrovich Moussorgsky', 'Modeste Petrovich Moussorgsky', 'Модест Петрович Мусоргский', 'Modest mussourgsky', 'Modest Musorgsky', '(Modest) Mussorgsky', 'Musorgsky', 'Modest Musorgski', 'Modeste Mussorgski', 'Mussorgski', 'Modest Mussorgski', 'Modest Moussorgsky', 'Mussorgskian', 'Modeste Mussorgsky', 'Mussorgsky', 'Modest Mussorgsky', 'Moussorgsky', 'Modeste Mussourgsky', 'Modest Moussorgski', 'Modest Petrovich Musorgsky', 'Моде́ст Петро́вич Му́соргский', 'Modest Petrowitsch Mussorgsky', 'Modest Musorgskiy', 'Modeste Moussorgsky']",Igor Stravinsky,0.3326173424720764,1,1,1
8630,Answer the question concisely. Q: For which 1960 film did Billy Wilder become the first person to win three Oscars for the same film? A:,"['The Apartment', 'The apartment']",The Apartment,0.9714555740356445,0,0,0
8657,Answer the question concisely. Q: The childhood disease 'Rickets' is caused by a lack of which vitamin? A:,"['Vitamin D1', 'Calciferol', 'Dvion', 'Sunshine vitamin', 'Vitamin D', 'VITAMIN D', 'Vitamin D Excess', 'Vitamen d', 'Vitamin-D', 'Vitamin d', 'List of foods containing Vitamin D']",Vitamin D.,0.9679736495018005,0,0,0
8660,Answer the question concisely. Q: The songs 'If I Loved You' and 'When The Children Are Asleep' are from which 1956 stage musical? A:,"['Carousels', '🎠', 'Merry-go-round', 'Loof', 'Marry Go Round', 'Merry-Go-Round', 'Merry Go Round', 'Merry go round', 'Merry-go-Round', 'Merrygoround', 'Carousel', 'Carrousel', ""'CAROUSEL'""]",Carousel,0.9960453510284424,0,0,0
8680,Answer the question concisely. Q: What is the capital and largest city of the Islamic Republic of Mauritania? A:,"['Noukchott', 'Capital of Mauritania', 'Nouakchot', 'Nuwākshūṭ', 'Nouakchott, Mauritania', 'Nawakshut', 'Nawākshūṭ', 'Nouakchott']",Nouakchott.,0.9802693128585815,0,0,0
8685,Answer the question concisely. Q: Who was the last British athlete to compete in the Olympic 100 metres final? A:,"['Dwayne Chambers', 'DWAYNE CHAMBERS', 'Duaine Chambers', 'Dwain Chambers', 'Dewayne chambers']",Linford Christie,0.2704147696495056,1,1,1
8710,"Answer the question concisely. Q: What mission was the fifth human space flight of 'Project Apollo', the third human voyage to the Moon and the first manned mission to land on the Moon? A:","['S-IVB upper stage for Apollo 11', 'First moon landing', 'Appolo 11', 'Apollo 11', 'Evoloterra', 'First Moon Landing', '1969 Moon landing', 'Apollo 11 landing site', '1969 moon landing', 'Apollo Eleven', 'Apolo 11', 'In Event of Moon Disaster', 'The Eagle has landed', 'APOLLO 11', 'The Moon Landing', 'Apollo XI', 'July 20 1969', 'Appollo 11', 'Heavy boots']",Apollo 11,0.9909797310829163,0,0,0
8718,Answer the question concisely. Q: Who also writes using the pseudonym 'Barbara Vine'? A:,"['Baroness Rendell', 'Ruth Barbara Rendell', 'Ruth Barbara Rendell, Baroness Rendell of Babergh', 'Ruth Rendell, Baroness Rendell of Babergh', 'Barbara Vine', 'Ruth rendall', 'Lady Rendell', 'Baroness Rendell of Babergh', 'Ruth Rendell', 'The Reason Why: An Anthology of the Murderous Mind', 'RUTH RENDELL']",Ruth Rendell,0.9824793934822083,0,0,0
8737,"Answer the question concisely. Q: Benigo Aquino murdered in the Phillipines, a Korean Boeing 747 shot down over Sakhalin Island, and John McEnroe wins at Wimbledon for the second time. Which year? A:","['1983', 'one thousand, nine hundred and eighty-three']",1983,0.7879340052604675,0,0,0
8751,Answer the question concisely. Q: Which former Taoiseach of the Republic of Ireland died in August A:,"['Reynolds, Albert', 'Albert Reynolds', 'Ailbhe Mac Raghnaill']",Charles Haughey,0.3714022636413574,1,1,1
8752,Answer the question concisely. Q: Which island of just over 30 square miles lies between North Uist and South Uist? A:,"['Benbecula', 'Isle of Benbecula', 'Benebecula', 'Craigstrome', 'Benbeculla']",Benbecula,1.0230072736740112,0,0,0
8776,Answer the question concisely. Q: What politically incorrect phrase was used to describe boxer Jess Willard when he fought Jack Johnson in 1915? A:,"['(Great) White Hope', 'Great white hope', 'Great White Hope', 'Great White Hope (disambiguation)']",The Great White Hope,0.8380506634712219,0,0,0
8786,Answer the question concisely. Q: Which comic strip is the most famous creation of Scott Adams? A:,"['Ashook', 'Another Day in Cubicle Paradise', 'Fugitive From the Cubicle Police', 'Elbonian', ""Dogbert's Top-Secret Management Handbook"", 'Build a Better Life by Stealing Office Supplies', 'Frooglepoopillion', ""'DILBERT'"", 'Casual Day Has Gone Too Far', 'Journey to Cubeville', 'When Did Ignorance Become A Point Of View%3F', 'The TTP Project', 'Dogbert’s Top Secret Management Handbook', 'Fugitive from the cubicle police', ""Don't Stand Where the Comet is Assumed to Strike Oil"", 'Dilbert gives you the business', 'Always Postpone Meetings with Time-Wasting Morons', 'North Elbonia', 'The Fluorescent Light Glistens Off Your Head', 'Bring Me the Head of Willy the Mailboy!', 'Try Rebooting Yourself', 'Positive Attitude (comics)', ""Dogbert's Clues for the Clueless"", 'Dogbert (comics)', 'ELBONIA', 'Random Acts of Management', 'Dilbertian', 'This is the Part Where You Pretend to Add Value', 'Positive Attitude (book)', 'Dilbert/Induhvidual', 'Dilbert Gives You the Business', 'Dilbert Image Gallery', 'Positive Attitude (Dilbert book)', 'Elbonia', 'Build A Better Life By Stealing Office Supplies', 'The ttp project', 'Dilbert (comic)', 'Thriving on Vague Objectives', 'St. Dogbert', ""It's Obvious You Won't Survive By Your Wits Alone"", ""Words You Don't Want to Hear During Your Annual Performance Review"", ""Don't Step In The Leadership"", 'When Body Language Goes Bad', 'Another Day In Cubicle Paradise', 'Still Pumped from Using the Mouse', ""I'm Not Anti-Business, I'm Anti-Idiot"", 'Dilbert', 'Positive Attitude (comic book)', ""Dogbert's Top Secret Management Handbook"", ""It's Not Funny If I Have To Explain It"", 'Induhvidual', ""Don't Step in the Leadership"", 'Shave the Whales', 'Excuse Me While I Wag', 'Dilbert (comic strip)']",Dilbert.,0.9293063879013062,0,0,0
8816,Answer the question concisely. Q: Which is the largest city in Pakistan? A:,"['Anklesaria Hospital', 'Sikandar Hayat Khan Sherpao', 'Karachi district', 'Iqbal Shaheed Road', 'Karachiites', 'Katha Theatre', 'Shahrah-e-Altaf Hussain', 'Garden Road (Karachi)', 'Dr. Daud Pota Road', 'Kurrachee', 'Sikanderabad (Karachi)', 'Gulistan-e-Bahar', 'Karachi Polytechnic Institute', 'Crime in Karachi', 'Shaheed Benazir Bhutto Park', 'Defence Export Promotion Organization', 'Sultan Mohamed Shah Aga Khan School, Karachi', 'Karachi metropolitan area', 'Shopping in Karachi', 'City District Government Karachi', 'Abdullah Haroon Road', 'Platinum Colony', 'Karachi, Sind', 'Syedna Burhanuddin Road', 'Abdul Sattar Pirzada', 'Moti Masjid (Karachi)', 'CDGK', 'Mini pakistan', 'Asifabad, Karachi', 'Shireen Jinnah Colony', 'Karanchi', 'Humera Alwani', 'Kharak (Karachi)', 'Lalazar (Karachi)', 'Kochi Camp', 'City of Quaid', 'Karachiite', 'Dara Murad Jamali Industrial Estate', 'Shahrah-e-Liaquat', 'Hub Industrial and Trading Estate', 'Umdah', 'Karachi City District', 'Financial Capital of Pakistan', 'Gutter Baghicha', 'List of cinemas in Karachi', 'Burnes Road Food Street', 'Wilayatabad', 'Karachi City', 'Karaci', 'Economic capital of Pakistan', 'Karachi', 'Karachi Expo Centre', 'Capital of Sindh', 'Ras Karashi', 'Afghan Basti', 'Financial capital of Pakistan', 'Karachi, PK', 'Karāchi', 'Agha Siraj Durrani', 'Kalachi-jo-Kun', 'Karachi, Sindh', 'Economic hub of Pakistan', 'District of Karachi', 'Bay View Academy', 'Karachite', 'Kurruck', 'PAF Colony', 'Karachi, Sindh, Pakistan', 'City of the Quaid', 'Economic Capital of Pakistan', 'Kaurashi', 'Waheed Murad Road', 'Karatchi', 'Kharak', 'Kurrachee Karachi', 'Windher Industrial and Trading Estate', 'Shah Rasool Colony', 'Muhammad Hussain Panhwar', 'Karshi', 'Nisar Shaheed Park', 'Victoria Road, Karachi', 'Chinna Creek', 'Lalazar (Naran)', 'Memon Nagar', 'Karachi, Sind, Pakistan', 'Keamari Groyne', 'Gadani Industrial Estate', 'Arts in Karachi', 'City district government of karachi', 'Azad Colony', 'Karachi District', 'Architecture of Karachi', 'Karachi, West Pakistan', 'Gulistan-e-Hadeed', 'Jinnahabad', 'Landhi Industrial Area', 'Karachi, Pakistan', 'Government College of Technology, Karachi', 'Kathiawar Muslim Habsh Jamaat', 'Rambagh, Karachi', 'Kara-chi', 'Qafila Serai', 'Financial hub of Pakistan', 'Nawa Nar', 'Architecture in Karachi', 'Boulton Market', 'Auranga Bandar', 'Karaachi', 'DHA Model High School', 'Mansfield Street, Karachi', 'Business hub of Pakistan', 'Allahwala Town', 'Kolachi-jo-Goth', 'City of Karachi', 'Uthal Industrial Estate', 'Ras al Karazi', 'Nishtar Road', 'Baba-e-Urdu Road', 'Karak Bander']",Karachi.,0.9266973733901978,0,0,0
8817,Answer the question concisely. Q: Which X Factor winner is currently playing Aiden Conner in Coronation Street? A:,"['Shayne Ward', 'Shane Ward', 'U Got Me So']",Matt Terry,0.4098740816116333,1,1,1
8820,Answer the question concisely. Q: In which country are the wine areas of Suhindol and Thrace? A:,"['Balgariya', 'Bulgariya', 'Балгария', 'Република България', 'България', 'Булгария', 'ISO 3166-1:BG', 'Булгариа', 'Balgaria', 'Republic of Bulgaria', 'Bulgarie', 'Bulgaria', 'Bulgary']",Bulgaria,0.8510636687278748,0,0,0
8834,Answer the question concisely. Q: From which film did The Harry Lime Theme come A:,"['The Third Man (film)', 'Harry Lime', 'The Third Man', 'The Third Man (novel)', '3rd man', 'Third man', 'The 3rd Man', 'Der Dritte Mann', 'The third man', 'The Third Man (TV series)', 'Der dritte Mann']",The Third Man B: The Third Man C: The Third Man D: The Third Man E: The Third Man F: The Third Man G: The Third Man H: The Third Man I: The Third Man J: The Third Man K: The Third Man L: The Third Man M: The Third Man N,0.5750302076339722,0,0,0
8840,Answer the question concisely. Q: Who was lead singer with Frankie goes to Hollywood A:,"['Hobo Joe', 'Holly Johnson', 'Yankee Rose (Holly Johnson Song)', 'Hobo Joe (Holly Johnson Song)', 'ZTT v Holly Johnson', 'William Holly Johnson']",Holly Johnson,0.9600977897644043,0,0,0
8842,Answer the question concisely. Q: What is the correct name for a punt pole A:,"['Quant (disambiguation)', 'Quant']",Punt pole,0.116737000644207,1,1,1
8854,Answer the question concisely. Q: Which Oscar winning song came from the film Pocahontas A:,"['Colours of the Wind', 'Colours of the wind', 'Colors of the Wind', 'Colors Of The Wind', 'Colors of the wind']",Colors of the Wind B: Beauty and the Beast C: Can You Feel the Love Tonight D: Circle of Life E: A Whole New World F: You'll Be in My Heart G: Tale as Old as Time H: Under the Sea I: Beauty and the Beast,0.33857491612434387,1,0,0
8856,Answer the question concisely. Q: Who was the first woman to fly the Atlantic solo A:,"['Amelia airheart', 'Amelia Airhardt', 'Disappearance of Amelia Earhart', 'Amelia Airhart', 'Amelia Erhart', 'Emelia Earhart', 'Amelia Mary Earhart', 'Amelia Aerhart', 'Amelia Erhardt', 'Amelia Earheart', 'Amelia Earnhart', 'Amelia Earhart Putnam', 'Emelia Airheart', 'Amelia earhart', 'Amielia Earhart', 'Amelia airhart', 'Amelia Earhardt', 'Amelia Earhart Life Summary', 'Amelia Earhart', 'Amelia Airheart']",Amelia Earhart.,0.9039555788040161,0,0,0
8857,Answer the question concisely. Q: What was Ian Fleming’s first Bond book A:,"['Casino royale', 'Casino Royal', 'Royal Casino', 'Casino Royale', 'Casino Royale (film)', 'Casino Royale (disambiguation)', 'Casino Roy']",Casino Royale.,0.9196691513061523,0,0,0
8864,Answer the question concisely. Q: Which river runs through The Grand Canyon A:,"['Colorado (State)', 'Colorful Colorado', 'Special districts of Colorado', 'Insignia of the State of Colorado', 'List of military facilities in Colorado', 'Coloradan', 'Cuisines of Colorado', 'Colorado (U.S. state)', 'List of professional sports teams in Colorado', 'Religion in Colorado', 'Professional sport teams of Colorado', 'Rocky Mountain Empire', 'Thirty-eighth State', '38th State', 'Coloradans', 'Colorado, United States', 'The Centennial State', 'Colo.', 'List of professional sports teams of Colorado', 'Protected areas of Colorado', 'Education in Colorado', 'State of Colorado', 'Columbine State', 'Thirty-Eighth State', 'Colorado (state)', 'List of former professional sports teams of Colorado', 'US-CO', 'Colorado protected areas', 'Mother of Rivers', 'List of Colorado state insignia', 'Fine arts in Colorado', 'Climate of Colorado', 'Professional sports in Colorado', 'Colorado state nickname', 'Emblems of the State of Colorado', 'Colorado', 'Colorado military facilities', 'Demographics of Colorado', 'Colorada', 'Kolorado', 'Culture of Colorado', 'Colarado', 'Centennial State', 'CO (state)', 'Buffalo Plains State', 'Military facilities in Colorado']",The Colorado River,0.4890950322151184,1,1,1
8866,Answer the question concisely. Q: What was the name of the building destroyed in the Oklahoma bombing in March 95 A:,"['Murrah Federal Building', 'Murrah building', 'Murrah Building', 'Alfred P. Murrah Federal Building', 'Alfred p. murrah federal building', 'Alfred Murrah Federal Building', 'Oklahoma City federal building']",The Alfred P. Murrah Federal Building,0.803915798664093,0,0,0
8876,Answer the question concisely. Q: What is the capital of Algeria A:,"['Algiers, AL', 'Algiers, Algeria', 'Etymology of Algiers', 'El Djazzair', ""Al-Jaza'ir"", 'El Djazair', 'Al Jazair', 'El-Djazzair', 'El-Jezair', ""Al Jaza'ir"", 'Algiers', 'Al-Jazair', 'Algeri', 'Al-Jazāʾir', 'Dzair', 'Argier', 'Algérois', 'Capital of Algeria', 'Alger la Blanche', 'Algerine', 'El-Behdja', 'El Jezair', ""Al-Jazā'ir"", 'Al-Jazaʾir', 'Algeirs']",Algiers,0.8771036863327026,0,0,0
8910,Answer the question concisely. Q: Who on TV is the Naked Chef A:,"['Jools oliver', ""James Trevor 'Jamie' Oliver, MBE"", 'Juliette Norton', ""James Trevor 'Jamie' Oliver"", 'Jamie Oliver', 'Jools Oliver', 'James Oliver (chef)', 'James Trevor Oliver, MBE', 'Naked Chef', 'James Trevor Oliver', 'Naked chef']",Jamie Oliver,0.9769625067710876,0,0,0
8911,Answer the question concisely. Q: Which U.S. air base in Britain was the scene of a long running women's anti nuclear protest in the 1980s A:,"['RAF Greenham Common', 'USAF Greenham Common', 'Greenham and Crookham Commons', 'Greenham Common']",Greenham Common B: RAF Mildenhall C: RAF Lakenheath D: RAF Menwith Hill E: RAF Fylingd,0.34952664375305176,1,1,1
8916,Answer the question concisely. Q: Where does Dame Edna Everage come from in Australia A:,"['Moonee Ponds West Primary School', 'Moonee Ponds', 'Moonee Ponds, Victoria', 'Moony Ponds']","She is from Melbourne, Victoria",0.3269948363304138,1,1,1
8937,Answer the question concisely. Q: Which Englishman was World Speedway Champion in 1992 A:,['Gary Havelock'],Peter Craven,0.2738352119922638,1,1,1
8943,Answer the question concisely. Q: What is the oldest vegetable known to man A:,"['Pisum sativum', 'Pea plant', 'Garden pea', 'Green peas', 'P. sativum', 'Peas', 'Pea', 'Peascods', 'Green pea', 'Green Pea', 'Field peas', 'Pea Plants', 'Pea pod', 'Pisum sativus', 'Petit pois']",Cauliflower,0.2185535579919815,1,1,1
8948,Answer the question concisely. Q: Which millionaire's daughter married Imran Khan in 1995 A:,"['James Goldsmith', 'Jimmy Goldsmith', 'Sir James Goldsmith']",Jemima Goldsmith,0.7047551870346069,0,1,1
8957,Answer the question concisely. Q: What is the study of armorial bearings called A:,"['Heraldry', 'Coat of Arms motto', 'Latin heraldry', 'Heraldic', 'Heraldist', 'Aspilogia', 'European heraldry', 'Landscape heraldry', 'Heraldic art', 'Heraldic Symbolism', 'British heraldry', 'Usurping arms', 'Armourial bearings', 'European heraldic traditions']",Heraldry B: Heraldry C: Heraldry D: Heraldry E: Heraldry F: Heraldry G: Heraldry H: Heraldry I: Heraldry J: Heraldry K: Heraldry L: Heraldry M: Heraldry N,0.5360891819000244,0,0,0
8969,Answer the question concisely. Q: What was the name of Catherine Zeta Jones character in The Darling Buds of May A:,"['Mariette (disambiguation)', 'Mariette']",Mariette,0.9188225269317627,0,0,0
8978,"Answer the question concisely. Q: Martin, Mandy and Mathew were flatmates in which comedy series A:","['Game On', 'Game On (TV series)', 'Game On!', 'Game On (disambiguation)']",The Flatmates B: The Flatshare C: The Flatmates D: The Flatshare E: The Flatmates F: The Flatshare G: The Flatmates H: The Flatshare I: The Flatmates J: The Flatshare K,0.32889610528945923,1,1,1
8981,Answer the question concisely. Q: What is the art of clipping bushes into shapes known as A:,"['Topiarius', 'Topiary', 'Topiary work']",Pruning B: Shaping C: Trimming D: Clipping E: Shaping F: Pruning G: Trimming H: Clipping I: Shaping J: Trimming K: Pruning L: Shaping M: Trimming N: Clipping O: Shaping P: Tr,0.35252511501312256,1,1,1
8992,Answer the question concisely. Q: Who was Don McLean singing about in Vincent A:,"['Vincent Willem Van Gogh', 'Vincent van Gogh', 'Vincent VanGogh', 'Vangogh', ""Van Gogh's ear"", 'Van go', 'Vincent Van Gogh', 'Vincent Willem van Gogh', ""Vincent van Gogh's ear"", 'Van Goth', 'Van Gough', 'Vince Van Gogh', 'Van Gogh', 'Vince van Gogh', 'Vincent Van Goth', 'Vincent van gogh', 'Van goh', 'Vincent Van Gough', 'Van Goh', 'Vincent Van gough']",Vincent Van Gogh,0.9421606659889221,0,0,0
9005,Answer the question concisely. Q: What colour on the London underground map is the District Line A:,"['Greenishly', 'Avacado (color)', 'Green (color)', 'Rgb(0, 255, 0)', 'Greenishness', 'The colour green', 'Greenest', 'List of terms associated with the color green', 'The color green', 'Green', 'Pastel green', '(0, 255, 0)', 'Green (colour)', 'Greenness']",Green,0.8115737438201904,0,0,0
9007,Answer the question concisely. Q: What nationality is singer Vanessa Paradis A:,"['Français', 'Francaise', 'The French', 'Frenchness', 'French', 'Francais', 'French (disambiguation)', 'Frrench']",French,0.780733585357666,0,0,0
9008,Answer the question concisely. Q: Which English city has the most canals A:,"['County Borough of Birmingham', 'Birmingham overspill', 'Metropolitan Borough of Birmingham', ""B'Ham"", 'Great Barr Primary School', 'City of Birmingham', 'City of a thousand and one trades', 'Birmingham, UK', 'Birminghamian', 'Birmingham (borough)', 'City of a thousand trades', 'Nelson Mandela Primary School', 'Crime and policing in Birmingham', 'Birmingham, United Kingdom', 'The weather in Birmingham', 'Bournville Junior School', 'Birmingham Corporation', 'Birmingham Heritage Festival', 'Bimringham', ""B'ham"", 'Birmingham artistic figures', 'City of birmingham', 'Beormingham', 'Birmingham', 'Birmingham, West Midlands', 'England Birmingham', 'Birmingham, England', 'UN/LOCODE:GBBHM']",Venice B: London C: Amsterdam D: None of the above,0.15501092374324799,1,1,1
9012,Answer the question concisely. Q: Of which tribe of Red Indians was Geronimo a chief A:,"['Apache Nation', 'Apche indian tribe', 'ˀa˙paču', 'Apacheans', 'Apache Indians', 'Apache (tribe)', 'Apaches', 'Apache indians', 'Apache people', 'Apache Tribe', 'Apache tribe', 'Apachean', 'Apache']",Apache B: Sioux C: Cherokee D: Cheyenne E: Comanche F: Iroquois G: Seminole H: Chickasaw I: Choctaw J: Shawnee K: Blackfoot L: Crow M: Pawnee N: Arapaho,0.3883999288082123,1,1,1
9014,Answer the question concisely. Q: Where was the Titanic heading for on her maiden voyage A:,"['New Yourk State', 'State of N.Y.', 'US-NY', 'N Y', 'The state of NY', 'NewYork', 'NYS', 'Neo York', 'NY state', 'Nova York', 'State of new york', 'Ny', 'New york', 'Nueva York (estado)', 'N Y state', 'New York (state)', 'U.S. state of New York', 'New York state', 'New York, U.S.', 'State New York', 'Nýja-Jórvík', 'Newyork', 'NEW YORK', 'State of N. Y.', 'N. Y. state', 'NY', 'The state of N.Y.', 'NY (state)', ""New York's"", 'N.Y. (U.S. state)', 'State of new yourk', 'New York State', 'New York (U.S. state)', 'New york state', 'New Yrok', '11th State', 'New York (USA State)', 'State of N Y', 'New-York', 'The State of New York', 'State of New York', 'US state of New York', 'N Y (U.S. state)', 'N.Y. state', 'N.Y.', 'The state of N. Y.', 'N. Y. (state)', 'The state of N Y', 'New York, US', 'N.Y. (state)', 'Nyja-Jorvik', 'Religion in New York', 'New Yourk', 'N. Y.', ""New York State's"", 'Estado Nueva York', 'New York (USA state)', 'New york population', 'New York, U.S.A', 'New York', 'NY (U.S. state)', 'Estado de Nueva York', 'N. Y. (U.S. state)', 'Eleventh State', 'N Y (state)', 'State of NY', 'New York (State)', 'New York (U.S. state']",New York B: Southampton C: Liverpool D: Belfast E: None of the,0.18106037378311157,1,1,1
9015,Answer the question concisely. Q: In which street did the Great Fire of London originate A:,['Pudding Lane'],Pudding Lane B: Fleet Street C: Cheapside D: Bishopsgate E: None of the,0.1928606480360031,1,0,0
9016,Answer the question concisely. Q: What was the name of the German airship that burst into flames at its moorings in New Jersey in 1937 A:,"['LZ129', 'Hindenburg (airship)', 'Hindenburg airship', 'German airship Hindenburg', 'The Hindenberg', 'LZ 129 Hindenburg', 'LZ 129', 'D-LZ129', 'Lz-129', 'Airship Hindenburg', 'The Hindenburg', 'Airship LZ129 Hindenburg', 'D-LZ129 Hindenburg']",Hindenburg,0.49695920944213867,1,0,0
9018,Answer the question concisely. Q: In children's TV by what name is Sir Topham Hatt better known A:,"[""Sir Topham Hatt's Car"", 'Sir Topham Hatt', 'Mrs Hatt', 'Lady Hatt', 'Sir topham hatt', ""Sir Topham Hatt's Butler"", 'Bridget Hatt', ""Sir Topham's butler"", 'The Fat Controller', 'Mrs. Dowager Hatt', 'Mrs. Hatt', 'Stephen Hatt', 'Fat Controller', 'Sir Topham Hat', 'Topham Hatt']",The Fat Controller B: The Fat Controller C: The Fat Controller D: The Fat Controller E: The Fat Controller F: The Fat Controller G: The Fat Controller H: The Fat Controller I: The Fat Controller J: The Fat Controller K: The Fat Controller,0.5841668844223022,0,0,0
9029,Answer the question concisely. Q: What was the name of Joan Jett's backing group A:,"['The Blackhearts', 'Joan Jett and The Blackhearts', 'Joan Jet', 'Joan Jett And The Blackhearts', 'Blackhearts', 'Ricky Byrd', 'Joan Marie Larkin', 'Joan M. Larkin', 'Joan jett', 'Joan Jett & The Blackhearts', 'Joan Jett', 'Joan Jett and the Black Hearts', 'Joan Jett and the Blackhearts', 'Joan Jett & the Blackhearts']",The Runaways B: The Blackhearts C: The Bikini Kill D: The Go-Go's E: The Bangles F: The Spice Girls G: The Pussycat Dolls H: The B-52's I: The Bangles J: The Go,0.3076619505882263,1,1,1
9034,Answer the question concisely. Q: In the Christian calendar what is the first day of Holy Week A:,"['Flowery Sunday', 'Fir Sunday', 'Branch Sunday', 'Palm sunday', 'Palm Sundays', 'Yew Sunday', 'Palm Sunday', 'Jesus on a donkey']",Palm Sunday B: Maundy Thursday C: Good Friday D: Easter Sunday E: None of the,0.26102215051651,1,1,0
9038,"Answer the question concisely. Q: In photography, what sort of lens enables a speedy transition from long shots to close-ups A:","['Optical zoom', 'Zoom lens', 'Zoom lenses']",A zoom lens.,0.765062153339386,0,0,0
9045,Answer the question concisely. Q: Cape Verde was formerly a dependency of which European country A:,"['Portogało', 'Republic of Portugal', 'PORTUGAL', 'Portekiz', 'Portugallu', 'O Papagaio', 'ISO 3166-1:PT', 'Portunga', 'Phu-to-ga', 'Potigal', 'Portûnga', 'Portugul', 'An Phortaingéil', 'Portugāle', 'Portugale', 'Portingale', 'Potiti', 'Portugali', 'Portugall', 'Portekîz', 'Bo Dao Nha', 'Portuguese Republic', 'Portogallo', 'Portugaul', 'Portogalo', 'Portyngal', 'Yn Phortiugal', 'Portugalio', 'Portugál', 'Portugual', 'Portuga', 'Portgual', 'Portugalsko', 'Portugaleje', 'Phû-tô-gâ', 'Portugalujo', 'Portugalija', 'Pertual', 'Pòtigal', 'Portugal', 'Bồ Đào Nha', 'Portugalska', 'República Portuguesa', 'Portiwgal', 'Portugalėjė', 'Portúgal', 'Portegal', 'An Phortaingeil', 'Republica Portuguesa']",Portugal B: Spain C: France D: Italy E:,0.3113030791282654,1,1,0
9061,Answer the question concisely. Q: In yachting how many crew are there in the Flying Dutchman class A:,"['2', 'Two', 'two']",2 B: 3 C: 4 D: 5 E: 6 F: 7 G: 8 H: 9 I: 10 J: 11 K: 12 L: 13 M: 14 N: 15 O: 1,0.37964242696762085,1,0,1
9063,Answer the question concisely. Q: Lyrics: Some of them want to abuse you some of them want to be abused A:,"['Sweet Dreams', 'Sweet Dreams (disambiguation)', 'Sweet Dreams (album)', 'Sweet Dreams (film)', 'Sweet dreams', 'Sweet Dream', 'Sweet Dreams (movie)', 'Sweet Dreams (song)']",Some of them want to be abused Some of them want to abuse you Some of them want to be abused Some of them want to be abused Some of them want to be abused Some of them want to be abused Some of them want to be abused Some of them want to be abused,0.6437267661094666,0,1,1
9071,"Answer the question concisely. Q: What word links take, write and stand A:","['Under (disambiguation)', 'Under']",The word is take,0.0643959790468216,1,1,1
9083,Answer the question concisely. Q: What is the offspring of a donkey and a horse called A:,"['Mule', 'Mule production', 'Mule (zoology)', 'Mule train (transport)']",A mule,0.5769861340522766,0,0,0
9085,Answer the question concisely. Q: In the London 2012 Olympics where did the Taekwondo take place A:,"['Excell', 'Excel', 'Excel (disambiguation)', 'EXCEL', 'EXCELL']",In the London 2012 Olympics the Taekwondo took place at the ExCel Arena,0.23296737670898438,1,0,0
9103,Answer the question concisely. Q: What flower was named after the Duke of Cumberland A:,"['Sweet-william', 'Dianthus barbatus interspecific', 'Dianthus barbatus', 'Sweetwilliam', 'Sweet William', 'Sweet william']",The Cumberland Rose,0.26113826036453247,1,1,1
9107,Answer the question concisely. Q: Made in Scotland what type of beverage is Rock Rose A:,"['Mothers ruin', 'List of gins', 'List of gin brands', 'London Dry Gin', 'GIN', 'Gins', 'Gin']",Rock Rose is a type of gin,0.36615628004074097,1,0,0
9121,Answer the question concisely. Q: What is vellum parchment made from A:,"['Calfskin', 'Calf-skin', 'Calf skin', 'Veau velours', 'Chickenskin']",Vellum parchment is made from animal skin,0.2875351905822754,1,1,0
9125,Answer the question concisely. Q: Which British submarine sank the General Belgrano in the Falklands War A:,"['Hms conqueror', 'HMS Conqueror']",HMS Conqueror B: HMS Courageous C: HMS Concord D: HMS Concordia E: HMS Concord F: HMS Concordia G: HMS Concord H: HMS Concord I: HMS Concord J: HMS Concord K: HMS Concord L: HMS Concord M:,0.44209975004196167,1,1,1
9132,Answer the question concisely. Q: Which song did Aled Jones forget the words of during a Royal Variety Performance A:,"['Memry', 'Memories', 'Memory', 'Topographical memory', 'Human memory', 'Memory (psychology)', 'Memory training', 'Memory retention', 'Memorable', 'Topographic memory', 'Molecular mechanisms of memory']",The Impossible Dream,0.27113449573516846,1,1,1
9150,Answer the question concisely. Q: In which county is Leeds Castle A:,"['Garden of england', 'Sport in Kent', 'Kent County, England', 'Kent', 'County Kent', 'Culture in Kent', 'Winkhurst Green', 'Wilsley Green', 'Kent, England', 'Education in Kent', 'Garden of England', 'Kent (county)', 'County of Kent', 'Cantium', 'Kent (England)', 'Rhoden Green', 'County of Kent, England']",Kent,0.8181857466697693,0,0,0
9151,Answer the question concisely. Q: Which bird uses a stone for breaking the shells of snails A:,"['Thrush (disambiguation)', 'Thrush (zoology)', 'Thrush']",Ostrich B: Eagle C: Crow D: Pige,0.17420169711112976,1,1,1
9157,Answer the question concisely. Q: What was Moses elder brother called A:,"['אַהֲרֹן', 'Haaroon', 'Aaron in Islam', 'Ahron', 'Aalar', 'Hārūn', 'LetterATopics/Aaron', 'Aaron', 'هارون', 'Islamic view of Aaron', 'Ahărōn', 'Áron', 'BiblE/Aaron']",Aaron B: Aaron C: Aaron D: Aaron E: Aaron F: Aaron G: Aaron H: Aaron I: Aaron J: Aaron K: Aaron L: Aaron M: Aaron N: Aaron O: Aaron P: Aaron Q:,0.5021812319755554,0,0,0
9158,Answer the question concisely. Q: In which country did the carrot originate A:,"['Afghanistan', 'Avghanistaun', 'Soviet-occupied Afghanistan', 'Afganhistan', 'Afghanestan', 'Jomhūrī-ye Eslāmī-ye Afġānestān', 'Afghanastan', 'Afeganistao', 'Afgjanistan', 'Afghanistan/Article from the 1911 Encyclopedia', 'AfghanistaN', 'Afghanistan, Rep. of.', 'Afganistan', 'Afghanistan-Central Asia', 'Afghanistan (1911 Encyclopedia)', 'Afghansitan', 'Afgahanistan', 'IROA', 'Kinetic action', 'A-Stan', 'Afghanstan', 'Afğānistān', 'AFGHANISTAN', 'Afghānistān', 'I.R.O.A.', 'Islamic Republic of Afghanistan', 'Dowlat-e Eslami-ye Afghanestan', 'افغانستان', 'Afghinastan', 'The Graveyard of Empires', 'Affghanistan', 'Afghanistan, I.S. of', 'Etymology of Afghanistan', 'The Islamic Republic of Afghanistan', 'Islamic Transitional Government of Afghanistan', 'ISO 3166-1:AF', 'Afghnistan', 'د افغانستان اسلامي دولت دولت اسلامی افغانستان', 'Da Afġānistān Islāmī Jomhoriyat', 'Da Afghanistan Islami Dawlat Dawlat-e Eslami-e Afghanestan']",In the Netherlands,0.2659479081630707,1,1,1
9160,Answer the question concisely. Q: Which celebrity first found fame as the Joan Collins Fan Club A:,"['Joan Collins Fanclub', 'Joan Collins Fan Club', 'Julian Clary', 'The Joan Collins Fanclub']",Joan Collins,0.4826437830924988,1,1,0
9163,Answer the question concisely. Q: In America what name was given to the granite boulder onto which the Plymouth fathers (allegedly) stepped ashore A:,"['Plymoth Rock', 'Plymouth rock', 'Plymouth Rock, MA', 'Plymoth rock', 'Plymith Rock', 'Barred Plymoth Rock', 'Plymeth Rock', 'Plymouth Rock']",The Rock of Ages,0.4468321204185486,1,1,1
9168,Answer the question concisely. Q: What was the theme music from Bridge on the River Kwai A:,"['Colonel Bogey', ""Colonel Bogey's March"", 'Colonel Bogey March', 'Bogey March', 'Colonel bogie', 'March from the River Kwai and Colonel Bogey', 'March from River Kwai / Colonel Bogey', 'The Colonel Bogey March']",The theme music from Bridge on the River Kwai was composed by Malcolm Arnold,0.36909252405166626,1,1,1
9197,Answer the question concisely. Q: What was the Beatles first film A:,"[""A hard day's night"", ""Hard Day's Night"", 'Hard days night', ""A Hard Day's Night (disambiguation)"", 'A hard days night', ""A Hard Day's Night"", 'A Hard Day’s Night', ""Hard day's night""]",A Hard Days Night,0.8569055795669556,0,0,0
9205,Answer the question concisely. Q: What was the Duke of Wellington's name A:,"['Arthur Wellesley, Duke of Wellington', 'Arthur Wellesley', 'Arthur Wellesley (disambiguation)', 'Wellesley, Arthur']",Arthur Wellesley B: Arthur Wellesley Wellington C: Arthur Wellesley Wellington Wellesley D: Arthur Wellesley Wellington Wellesley Wellington E: Arthur Wellesley Wellington Wellesley Wellington Wellington F: Arthur Wellesley Wellington Wellesley Wellington,0.4641605019569397,1,1,1
9212,Answer the question concisely. Q: Which Chinese city gave its name to the forcing of men to become sailors against their will A:,"['Economy of Shanghai', 'Sanghai', 'Shang-Hai', 'Shang Hai', 'Zanhae', 'Shanghai Municipality, China', 'Shanghae', 'Shang-hai', 'Venice of the Orient', 'Shanghai Municipal Area', 'Municipality of Shanghai', 'Shangkai', 'Shangai (architectural images)', 'Shanghai municipality', 'Shanghai people', 'Zanhe', 'Shang hai', 'CN-31', 'Shanghai, China', '沪', 'Shàng Hai', 'Shanghai china', 'City of Shanghai', 'Shangha', 'SHCN', 'Shanghai Municipality', 'Snaghai', 'Schanghai', 'Shanghai', ""S'hai"", 'Shanghi', 'Shànghǎi', 'Shanghai (China)', 'Zånhae', 'Shanghai Shi', 'China Shanghai', 'UN/LOCODE:CNSHA', 'Shnaghai', 'Shanghai (architectural images)', 'Shanghai (architecture images)', 'Air pollution in Shanghai', 'Paris of China', 'Shang-hae', 'Shangai', 'ShangHai', '滬', 'Shànghǎi Shì', '上海市', '上海']",Shanghai B: Hong Kong C: Guangzhou D: Xiam,0.34930700063705444,1,1,1
9236,Answer the question concisely. Q: Who was the British Prime Minister in 1953? A:,"['Tango (cat)', 'Death and state funeral of Winston Churchill', 'Churchillian', 'State funeral of Winston Churchill', 'Sir Winston Leonard Spencer-Churchill', 'Marigold Frances Churchill', 'Sir winston hcurchill', 'Winston Leonard Spencer', 'Winston Spencer', 'Winston Spencer-Churchill', 'Sir Churchill', 'Marigold Churchill', 'Winnie Churchill', 'Winston Churchill MP', 'Winston churchill', 'Prime Minister Churchill', 'W. Churchill', 'Winston Leonard Churchill', 'Churchill, W. S.', 'Sir Winston', 'W. S. Churchill', 'Winston churchilll', 'The Focus', 'Winston Churchill', 'The Honourable Sir Winston Spencer Churchill', 'Sir Winston Churchill', 'WINSTON CHURCHILL', 'Winston churchhill', 'Sir Winston Leonard Spencer Churchill', 'Churchill', 'Winston Spencer Churchill', 'Churchill, Winston', 'Winston Leonard Spencer Churchill', 'Chuurchill', 'WL Spencer-Churchill', 'Winston Leonard Spencer-Churchill', 'Winston Churchil', 'Winston Churchhill', 'Colonel Warden']",Winston Churchill,0.9342455863952637,0,0,0
9240,Answer the question concisely. Q: What 'B' is a collector of rare books? A:,"['Bibliophily', 'Bibliophiles', 'Biblioholic', 'Bibliophilism', 'Bookworm', 'Bibliophilia', 'Book worm', 'Bibliophilic', 'Biblioholist', 'Bibliophile', 'Bibliophiliac', 'Bookman (reading)']",A bibliophile,0.654614269733429,0,0,0
9247,Answer the question concisely. Q: What colour is the cross on the Greek Flag? A:,"['White (Colour)', 'Rgb(255, 255, 255)', 'White', 'Whitishness', 'Whiter', '(255, 255, 255)', 'Whitishly', 'White (political adjective)', 'White-', 'White-Finn', 'Whitest', 'FFFFFF', 'Color/white', 'Man on a white horse']",Blue,0.386658251285553,1,1,1
9283,Answer the question concisely. Q: In MASH what was the character Radars full name? A:,"['Colonel Potter', 'Hot Lips Houlihan', 'List of M*A*S*H characters', 'List of characters in MASH', 'Margaret %22Hot Lips%22 Houlihan', 'Captain John Francis Xavier Mcintyre', 'Capt. Hawkeye Pierce', 'Doctor Benjamin Franklin Pierce', 'Dr. Benjamin Franklin Pierce', 'Frank Burns (M*A*S*H character)', 'Capt. B. F. Hawkeye Pierce', 'Major Margaret Houlihan', 'Ugly John', 'Dr. Benjamin Franklin Hawkeye Pierce', 'Maj. Charles Emerson Winchester', 'BJ Hunnicutt', 'Corporal Maxwell Q Klinger', 'Trapper John McIntyre', 'B.j. hunnicut', 'Capt. Pierce', 'Samuel Flagg', 'Capn. Benjamin Franklin Pierce', 'Capt. Benjamin Franklin Pierce', 'Captain Hunnicutt', 'Dr B. F. Hawkeye Pierce', 'Capt. John Francis Xavier Mcintyre', 'Benjamin Franklin Pierce', ""Cap'n Benjamin Franklin Pierce"", 'Corporal O’Reilly', 'Colonel Sam Flagg', 'Capt B. F. Pierce', 'Frank Burns (character)', 'Corporal “Radar” O’Reilly', 'Igor Straminsky', 'Doctor B. F. Hawkeye Pierce', 'Maxwell Klinger', 'Frank Burns', 'Zelmo Zale', ""Cap'n B. F. Pierce"", 'Major Charles Emerson Winchester III', 'Charles Emerson Winchester III', 'Ugly John Black', 'Capt. Benjamin Franklin Hawkeye Pierce', 'Donald Penobscot', 'Charles Winchester', ""Cap'n Hawkeye Pierce"", 'Captain Benjamin Franklin Hawkeye Pierce', 'Charles Emmerson Winchester III', 'Doctor Hawkeye Pierce', 'Ho-jon', 'Spearchucker Jones', 'Donald Penobscott', 'Major Charles Emmerson Winchester III', 'Capn. B. F. Hawkeye Pierce', 'List of recurring characters in M*A*S*H', 'Capt Benjamin Franklin Pierce', 'Capn Pierce', 'Corporal Maxwell Q. Klinger', 'Max Q. Klinger', 'List of MASH characters', '%22Trapper%22 John MacIntyre', 'Hot Lips (M*A*S*H)', 'Capn. Hawkeye Pierce', 'Lt. Col. Henry Blake', ""Cap'n. Pierce"", 'Colonel Sherman Potter', 'Capn B. F. Pierce', 'Capn Benjamin Franklin Pierce', 'Trapper John', 'Frank Burns (fictional character)', 'Doctor Benjamin Franklin Hawkeye Pierce', ""Radar O'Reilly"", 'B. J. Hunnicutt', 'Major Frank Burns', 'Capt Hawkeye Pierce', 'Major Winchester', 'Corporal Maxwell Klinger', 'Corporal Klinger', 'B J Hunnicutt', 'Father Mulcahy', 'Capn B. F. Hawkeye Pierce', 'Lieutenant Dish', ""Walter O'Reilly"", 'Sam Flagg', 'Hojon', 'Ferret Face', 'Colonel Samuel Flagg', ""Margaret O'Houlihan"", 'Father John Patrick Francis Mulcahy', 'Cpt. John Francis Xavier Mcintyre', 'Nurse Kellye', 'Sidney Freedman', 'Captain Hawkeye Pierce', 'Sydney Friedman', 'Dr. Sidney Freedman', 'Capt. B. F. Pierce', 'Lt. Maria %22Dish%22 Schneider', 'Captain B. F. Pierce', ""Capt. John Francis Xavier 'Trapper John' McIntyre"", 'Colonel Flagg', 'List of characters in M*A*S*H', 'Col. Flagg', 'Crabapple Cove, Maine', 'Dr Benjamin Franklin Pierce', 'Crabapple Cove', 'B.J. Hunnicutt', 'Capt Pierce', ""Cap'n B. F. Hawkeye Pierce"", 'Radar Reilly', 'Captain B. F. Hawkeye Pierce', 'Sidney Friedman', 'Lt. Colonel Henry Blake', ""Cap'n Benjamin Franklin Hawkeye Pierce"", 'Max Q Klinger', 'Hotlips Houlihan', 'Dr. %22Spearchucker%22 Jones', 'Major Charles Winchester', ""Corporal Walter (Radar) O'Reilly"", 'Capn. Pierce', 'Capt Benjamin Franklin Hawkeye Pierce', 'Captain B.J. Hunnicutt', 'Captain Pierce', 'Private Igor Straminsky', 'Colonel Blake', 'Capn Hawkeye Pierce', 'Dr. Hawkeye Pierce', 'Luther Rizzo', 'Maxwell Q. Klinger', ""Hot Lips O'Houlihan"", 'Charles Emerson Winchester', ""Corporal Walter O'Reilly"", 'Trapper John MacIntyre', 'Dr Hawkeye Pierce', 'Capn. Benjamin Franklin Hawkeye Pierce', 'Dr Benjamin Franklin Hawkeye Pierce', ""Cap'n. B. F. Pierce"", ""Cap'n. Benjamin Franklin Hawkeye Pierce"", ""Cap'n. B. F. Hawkeye Pierce"", 'Benjamin Franklin %22Hawkeye%22 Pierce', 'Captain Benjamin Franklin Pierce', 'Cpt. Benjamin Franklin Pierce', 'Kim Atwood', 'Capt B. F. Hawkeye Pierce', 'Hawkeye Pierce', 'Colonel Sherman T. Potter', 'Dr. B. F. Hawkeye Pierce', 'Ho Jon', ""Walter (Radar) O'Reilly"", 'Trapper John Mcintyre', ""Cap'n. Hawkeye Pierce"", 'Ho-Jon', 'Major Margaret %22Hot Lips%22 Houlihan', 'Maxwell Q Klinger', 'Major Charles Emerson Winchester', 'Sherman Potter', 'Frank Marion Burns', ""Cpl. Walter O'Reilly"", 'Sydney Freedman', 'Captain McIntyre', ""Cap'n Pierce"", 'Margaret Houlihan', ""Cap'n. Benjamin Franklin Pierce"", 'Capn. B. F. Pierce', 'Sherman T. Potter']",Radar O'Reilly,0.9582880735397339,0,0,0
9316,Answer the question concisely. Q: 8Â  Fort Ville-Marie was the original name of which Canadian city? A:,"['Motnreal', 'Montreal, QB', 'Montréal, Canada', 'Tiohtiá:ke', 'Montreal, Que.', 'Montreal, PQ', 'Montreal, QC', 'Montreal, quebec', 'Montreal, Canada', 'Sister Cities of Montreal', 'Ville de Montréal', 'UN/LOCODE:CAMTR', 'Montreal, Qc', 'The weather in Montréal', 'Montrealers', 'Montréal (QC)', 'Montrela', 'Montréal, Québec (Province)', 'Montreal (QC)', 'MontrA(c)al', 'Montrea', 'Montréal, QC', 'Montréal, QB', 'Funtreal', 'Montréal (Québec)', 'City of Montréal', 'Montreal, Quebec, Canada', 'Montreal, Quebec', 'Montreal, qc', 'Montrealer', ""Montreal's"", 'Montréal, Quebec', 'Team990', 'Montreal', 'Montreal Skyline', 'Ville de Montreal', 'Montreal, Québec', 'Montréal, Québec, Canada', 'City of Montreal', ""Montréal's"", 'Montreal, Qc, Canada', 'Montréal, PQ', 'Montreol', 'Montréal, Québec', 'Montréal', 'Montréal, Quebec (Province)', 'The weather in Montreal']",8Â,0.12131988257169724,1,1,1
9319,Answer the question concisely. Q: What name was given to the eleven states that fought the Union in the US Civil War? A:,"['Confederacies', 'Confederacy (disambiguation)', 'Confederates', 'Confederacy', 'Confederate']",The Confederate States of America,0.5015393495559692,0,0,0
9352,Answer the question concisely. Q: What was the name of the ship that took the Pilgrim Fathers to America? A:,"['Ship Mayflower', 'English colony ship Mayflower', 'May Flower', 'MayFlower', 'Mayflower', 'Mayflower (ship)', 'The Mayflower']",The Mayflower,0.9705114364624023,0,0,0
9362,Answer the question concisely. Q: Who did Zola Budd accidentally trip during the LA Olympics in 1984? A:,"['Mary Decker', 'Mary Decker Slaney', 'Mary Decker-Slaney', 'Mary Slaney', 'Mary decker slaney']",Mary Decker,0.9588770270347595,0,0,0
9367,"Answer the question concisely. Q: Who played their final live gig at Candlestick Park, San Francisco in 1966? A:","['Fab 4', 'The Silver Beetles', 'The Nerk Twins', 'Silver Beats', 'Nerk Twins', 'The Beatles (band)', 'The Beatals', 'The BEATLES', 'John, Paul, George, and Ringo', 'Fab Four', 'The Beatle', 'John paul george ringo', 'Die Beatles', 'Silver Beatles', 'Beatles', 'Silver Beetles', 'Beatles music', 'Johnny and the Moondogs', 'The Silver Beats', 'Fab four', 'John, Paul, George and Ringo', 'TheBeatles', 'Fab4', 'Beatles (The)', 'Johnny and The Moondogs', 'Johnny and the moondogs', 'The fab four', 'History of The Beatles', 'The Silver Beatles', 'The Fab Four', 'Pop Go The Beatles', 'History of the Beatles', 'Beatle', 'The Beetles', 'Outfake', 'Johnny And The Moondogs', 'The Beatles', 'The beatles', 'Beatals', 'The Bealtes', 'The Fabulous Silver Beatles', 'Beatles, The', 'Outfakes', 'The Beetals', 'Johnny & The Moondogs', 'Beatles, the']",The Beatles,0.8814749121665955,0,0,0
9386,Answer the question concisely. Q: After Harold McMillan who was Britain's next Prime Minister? A:,"['Alec Douglas-Home', 'Alex Douglas-Home', 'Alexander Douglas-Home, 14th Earl of Home', 'Douglas-home', 'Sir Alexander Douglas-Home', 'Alec Douglas-Home, 14th Earl of Home', 'Alexander Frederick Douglas-Home', 'Sir Alec Douglas-Home', 'Douglas home', 'Douglas-Home', '14th Earl of Home', 'Sir Alec Douglas Home', 'Baron Home of The Hirsel', 'Alexander Frederick Douglas-Home, Baron Home of the Hirsel of Coldstream', 'Alexander Douglas-Home, Baron Home of the Hirsel', 'Alexander Frederick, Sir Douglas-Home', 'Douglas Home', 'Home, 14th earl of', 'Alexander Frederick Douglas-Home, Baron Home of the Hirsel', 'Alexander Douglas-Home', 'Sir Alec Douglas-Home (The Earl of Home)', 'Shadow Cabinet of Alec Douglas-Home', '14th earl of Home', 'Alec Douglas Home', 'Baillie Vass', 'Diana Douglas-Home Wolfe-Murray', 'Lord Home of the Hirsel', 'Baron Home of the Hirsel']",Edward Heath,0.24218150973320007,1,1,1
9395,Answer the question concisely. Q: Where would you find 'Harris'; 'Lewis' and 'Benbecular'? A:,"['Na h-Eileanan Siar (council area)', 'Na h-Eileanan Siar', 'Outer Hebrides', 'Eilean Siar', 'Western Isles (island council area)', 'Long Isle', 'Western Isles North', 'The Long Island', 'The Outer Hebrides', 'Na h-Eileanan an lar', 'Na h-Eileanan an Iar', 'Na h-Eileanan Siar (Western Isles)', 'Outer Isles', 'Western Isles (islands council area of Scotland)', 'Western Isles', 'Western isles', 'Western Isles (Hebrides)', 'Eileanan Siar', 'Na h-Eileanan Siar (the Western Isles)', 'Nan Eilean Siar', 'Western Isles (council area)', 'Outer Hebridean', 'Outer-Hebrides', 'Western Isles South']",In the dictionary.,0.1871490478515625,1,1,1
9399,Answer the question concisely. Q: Michael J Fox starred as Marty McFly in which series of films? A:,"['Marvin Berry & the Starlighters', 'Back to the Future (film)', 'Back to the Future 1', 'Back To The Future', 'Enchantment Under the Sea', 'Back to The Future', '88 Miles Per Hour', 'Back to the Future Part I', 'Marvin Berry', 'Back to the future part I', 'Bttf', 'Back to the Future', 'Back to the Future Part 1', '88 Miles per Hour', 'BttF', 'Back to future', 'BTTF', 'Tillbaka till framtiden', 'Back to the Future (movie)', 'Back to the future', 'Marvin Berry and the Starlighters', 'Marvin Berry and The Starlighters', 'Back to the Future I']",Back to the Future,0.9556719064712524,0,0,0
9404,Answer the question concisely. Q: Which Sweets were advertised with the slogan ' Taste the Rainbow'? A:,"['Skittles', 'Skittles (disambiguation)', 'Skittle']",Skittles,0.9402164220809937,0,0,0
9409,Answer the question concisely. Q: The male lead roll was played by whom in the 2001 film Moulin Rouge? A:,"['Ewan McGregor', 'Eve Mavrakis', 'Ewan mcgregor', 'Euan Mcgregor', 'Ewen McGregor', 'Evan Macgregor', 'Filmography of Ewan McGregor', 'Ewan Mcgregor', 'Euan Macgregor', 'Evan Mcgregor', 'Euan Macgreggor', 'Ewan MacGregor', 'Evan Mcgreggor', 'Ewen MacGregor', 'Euan Mcgreggor', 'Evan Macgreggor', 'The Great Pretender film', 'Ewan Macgregor', 'Ewan Gordon McGregor', 'Ewan Macgreggor', 'Ewan mcgreggor', 'Ewan magregor', 'Ewan McGregor filmography', 'Euan McGregor']",Ewan McGregor,0.985813319683075,0,0,0
9419,Answer the question concisely. Q: What plant do we often call the 'Busy Lizzie'? A:,"['Balsamine', 'Balsam-weed', 'Impatien', 'Balsam (flower)', 'Wild balsam', 'Jewel weed', 'Jewel-weed', 'Wild Balsam', 'Impatients', 'Jewelweed plant', 'Impatiens', 'Balsam Weed', 'Balsam weed', 'Jewelweed']",Impatiens,0.97892826795578,0,0,0
9426,"Answer the question concisely. Q: """"""When I Fall in Love"""" by Nat King Cole featured in which 1986 film?"" A:","['Lonely madonna', 'Monalisa', 'Monna Lisa', 'Mona lisa', 'Lisa Giacondo', 'Mona Lisa', 'La Gionconda', 'La Joconde', 'The Mona Lisa', 'Mona lisa theft', 'La Mona Lisa', 'La joconde']","""When I Fall in Love"" by Nat King Cole featured in which 1986 film",0.1652725636959076,1,1,1
9448,Answer the question concisely. Q: Who wrote the novel Cider With Rosie? A:,['Laurie Lee'],Laurie Lee.,0.8934340476989746,0,0,0
9467,Answer the question concisely. Q: For which art form is Henri Cartier-Bresson best known? A:,"['Pet photography', 'Pet Photography', 'Photography as an art form', 'Photographing', 'Commercial photography', 'Photography', 'Fotografy', 'Art Photography', 'Print finishing', 'Commercial Photography', 'Photographic', 'Early photography', 'Photographic technique', 'Still photographers', 'Commercial photographer', 'Photography, History of', 'Photography techniques', 'Photography business', 'Photographics', 'Technology of Photography', 'Photo picture', ""Photo's"", 'Yachting photography']",Photography,0.8017407655715942,0,0,0
9476,"Answer the question concisely. Q: Beethoven wrote only one opera, can you name it? A:","['Leonore', 'Fidelio, Opus 72c (Beethoven)', 'Fidelio', 'Leonore Overture No. 1', 'Leonore Overture No. 3', 'Leonore Overture No. 2', 'Leonore No. 2', 'Leonore No. 3', 'Leonore No. 1', 'Leonore III', 'Leonore I', 'Leonora Overtures', 'Leonore II']",Fidelio,0.973953127861023,0,0,0
9481,"Answer the question concisely. Q: If you had a seal point and/or a blue point, what breed of cat do you have? A:","['Siamese', 'Siamese (disambiguation)']",I have a seal point Siamese.,0.4108889698982239,1,0,0
9482,Answer the question concisely. Q: At which film festival could you be awarded the 'Palm d'Or'? A:,"['Cannes, France', 'UN/LOCODE:FRCEQ', 'Cannes', 'The weather in Cannes']",Cannes Film Festival,0.5357003211975098,0,1,1
9489,Answer the question concisely. Q: Who played 'Robert Langdon' in 'The Da Vinci Code'? A:,"['Sandra Hanks Benoiton', 'Tam Honks', 'Samantha Lewes', 'Thomas Hanks', 'Chet Haze', 'Tom Hank', 'Tom Hanks', 'Tom hanks', 'Thomas Jeffrey Hanks', 'Chet Hanks', 'Hanks, Tom']",Tom Hanks,0.9497814774513245,0,0,0
9496,Answer the question concisely. Q: Name the British heavyweight Boxing champion who held the title between 1959 and 1969? A:,"['Cooper, Henry', 'Henry Cooper', 'Henry Cooper (boxer)']",Henry Cooper,0.9658441543579102,0,0,0
9505,Answer the question concisely. Q: Which British sausage is traditionally sold in a coil? A:,"['Cumberland, England', 'Cumberland County (historic)', 'Cumberland', 'Cumberlandshire', 'Wythburn', 'Cumberland (ward)', 'Cumberland (county, England)']",Cumberland sausage.,0.38208431005477905,1,1,1
9509,Answer the question concisely. Q: When free school milk was given out what size were the bottles? A:,['Third of a pint'],1 pint,0.47310733795166016,1,1,1
9532,Answer the question concisely. Q: Which American city experienced an earthquake in the early hours of January 17th 1994? A:,"['City of Los Angeles, California', 'Sister cities of Los Angeles', 'L A', 'Loa Angeles, CA', 'The Angels, California', 'El Pueblo de Nuestra Senora la Reina de los Angeles de Porciuncula', 'Los Angeles, United States of America', 'L a', 'Los Angles', 'GEO:USLAX', 'The City of Los Angeles', 'Los Angelos', 'L. A.', 'The city of L A', 'Los Angeles City', 'Englaborg', 'LOC:USLAX', 'LA, CA', 'Los Angeles,CA', 'Brentwood Circle, Los Angeles, CA', 'Nuestra Senora la Reina de los Angeles de Porciuncula', 'The city of L. A.', 'City of Los Angeles', 'Los Angelos, California', 'Los Angeles, Calif.', 'USLAX', 'The city of LA', 'Los angels', 'El Pueblo de Nuestra Señora La Reina de los Ángeles de Porciúncula', 'Los angeles, california', 'El lay', 'Los Angeles', 'L.A.', 'El Pueblo de Nuestra Señora la Reina de los Ángeles del Río de Porciúncula', 'Los angeles ca', 'El Pueblo de Nuestra Senora Reina de los Angeles de la Porciuncula', 'El Pueblo de Nuestra Señora la Reina de los Ángeles de Porciúncula', 'Los Angeles, California, U.S.A.', 'Los Angeles, United States', 'LA, California', 'Los Angeles, Ca.', 'Los Angeles, California, USA', 'Los angeles', 'L.a.', 'Los angeles, ca', '72 suburbs in search of a city', 'Religion in Los Angeles', 'Los Angeles (Calif.)', 'City of L A', 'El Pueblo de la Reina de Los Angeles, CA', 'LA Ca', 'Los Angeles, California, United States', 'La-la land', 'The city of L.A.', 'El Pueblo de Nuestra Señora Reina de los Ángeles de la Porciuncula', 'Los Angeles California', 'Los Angeles, USA', 'City of L.A.', 'L . A .', 'Los Angeles (CA)', 'El Pueblo de Nuestra Señora la Reina de los Angeles del Río de Porciúncula', 'Nuestra Señora la Reina de los Angeles de Porciúncula', 'El Pueblo de Nuestra Senora La Reina de los Angeles de Porciuncula', 'City of los angeles', 'La-la Land', 'Los Angeles.', 'Loa Angeles, California', 'Los Angeles, California, US', 'Los Angeles, California', 'Los Angeles, CA.', 'Lost Angeles, California', 'LA City', 'Los Ángeles, California', 'City of LA', 'El Pueblo de la Reina de Los Angeles, California', 'L.A', 'Brentwood Circle', 'Los Angelas', 'LA', 'Los Angeles, California, U.S.', 'City of L. A.', 'Los Angeles, CA', 'Los angelas', 'Los Angeles (City)', 'L.a., ca', 'Las Angeles', 'Los angeles, calif', 'Geography of Los Angeles', 'Environmental issues in Los Angeles', 'Northern Los Angeles', 'UN/LOCODE:USLAX']",Los Angeles.,0.9662942886352539,0,0,0
9550,"Answer the question concisely. Q: What popular opera, penned by George Bizet, is a story about a female cigarette factory worker? A:","['Les tringles des sistres tintaient', 'Carmen opera', 'Escamillo', 'CARMEN', 'Carmen (opera)', 'Carmen', 'Carmen by George Bizet']",Carmen,0.8646429777145386,0,0,0
9567,"Answer the question concisely. Q: Killing both the second US female astronaut in space, Judith Resnik, and the first participant in the Teacher in Space project, what NSA shuttle was lost on January 28, 1986? A:","['Challenger', 'Challengers', 'Challengers (disambiguation)', 'Challenger (album)', 'Challenger (disambiguation)']",Challenger,0.798519492149353,0,0,0
9574,"Answer the question concisely. Q: Commonly known as nipplegate, whose wardrobe malfunction during the Super Bowl 38 half time show earned a record $550,000 FCC fine? A:","[""Janet Jackson's New Album"", 'Rhythm Nation Records', 'Artistry of Janet Jackson', 'Janet Damita Jackson', 'Janet Damita Jo Jackson', 'Artists influenced by Janet Jackson', 'Janet jackson', 'Janet Jackson', 'Janet Jackson (singer)', ""Janet Jackson's eleventh studio album""]",Janet Jackson,0.9447810649871826,0,0,0
9594,Answer the question concisely. Q: Rickets is caused by a lack of what essential element? A:,"['Calcium supplements', 'Calcium ion', 'Factor 4', 'Calcium ions', 'Ca(2+)', 'Kalcium', 'Factor IV', 'Calcium', 'Element 20', 'Calium', 'Calcium compounds', 'Calcium Supplement', 'Ca+2', 'H and K lines', 'Calcium supplementation']",Vitamin D.,0.12615138292312622,1,1,1
9596,"Answer the question concisely. Q: According to legend, what ""moistened bint"" bestowed the sword Excalibur on the young King Arthur? A:","['Nyneve', 'Lady of The lake', 'Nimueh', 'Numae', 'Viviane (Arthurian legend)', 'Lady of the Lake', 'Nimue', 'The Lady of the Lake', 'La Dame du Lac', 'Lady of The Lake', 'Damsel of the Lake', 'Lady of the lake', 'Nimuë']",The Lady of the Lake,0.9607440233230591,0,0,0
9610,Answer the question concisely. Q: What is the common name of the laryngeal prominence? A:,"['Adams Apple', 'Prominentia laryngica', ""Adam's Apple"", ""Adams' apple"", 'Laryngeal protrusion', 'Adams apple', 'Prominentia laryngealis', 'Adem elması', 'Pomum Adami', ""Adam's apple"", 'Adem elmasi', 'Prominentia laryngea', 'Adems apple', 'Adems Apple', ""Adem's Apple"", 'Laryngeal prominence', ""Adem's apple"", 'Laryngeal protuberance', 'Pomum Adam']",Adam’s apple.,0.8856666088104248,0,0,0
9620,"Answer the question concisely. Q: To the tune of almost 46 million dollars (in then dollars), what noted philanthropist funded the construction of 1687 public libraries between 1886 and 1923? A:","['Andrew carnagie', 'Andrew carnegie', 'Carnagie Andrew', 'Andrew Carnegie', 'A Carnegie']",Andrew Carnegie,0.9600517749786377,0,0,0
9626,"Answer the question concisely. Q: The 3rd of his vice presidents (after John Nance Garner and Henry Wallace), who took over the reins of power when FDR kicked off? A:","['Presidency of Harry S. Truman', 'Hary truman', 'Harry Shipp Truman', ""Harry Truman's"", 'Harry S. Truman', 'Harry S.Truman', 'Harry S Truman', 'H. S. Truman', 'President Harry Truman', 'Truman administration', 'Presidency of Harry Truman', 'Mr. Citizen', 'HST (president)', 'H.S. Truman', 'Mary Jane Truman', 'Harry Shippe Truman', 'S truman', 'Harry Truman', 'President Truman', '33rd President of the United States', 'Truman Administration', 'Harry Solomon Truman', 'Harold Truman', 'Harry truman', 'H. Truman']",Harry S. Truman,0.9453123807907104,0,0,0
9632,"Answer the question concisely. Q: A year ago today saw an explosion on what Gulf of Mexico oil drilling platform, operated by BP? A:","['Deepwater Horizon rig', 'Deepwater horizon', 'Deepwater Horizon semi-submersible', 'Deep Water Horizon', 'Deep water horizon', 'Deepwater horizon drilling rig', 'The Deepwater Horizon', 'IMO 8764597', 'Deepwater Horizon oil rig', 'Deepwater Horizon']",Deepwater Horizon.,0.8675975799560547,0,0,0
9668,"Answer the question concisely. Q: What 1989 best picture Oscar winning movie, based on a play by Alfred Uhry, and co-starring Morgan Freeman, gave Jessica Tandy, at age 80, the award for Best Actress, the oldest winner in history? A:","['Miss Daisy', 'Driving miss daisy', 'Driving Miss Daisy', 'Driving Ms. Daisy', 'Driving Miss Daisy (film)']",Driving Miss Daisy,0.9848539233207703,0,0,0
9688,"Answer the question concisely. Q: June 2, 2004 saw the beginning of the streak in which what Edmonds, WA native won 74 consecutive games on Jeopardy? A:","['Ken William Jennings III', 'Ken Jennings', 'Ken Jennings game summaries', 'Kenneth William Jennings III', 'Ken Jennings/Game summaries', 'Ken jennings', 'Ken Jennings III', 'Kenneth Wayne Jennings III', 'Nancy Zerg']",Ken Jennings,0.9585910439491272,0,0,0
9702,"Answer the question concisely. Q: Who flew a kite in a storm on June 15, 1750, proving that lightning was electrical? A:","['A Tradesman of Philidelphia', 'Bin Franklin', 'Abigail Afterwit', 'The Busybody', 'Anthony Afterwit', 'Betty Diligent', 'Benjamin Franklin', 'The Benjamin Franklin', 'Franklinian', 'Friend to the Poor', 'Ben Franlkin', 'Bejamin franklin', 'Alice Addertongue', 'Sage of the Constitutional Convention', 'Franklinic', 'Benjamin franklin', 'Those who would give up Essential Liberty', 'Ben Franklin', 'B franklin', 'The Benjamin Franklin Bust', 'B. Franklin', 'Abigail Twitterfield', 'Benjamin (Ben) Franklin', 'Ben franklin', 'Sidi Mehemet Ibrahim', 'B Franklin']",Benjamin Franklin,0.9544107913970947,0,0,0
9716,Answer the question concisely. Q: Yesterday saw the passing of Ed McMahon. What publishing sweepstakes company employed him as its' spokesperson? A:,"['American Family Publishers', 'American family publishing', 'American family publishers', 'American Family Publishing']",Publishers Clearing House,0.1878652125597,1,1,1
9720,"Answer the question concisely. Q: Eric Arthur Blair, born 25 June, 1903, was the birth name of what famed English author, who penned such works as The Road To Wiggan Pier and Down and Out in Paris and London? A:","['Geoge orwell', 'Arthur Blair', 'Eric A. Blair', 'George Orwell', 'Eric Arthur Blair', 'Eric Blair', 'George (Eric Blair) Orwell', 'G. Orwell', 'P. S. Burton', 'George orwell', 'E.A. Blair', 'Orwell, George', 'Orwell Day']",George Orwell,0.9635895490646362,0,0,0
9736,"Answer the question concisely. Q: What Latin phrase, which translates to English as ""for this"", is taken to mean something designed for a specific problem or task? A:","['Ad hoc committee', 'Ad Hock', 'Ad-hoc', 'Ad Hoc', 'Ad hoc query', 'Adhoc', 'Add hoc', 'AdHoc', 'Ad hoc', 'Ad hoc computer network', 'For this purpose']",Ad hoc,0.9968312978744507,0,0,0
9738,"Answer the question concisely. Q: According to the nursery rhyme, how many blackbirds were baked in a pie? A:","['24', 'twenty-four']",None,0.09654105454683304,1,1,1
9744,"Answer the question concisely. Q: The oldest known American cocktail, what whiskey forms the base of the cocktail known as a Sazerac? A:","['Centeio', 'Winter rye', 'Rye', 'Ryep', 'Secale cereale', 'Rye (botany)', 'Rye (grain)', 'Rye Extract', 'Oralmat']",Rye,0.9264309406280518,0,0,0
9745,"Answer the question concisely. Q: A spoof of fraternal organizations such as the Masons, Shriners, Elks Club, or Moose Lodge, of what lodge was Fred Flintstone elected Grand Imperial Poobah? A:",['Loyal Order of Water Buffalo'],The Loyal Order of Water Buffaloes,0.6993732452392578,0,0,0
9754,Answer the question concisely. Q: What is the physics term for mass times velocity? A:,"['Momentum (physics)', 'Momentum vector', 'Conservation of impulse', 'Kinetic momentum', 'Law of conservation of momentum', 'Linear Momentum', 'Law of conservation of linear momentum', 'Relativistic Momentum', 'P=mv', 'Conservation of Momentum', 'Linear momentum', 'Momentum conservation', 'Linear momenta', 'Potential momentum', 'Relativistic momentum', 'Conservation of linear momentum', 'Conservation of momentum', 'Momenta', 'Momentum', 'Force summation']",Momentum,0.9470150470733643,0,0,0
9755,Answer the question concisely. Q: In the Tour de France who wears the polka dot jersey? A:,"['King of the Mountain', 'King of the Mountain (disambiguation)', 'The King of the Mountain', 'King Of The Mountain', 'The king of the mountain']",The King of the Mountains,0.8715211749076843,0,1,1
9758,Answer the question concisely. Q: The Tour de France always ends in Paris. In what European city did it begin this year? A:,"['Principauté de Monaco', 'ISO 3166-1:MC', 'Princedom of Monaco', 'Principat de Mónegue', 'Extreme points of monaco', 'Munegu', 'Geography of monaco', 'Monaco, Principality and Diocese of', 'Extreme points of Monaco', 'Monegasques', 'Climate of Monaco', 'Monocco', 'Sports in Monaco', 'Religion in Monaco', 'Subdivisions of Monaco', 'Monaco/Geography', 'Europe/Monaco', 'Geography of Monaco', 'Culture of Monaco', 'Protestantism in Monaco', 'Monaco/Military', 'Monégasques', 'Capital of Monaco', 'Principaut de Monaco', 'Administrative divisions (Monaco)', 'List of cities in Monaco', 'Monaco', 'Principatu de Múnegu', 'Islam in Monaco', 'The weather in Monaco', 'Principality of Monaco', 'Principato di Monaco', 'Principality and Diocese of Monaco', 'Wards of Monaco', 'Administrative divisions of Monaco', 'Mónegue', 'Quarters of Monaco', 'Monaco/Transnational issues', 'Monacco', 'Sport in Monaco']","Utrecht, Netherlands",0.2685892581939697,1,1,1
9759,"Answer the question concisely. Q: On July 24, 1911, future US. Senator (R, Connecticut) Hiram Bingham III “discovered” what Peruvian city? A:","['Macchu picchu', 'Machu', '2010 Machu Picchu floods', 'Machu Pikchu', 'Macchu Picchu', 'Machu Pichu', 'Manchu pichu', 'Machupicchu', 'Macchu Pichu', 'Machu Pitchu', 'Machu picchu', 'Macchu pichu', 'Macchu piccu', 'Machu Piccu', 'Machu Picchu']",Machu Picchu,1.0504719018936157,0,0,0
9761,"Answer the question concisely. Q: What is the lowest level of the atmosphere, which lies below the stratosphere, called? A:","['Tropospherics', 'The Troposphere', 'Troposhere', 'Trophosphere', 'Tropospheres', 'Tropospherical', 'Tropospheric', 'Troposphere', 'Epitroposphere', 'Tropospherically']",The troposphere.,0.8558316230773926,0,0,0
9774,"Answer the question concisely. Q: Replacing the unofficial E. Pluribis Unum, what phrase did the US adopt as its' national motto on July 30, 1956? A:","['In God We Trust', 'In God we Trust', 'In God We trust', 'In God we trust', 'Public law 84-140', 'Public Law 84-140']",In God We Trust,0.9763181805610657,0,0,0
9804,"Answer the question concisely. Q: Portrayed by Fess Parker on TV, what frontier legend, born on August 17, 1786, represented the state of Tennessee as a representative for 6 years, and lost his life at the Alamo? A:","['Davey crocket', 'Davy Crockett', 'David Crockett', 'Davey Crockett', 'Davy crocket', 'Crockett, Davy', 'David Crockett (politician)', 'Davy crockett', 'Davy Crocket', 'King of the Wild Frontier']",Davy Crockett,0.9930253028869629,0,0,0
9807,"Answer the question concisely. Q: After the United States and the Soviet Union, what country became the third in the world to test an atom bomb (in 1952)? A:","['Great–Britain', 'England, Scotland and Wales', 'England, Wales and Scotland', 'Great Britain', 'Gt. Brit', 'Island of Great Britain', 'Island of Britain', 'Britain (island)', 'Prydain Fawr', ""Great Britian's"", 'England, Wales, and Scotland', 'Terminology of Great Britain', 'Great britain', 'Mainland United Kingdom', 'UK mainland', 'Great-Britain', 'Breatainn Mhor', 'Mainland UK', 'The Great Britain', 'England and Wales and Scotland', 'Great Britain (island)', 'Great Britain (GB)', ""Great Britain's"", 'Ile of Britain', 'Isle of Britain', 'Gret Bryton', 'Breatainn Mhòr', 'Grate Britain', 'Gran Bretaña', 'Britannia Major', 'England, Scotland, and Wales', 'Great Brittain', 'Mainland Britain', 'Great Britian', 'Metropolitan Britain', 'Storbritannien', 'GREAT BRITAIN', 'British mainland']",China,0.15662094950675964,1,1,1
9810,"Answer the question concisely. Q: What Latin phrase, which translates as for the public good, is taken to mean professional work undertaken voluntarily and without payment? A:","['Free legal assistance', 'pro bono', 'Pro-bono', 'Pro bono publico', 'Pro bono', 'Probono']",Pro bono,1.0465158224105835,0,0,0
9833,"Answer the question concisely. Q: A. M. Best, Moodys, and Standard & Poors are all examples of what? A:","['Rating agency', 'Credit Rating Agency', 'List of international credit ratings agencies', 'Credit agency', 'Credit rating firms', 'Credit reporting agencies', 'Rating agencies', 'External Credit Assessment Institutions', 'Credit rating agencies', 'Ratings agencies', 'Credit ratings agencies', 'Credit ratings industry', 'A credit rating agency (CRA)', 'Credit Reporting Agencies', 'Credit rating industry', 'Credit rating agency', 'List of credit ratings agencies', 'Ratings agency']",Credit rating agencies B: Credit reporting agencies C: Credit bureaus D: Credit unions E: Credit card,0.43531709909439087,1,1,0
9835,"Answer the question concisely. Q: First proposed by H.G. Wells in a 1903 story, what military staple saw its first action during the Battle of the Somme, September 1916? A:","['NRODT', 'National Review', 'The National Review Online', 'National Weekly', 'National Review Online', 'The National Review', 'The Tank']",Tanks,0.4026140570640564,1,0,0
9856,Answer the question concisely. Q: The journal of which Amsterdam schoolgirl was first published in 1947 under the title The Diary of a Young Girl? A:,"['Betrayal of anne frank', 'Ann Frank', 'Anneke Frank', 'Betrayal of Anne Frank', 'Tony Ahlers', 'Annelies Marie Frank', 'The betrayal of Anne Frank', 'Ann Franke', 'Anee frank', 'Anne Frank Fonds', 'Anne frank', 'The Betrayal of Anne Frank', 'Ana Frank', 'Anna frank', 'Annele Frank', 'Anne Frank', 'Anna Frank', 'Anne Marie Frank', 'Annelies Frank']",Anne Frank.,0.8916616439819336,0,0,0
9872,"Answer the question concisely. Q: By congressional resolution, Sam Wilson, of Troy, New York, a meat supplier for the Army during the War of 1812,is recognized as the progenitor of what famous American symbol? A:","['I Want YOU for the U.S. Army', 'I Want YOU for U. S. Army', 'Baba Sam', 'I Want YOU for U.S. Army', 'Uncle Sam Wants You', 'I Want YOU for the U. S. Army', 'Uncle sam', 'Uncle Sam', 'Uncle Sam Wants You recruitment poster']",The United States flag,0.2265578806400299,1,1,1
9884,"Answer the question concisely. Q: Although actually located in Black Canyon, what was the original name for the structure that became known as Hoover dam? A:","['Boulder Canyon Project', 'Hoover Damn', 'Hooverdam', 'Boulder Canyon Project Act', 'Hoover dam', 'Hoover Power Plant', 'Hoover damn', 'Environmental impact of the Hoover Dam', 'Boulder Dam', 'Hoover Dam', 'Hoover Dam naming controversy']",Boulder Dam,1.0016759634017944,0,0,0
9887,Answer the question concisely. Q: What is the 3rd largest car rental company in the United States? A:,"['The alamo', 'Remember the alamo', 'Gonzales Mounted Rangers', 'Immortal 32', 'Remember the Alamo', 'Alamo Battle', 'Gonzales Company of Mounted Volunteers', 'Battle of El Alamo', 'Battle of Alamo', 'Battle of the alamo', 'Remember the alamo!', 'Alamo, the', 'Fall of the Alamo', 'Gonzales Ranging Company', 'The battle of the alamo', 'Alamo', 'Battle of the Alamo', 'The Alamo', 'The Battle of the Alamo', 'Battle of the Alamo, The', 'Gonzales Ranging Company of Mounted Volunteers', 'Alamo, Battle', 'Battle of The Alamo']",Enterprise Holdings,0.171998530626297,1,1,1
9896,Answer the question concisely. Q: What was the name of the oil company was founded by John D. Rockefeller in 1870? A:,"['Standard design', 'Standards (album)', 'Standard (disambiguation)', 'Standards', 'Standard newspaper', 'Standards (disambiguation)', 'Standard']",Standard Oil Company,0.3356122076511383,1,1,1
9918,"Answer the question concisely. Q: In order to secure the help of the Wizard, whose broom must Dorothy steal in the Wizard of Oz? A:","['Wicked witch', 'The Witch of the West', 'Witch of the West', 'The Wizard of Oz/Wicked Witch of the West', 'The Wicked Witch', 'Wicked witch of the west', 'The Wicked Witch of the West', 'Wicked Witch', 'Wicked Witch of the West']",The Wicked Witch of the West,0.9596195220947266,0,0,0
9923,"Answer the question concisely. Q: Who's missing: Inky, Pinky, and Sue A:","['Blinky', 'Blinky (disambiguation)']","Inky, Pinky, and Sue are missing",0.16025599837303162,1,1,1
9928,Answer the question concisely. Q: What is the official color of the UPS trucks? A:,"['Orangeish blacks', 'Light brown', 'Orangeish black', 'Black oranges', 'Blackish-oranges', 'Black-oranges', 'Orangeish-black', 'Orangeblack', 'Orange-black', 'Orangeish-blacks', 'Brownest', 'Pullman Brown', 'Brownishly', 'Blackish orange', 'Brown', 'List of terms associated with the color brown', 'Orange-blacks', 'Blackish oranges', 'Orangeishblacks', 'Brownness', 'Orangeishblack', 'Orangish-blacks', 'Orangish blacks', 'Pale Sandy Brown', 'Blackish-orange', 'Orangishblack', 'Blackorange', 'Brownishness', 'Blackishoranges', 'Brownish', 'Orangish-black', 'Black orange', 'Orangish black', 'Pullman brown', 'Blackishorange', 'Orange blacks', 'Brown (colour)', 'Black-orange', 'Blackoranges', 'Orangishblacks', 'Dark brown', 'Brown (color)', 'Reddish brown', 'Orangeblacks', 'Brownly', 'Orange black']",Brown,0.8273385763168335,0,0,0
9931,"Answer the question concisely. Q: What author penned a satirical essay in 1729, entitled A Modest Proposal, modestly proposing that the poor should eat their babies? A:","['Simon Wagstaff, Esq.', 'Tom Ashe', 'M. B. Drapier', 'Gregory Miso-Sarum', ""M Flor O'Squarr"", 'Swiftian', 'Jonathan swift', 'Jonathin swift', 'Cadenus', 'An Enemy of the Peace', 'Dean Swift', 'Jonathon Swift', 'T. Tinker', 'Johathan Swift', 'S.P.A.M.', 'Johnathon swift', 'S. P. A. M', 'Johnathan Swift', 'S.P.A.M', 'Dr. Andrew Tripe', 'Gregory Misosarum', 'T. H. Philomath', 'Verses on the Death of Dr. Swift', 'T. N. Philomath', 'S. P. A. M.', 'Jonathan Swift', 'Student of Astrology', 'Sieur de Baudrier', ""M. Flor O'Squarr""]",Jonathan Swift,0.9473906755447388,0,0,0
9943,"Answer the question concisely. Q: The worlds largest marketer of fruit juices, what is the juice arm of the Coca Cola company? A:","['Minute-maid.es', 'The Minute Maid Company', 'Minutemaid.co.kr', 'Minute-maid.de', 'Minutemaid.com.mx', 'Minute Maid', 'Minutemaid.co.uk']",Minute Maid,1.0005388259887695,0,0,0
9944,"Answer the question concisely. Q: Which series of books tell the story of Precious Ramotswe, a Botswana woman who becomes a private detective to help others and to make Botswana a better place? A:",['‘The No. 1 Ladies’ Detective Agency’ by Alexander McCall Smith'],The No. 1 Ladies’ Detective Agency series by Alexander McCall Smith,0.8162323236465454,0,0,0
9949,"Answer the question concisely. Q: According to a popular Christmas song, who was a jolly happy soul? A:","['Frosty The Snowman', ""Frosty and Rudolph's Christmas in July"", 'Legend of Frosty the Snowman', 'Frosty the Snow Man', 'Frosty the Snowman', 'Frosty the Snowman.', 'Frosty the snowman', 'Legend of Frosty', 'Frosty the Snowman (song)']",Santa Claus,0.1862943172454834,1,1,1
9957,"Answer the question concisely. Q: What in law, does the term consanguinity mean? A:",['RELATED BY BLOOD'],The term consanguinity means the relationship between persons who are related by blood,0.15762758255004883,1,0,0
9958,"Answer the question concisely. Q: Which battle, near York, in 1644, saw the end of 'Royalist' resistance in the north of England? A:","['Battle at Hessam-Moor', 'Battle of marston moor', 'Battle of Marston Moor', 'Marston Moor', 'Marston Moor, Battle of', 'MARSTON MOOR', 'Battle of Marston Moore', 'Battle of Marston-Moor', 'The Battle of Marston Moor']",The battle of Marston Moor,0.8946617841720581,0,0,0
