idx,prompt,gold,generated_response,bleurt_score,hallucination_label,small_llm,large_llm
3,Answer the question concisely. Q: Who had a 70s No 1 hit with Kiss You All Over? A:,"['Internal exile', 'Exiles', 'Transported for life', 'Exile (politics and government)', 'Voluntary exile', 'Sent into exile', 'Exile and Banishment', 'Self-exile', 'Forced exile', 'Exile', 'Exile in Greek tragedy', 'Banish', 'Banishment']", The Osmonds,0.16233016550540924,1,1,1
5,Answer the question concisely. Q: Rita Coolidge sang the title song for which Bond film? A:,"['Kamal kahn', 'List of Bond girls in Octopussy', 'Magda (James Bond)', 'List of James Bond allies in Octopussy', 'Vijay (James Bond)', 'Bond 13', 'Octopussy (character)', 'Penelope Smallbone', 'Octopussy', 'General Orlov', 'Kamal Khan', 'Octopussy (film)', 'List of James Bond villains in Octopussy', 'Jim Fanning (James Bond)']", Never Say Never Again,0.1727011352777481,1,1,1
19,Answer the question concisely. Q: Who directed the classic 30s western Stagecoach? A:,"['John Ford (1895-1973)', ""Sean O'Feeney"", 'John Ford (film director)', 'Ford, John (1895-1973)', 'Argosy Pictures', 'John Ford statue', ""John Martin O'Feeney"", 'John Ford (director)', 'Cavalry trilogy', ""John O'Feeney"", ""Sean Aloysius O'Feeney"", 'Ford, John', 'John Ford']", John Ford,0.8784863948822021,0,0,0
26,Answer the question concisely. Q: What was Truman Capote's last name before he was adopted by his stepfather? A:,"['Perſons', 'Person', 'Person (philosophical)', 'Personhood Theory', 'Persons', 'Perſon', 'A person', 'Personhood theory']", Truman Capote's last name before he was adopted by his stepfather was Truman Persons,0.2792865037918091,1,0,0
33,Answer the question concisely. Q: What was Eddie Murphy's first movie? A:,"['48 time', '48 Hours', 'forty-eight  time']", Coming to America,0.09226974099874496,1,1,1
45,Answer the question concisely. Q: Where did the Shinning Path terrorists operate? A:,"['Lower Peru', 'Name of Peru', 'Republic of Peru', 'Etymology of Peru', 'ISO 3166-1:PE', 'Piruw', 'Peruano', 'República del Perú', 'El Perú', 'Republic of Perú', 'Peruvian Republic', 'Peru', 'Peruvian', 'Péru', 'Piruw Ripuwlika', 'El Peru', 'Perú', 'Perù', 'Piruw Suyu', 'Pérou', 'Peruvia']", Peru,0.7888382077217102,0,0,0
51,Answer the question concisely. Q: Who had a 70s No 1 hit with Let's Do It Again? A:,"['The Staple Singers', 'Staple Singers', 'The Staples Singers', 'Staples Singers', 'Cleotha Staples']", The Jackson 5,0.0833626240491867,1,1,1
56,Answer the question concisely. Q: Which US No 1 single came from Diana Ross's platinum album Diana? A:,"['Upside Down (Diana Ross song)', 'Up side down', 'Upside Down', 'Upside Down (single)']", I'm Coming Out,0.21059969067573547,1,1,1
81,"Answer the question concisely. Q: To the nearest two, how many tennis Grand Slam titles did Jimmy Connors win? A:","['10', 'ten']", 10,0.4327659010887146,1,0,0
96,Answer the question concisely. Q: Which film director guested as the FBI Director in The Silence of the Lambs? A:,"['The Doorway (film)', 'Roger William Corman', 'Roger Corman']", Anthony Hopkins,0.18169048428535461,1,1,1
104,Answer the question concisely. Q: What was the name of the brothel in The Best Little Whorehouse in Texas? A:,"['Chicken Ranch', 'Chicken Ranch (disambiguation)', 'The Chicken Ranch']", The Brothel of the Lost Chord,0.23791079223155975,1,1,1
109,Answer the question concisely. Q: On which date in 1945 did Hitler take cyanide then shoot himself? A:,"['Apr 30', 'April 30, 2007', 'April 30', '30th April', 'April 30th', 'May 0', '30 april', '30 April', 'April 30, 1789']", April 30,0.9323254227638245,0,0,0
115,Answer the question concisely. Q: Who had a 60s No 1 hit with This Diamond Ring? A:,"['Dave Gonzalez (Gary Lewis & the Playboys)', 'Gary Lewis & the Playboys', 'Gary Lewis and The Playboys', 'Gary Lewis & The Playboys', 'Gary Lewis and the Playboys']", The Tremeloes,0.2222931832075119,1,1,1
136,Answer the question concisely. Q: What US sitcom was the first exported to Britain? A:,"['Amos n Andy', 'Amos And Andy', 'Amos and andy', 'Amos N Andy', 'Amos & Andy', 'George %22Kingfish%22 Stevens', 'Amos and Andy', ""Amos 'N' Andy"", 'Brazilian Brass Mines', 'Amos ‘n’ Andy', ""Amos 'n Andy"", ""Amos N' Andy"", ""The Amos 'n Andy Show"", ""Amos 'n Andy Show"", ""Amos 'n' Andy Show"", ""Amos 'n' Andy""]", The Cosby Show,0.2790576219558716,1,1,1
139,Answer the question concisely. Q: Which US president won the Nobel Peace Prize in 1920? A:,"['Thomas W. Wilson', 'President wilson', 'Wilson, Woodrow', 'Thomas Woodrow Wilson', 'Woodrow wilson', 'Presidency of Woodrow Wilson', 'President Woodrow Wilson', ""President Wilson's"", 'T Woodrow Wilson', 'W. Wilson', ""Woodrow Wilson's"", 'Woodrow Wilson', 'Wildrow Woodson', 'President Wilson', '28th President of the United States', 'T. Woodrow Wilson']", Theodore Roosevelt,0.3344549536705017,1,1,1
168,Answer the question concisely. Q: Which European town gave its name to a Treaty which symbolizes closer economic links between European countries? A:,"['Maastricht, the Netherlands', 'Maasthrict', 'Mestreech', 'Mastericht', 'Maestricht', 'Maastrict', 'Maastricht', 'Maastricht, Netherlands', 'Vrijthof', 'UN/LOCODE:NLMST', 'Limmel']", Brussels,0.2559511959552765,1,1,1
194,Answer the question concisely. Q: The Black Hills lie between which two rivers? A:,['Belle Fourche and Cheyenne'], Cheyenne and Belle Fourche,0.7983081936836243,0,0,0
220,Answer the question concisely. Q: In which parliament has the UK 87 seats for members who are elected for a five0-year term? A:,"['Common Assembly', 'European parliment', 'European Union Parliament', 'Europarliament', 'Eu parl', 'Euro Parliament', 'EU Parliament', 'Euparl', 'Assembly of the European Communities', 'European Parliamentary', 'Common Assembly of the European Coal and Steel Community', 'European parliament', 'EU parliament', 'European Assembly', 'Parliament of the European Union', 'The European Parliament', 'Parliament of the EU', 'Parliament of Europe', 'European Parliament', 'Europarl', 'Eu parliament', 'Strasbourg Parliament', 'European Parliamentary Assembly', ""European Parliament's"", 'Parliament of European Union', 'EuroParl', 'European Chamber']", House of Commons,0.3352929353713989,1,1,1
222,"Answer the question concisely. Q: ""What is the more common name of the """"simple plurality"""" system of voting?"" A:","['First-past-the-post electoral system', 'FPTP', 'First-Past-The-Post', 'First past the post', 'First past the post electoral system', 'Multiple member first-past-the-post voting', 'First-past-the-post', 'First Past The Post', 'First-Past-The-Post Voting', 'First Past the Post (FPTP)', 'First Past the Post electoral system', 'First past the post system', 'First-Past-The-Post Method', 'First Past the Post', 'First-past-the-post election system', 'First-past-the-post voting', 'First pass the post', 'Simple-majority']", First past the post,0.928030252456665,0,0,0
226,Answer the question concisely. Q: Whose birthday is celebrated by a public holiday on the third Monday in January in the USA? A:,"['The Reverend Doctor Martin Luther King, Junior', 'Martin Luther King,Jr.', 'MLK Jr.', 'Luther king jr', 'Rev. Martin Luther King, Jr.', 'Michael luther king, jr.', 'M. L. K., Junior', 'Dr. Martin Luther King, Jr.', 'M L K Jr', 'Michael King II', 'Mlkj', 'M.L.K.', 'M. L. K.', 'M.L.K., Junior', 'Martin Luther, Jr. King', 'Martin Luther King Jr', 'King, Martin Luther, Jr.', 'Rev. Dr. Martin Luther King, Jr.', 'Martin Luther King', 'Michael King, Jr.', 'M L K, Jr.', 'Dr.martin luther king jr.', 'M.L.K., Jr', 'M. L. K., Jr', 'Rev. Dr. Martin Luther King, Jr', 'Martin Luther King, Jr', 'Rev. Dr. Martin Luther King Jr.', 'Martin Luther King, Junior', 'Dr King', 'Dr Martin Luther King', 'M.L.K.,Jr.', 'DMLKJ', 'M L K Jr.', 'Martin Luther King Junior', 'M. L. King', 'M.L.K. Jr.', 'M. L. K. Jr.', 'Why Jesus Called A Man A Fool', 'Biography of Martin Luther King', 'MLK,Jr.', 'Martin Luther-King', 'Martin Luther King Jr.', 'Kingian', 'M. L. K. Junior', 'M.L.K. Junior', 'Rev. Martin Luther King Jr.', 'Dr. Martin L. King', 'Doctor Martin Luther King', 'Dr. King', 'Martin King, Jr.', 'Martain Luther King', 'M.L.K.,Jr', 'Martin Luther King, Jr.', 'Martin Luther King, Jr,', 'M L K, Junior', 'MLK,Jr', 'Doctor King', 'Martin luther king', 'Dr. Martin Luther King Jr.', 'Martin Luther King, jr.', 'Martin L. King', 'MLK, Jr.', 'Doctor Martin Luther King, Jr.', 'M L K, Jr', 'Martin L. King Jr.', 'Mlk', 'Martin Luther King, jr', 'M L K Junior', 'Martin luther ling', 'MLK, Junior', 'M L K', 'Why Jesus Called Man a Fool', 'Rev. Dr. Martin Luther King Jr', 'MLK, Jr', 'Mlk Jr.', 'M. L. K., Jr.', 'M.L.K., Jr.', 'The Reverend Dr. Martin Luther King, Jr.', 'Reverend Martin Luther King Jr.', 'Reverend Martin Luther King, Jr.', 'Martin Luther King,Jr', 'Martin Luther King II', 'Reverend Martin Luther King, Jr', 'Dr. Martin Luther King', 'Mlk jr', 'Martin Luther king', 'MLK', 'Luther King', 'Reverend King', 'Martin luthur king jr', 'Martin Luther King Jr. (redirects)', 'Martin luther king changes the world', 'MLK Jr', 'Mlk junior', 'Mlk jr.', 'Dr. Martin Luther King, Jr', 'M.L.K. Jr', 'M. L. K. Jr', 'Martin luther king jr']", Martin Luther King Jr.,0.9179059267044067,0,0,0
238,"Answer the question concisely. Q: What type of seaweed grows up to 100 meters in length, and is farmed for its alginates? A:","['Laminariales', 'Kelp', 'Kelps']", kelp,0.8454551696777344,0,0,0
241,"Answer the question concisely. Q: Which family of insects has species named 'drivers', 'weavers', 'and even individuals called 'soldiers'? A:","['History of ants', 'Giant ant', 'Ant trail', 'Worker ant', 'Drone Ant', 'Ants', 'Formicidae', 'Ant', 'Ants communication', 'Ergate', 'Ant trails', '🐜']", ants,0.501431405544281,0,0,0
253,Answer the question concisely. Q: What is the scientific name for the heart's pacemaker? A:,"['Sinoatrial', 'Sa node', 'The sinoatrial node', 'Sinuatrial mode', 'SA Node', 'Sinoastrial node', 'Sinu-atrial node', 'Sinus Node', 'SA node', 'Sinoatrial Node', 'Nodus sinuatrialis', 'Sinoatrial cell', 'Sinuatrial node', 'Sinus node', 'Atrial sinus', 'Sino-atrial node', 'Sino atrial node', 'Sinoatrial node']", Atrioventricular node,0.5367958545684814,0,1,1
272,"Answer the question concisely. Q: What colour is the number 10 on the door of 10 Downing Street? White, Yellow or Brown? A:","['White (Colour)', 'Rgb(255, 255, 255)', 'White', 'Whitishness', 'Whiter', '(255, 255, 255)', 'Whitishly', 'White (political adjective)', 'White-', 'White-Finn', 'Whitest', 'FFFFFF', 'Color/white', 'Man on a white horse']", White,0.6290010809898376,0,0,0
310,"Answer the question concisely. Q: Which cult film, starring Harrison Ford, was based on the story Do Androids Dream of Electric Sheep? A:","['V-K', 'Blade Runner 2 (2014 film)', 'Voigt-kampff machine', 'Voigt kampff machine', 'Voigt-kampff test', 'Voit-kampf test', 'Voigt kampff', 'Blade Runner (film)', 'Voit kampf test', 'C beams', 'Voight-Kampff machine', 'Voit-kampf', 'Blade Runner 2 (film)', 'Spinner (Blade Runner)', 'Voight Kampff', 'Voit kampf', 'Blade Runner 2', 'Voigt-Kampff machine', 'BLADE RUNNER (1982)', 'Methuselah Syndrome', 'Blade Runner', 'Leon Kowalski', 'Voigt-Kampff', 'Blade Runner 2 (film project)', 'Voight-Kampff', 'Voigt-Kampf', 'Blade runner (film)', 'Dangerous Days', 'Untitled Blade Runner Sequel', 'Voigt-Kampff test', 'Blade Runner (1982 film)', 'Voight-Kampf', 'Blade runner', 'Voight-Kampff test', 'Blade Runner (2014 film)']", Blade Runner,0.8885984420776367,0,0,0
316,"Answer the question concisely. Q: Which serial killer is the subject of the films A Study In Terror, Murder By Decree and From Hell? A:","['Whitechapel Murderer', 'Annie Millwood', 'Jack the ripper', 'Fairy Fay', 'Leather Apron', 'Jack The Ripper', 'Ripperology', 'Jack the Ripper non-fiction', 'Ripperologists', 'Leatherapron', 'Jack the Ripper', 'Jack-the-Ripper', 'Whitechapel murderer', 'The Whitechapel murderer', 'Ripperologist', 'Annie Farmer', 'Leather apron', 'The Pinchin Street Murder', 'Ada Wilson', 'Jack the rippers victims', 'The Whitechapel Murderer']", Jack the Ripper,0.898139476776123,0,0,0
323,"Answer the question concisely. Q: What seven letter word, beginning with the letters 'Ra' is a palindrome? A:","['Racing cars', 'Automobile Racing', 'Automotive racing', 'Car racing', 'Race driver', 'Racecars', 'Automobile racer', 'Autorace', 'Car race', 'Autosports', 'Racecar', 'Race cars', 'Automobile race', '🏎', 'Racing driver', 'AutoRacing', 'Racing Car', 'Auto racing', 'Auto Racing', 'Auto race', 'Race-car', 'Race Cars', 'Auto Race', 'Race car', 'Racing car', 'Race car driver', 'Automobile racing', 'Racecar driver']", Rararar,0.24562868475914001,1,1,1
333,"Answer the question concisely. Q: In years and days, how old was Luigina Giavotti when she won a silver medal in gymnastics in 1928, and is still the youngest medal winner today? A:",['11 years and 302 days'], 11 years and 2 days,0.5954294204711914,0,1,1
340,Answer the question concisely. Q: Which P is the correct technical term for the art of making and displaying fireworks? A:,"['Pyrotecnics', 'Pyrotechnics', 'Pyro Technic', 'Puff pot', 'Flash Pot', 'Pyrotechnical', 'Pyrotechnic device', 'Flash pot', 'Pyrotechnic', 'Pytrotechny']", Pyrotechnics,0.9070285558700562,0,0,0
344,"Answer the question concisely. Q: Which Channel 4 TV show's presenters included Mark Lamarr, Amanda De Cadenet and Terry Christian? A:","['The Word', 'The Word (film)', 'The word', 'The Word (disambiguation)']", The Big Breakfast,0.1760033369064331,1,1,1
376,Answer the question concisely. Q: Which Scottish newspaper features the Broons and Oor Wullie? A:,"['Sunday Post', 'The Sunday Post']", The Dundee Courier,0.20990829169750214,1,1,1
389,"Answer the question concisely. Q: Fruit, cricket and horseshoe are varieties of what type of animal? A:","['Bat Conservation', 'Bat Groups', 'Chiropter', 'Chiropteras', 'Chiropteran', 'Bat (animal)', 'Bat roost', 'Chiropterologist', 'Flittermouse', 'Bat species', 'Bat evolution', 'Chiropterology', 'Bat', 'Bat wing', 'Artificial bat roost', 'Flinder mouse', 'Chiroptologist', 'Bat conservation', 'Barotrauma and Wind turbines', 'Cheiroptera', 'Chiroptera', 'Bat life expectancy', 'Bats']",,0.1380002796649933,1,1,1
398,"Answer the question concisely. Q: Name the game show, presented by Leslie Grantham and Melinda Messenger, where contestants were set physical and mental challenges? A:","['Fort Boyard (disambiguation)', 'Fort Boyard']"," The game show you're referring to is ""The Weakest Link."" It was presented by Leslie Grantham and Melinda Messenger, and contestants faced physical and mental challenges to determine who was the weakest link in the game.",0.2228599637746811,1,1,1
399,Answer the question concisely. Q: Who presented Family Fortunes in the two years between Bob Monkhouse and Les Dennis? A:,['Max Bygraves'], Bill Oddie,0.1257442831993103,1,1,1
425,Answer the question concisely. Q: What are the shape-shifting foxes of the Japanese folklore? A:,"['Kintsu', 'Kitsunetsuki', 'Katsune', 'Kyuubi no kitsune', 'Kyubi no kitsune', 'Kyuubi fox', 'Kistune', 'Kitune', 'Fox in Japanese folklore', 'Kitsune', 'Kintsune', 'Foxes in Japanese folklore', 'Kyubi fox', 'Kitsune-Tsuki', 'Fox in Japanese Folklore']", Kitsune,0.9192759394645691,0,0,0
426,Answer the question concisely. Q: In Greek mythology who was the twin of Polydeuces? A:,"['Castor (disambiguation)', 'Castor', 'CASTOR']", Castor,0.8169152736663818,0,0,0
430,Answer the question concisely. Q: Who stars in the 2008 movie Seven Pounds? A:,"['Sheree Zampino', 'Willard Christopher %22Will%22 Smith, Jr.', 'Willard Christopher Smith III', 'Will smith', 'Will Smith., Ltd.', 'Will Smith', 'Wil smith', 'Will Smif', 'List of songs recorded by Will Smith', 'WillSmith', 'Willard Christopher Smith, Jr.', 'Willard Christopher Smith', 'Willard Carroll Trey Smith III', 'Trey Smith (Will Smith)', 'Will S.', 'Willard Smith, Jr.', 'Fresh Prince (rapper)']", Ashton Kutcher,0.3374924659729004,1,1,1
441,"Answer the question concisely. Q: The pub with the longest name in the UK has how many letters in it? 55, 75 or 95? A:","['55', 'fifty-five']", 95,0.17915566265583038,1,1,1
452,Answer the question concisely. Q: Who was the seventh president of the United States? A:,"['Seventh President of the United States', 'Andrew Jackson presidency', 'Andrew Jackson/Second Inaugural Address', 'Andrew Jacksons presidency', 'Sharp Knife', 'President Andrew Jackson', 'Andrew Jackson assassination attempts', 'Jacksoninan Party (United States)', 'Jackson administration', 'Elizabeth Hutchinson Jackson', '7th President of the United States', 'Andrew Jackson/First Inaugural Address', 'Andrew Jackson, Sr.', 'Age of Jackson', 'Hero of New Orleans', 'President Jackson', 'Jackson Administration', 'Robert B. Randolph', 'Jacksons bank veto', 'Andrew jackson', 'President Andrew Jackson’s', 'Andrew Jackson']", Andrew Jackson,0.8781054019927979,0,0,0
455,Answer the question concisely. Q: Who played King Arthur in the 1967 musical film Camelot? A:,"['Richard Harris (actor)', 'Richard Saint John Harris', 'Richard St. J. Harris', 'Richard Harris', 'Richard harris', 'Richard St. John Harris']", Richard Harris,0.8745130300521851,0,0,0
472,Answer the question concisely. Q: Who killed Jean Paul Marat? A:,"['Corday, Charlotte', 'Charlotte Corday', 'Charlotte la Cordé', ""Marie Anne Charlotte Corday D'Armont"", 'Marie Anne Charlotte Corday Darmont', ""Marie-Anne Charlotte de Corday d'Armont""]", Charlotte Corday,0.917635977268219,0,0,0
474,Answer the question concisely. Q: Gjetost is the national cheese of which country? A:,"['Norvège', 'Mainland Norway', 'Norway', 'Norvege', 'Noregur', 'NORWAY', 'Norwegian state', 'Etymology of Norway', 'Noruega', 'Norwegen', 'ISO 3166-1:NO', 'Noreg', 'Republic of Norway', 'Norwegian kingdom', 'Kongeriket Noreg', 'Name of Norway', 'Kongeriket Norge', 'Noorwegen', 'Kingdom of Norway', 'Sport in Norway', 'Norwegia', 'Royal Kingdom of Norway']", Norway,0.7305677533149719,0,0,0
475,Answer the question concisely. Q: A youngberry is a cross between a dewberry and what else? A:,"['Blackberry bush', 'A blackberry', 'Bush blackberry', 'Bush Blackberry', 'Blackberries', 'Bramble raspberry', 'Rubus subg. Rubus', 'Blackberry (fruit)', 'Black-berry', 'Eubatus', 'Culture of blackberry', 'Rubus subg. Eubatus', 'Blackberry Vines', 'Bramble Raspberry', 'Blackberry']", blackberry,0.7437108159065247,0,0,0
492,"Answer the question concisely. Q: In the TV show Camberwick Green, who lived in Colly's Mill? A:","['Windy Miller', 'Camberwick Green']", Mr. and Mrs. Col,0.08139905333518982,1,1,1
501,Answer the question concisely. Q: Which Canadian born  actress was the star in the movie Barb Wire? A:,"['Pamela Anderson', 'Pamela Lee', 'Pamula Anderson', 'Pam anderson', 'Pam Anderson', 'Pamela Denise Anderson', 'Pamela Anderson Lee', 'Pam Andreson', 'Pamala anderson', 'Pamela Lee Anderson', 'Pamela anderson', 'Pamela Anderson House', 'Miss february 1990', 'Pamela andersson']", Pamela Anderson,0.911123514175415,0,0,0
519,Answer the question concisely. Q: Who did Top of the Pops mistakenly portray in a Dexys Midnight Runners song? A:,"['Jocky Wilson', 'Jockey Wilson', 'Jockie Wilson']", The Kinks,0.11610397696495056,1,1,1
523,Answer the question concisely. Q: Which common colour can also be known as heliotrope? A:,"['Purplingly', 'Purple (colour)', 'Purplishness', 'Purple', 'Purpled', 'Purplest', 'Northwestern Purple (color)', 'Heather Purple', 'Words which rhyme with Purple', 'Purpleish', 'Purple flowers', 'Purplishly', 'Purpling', 'Purple (color)', 'List of terms associated with the color purple', 'Purple vs. violet', 'Purples', 'Purpler']", pink,0.40441739559173584,1,1,1
525,Answer the question concisely. Q: Which actress left Eastenders for Hollywood only to flop as The Bionic Woman? A:,"['Michelle Ryan', 'Michelle Ryans', 'Michele ryan']", Lynda Bellingham,0.3797181248664856,1,1,1
533,"Answer the question concisely. Q: In what year was the first episode of Doctor Who broadcast? 1959, 1963 or 1967? A:","['one thousand, nine hundred and sixty-three', '1963']", 1963,0.6390295028686523,0,0,0
589,"Answer the question concisely. Q: Who was the leader of the gang whose members included Benny the Ball ,Brain and Choo Choo? A:","['Brain (Top Cat character', 'Top Cat.', 'Top Cat', 'Top cat', 'Boss Cat']"," The leader of the gang whose members included Benny the Ball, Brain, and Choo Choo was the character named ""The Leader.""",0.2586994767189026,1,1,1
590,Answer the question concisely. Q: Which famous resident resides at Highgrove House? A:,"['HRH The Prince Charles, Duke of Rothesay', 'HRH The Prince of Wales', 'Charles, prince of wales', 'Charles, Duke of Cornwall', 'Charles Windsor', 'Prince Charles of Edinburgh', 'Prince Charles of the United Kingdom', 'War of the Waleses', 'Princes Charles', 'The Prince Charles', 'HRH Prince Charles', 'The Prince Of Wales', 'Charles of the United Kingdom', 'Charles Philip Arthur Windsor', 'Prince Charles', 'His Highness Prince Charles', 'Charles Windsor, Prince of Wales', 'HM The Duke of Cornwall', 'Prince Charles, Wales', 'Charles, Price of Wales', 'Charles Philip Arthur George', 'Next king of the United Kingdom', 'The Duke of Cornwall', 'Charles Philip Arthur George Windsor-Mountbatten', 'Prince of Wales Charles', 'HRH Prince Charles, Prince of Wales', 'The Prince Charles, Duke of Rothesay', 'Charles, prince of Wales', 'The Duke of Rothesay', 'Charles, Duke of Rothesay', 'Next king of the UK', 'Charles, Crown Prince of Britain', 'Prince Charles, Duke of Cornwal', 'Prince Charles, Duke of Rothesay', 'Next king of Australia', 'Charles of Wales', 'Monstrous carbuncle', 'The Prince Charles, Prince of Wales', 'HRH The Prince Charles', 'Charles, Prince of Wales', 'Prince Charles of Wales', 'HRH The Duke of Cornwall', 'HRH The Duke of Rothesay', 'Prince Charles, Prince of Wales', 'Next king of Canada', 'Charles of Edinburgh', 'Charles III of the United Kingdom', 'Prince Charles, the Duke of Rothesay', 'HRH The Prince of Wales (Prince Charles)', 'Charles prince of wales', 'Prince Charles, Duke of Cornwall', 'Charles Philip Arthur George Mountbatten-Windsor', 'Charles, Duke of Cornwal', 'The Prince of Wales', 'Charles Mountbatten-Windsor', 'Prince charles', 'Charles V of England', 'Charles, the Prince of Wales']", Prince Charles,0.913689374923706,0,0,0
601,Answer the question concisely. Q: What was Jacques Cousteau's mobile oceonagraphic laboratory. A:,"['Calypso', 'Callypso', 'Calipso', 'Calypsos', 'Kalypso', 'Calypso (disambiguation)']", Calypso,0.9529049396514893,0,0,0
604,Answer the question concisely. Q: What was the capital of the United States between 1785 and 1790?? A:,"['New Yourk State', 'State of N.Y.', 'US-NY', 'N Y', 'The state of NY', 'NewYork', 'NYS', 'Neo York', 'NY state', 'Nova York', 'State of new york', 'Ny', 'New york', 'Nueva York (estado)', 'N Y state', 'New York (state)', 'U.S. state of New York', 'New York state', 'New York, U.S.', 'State New York', 'Nýja-Jórvík', 'Newyork', 'NEW YORK', 'State of N. Y.', 'N. Y. state', 'NY', 'The state of N.Y.', 'NY (state)', ""New York's"", 'N.Y. (U.S. state)', 'State of new yourk', 'New York State', 'New York (U.S. state)', 'New york state', 'New Yrok', '11th State', 'New York (USA State)', 'State of N Y', 'New-York', 'The State of New York', 'State of New York', 'US state of New York', 'N Y (U.S. state)', 'N.Y. state', 'N.Y.', 'The state of N. Y.', 'N. Y. (state)', 'The state of N Y', 'New York, US', 'N.Y. (state)', 'Nyja-Jorvik', 'Religion in New York', 'New Yourk', 'N. Y.', ""New York State's"", 'Estado Nueva York', 'New York (USA state)', 'New york population', 'New York, U.S.A', 'New York', 'NY (U.S. state)', 'Estado de Nueva York', 'N. Y. (U.S. state)', 'Eleventh State', 'N Y (state)', 'State of NY', 'New York (State)', 'New York (U.S. state']", New York City,0.6511518955230713,0,1,1
639,"Answer the question concisely. Q: In golf, what name is given to a score of three under par on a given hole? A:","['אלבטרוס', 'Albatross', 'Diomedeidae', 'Goonie bird', 'Goony bird', 'Albatrosses', 'Giant Albatross']", albatross,0.6338149309158325,0,0,0
640,"Answer the question concisely. Q: In dentistry, what is the name given to hardened dental plaque? A:","['BFBB', 'SpongeBob SquarePants:Battle for Bikini Bottom', 'SpongeBall', 'Duplicatotron 3000', 'Tubelet', 'Golden spatula', 'Chomp-Bot', 'SpongeBall Arena', 'Shiny objects', 'Bubble Bowl', 'Bubble Bounce', 'Arf Dawg', 'Throw Fruit', 'SpongeBot SteelPants', 'Spongebob SquarePants: Battle for Bikini Bottom', 'Spongebob squarepants: Battle for Bikini Bottom', 'Golden spatulas', 'Robo-Plankton', 'TARTAR.', 'Tar-Tar', 'Bzzt-Bot', 'Cruise Bubble', 'SpongeBob squarepants: Battle for Bikini Bottom', 'Bomb-Bot', 'Thunder Tiki', 'Spongebob Squarepants: Battle for Bikini Bottom', 'Kah-Rah-Tae!', 'SpongeBob Squarepants: Battle for Bikini Bottom', 'Robo-Sandy', 'SpongeBob: Battle for Bikini Bottom', 'Robo-Patrick', 'Battle for Bikini Bottom', 'Spongebob battle for bikini bottom', 'Ham-Mer', 'Freeze Fruit', 'Shiny object', 'SpongeBob SquarePants: Battle for Bikini Bottom', 'Stone Tiki', 'SpongeBob: The Battle for Bikini Bottom', 'Shh Tiki']", Calculus,0.2927832007408142,1,1,1
646,Answer the question concisely. Q: Which jazz saxophonist was nicknamed Bird A:,"['Charlie Parker', 'Parker, Charlie Bird', 'Charlie Parker Residence', 'Charlie Parker Septet', 'Charles Parker, Jr.', 'Cool blues', 'The Charlie Parker Septet', 'Charlie “Bird” Parker', 'Charlie %22Bird%22 Parker', 'Charlie parker']", Charlie Parker,0.9048291444778442,0,0,
647,Answer the question concisely. Q: Which patriotic Irving Berlin song includes the line  From the mountains to the prairie to the oceans white with foam ? A:,"['God Bless America (Celine Dion song)', 'God Bless AMERICA.', 'God Bless the United States', 'God Bless the United States of America', 'God Bless The United States', 'God Bless America', 'God Bless The United States Of America']", God Bless,0.46785229444503784,1,1,0
659,Answer the question concisely. Q: Who was the second wife of Henry VIII? A:,"['Anne Boylen', 'Anne Bullen', 'Anne boelyn', 'Anne Boullant', 'Ann Boleyn', 'Anne Boleyn, 1st Marchioness of Pembroke', 'Anne Boelyn', 'Ann Bullen', 'Anne Boleyn', 'Anna Bollina', 'Queen Anne Boleyn', 'Anne Bolyn', 'Anne boleyn', 'Anne bolyn']", Anne Boleyn,0.928625226020813,0,0,0
663,"Answer the question concisely. Q: Which Shakespeare play tells the story of Prospero, the rightful Duke of Milan? A:","['Van Eck radiation', 'EMSEC', 'Tempest attack', 'Emissions security', 'Emission security', 'The TEMPEST', 'Tempest (codename)', 'TEMPEST']", The Tempest,0.38096851110458374,1,0,0
665,Answer the question concisely. Q: What was the name of the sixth studio album released by Prince and the Revolution in June of 1984? A:,"['Purple RAIN', 'Purple Rain', 'Purple Rain (disambiguation)', 'Purple rain']", Purple,0.3719102740287781,1,1,1
698,"Answer the question concisely. Q: Which fruit did Nell Gwynn, mistress of King Charles II, sell in Drury Lane? A:","['Orange fruit', 'Xa Doai orange', 'Xã Đoài orange', 'Appelsina', 'Sweet Orange', 'Orange (botany)', 'Oranges', 'Orange (flavor)', 'Orange(fruit)', 'Appelsína', 'Navel orange', 'Orange (citrus)', 'Culture of orange', 'Sweet oranges', 'Sweet orange', 'Navel Orange', 'Orange (fruit)']", oranges,0.5745353698730469,0,0,0
702,"Answer the question concisely. Q: In UK currency, how many sides does a twenty pence piece have? A:","['Seven', 'seven', '7']", 7,0.46437591314315796,1,0,0
720,Answer the question concisely. Q: Which British monarch famously said ‘I don’t wish to open windows into men’s souls’? A:,"['The Gloriana', 'Queen Elisabeth of england', 'Elizabeth the First', 'Queene Elisabeth of England', 'Bess of England', 'Elizabeth I of Ireland', 'Queen Elizabeth 1', 'Queen Elisabeth I', 'Elizabeth I (England)', 'Elizabeth I of Great Britain', 'Queen of England Elizabeth', 'Queen Elizabeth the first', 'Queen Elizabeth I of England', 'Elizabeth the first', 'Elizabeth I of the United Kingdom', 'Queen of England Elizabeth I', 'QEI', 'Elizabeth I', 'Queen Elizabeth of England', 'Elisabeth 1st', 'La Vita della Regina Elizabetta', 'Elisabeth I of England', 'Elisabeth of England', 'Queen Elizabeth the First', 'Elizabeth I of England', 'Good Queen Bess', 'Liz 1', 'Virgin Queen', 'Elizabeth 1', 'Queen Elizabeth l', 'Elizabeth of England', 'Elizabeth I Tudor', 'Elizabeth Tudor', 'Elizabeth I, Queen of England', 'Elizabeth the 1st', 'Queen Elizabeth I', 'Elizabeth i of england', 'Elisabeth I']", Queen Victoria,0.5276715159416199,0,1,1
727,"Answer the question concisely. Q: What was the name of the Brazilian player who won the Women’s Singles Finals at Wimbledon in 1959, 1960 and 1964? A:","['Maria Ester Bueno', 'Maria Esther Bueno', 'Maria Ester Audion Bueno', 'Maria Esther Andion Bueno', 'Maria Bueno', 'Bueno, Maria Esther Andion']", Maria Esther Bueno,0.9628524780273438,0,0,0
741,"Answer the question concisely. Q: In ‘Follow That Camel’, the fourteenth Carry On film, Sid James was replaced by which US actor? A:",['Phil Silvers'], George Segal,0.13602469861507416,1,1,1
760,Answer the question concisely. Q: Sadler’s Wells Ballet and the Vic-Wells Ballet were the previous names of which British ballet company? A:,"['Royal Ballet dancers', 'Royal Ballet principal dancers', 'Vic wells ballet', 'Dancers of The Royal Ballet', 'Sadlers wells ballet', 'Vic-Wells', 'Royal Ballet, London', 'Vic-Wells Ballet', 'Royal Opera House, Manchester', 'Sadlers Wells ballet', 'Principal dancers of The Royal Ballet', 'Royal Ballet', 'The Royal Ballet', ""Sadler's Wells Ballet"", 'Vic-Wells Ballet Company', 'Eric Underwood (dancer)', 'Sadlers Wells Ballet']", English National Ballet,0.424751877784729,1,1,1
764,"Answer the question concisely. Q: In January 1957, Russell Endean became the first batsman to be dismissed from a test cricket match for doing what? A:",['Handling the ball'], throwing the,0.29884299635887146,1,1,0
779,Answer the question concisely. Q: ‘Divine Wind’ is the English translation of which Japanese word? A:,"['Tokubetsu Kōgekitai', 'Kamikazes', 'Divinity-wind', 'Kamikazi', 'Divine wind', 'Kamikaze', 'Kamikaze bombing', 'Shinpū', 'Kamakaze', 'Spirit-wind', 'Kamazake', '神風', 'Kamikaze planes', 'God-wind', 'Personnel involved in the development of World War II suicide attacks', 'Personnel involved in the development of the kamikaze defensive tactic', 'Kami-kaze', 'Some Personalities involved in development of Kamikaze Defensive tactic', 'Kamikaze pilots', 'Divinity wind', 'Suicide plane', 'God wind', 'Kamikaze attack', 'Divine winds', 'Kamikase', 'Divine Wind', 'Kamikaze Pilots', 'Kamikaz']", kamikaze,0.7810768485069275,0,0,0
794,Answer the question concisely. Q: What is the US state capital of Louisiana? A:,"['Baton Rogue, West Florida', 'Batton Rouge', 'Bâton rouge', 'Baton Rouge Business District, Louisiana', 'Baton-Rouge', 'Capital of Louisiana', 'Baton Rouge', 'Baton Rouge (LA)', 'Top Employers of Baton Rouge', 'Baton rouge', 'Baton Rouge, LA', 'Baton Rouge, West Florida', 'List of events in Baton Rouge', 'Baton Rouge mayoral election, 2016', 'Baton Rouge, La.', 'Baton Rouge, Louisiana', 'UN/LOCODE:USBTR', 'List of Events in Baton Rouge', 'Bâton Rouge', 'Downtown Baton Rouge, Louisiana', 'Baton Rouge, Louisiana Emergency Resources - Disaster Aid', 'Baton Rouge, LA Emergency Resources - Disaster Aid']", Baton Rouge,0.9356449246406555,0,0,0
796,Answer the question concisely. Q: The Battle of Vimy Ridge took place in which country during World War l? A:,"['La Republique francaise', 'Franciaország', 'La Republique française', 'Belle France', 'FRANCE', 'Republique française', 'France', 'Ranska', 'Franciaorszag', 'French Republic', 'République francaise', 'République française', 'ISO 3166-1:FR', 'Frankreich', 'France (country)', 'Etymology of France', 'FrancE', 'La République française', 'People of France', 'Republic of France', 'Fracne', 'Le France', 'The French Republic', 'Republique francaise', 'The Republic of France', 'La République francaise', 'La France', 'Rain in France', 'Republic of france', 'FRance', 'Frakkland', 'Climate of France', 'Franse']", France,0.5582054853439331,0,0,0
798,Answer the question concisely. Q: What are the first names of art duo Proesch and Passmore? A:,"['Gilbert and George', 'Gilbert Proesch', 'Gilbert And George', 'Gilbert and george', 'Gilbert Prousch', 'Gilbert & George', 'George Passmore (sculptor)']", The first names of of art duo Proesch and Passmore are John and David.,0.2150498926639557,1,1,1
801,Answer the question concisely. Q: Which tennis player was known as the Rockhampton Rocket? A:,"['Rodney Laver', 'Rodney George Laver', 'Rod Laver', 'Laver, Rod']"," John Alexander ""J. J."" Perdis",0.1598295271396637,1,1,1
806,Answer the question concisely. Q: Cobweb is a fairy in which Shakespeare play? A:,"[""A midsummer night's dream"", ""A Midsummer Night's dream"", ""Demetrius (A Midsummer Night's Dream)"", ""A Midsummer Nights' Dream"", 'Lysander (Midsummer Night Dream)', ""A midsummer's dream"", ""A mid summer night's dream"", 'Pease-blossom', ""A Midsummer Night's Dream"", ""A Midsummernight's Dream"", ""Incidental Music to A Midsummer Night's Dream"", 'Peaseblossom', 'AMND', ""A Midsummer Night'S Dream"", 'Hermia and Helena', 'Midsummer Night’s Dream', 'A Midsummer Night’s Dream', 'Midsummer Nights Dream', 'Hippolyta (Shakespeare)', ""Midsummer Night's Dream"", 'A Midsommer Nights Dreame', 'A Midsummer Nights Dream', 'Midsummer nights dream', 'Lysander (Shakespeare)', 'The Rude Mechanicals', ""A Midsummer Night's Dream, Act IV"", 'Rude Mechanic', ""A Midsummer's Night Dream"", ""Lysander (A Midsummer Night's Dream)"", ""A midsummernight's dream"", ""A Midsummer-Night's Dream"", ""Midsummer-Night's Dream"", 'A Midſommer Nights Dreame', 'Demetrius (Midsummer Night Dream)', 'Midsummer night dream', ""A Middsummer Night's Dream"", 'MSND']", A Midsummer Night's Dream,0.9289855360984802,0,0,0
821,Answer the question concisely. Q: Who does the commentary in the UK tv programme ‘Come Dine With Me’? A:,"['Dave Lamb', 'Dave lamb']", John Sergeant,0.13963671028614044,1,1,1
830,Answer the question concisely. Q: Which former RAF pilot wrote the novel ‘Airport’? A:,['Arthur Hailey'], Arthur Hailey,0.9094018936157227,0,0,0
836,Answer the question concisely. Q: The Oroville Dam is in which US state? A:,"['Taxifornia', 'Califronia', 'State of California', 'California, USA', 'California, United States of America', 'Charlie Alpha', 'California (state)', '31st State', 'California, usa', 'Calif.', 'CA (state)', 'Kalifòni', 'California, United States America', 'Thirty-first State', 'Kalifornija', 'California, United States', 'State of California, United States', 'Califórnia', 'California State', 'California', 'California (State)', 'Kalifoni', 'California, US', 'City (California)', 'Californiay', 'Christianity in California', 'Thirty-First State', 'California(U.S. state)', 'Kalifornía', 'Calfornia', 'California, U.S.A.', 'California’s', 'The State of California', 'Californny', 'California (province)', 'California (U.S. state)', 'CA, US', 'State of california', ""California's"", 'Califnornia', 'The golden state', 'US-CA', 'California Chronic', 'California, united states of america', 'CA state']", California,0.7897385954856873,0,0,0
839,"Answer the question concisely. Q: In Greek mythology, Amphitrite, queen of the sea, was the wife of which god? A:","['Earth Shaker', 'God Of The Seas', 'Poseidon, The Sea King', 'Mythology Neptune', 'Neptune (Roman religion and mythology)', 'Neptune Equester', 'Aegaeus', 'Posiden', 'Poseidon facts', 'Posidon', 'Greek god of earthquakes', 'Poseidons love for demeter', 'Poseidon (mythology)', 'Poseidon', 'Poseidon Enosichthon', 'Poseidone', 'Poiseidon', 'Clieto', 'Posseidon', 'Enosichthon', 'Posedian', 'Posiedon']", Poseidon,0.7676188349723816,0,0,0
862,Answer the question concisely. Q: La Paz is the administrative capital of which South American country? A:,"['Bolivia, Plurinational State of', 'Name of Bolivia', 'Bolivia', 'Etymology of Bolivia', 'Bolivian Republic', 'Republic of Bolivia', 'ISO 3166-1:BO', 'The Plurinational State of Bolivia', 'Plan de Todos', 'Estado Plurinacional de Bolivia', 'Volivia', 'Boliva', 'Bolívia', 'Plurinational State of Bolivia', 'Volívia', 'República de Bolivia', 'Bolivia (Plurinational State of)']", Bolivia,0.8233540058135986,0,0,0
881,Answer the question concisely. Q: What did fictional detective Sherlock Holmes keep in the toe of his Persian slipper? A:,"['Smoking blend', 'Tobacco', 'Tobacco Extracts', 'Tobbaco', 'Leaf tobacco', 'Usages of tobacco', 'Smoking blends', 'Tobacco leaves', 'Tobacco cultivation', 'Tobacco leaf', 'Tobacco (agriculture)', 'Tobacco gum']", cocaine,0.27648836374282837,1,1,1
884,Answer the question concisely. Q: ‘Mucke’ is the Serbo-Croatian name for which UK tv series? A:,"['Sunglasses Ron', 'Lovely jubly', 'Only Fools and Horses', ""Voted Britain's Best Sitcom"", 'Only Fools and Horses...', 'Only Fools', 'Yernly Fyerls and Nesbits', 'Only Fools & Horses', 'Trotters International Traders Plc', 'Once upon a time in peckham', 'OF&H', 'Nelson Mandella House', 'Paddy The Greek', 'Only Fools And Horses', 'Trotters Independent Traders', 'Only fools and horses', 'George Trotter', 'Peckham Echo']", The Bill,0.11505521833896637,1,1,1
895,"Answer the question concisely. Q: Brown, American Rainbow and Cutthroat are all types of which fish? A:","['Trout fishing', 'Trout', 'Trouting', 'Ocean Trout']", rainbow trout,0.4223824739456177,1,0,0
899,"Answer the question concisely. Q: In the 2005 Julian Barnes novel ‘Arthur and George’, who is Arthur? A:","['A Conan Doyle', 'Arthur Conan-Doyle', 'Arthur Conan Ignatius, Sir Doyle', 'Arthur Conan Doyle', 'Doyle, Arthur Conan', 'Doyle, Sir Arthur Conan', 'Sir Conan Doyle', 'Sir Arthur Doyle', 'Sir Arthur Conan Doyle', 'Arthur C. Doyle', 'Arthur Conan Ignatius Doyle', ""Arthur Conan Doyle's"", 'Arthur Ignatius Conan Doyle', 'Conan Doyle, Sir Arthur', 'Sir Arthur Ignatius Conan Doyle', 'Doylean', 'Conan Doyle', 'A. Conan Doyle']"," author A: In the 2005 Julian Barnes novel 'Arthur and George', Arthur is the author",0.3377237915992737,1,1,0
907,"Answer the question concisely. Q: Sinology is the study of the language, history and culture of which country? A:","[""Chinese People's Republic"", 'China (Peking)', 'The prc', 'Socialist China', 'Chinese PR', 'PRoC', 'PRC', ""China's"", 'P. R. of China', ""People's Republic Of China"", ""The People's Republic of China"", 'China', 'Territorial disputes of China', 'China PRC', ""People's repuublic of china"", 'China (PRC)', ""China (People's Republic)"", ""People's Republic of China (Mainland China)"", 'Zhonghua Renmin Gonghe Guo', ""People' Republic of China"", 'Prc', ""People's republic of china"", ""People' s Republic of China"", 'P.R. of China', ""China, People's Republic of"", 'Chung-Kuo', 'P.R.C.', ""The people's republic of china"", 'Zhong Guo', 'Peoples republic of China', 'Red China (modern)', 'Chung-kuo', 'The PRC', 'Zhonghuarenmingongheguo', 'State of China', 'Zhonghuá rénmín gònghéguó', '中国', 'Peoples republic of china', 'P.R.China', ""People's Republic or China"", 'Zhonghua Renmin Gongheguo', ""China, the People's Republic of"", 'Nation of China', 'People’s Republic of China', 'China, PRC', 'Zhōnghuá Rénmín Gònghéguó', 'Modern day China', 'Peoples Republic of China', 'PROC', '中华', 'Chaina', 'Zhongguo', 'Homes in china', ""People's republic of China"", 'Zhōngguó', 'Sinic', 'China PR', 'PRC (China)', '中國', 'Jhongguó', 'Red Chinese', ""(The People's Republic of) China"", 'The People’s Republic of China', 'China (Republic : 1949- )', 'CHINA', ""China People's Republic"", 'Pr china', 'P.r. of china', 'Chungkuo', 'ISO 3166-1:CN', 'Land of China', 'Zhonghua renmin gongheguo', 'P.R. China', 'Zhongguó', '中华人民共和国', 'PRChina', '中華', 'PR of China', '中華人民共和國', 'Pr of c', 'Cihna', 'Communist China (modern)', 'P. R. China', ""People's Republic of China (PRC)"", ""Peoples' Republic of China"", 'The Peoples Republic of China', ""People's Republic of China"", 'Pr of china', 'PR China', 'P.R. of CHINA']", China,0.7289910912513733,0,0,0
916,Answer the question concisely. Q: Who wrote the play ‘The Iceman Cometh’? A:,"['SS Glencairn', 'Eugene oneil', 'Eugene O’Neill', 'Eugene O Neill', ""Eugene Gladstone O'Neill"", ""Plays by Eugene O'Neill"", 'Eugene oneill', ""Eugene O'Neal"", ""Eugene (Gladstone) O'Neill"", 'Days Without End', ""Eugene O'Neil"", ""Eugene O' Neill"", 'Eugene Oneill', ""Eugene O'Neill"", ""O'Neill, Eugene Gladstone""]", Eugene O'Neill,0.9015778303146362,0,0,0
944,"Answer the question concisely. Q: The 1951 ‘Treaty of Peace With Japan’ which served to officially end World War II, is commonly known as what? A:","['San Francisco Peace Conference', 'Peace Treaty of San Francisco', 'Treaty of peace with Japan', 'San Francisco Peace Treay', 'Treaty Of San Francisco', 'San Francisco Peace Treaty', 'Japanese Peace Conference', 'Japanese Peace Treaty Conference', 'San Francisco conference', 'Treaty of San Francisco', 'San Francisco Treaty', 'Treaty of Peace with Japan', 'Japanese Peace Treaty']", San Francisco Peace,0.5886015892028809,0,0,0
962,Answer the question concisely. Q: In which London street does fictional character Sweeney Todd have his barber shop? A:,"['Fleet Street', 'Fleet Street, London']", Fleet Street,0.8633114099502563,0,0,0
975,Answer the question concisely. Q: A sequicentenary is an anniversary of how many years? A:,"['150', 'one hundred and fifty']", 150,0.6358785033226013,0,0,0
983,Answer the question concisely. Q: Adam Richman takes on food challenges in which US television series? A:,"['Man vs Food', 'Man versus Food', 'Food v. Man', 'Food vs. Man', 'Food vs Man', 'Man v. Food: The Carnivore Chronicles', 'Man v Food', 'Man v. food', 'Man v. Food', 'Man vs. Food']"," Adam Richman takes on food challenges in the US television series ""Man v. Food",0.3997301459312439,1,0,0
1012,Answer the question concisely. Q: What is the US state capital of Kansas? A:,"['Northern Hills Junior High', 'Google (city)', 'Topeka (KS)', 'Highland Park High School (Topeka, Kansas)', 'Google, KS', 'Northern Hills Junior High School', 'Capital of Kansas', 'South Topeka, Kansas', 'Topeka, Kansas', 'UN/LOCODE:USTOP', 'ToPikachu', 'Google, Kansas', 'Topeka, KS', 'Topikachu, Kansas', 'Topeka', 'Topeka, Kan.', 'Topikachu']", Topeka,0.9720207452774048,0,0,0
1014,Answer the question concisely. Q: In which European country is the port of St Malo? A:,"['La Republique francaise', 'Franciaország', 'La Republique française', 'Belle France', 'FRANCE', 'Republique française', 'France', 'Ranska', 'Franciaorszag', 'French Republic', 'République francaise', 'République française', 'ISO 3166-1:FR', 'Frankreich', 'France (country)', 'Etymology of France', 'FrancE', 'La République française', 'People of France', 'Republic of France', 'Fracne', 'Le France', 'The French Republic', 'Republique francaise', 'The Republic of France', 'La République francaise', 'La France', 'Rain in France', 'Republic of france', 'FRance', 'Frakkland', 'Climate of France', 'Franse']", France,0.5582054853439331,0,0,0
1016,Answer the question concisely. Q: What is the modern international unit of energy measured in? A:,"['Ocrajoule', 'Joule (J)', 'Joules', 'SI unit of energy', 'Exajoules', 'Picojoule', 'Terajoule', 'Kilojoule', 'Joule (unit)', 'ΜJ', 'Kilojoules', 'Petajoules', 'Centijoule', 'List of converted amounts of joules', 'Exajoule', 'Millijoule', 'Zettajoule', 'Joule', 'Nanojoule', 'Decajoule', 'Yottajoule', 'Zetajoule', 'Yoctojoule', 'Petajoule', 'Femtojoule', 'Attojoule', 'Gigajoule', 'Zeptojoule', 'Decijoule', 'Terajoules', 'Hectojoule', 'Megajoule']", joule,0.7501835823059082,0,0,0
1029,Answer the question concisely. Q: Tewkesbury Mustard is mentioned in which Shakespeare play? A:,"['King Henry IV', 'Henry IV (play)', 'Henry 4', 'Hendrik IV', 'Heinrich IV', 'Henry the Fourth', 'Henry IV (disambiguation)', 'Henry Iv', 'Henry IV', 'Henry iv']"," Henry VI, Part 3",0.5790206789970398,0,1,1
1035,Answer the question concisely. Q: Who wrote the novel ‘The Eagle Has landed’? A:,"['Harry Patterson', 'Jack Higgins']", A: The novel 'The Eagle Has Landed' was written by Ken Follett,0.207407608628273,1,1,1
1048,Answer the question concisely. Q: Who played factory boss Danny Baldwin in the British television soap ‘Coronation Street’? A:,['Bradley Walsh'], David Troughton,0.22069822251796722,1,1,1
1051,Answer the question concisely. Q: In 1883 which Indonesian volcano erupted and was believed to be the largest single explosion in recorded human history? A:,"['Anak Krakatau', 'Krakitoa', 'Cracatau', 'Krakatoa', 'Krakatowa', 'Crokatoa', 'Anak Krakatoa', 'Krakatua eruption 1883', 'Krakatao', 'Telok Batong', 'Krackatoa', 'Mount Anak Krakatau', 'KRAKATOA', 'Krakatoan eruption', 'Krakatua', 'Krakatoan Eruption', 'Mt krakatoa', 'Krakatau']", Krakatoa,0.9838812351226807,0,0,0
1052,"Answer the question concisely. Q: Blinky, Mr Teeny and Jub-Jub are all animals in which US animated television series? A:","['Promulent', 'The Circus (Simpsons TV ad)', 'The Simpsons.com', 'Kromulent', 'Simpsons jokes', 'No Teasing', 'Made-up words in the simpsons', 'The Simpsons Clue', 'Simpsons words', 'Culturally significant words and phrases from The Simpsons', 'The Bully (The Simpsons TV ad)', 'The Dog Biscuit', 'List of neologisms and phrases on The Simpsons', 'Recurring jokes in The Simpsons', 'Recurring jokes on the simpsons', 'Simpsons TV show', 'Culturally significance phrases from The Simpsons', 'Jokes on the simpsons', 'Made-up words in The Simpsons', 'The simsons', 'The Flanders (tv show)', 'List of neologisms in The Simpsons', 'Quijibo', 'The Simpsons', ""Bart's Karate Lesson"", 'The Raid (Simpsons TV ad)', 'List of The Simpsons TV ads', 'The Simpsons Board Games', 'The Pacifier (Simpsons TV ad)', 'TheSimpsons', 'Los simpsons', 'Good vs. Evil (Simpsons TV ad)', 'The SImpsons', 'Simspons', 'Criticism of The Simpsons', 'Simpsons neologism', 'Critisms of the declining quality of The Simpsons', '500 Easy Pieces', 'Jokes in the Simpsons', 'List of The Simpsons TV ads by product', ""The Simpsons' impact on television"", 'Los Simpson', 'Madeup words in The Simpsons', 'Simpson (Fox)', ""Bart's Nightmare (Simpsons TV ad)"", 'Simpsons TV ads', 'Running gags in The Simpsons', 'The Beach (Simpsons TV ad)', 'Made up words simpsons', 'The Simpsons Catch Phrases', 'List of the Simpson characters in advertisements', 'Why You Little!', 'The simppsons', 'Plastic Underwear', 'The simpsons', 'Simpsons, The', ""Bart's Homework"", 'List of made-up words in The Simpsons', 'The Simpsons (TV series)', 'Simpsons World', 'Reccuring jokes on the simpsons', 'Quigibo', 'Why You Little', 'Made-up words on The Simpsons', 'Culturally significant phrases from The Simpsons', 'Simpson Stamps', ""The Simpson's"", 'The Simpsons World', 'List of The Simpsons television advertisements', ""Maggie's Party"", 'List of advertisements featuring The Simpsons characters', 'The Simspons', 'Culturally significant neologisms from The Simpsons', 'The Simpsons Baseball', 'TV Simpsons', 'Neologisms on The Simpsons', 'Neologisms in The Simpsons', 'The Simpson', 'The simpsons jokes', 'Simpsons', 'The Last Butterfinger', 'Criticisms of the declining quality of The Simpsons', 'Smell Your Breath', 'Los Simpsons', 'Thr Simpsons', 'List of neologisms on The Simpsons', ""Itchy & Scratchy's %22500 Easy Pieces%22"", 'A to Z (Simpsons TV ad)']", The Simpsons,0.8668282628059387,0,0,0
1060,Answer the question concisely. Q: Which month of the year comes third alphabetically? A:,"['December', '㋋', 'Xber', 'Dec.', 'Decembre']", March,0.387673556804657,1,1,1
1080,Answer the question concisely. Q: Bullfighting is central to which Ernest Hemingway non-fiction book? A:,"['Death in the afternoon', 'Death In The Afternoon', 'Death in the Afternoon']", Death in the After,0.6465960741043091,0,1,1
1082,Answer the question concisely. Q: What is the first name of James bond villain Dr No? A:,"['Gens Iulia', 'Julian clan', 'Julii', 'Julius', 'Julius (gens)', 'Gens Julia', 'Claudius Caesar', 'House of Julii', 'Julia (gens)', 'Iulius', 'Julian gens', 'Iulii']", Dr. No is the first name of James Bond villain,0.10321427881717682,1,1,1
1090,Answer the question concisely. Q: Which British fashion designer was commissioned by Stanley Kubrick to design the costumes for the film ‘2001: A Space Odyssey’? A:,"['Hardy Amies', 'Sir Hardy Amies', 'Edwin Hardy Amies']", Christian Dior,0.09357409179210663,1,1,1
1092,Answer the question concisely. Q: The Isis is the upper reach of which British river? A:,"['Theems', 'Thames River', 'The Thames', 'River Thames', 'Tamisa', 'Themsen', 'Themse', 'Old Father Thames', 'Thames river', 'Tamiza', 'Temze', 'History of Thames Water', 'Temza', 'The Thames River', 'The River Thames', 'Tamesa', 'River Temz', 'Thames Crossing', 'Tamigi', 'Temz River', 'River Tems', 'The Thames (river)', 'Tems River', 'Thames Basin', 'River thames', 'Isis River (England)', 'Thames (river)', 'Thames', 'Thames River (England)']", River Thames,0.8962177038192749,0,0,0
1094,Answer the question concisely. Q: Elliot Carver is the villain in which James Bond film? A:,"['List of James Bond allies in Tomorrow Never Dies', 'Tomorrow Never Dies', 'Paris Carver', 'Tomorrow Never Dies (novel)', 'Tommorrow Never Dies', 'Inga Bergstorm', 'Carver Media Group Network', 'Tomorrow never dies', 'Tomorrow Never Dies (film)', 'Elliot Carver', 'Bond 18', 'Admiral Roebuck', 'Elliott Carver']", Moonraker,0.15860211849212646,1,1,1
1096,Answer the question concisely. Q: James Gandolfini plays the sadistic military prison commandant Colonel Winter in which 2001 film starring Robert Redford? A:,"['The Last Castle', 'Last Castle']", The Pelican Brief,0.16387666761875153,1,1,1
1097,Answer the question concisely. Q: Which is the largest borough in New York City? A:,"['Queens, NYC, NY', 'Queens County, NY', 'Queens, United States', 'Queens, N.Y.', 'Queens, New York City', 'Queens, New York City, New York', 'PS 185 John M. Langston', 'Louis Armstrong Middle School', 'Queens, NY', 'Queens (New York)', 'Queens , New York', 'Queens (borough)', 'Government of Queens', 'Queens, NYC', 'Timeline of Queens history', 'Queens', 'Queens County, Long Island', 'Queens, New York', 'Queens (NY)', 'PS 185 John M.Langston', 'Queens NY', 'Queens (New York City borough)', 'Queens, New York, New York', 'Borough of Queens', 'Borough of Queens, New York', 'Queens County, New York']", Queens,0.7309768199920654,0,0,0
1109,"Answer the question concisely. Q: In April 1963, Lester Bowles Pearson became Prime Minister of which country? A:","['Canada', 'Canadá', 'The Dominion of Canada', 'Commonwealth of Canada', 'Dominion of canada', 'ISO 3166-1:CA', 'Etymology of Canada', 'CANADA', 'Canadiophile', ""Canada's"", 'ᑲᓇᑕ', 'Canada/References', ""America's top hat"", 'Canada.', 'Cnada', 'Čanada', 'Canadian Federation', 'Kenadian', 'Canadialand', 'Xanada', 'Dominion of Canada', 'Canadaa']", Canada,0.7224282026290894,0,0,0
1129,"Answer the question concisely. Q: In January 1971, Idi Amin deposed Milton Obote in a coup to become President of which country? A:","['Ugandese', 'Ugandans', 'Republic of uganda', 'Ouganda', 'ISO 3166-1:UG', 'Republic of Uganda', 'People of Uganda', 'Ugandan people', 'Uganda', 'Ugandan', 'The Republic of Uganda']", Uganda,0.8058455586433411,0,0,0
1131,Answer the question concisely. Q: What is a female skunk called? A:,"['Sows', 'SOW (disambiguation)', 'Sow (disambiguation)', 'Sow', 'SOW']"," A female skunk is called a ""jill.""",0.15084023773670197,1,1,1
1141,Answer the question concisely. Q: In which year did students first enrol in the Open University in the UK A:,"['one thousand, nine hundred and seventy-one', '1971']", 196,0.09534050524234772,1,1,1
1164,Answer the question concisely. Q: What is Tom Cruise’s job in the 1996 film ‘Jerry Maguire’? A:,"['Agent (sports)', 'Sports agents', 'Football agent', 'Sports Agent', 'Athlete agent', 'Sports agent']", sports agent,0.8100306987762451,0,0,0
1165,Answer the question concisely. Q: Which British band released their debut album ‘Definitely Maybe’ in 1994? A:,"['Oasis (Geography)', 'Oasis', 'Oases']", Oasis,0.7759094834327698,0,0,0
1170,"Answer the question concisely. Q: What is the title of the 1976 film about the Watergate Scandal, starring Robert Redford and Dustin Hoffman? A:","[""All the President's Men"", 'All the President’s Men', ""All The President's Men"", 'Woodstein', 'All the presidents men', ""All the President's Men (novel)""]", All the President's Men,0.9035425186157227,0,0,0
1177,Answer the question concisely. Q: Who played boxer Jim Braddock in the 2005 film ‘Cinderella man’? A:,"['Russel crow', 'Russel crowe', 'Russell Crowe', '30 Odd Foot Of Grunts', 'Russell Crow', 'Russel Crow', 'The Long Green Shore', 'Russel Crowe', 'Russ Le Roq', '30 Odd Foot of Grunts', 'TOFOG', 'The Long Green Shore (film)', 'A Very Special Person…', 'The Ordinary Fear of God', 'Rusell Crowe', 'Crowe, Russell', 'A Very Special Person...', 'Thirty Odd Foot of Grunts', '30 odd foot of grunts', 'Sydney Unplugged', 'Tennyson Spencer Crowe', 'Sydney Unplugged (film)', 'Russell Ira Crowe', 'Russell crowe', '30 Odd Foot Of Grunt', 'Charles Spencer Crowe', 'A Very Special Person']", Russell Crowe,0.8997519612312317,0,0,0
1187,Answer the question concisely. Q: Who wrote the screenplay for the 1994 film ‘Four Weddings and a Funeral’? A:,"['Rachel Curtis', 'Richard Curtis (screenwriter)', 'Richard Curtis']", Richard Curtis.,0.8163942694664001,0,0,0
1194,"Answer the question concisely. Q: Which city hosted the 1980 Summer Olympics, which were boycotted by over 60 nations? A:","['Moskou', 'Moskow', 'Moscow, USSR', 'Moscow, Russian Federation', 'MOCKBA', 'Moscovite', 'Moscú', 'Moscova', 'Moscou', 'Moscow', 'Capital of Russia', 'RU-MOW', 'Architecture of Moscow', 'Moskva, Russia', 'RUMOW', 'Demographics of Moscow', 'City of Moscow', 'Москва', 'Western Moscow', 'UN/LOCODE:RUMOW', 'Moscow, Russia', 'Moscow (Russia)', 'Moscva', 'Moscow, Soviet Union', 'Mockba', 'Moskva (city)', 'Moscow, Russian SFSR', 'Moskva Federal City, Russia', 'Moscow, Russia (Federation)']", Los Angeles,0.14502859115600586,1,1,1
1202,"Answer the question concisely. Q: In the UK, the LTA is the governing body of which sport? A:","['Lawn tennis', 'Tenniz', 'TenniS', 'Tenis', 'Lawn-Tennis', 'Professional tennis player', 'Break point', 'Tennis', 'Tennis player', 'Big tennis', 'Lawn Tennis', 'Match point (tennis)', 'Game point', 'Set point (tennis)', 'Tennis coaching', 'Match tiebreak', 'Championship point', '🎾']", A:,0.10422612726688385,1,1,1
1221,Answer the question concisely. Q: What is the name of the monster’s creator in the 1818 novel of the same name by Mary Shelley? A:,['Frankenstein (Victor)'], Victor Frankenstein,0.708433985710144,0,0,0
1234,Answer the question concisely. Q: Which English Rugby Union team play their home games at Adams Park? A:,"['Wasps RFC', 'Wasps (rugby)', 'Wasps R.F.C.', 'London Wasps', 'London wasps']", Wasps,0.5779040455818176,0,0,0
1243,Answer the question concisely. Q: Which drink is known as ‘The Wine of Islam’? A:,"['Kawha', 'Ginseng coffee', 'Cafe de Columbia', 'Coffee (drink)', 'Coffee brews', 'Caffé', 'Coffee Bags', 'Health effect of coffee', 'Brazilian coffee', 'Gourmet coffee', 'Kaffee', 'Coffe', 'Joe (coffee)', 'Medical effects of coffee', 'Gavaccino', 'Cup of Joe', 'Specialty coffees', 'Coffee', 'Effects of coffee', 'Health and pharmacology of coffee', 'Regular coffee', 'Ginseng Coffee', 'Specialty Coffees', 'Coffee brewing method', 'Health effects of coffee', 'Coffee and health', 'Roasted coffee']", Arak,0.14897894859313965,1,1,1
1244,Answer the question concisely. Q: Which Russian author died at Astapovo Railway Station in 1910 of pneumonia? A:,"['Lyof Nikolaivitch Tolstoi', 'Tolstoy', 'Leo Nikolaievich Tolstoy', 'Lev Nikolaïevitch Tolstoï', 'Lev Nikolajevič Tolstoj', 'Count Lev Tolstoy', 'Lev Nikolajevic Tolstoj', 'Lev Nikolaevich Tolstoy', 'Leo tolstoi', 'Tolstoi', 'LN Tolstoi', 'Leo N. Tolstoy', 'Buried Alive (play)', 'Lev N. Tolstoi', 'Lev Tolstoi', 'Voice of Thunder (Lincoln)', 'Lev Tolstoï', 'Leo N. Tolstoi', 'Tolstoy, Lev Nikolayevich', 'Lev N. Tolstoï', 'LN Tolstoy', 'Count Lev Nikolaevich Tolstoi', 'Lev Nikolaevic Tolstoj', 'Leo N. Tolstoï', 'Толстой', 'Lev N. Tolstoy', 'Lev Tolstoy', 'Leo Tolstoï', 'Count Lev N. Tolstoy', ""Leo Tolstoy's religious beliefs"", 'Leo tolstoy', 'Count Leo Tolstoy', 'León Tolstói', 'Lev Nikolayevich Tolstoy', 'Лев Никола́евич Толсто́й', 'Leo Tolstoy', 'Leo Nikolayevich Tolstoy', 'Leo Nikoleyevich Tolstoy', 'Count Leo Tolstoï', 'Count Leo N. Tolstoy', 'Leon Tolstoi', 'Leo Nikolayevitch Tolstoy', 'Count Leo Tolstoi', 'Lyof Tolstoy', 'Count Leo N. Tolstoi', 'Count Leo N. Tolstoï', 'Lev Tolstói', 'Lev Nikolaevič Tolstoj', 'Leo Tolstoi', 'Léon Tolstoï', 'Лев Николаевич Толстой', 'Leon Tolstoy', 'Lev Tolstoj', 'Leo, Count Tolstoy', 'Tolstoy, Leo Nikolayevich', 'Lev Nikolaievitch Tolstoi']", Anton Chekhov,0.5293474197387695,0,1,1
1258,Answer the question concisely. Q: What type of animal is a reedbuck? A:,"['Botswanan Antelopes', 'Antelope', 'Antilopina', 'Antelopes', 'Hybrid antelope']", antelope,0.7979447841644287,0,0,0
1270,"Answer the question concisely. Q: Davide Santon, Dino Zoff and Simone Barone have all played for which national football team? A:","['Environment of Italy', 'Italiën', 'Subdivisions of Italy', 'Republic of Italy', 'ItalY', 'ISO 3166-1:IT', 'Etymology of Italy', 'Itali', 'Pollution in Italy', 'Administrative divisions of Italy', 'Austrian Empire (Italy)', 'Italija', 'Italie', 'Italia', 'Italian Republic', 'Second Italian Republic', 'Italy', 'Italio', 'Repubblica Italiana', 'Itàlia', 'The Italian republic']", Italy,0.72379070520401,0,0,0
1274,Answer the question concisely. Q: Which fictional UK television doctor lives in Tannochbrae? A:,"['Dr Finlay', 'Dr. Finlay', ""Dr Findlay's Casebook"", ""Dr Finlay's Casebook"", ""Dr. Finlay's Casebook""]", Dr. Who,0.18911932408809662,1,1,1
1284,Answer the question concisely. Q: In which 1993 film does Nicholas Cage play drifter Michael Williams who is mistaken for a hitman? A:,['Red Rock West'], The Rock,0.10591192543506622,1,1,1
1294,Answer the question concisely. Q: For how many years was Richard III king of England? A:,"['2', 'Two', 'two']", 2,0.42302435636520386,1,0,0
1298,"Answer the question concisely. Q: Which is the only sign of the Zodiac represented by an object, rather than a person or animal? A:","['Libra (disambiguation)', 'Librae', 'Libra', 'Libra (album)', 'Libras (disambiguation)']", Sagittarius,0.27581512928009033,1,1,1
1306,Answer the question concisely. Q: Vingt-et-Un is which number in English? A:,"['Twenty One', 'twenty-one', '21']", 2enty-one,0.7146539688110352,0,1,1
1308,Answer the question concisely. Q: ‘The Battle of the Ages’ took place in April 1991 between George Foreman and which other boxer? A:,"['Evander Hollyfield', 'Evander Holyfield', 'Vander Holyfield', 'Real Deal Holyfield', 'Candi Calvana Smith', 'Evan Fields', 'Evander Holfield']", Michael Moorer,0.19458997249603271,1,1,1
1314,Answer the question concisely. Q: Dydd Mawrth is Welsh for which day of the week? A:,"['Day of Tīwaz', 'Tiwes dæg', 'Tuesday', 'Tuefday', ""Tiu's Day"", 'Tue.', 'Twisday', 'Tuseday', 'Martis dies', 'Tuesdays', ""Tiw's Day"", 'Tiwes daeg']", Monday,0.5586109757423401,0,1,1
1316,Answer the question concisely. Q: Which island group became known as The Friendly Islands? A:,"['ISO 3166-1:TO', 'Tonga', 'Matahau', 'Etymology of Tonga', 'Kingdom of Tonga', ""Pule'anga Fakatu'i'o, Tonga"", 'Makatusi', 'Matahau, Tonga', ""Pule'anga Fakatu'i'o"", 'Tongan Rugby', 'South (country)', 'Pule%60anga Fakatu%60i %60o Tonga', 'Tonga Archipelago', 'Friendly Islands', 'Kingdom of tonga', 'The Kingdom of Tonga', 'Tongan community', 'Puleʻanga Fakatuʻi ʻo Tonga']", Tonga,0.8507333993911743,0,0,0
1321,Answer the question concisely. Q: What number shirt did England rugby union player Jonny Wilkinson wear in the 2011 World Cup? A:,"['10', 'ten']", 10,0.4327659010887146,1,0,0
1326,Answer the question concisely. Q: What is the name of the character played by actor Nicholas Lyndhurst in the British television series ‘Goodnight Sweetheart’? A:,"['Phoebe Sparrow', 'Gary sparrow', 'Donald Bamford', 'Gary Sparrow', 'Phoebe Bamford', 'List of Goodnight Sweetheart characters', 'Reg Deadman', 'Ron Wheatcroft', 'Yvonne Sparrow']", Mr. Bumble,0.19868499040603638,1,1,1
1334,Answer the question concisely. Q: Who won the 1989 Ladies Singles Wimbledon Championship? A:,"['Peter Graf', 'Stephanie Maria Graf', 'Steffie graf', 'Steffi Graf', 'Stefanie Graf', 'Steffi Graff', 'Steffie Graf', 'Stefi Graf']", Steffi Graf,0.9050929546356201,0,0,0
1335,Answer the question concisely. Q: What is the title of the film considered to be the debut of cartoon character Mickey Mouse? A:,"['Steamboat Willie', 'Timeless River', 'Steamboat Willy', 'Steam boat Willie']", Steamboat Willie,0.909538745880127,0,0,0
1339,Answer the question concisely. Q: Who was declared Model of the Millennium by Vogue editor Anna Wintour? A:,"['Gisele Buendchen', 'Gisele Caroline Nonnenmacher Bündchen', 'Olivia Palito', 'Gisele Buendchen Stock Index', 'Gisele Bundchen', 'Gisele Caroline Nonnenmacher Bundchen', 'Gisele Bündchen Stock Index', 'Olívia Palito', 'Bundchen', 'Gisele bündchen', 'Vida (dog)', 'Gisele Caroline Nonnenmacher Buendchen', 'Gisele Bundchen Stock Index', 'Gisele Bündchen', 'Gisele (singer)', 'Giselle Bundchen']", Naomi Campbell,0.23591455817222595,1,1,1
1348,Answer the question concisely. Q: The Halle Orchestra was founded in which British city? A:,"['Manchester developments', 'Manchester (borough)', 'UN/LOCODE:GBMNC', 'Manchester, Greater Manchester', 'Manchester, UK', 'Climate of Manchester', 'City of Manchester', 'The weather in Manchester', 'Manchester (city, England)', 'Machester', 'Drizzlechester', 'Mancs', 'Manchester', 'Manchester, United Kingdom', 'Manchester (England)', 'Metropolitan Borough of Manchester', 'Manchester, U.K.', 'Manchester (UK)', 'England Manchester', 'Manchester, England', 'County Borough of Manchester']", Halle,0.11859622597694397,1,1,1
1349,Answer the question concisely. Q: The shortest chapter in the Bible is in which book? A:,['Psalms 117']," The shortest chapter in the Bible is in the book of Psalms, specifically Psalm 117.",0.4007054567337036,1,0,0
1361,Answer the question concisely. Q: The purple grenadilla is another name for which fruit? A:,"['Maracuya', 'Maracuja', 'Passion-fruit', 'Golden Passionfruit', 'Lilikoi', 'Passiflora edulis', 'Purple granadilla', 'Passionfruits', 'Passionfruit', 'Guavadilla', 'Passiflora flavicarpa', 'Passion fruit', 'Wal dodam', 'Maracock', 'Maracujá', 'Maracuyá', 'Passion Fruit', 'Parcha']", pomegranate,0.26805686950683594,1,1,1
1373,Answer the question concisely. Q: The World Bog Snorkelling Championships are held annually in which European country? A:,"['Welsh nation', 'Climate of Wales', 'Autonomous Province of Wales', 'Cymru / wales', 'Cyrmu', 'Wales', 'WALES', 'Rain in Wales', 'Welsh Nation', 'Welsh Peninsula', 'Wales, UK', 'Etymology of Wales', 'Cymru', 'Wales, United Kingdom', 'Pays de Galles', 'Communications in Wales', 'The Principality of Wales', 'West of the Rhymney', 'Wales, U.K.', 'Cymru am byth', 'Gymru', 'Cymru / Wales', 'Welsh mountains', 'CYMRU']", Ireland,0.41592031717300415,1,1,1
1377,Answer the question concisely. Q: How many double-word score squares are there on a standard Scrabble board? A:,"['seventeen', '17']", 2,0.08389164507389069,1,1,1
1385,Answer the question concisely. Q: Who wrote the 1975 novel ‘The History Man’? A:,"['Malcolm Bradbury', 'Sir Malcolm Bradbury', 'Bradbury, Malcolm', 'Malcolm Stanley Bradbury']", Terry Pratchett,0.29101836681365967,1,1,1
1422,"Answer the question concisely. Q: In our solar system, the sun is composed of mostly which gas? A:","['Atomic number 1', 'Compressed Gaseous Hydrogen', 'Inflammable air', 'Dihydrogen', 'Element I', 'Hydrogen molecule', 'Proteum', 'Element 1', 'Molecular hydrogen', 'Monatomic hydrogen', 'H₂', 'Gaseous hydrogen', 'H (element)', 'Compressed gaseous hydrogen', 'Hydrogen', 'History of hydrogen', 'Hydrogen position in periodic table', 'E949']", hydrogen,0.7541664838790894,0,0,0
1424,Answer the question concisely. Q: Rower Alex Partridge and hockey player Hannah Macleod had what stolen from a nightclub in October 2012? A:,['Olympic Bronze Medals'], Alex Partridge and Hannah Macleod had their passports stolen from a nightclub in October 2012,0.12150216102600098,1,1,1
1425,Answer the question concisely. Q: Rolf Harris recorded a 1964 single calling for which member of The Beatles ‘For President’? A:,"['RINGO', 'Starr, Ringo', 'Richard Starkey, Jr.', 'Beatle Ringo', 'Ringo Star', 'Richie Snare', 'Ringo starkey', 'Ringo Starr', 'Ringo Starkey', 'Ringo', 'Richard Starkey', '%22Ringo%22', 'Richard Starky', 'Richard Starrkey', 'Ringo (film)', 'Richard Starkey Jr.', 'Ringo starr', 'Richard Henry Parkin Starkey Jr.']", Richard Nixon,0.25375109910964966,1,1,1
1431,"Answer the question concisely. Q: In politics and economics, ‘what’ Wednesday refers to 16th September 1992, when the British government was forced to withdraw the pound sterling from the European Rate Mechanism, after they were unable to keep it above its agreed lower limit? A:","['List of Black Wednesdays', 'Black Wednesday (disambiguation)', 'Erm crisis', 'White Wednesday', 'ERM crisis', 'UK currency crisis', 'Black Wednesday', 'White wednesday', 'Black wednesday']", Black Wednesday,0.9109330177307129,0,0,0
1443,"Answer the question concisely. Q: Queen Joan of Navarre, who was imprisoned for witchcraft, was the stepmother of which English monarch? A:","['Henry 5', 'Henri V', 'Henry V (film)', 'Hendrik V', 'Henry 5th', 'Henry V', 'Enrico V', 'Henry V (disambiguation)', 'Enrique V', 'Henry the Fifth', 'Heinrich V']", Henry VI,0.7786509990692139,0,1,1
1457,Answer the question concisely. Q: Which UK television chef made Earl Grey and mandarin hot cross buns for Waitrose? A:,"['The Big Fat Duck Cookbook', 'Heston Blumenthal', 'Heston blumental']", Heston Blumenthal,0.9136987924575806,0,0,0
1460,"Answer the question concisely. Q: Which syndrome, a type of delusional jealousy of infidelity of a spouse or partner, is named after a Shakespearian character? A:","['Othello syndrome', 'Othello Syndrome', 'Morbid jealousy', 'Delusional jealousy']", Othello syndrome,0.9143587946891785,0,0,
1477,"Answer the question concisely. Q: In Greek mythology, how many heads does Cerberus, the dog who guards the entrance to Hades, usually have? A:","['3', 'Three', 'three']", three,0.5662170052528381,0,0,0
1485,"Answer the question concisely. Q: What was the name of the 1960’s rock band which comprised Eric Clapton, Ginger Baker, Steve Winwood and Ric Grech? A:","['Blind Faith', 'Blind faith']"," The name of of the 1960’s rock band which comprised Eric Clapton, Ginger Baker, Steve Winwood and Ric Grech is was The Animals.",0.1362636238336563,1,1,1
1487,Answer the question concisely. Q: Jack Nicholson played Randle McMurphy in which film? A:,"[""One Flew over the Cuckoo's Nest"", 'OFOTCN', ""One Flew Over The Cuckoo's Nest"", 'One flew over the cookoos nest', 'One Flew Over the Cuckoos Nest', ""One Flew Over the Cuckoo's Nest"", ""One Flew Over the Cuckoo's Nest (disambiguation)"", ""One flew over the cuckoo's nest"", 'One Flew Over the Cuckoo’s Nest', ""One Flew Over the Cukoo's Nest"", 'One Flew Over the Cukoos Nest', ""One flew over the cookoo's nest"", ""One flew over the kookoo's nest"", 'One Flew Over The Cuckoos Nest', ""One Flew Out of the Cuckoo's Nest""]", One Flew Over the Cuckoo's Nest,0.9212406277656555,0,0,0
1507,"Answer the question concisely. Q: What is the nickname of the frontiersman Nathaniel Poe, played by Daniel Day Lewis, in the 1992, film ‘The Last of the Mohicans’? A:","['Hawkeye', 'Hawkeye (disambiguation)']", Magua,0.11311700195074081,1,1,1
1512,Answer the question concisely. Q: Ereuthophobia is the irrational fear of which colour? A:,"['Red (colour)', 'Rgb(255, 0, 0)', 'Incarnadining', 'Rauður', 'Incarnadine', 'Red (political adjective)', 'FF0000', 'Red Movement', 'Red', 'Red (Colour)', 'Reddeners', 'Reddest', 'Reddened', 'Redishly', 'Firebrick red', 'Reddens', 'Reddener', 'Color red', 'Reddishness', 'Redly', 'Aztec red', 'Red (color)', '(255, 0, 0)', 'Raudur', 'Color/red', 'Redest', 'Redishness', 'Incarnadined', 'Incarnadines', 'Reddishly', 'List of terms associated with the color red', 'Redness']", red,0.6063352227210999,0,0,0
1514,Answer the question concisely. Q: Which rugby union team position wears shirt number 15? A:,"['Full Back', 'Full-back (rugby)', 'Fullback (rugby)', 'Full back', 'Fullback', 'Fullback (football)', 'Full back (football)', 'Full-back', 'Full Back (football)', 'Fullback (disambiguation)', 'Full back (rugby)']", fly-half,0.21403229236602783,1,1,1
1529,Answer the question concisely. Q: The Suricate is another name for which mammal? A:,"['Meerkat gestation', 'Muir kat', 'Merecat', 'Muir cat', 'Slender-tailed Meerkat', 'Mer cat', 'Suricat', 'Meer kat', 'Suricates', 'Meer cat', 'Meerkats', 'Muircat', 'Mierkat', 'Slender-tailed meerkat', 'Muirkat', 'Merkat', 'Black meerkat', 'Meir kat', 'Meercats', 'Suricata', 'Meir cat', 'Suricate', 'Merekat', 'Meerket', 'Meercat', 'Meirkat', 'Meerkat', 'Suricata (genus)', 'Suricata (disambiguation)', 'Suricata suricatta', 'Lake cats', 'Lake cat']", meerkat,0.8104194402694702,0,0,0
1541,Answer the question concisely. Q: Who became BBC Radio One Breakfast Show presenter in June 1973? A:,"['Noel Edmunds', 'Noel Edmond', 'Noel edmonds', 'Noël Edmonds', 'Noel Edmonds']", Tony Blackburn,0.2896708846092224,1,1,1
1568,Answer the question concisely. Q: The Kingdom of Bahrain lies in which body of water? A:,"['Persicus Sinus', 'Gulf Area', 'Middle East Area of Operations', 'Persian Gulf Region', 'Gulf region', 'Arab Körfezi', 'Arap Körfezi', 'The Persian Gulf', 'Gulf Arab/Arabic', 'Arabistan Körfezi', 'Sinus Persicus', 'Arabo-Persian Gulf', 'Gulf Region', 'Persian gulf', 'Pers Körfezi', 'Persic Gulph', 'Basra Körfezi', 'Gulf of Basra', 'Perisan Gulf', 'Islamic Gulf', 'Persian Gulf', 'Gulf of Iran', 'North Arabian Gulf', 'Great Green Ocean', 'Sea of Basra', 'İran Körfezi', 'Fars Körfezi', 'Gulf of Iran (Persian Gulf)']", Persian Gulf,0.9426992535591125,0,0,0
1591,"Answer the question concisely. Q: Congo, Sensation, President Grevy and Beauty of Moscow are all varieties of which garden plant? A:","['Syringa vulgaris', 'Lilac bush', 'Common lilac', 'Lilac', 'Common Lilac']", rose,0.10751032084226608,1,1,1
1605,Answer the question concisely. Q: In which 1956 film did actress Gina Lollobrigida make her debut in American films? A:,"['Trapese', 'Trapeze', 'Swinging trapeze', 'Trapeze artist', 'Aerial art']", The Girl Can't Help It,0.09280560910701752,1,1,1
1637,Answer the question concisely. Q: The song ‘White Dress’ by Kanye West is from which 2012 martial arts film? A:,"['The Man with the Iron Fist', 'The Man With the Iron Fists', 'The Man with the Iron Fists']", Rumble in the Bronx,0.17659233510494232,1,1,1
1645,Answer the question concisely. Q: The UK television drama series ‘Boys From the Black Stuff’ was set in which city? A:,"['Liverpudlian', 'Liverpudlians', 'Liverpool, UK', 'Liverpool (borough)', 'Liverpool, Britain', 'Metropolitan Borough of Liverpool', 'The weather in Liverpool', 'Liverpool (England)', 'Liverpool/Archive 1', 'Lerpwl', 'County Borough of Liverpool', 'Liverpool', 'Scouseland', 'Liverpool, Merseyside', 'Landmarks in Liverpool', 'Liverpool, England', ""L'POOL"", 'Liverpool, U.K.']", Liverpool,0.6370616555213928,0,0,0
1658,Answer the question concisely. Q: Acmeism relates to poetry from the early 20th Century in which country? A:,"['Russia (1991-1993)', 'Оросын Холбооны Улс', 'Etymology of Russia', 'The Russian federation', 'Рәсәй', 'ISO 3166-1:RU', 'Russia (1990-1993)', 'Ресей', 'Novaya russia', 'Росси́я', 'Раҫҫей', 'Российская Федерация', 'Poccnr', 'Росія', 'Ородой Холбооной Улас', 'России', 'The Russian Federation', 'Russsia', 'Russian (citizen)', 'Росси́йская Федера́ция', 'Урысей', 'Арассыыйа', 'Rossiyskaya Federatsiya', 'Оьрсийн Федераций', 'Russian-born', 'Аьрасат', 'Russia (Federation)', 'POCCNR', 'Northern Russia', 'Federation of Russia', 'Russia (country)', 'Рочму', 'Ресей Федерациясы', 'Venaja', 'Русия', 'Урыстәыла', 'Resey', 'Россия', 'Wildlife of Russia', 'The Country Russia', 'Уæрæсе', 'Venaejae', 'Russian federation', 'Russie', 'Russia', 'Rossijskaja Federatsija', 'RUSSIA', 'Ryssland', 'Russian Federation', 'Russiya', 'Русија', 'RusSia', 'Орсин Ниицән', 'Russland', 'Рузмастор', 'RussiA']", Russia,0.7381640672683716,0,0,0
1666,Answer the question concisely. Q: What was disestablished as the state religion of Japan after WWII? A:,"['Sintoo', 'The Way of the Gods', 'Shintou', 'Shintô', 'Shintu', 'Shintoo', 'Shin-Tō', 'Shinto', 'Kami no michi', 'Sect Shintoists', 'Japanese Shinto', 'Kami-no-michi', 'Shin-To', 'Shintō', 'Shinto faith', 'History of Shintoism', 'Sintô', 'Shintoists', 'Way of the Gods', 'Japanese folk religion', 'Sinto', 'Japenese Shinto', 'Shinto religion', 'Shintoism', 'Shin Tao', 'Shintoist', 'Kannagara no michi', 'Japanese Shintoism', 'Jinja Shinto']", Shintoism,0.9146860837936401,0,0,0
1668,Answer the question concisely. Q: The original Ferris Wheel was erected in which US state for the 1893 World’s Columbian Exposition? A:,"['Transportation in Illinois', 'Illionis', 'Demographics of Illinois', 'Illinois', '21st State', 'The Prairie State', 'Illinoid', 'Prairie State', 'State of Illinois', 'Rockford Academy', 'Religion in Illinois', 'Ill.', 'Illinois Ironmen', 'Twenty-first State', 'Illinios', 'Education in Illinois', 'IL (state)', 'Energy in Illinois', 'Illinois (state)', 'Twenty-First State', 'Land of Lincoln', 'Illinois, United States', 'Transport in Illinois', 'US-IL', 'Illinois (U.S. state)', 'Sports in Illinois', 'The Land of Lincoln', 'Illinoy', 'Illinoisan']", Illinois,0.8015726208686829,0,0,0
1673,Answer the question concisely. Q: Whose gang travel around in the Mystery Machine? A:,['Scooby-Doo’s'], Scooby-Doo,0.6288703680038452,0,0,0
1691,Answer the question concisely. Q: Under what name did the Japanese car company Nissan formerly sell its cars in the UK? A:,"['Nissan Motor', 'Nissan Motor Company, Limited', 'Nissan 180 Plan', 'Nsany', 'Nissan Motor Co. Ltd.', 'Nissan foria', 'Nissan Commercial Vehicles', 'Nissan cars', 'Nissan North America', 'Nissan North America, Inc.', 'Tom Lane (Nissan)', 'Nissan Motors', 'Nissan Red and Blue Stage', 'Nissan Motor Co., Ltd.', 'Nissan Satio Store', 'Nissan Motor Co.', 'The Nissan Motor Company', 'Nissan Bluebird Store', 'Nissan North America Inc.', 'Nissan Red Stage', 'Nissan USA', 'Nissan Revival Plan', 'Nissan vehicles', 'Nissan', 'Cabstar', '日産', 'Nissan Saito Store', 'Nissan Motor Store', 'Nissan Motor Company, Ltd.', 'Nissan Cherry Store', 'Nissan Motor Company Ltd', 'Nissan (automobile)', 'Nissan Motor Corporation', 'Nissan Motor Corporation, U.S.A.', 'Nissan Motor Co (Australia)', 'Nissan Jidosha KK', 'Nissan Foria', 'DATSUN', '.datsun', 'Nissan Blue Stage', 'Nissan car', 'Nissan Motor Company', 'Nissan Motor Corporation U.S.A.']", Datsun,0.8592274188995361,0,0,0
1695,Answer the question concisely. Q: Which Shaw play is set during the 1885 Serbo-Bulgarian War? A:,"['Arms & the Man', 'Arms and the man', 'Arms and the Man', 'Arms and The Man', 'Arms And The Man']", The Dark Lady of the Sonnets,0.20524632930755615,1,1,1
1718,Answer the question concisely. Q: Who wrote the 19th century novel ‘Anna Karenina’? A:,"['Lyof Nikolaivitch Tolstoi', 'Tolstoy', 'Leo Nikolaievich Tolstoy', 'Lev Nikolaïevitch Tolstoï', 'Lev Nikolajevič Tolstoj', 'Count Lev Tolstoy', 'Lev Nikolajevic Tolstoj', 'Lev Nikolaevich Tolstoy', 'Leo tolstoi', 'Tolstoi', 'LN Tolstoi', 'Leo N. Tolstoy', 'Leo TOLSTOY', 'Buried Alive (play)', 'Lev N. Tolstoi', 'Lev Tolstoi', 'Voice of Thunder (Lincoln)', 'Lev Tolstoï', 'Leo N. Tolstoi', 'Tolstoy, Lev Nikolayevich', 'Lev N. Tolstoï', 'LN Tolstoy', 'Count Lev Nikolaevich Tolstoi', 'Lev Nikolaevic Tolstoj', 'Leo N. Tolstoï', 'Толстой', 'Lev N. Tolstoy', 'Lev Tolstoy', 'Leo Tolstoï', 'Count Lev N. Tolstoy', ""Leo Tolstoy's religious beliefs"", 'Leo tolstoy', 'Count Leo Tolstoy', 'León Tolstói', 'Lev Nikolayevich Tolstoy', 'Лев Никола́евич Толсто́й', 'Leo Tolstoy', 'Leo Nikolayevich Tolstoy', 'Leo Nikoleyevich Tolstoy', 'Count Leo Tolstoï', 'Count Leo N. Tolstoy', 'Leon Tolstoi', 'Leo Nikolayevitch Tolstoy', 'Count Leo Tolstoi', 'Lyof Tolstoy', 'Count Leo N. Tolstoi', 'Count Leo N. Tolstoï', 'Lev Tolstói', 'Lev Nikolaevič Tolstoj', 'Leo Tolstoi', 'Léon Tolstoï', 'Лев Николаевич Толстой', 'Leon Tolstoy', 'Lev Tolstoj', 'Leo, Count Tolstoy', 'Tolstoy, Leo Nikolayevich', 'Lev Nikolaievitch Tolstoi']", Leo Tolstoy,0.9285688996315002,0,0,0
1720,"Answer the question concisely. Q: Pr is the symbol for which chemical element, atomic number 59? A:","['Praeseodymium', 'Element 59', 'Praseodynium', 'Praseodymium', 'PRASEODYMIUM']", Pr,0.1448563188314438,1,0,0
1727,Answer the question concisely. Q: Where in Europe is the Attila Line a major divide? A:,"['Culture of Cyprus', 'Kıbrıs', 'Etymology of Cyprus', 'History of ancient Cyprus', 'Island of Cyprus', 'Name of Northern Cyprus', 'ISO 3166-1:CY', 'Zypern', 'South Cyprus (Greek Cyprus)', 'Architecture of Cyprus', 'Colony of Cyprus', 'Country CYP', 'Kibris', 'Southern Cyprus', 'Political system of cyprus', 'Greek Cyprus', 'Kypros', 'Κύπρος', 'Cyrpus', 'Greek Cypriot Administration of Southern Cyprus', 'Republic of Cyprus', 'Ciprus', 'Name of Cyprus', 'Κυπριακή Δημοκρατία', 'Cyprus', 'Cyprus goods', 'Cyprus (Republic of)', 'Greek Republic of Cyprus']", Hungary,0.3148859739303589,1,1,1
1732,Answer the question concisely. Q: Who presents the new BBC documentary Science Britannica? A:,['Professor Brian Cox'], Professor Brian Cox,0.932884931564331,0,0,0
1741,"Answer the question concisely. Q: In May, in which US state were three kidnapped women discovered and freed? A:","['State of Ohio', 'Oiho', 'Heart of it all', 'Buckeye (nickname)', 'Seventeenth State', 'OH (state)', 'The Buckeye State', 'Transportation in Ohio', '17th State', 'Ohoi', 'Transport in Ohio', 'Climate of Ohio', 'Ohioian', 'Mother of Modern Presidents', 'Buckeye State', 'Ohio (U.S. state)', 'Ohaio', 'Ohioan', 'Ohio (state)', 'Religion in Ohio', 'US-OH', 'Ohio', 'Ohio (U.S. State)', 'State of ohio', 'Ohio, United States', 'Ohio, USA', 'Demographics of Ohio', 'Ohio (State)', 'The Heart Of It All', 'Education in Ohio', 'Geography of Ohio']", Michigan,0.33682894706726074,1,1,1
1742,"Answer the question concisely. Q: Betty, Earl and Joyce are the puppet pensioners in ads for which company? A:","['Wonga', 'Wonga (disambiguation)']", betty earl and joyce,0.14264756441116333,1,1,1
1744,Answer the question concisely. Q: Who made the first telephone call to the Moon? A:,"[""I'm not a crook"", 'Richard nixon', 'Nixson', 'Richard Milhouse Nixon', 'Richard Milhous Nixon', 'Nixonian', 'Richard Nixon', 'Dick Nixon', 'Nixonite', 'Nixon, Richard', '37th President of the United States', 'Resignation of Richard Nixon', 'Richard Nickson', 'Tricky Dick Nixon', ""Nixon's"", 'Arthur Burdg Nixon', 'Richard M. Nixon', 'Tricky Dick', 'Arthur Nixon', 'Nixon', 'Harold Samuel Nixon', 'Richard M Nixon', 'Harold Nixon', 'Nixon, Richard Milhous', 'Nixon, Richard M.', 'Nichard rixon']", Neil Armstrong,0.19588018953800201,1,1,1
1750,Answer the question concisely. Q: Which old English coin was equal to four pence? A:,"['Groat (disambiguation)', 'Groat']", farthing,0.10245601087808609,1,1,1
1758,Answer the question concisely. Q: Who declared the 1936 summer Olympic Games open? (Both names required.) A:,"['Hitlerian', 'Adolph Schicklgruber', 'HitlerAdolf', ""Hitler's medical health"", 'Adolf Hitle', 'Hitlar', 'Adolph Hiedler', 'Adolf Hiedler', 'Adolph Hittler', 'Day of Potsdam', 'Adolpf Hitler', 'Adolf Hister', 'Adolf Hitlier', ""Adolph Hitler's health"", ""Hitler's health"", 'Hitlers', 'Aldof Hilter', 'HITLER', 'Hitler, Adolph', 'History of Adolf Hitler', 'Hitler,Adolph', 'Adolph Hiter', 'Adolf Hittler', 'Herr Hitler', 'Hitler,Adolf', 'Adolf Schicklegruber', 'Adolf hitler', 'Adlof hitler', 'Adolph Schickelgruber', 'Hitler Adolf', 'Hitlers medical health', 'HitlerAdolph', 'Adolph Schicklegruber', 'Adolf Hiler', ""Adolf Hitler's medical condition"", 'Hittler', 'ADOLF HITLER', 'Adolf Schickelgruber', 'Adolf Hitler', ""Hitler's"", 'Hitler, adolf', 'Nazi leader', 'Hitler, Adolf', 'Herr Wolf', ""Adolph Hitler's medical health"", 'Adolph Hitler', ""Adolf Hitler's health"", 'Adolf Schicklgruber', 'AdolphHitler', 'Adolf Hilter', 'Health of Adolf Hitler', ""Adolf Hitler's medical health"", 'Hitler Adolph', 'AdolfHitler', 'Adolf HItler', 'Hitlet', 'Hitler adolf', 'Adoff Hitler', 'Adolfus Hitler', 'Hitler', 'Adolph hitler']", Adolf Hitler,0.8735868334770203,0,0,0
1771,Answer the question concisely. Q: Which film is set on the remote Hebridean island of Summerisle? A:,"['The Wicker Man (disambiguation)', 'The wicker man', 'The wickerman', 'The Wicker Man (film)', 'The Wicker Man', 'The Wickerman']", The Wicker Man,0.9188386797904968,0,0,0
1777,"Answer the question concisely. Q: Celandine, topaz and gamboge are shades of which colour? A:","['Yellowest', 'Whiteyellow', 'Yelow', 'Yellow color', 'Yellowishness', 'Yellower', 'White-yellow', 'Rgb(255, 255, 0)', 'Dark yellow', 'Yellowwhite', 'Symbolism of yellow', 'Yellow (color)', 'Yellow (colour)', 'Yellowy', 'Yellow white', 'Yellowishly', 'White yellow', 'Yellow (Colour)', '(255, 255, 0)', 'Yellow', 'Royal yellow', 'Yellow-white']", yellow,0.5733588337898254,0,0,0
1780,Answer the question concisely. Q: Used frequently in laboratories what is the common name of Drosophila? A:,"['Fruitfly', 'Fruit fly', 'Fruit fly (disambiguation)', 'Fruit Fly', 'Fruit flies']", fruit fly,0.8350923657417297,0,0,
1794,Answer the question concisely. Q: Whose is the first tale in Chaucer’s Canterbury Tales? A:,"['The Knight', 'Knight (disambiguation)']", The General Pro,0.14226752519607544,1,1,1
1800,Answer the question concisely. Q: The cover of which of Pink Floyd’s LP covers features Battersea Power Station? A:,"['Animal Phylogeny', 'ANIMALS', 'Basal metazoan', 'Animal types', 'Animalia Kingdom', 'Anamalia', 'Animal', 'New animal phylogeny', 'Animalia', 'Non-human animal', 'Kingdom Animal', 'Kingdom animal', 'Basal metazoa', 'KingdomAnimalia', 'Animal reproduction', 'Animal Characteristics', 'Metazoan', 'Animals', 'Animal phylum', 'Metazoon', 'Animal (Metazoan) Evolution', 'Classification of animals', 'Metazoic', 'Anumal', 'Metazoans', 'Animal life', 'Kingdom Animalia', 'Kingdom animalia', 'New Animal Phylogeny', 'Metazoa', 'ANIMAL', 'Nonhuman animal', 'Water animal', 'Animal body']"," The cover of Pink Floyd's LP ""Wish You Were Here"" features Battersea Power Station.",0.16911140084266663,1,1,1
1813,"Answer the question concisely. Q: Born in 1861, which famous opera singer's real name was Helen Mitchell? A:","['Helen Porter Mitchell', 'Dame Nellie MELBA', 'Nelli Melba', 'Dame Nellie Melba', 'Nellie Melba', 'Nellie Armstrong', 'Helen Porter Armstrong', 'Nelly Melba']", Emma Albani,0.4491851329803467,1,1,1
1824,Answer the question concisely. Q: Who were the backing group of Junior Walker? A:,"['AllSTARS* (band)', 'The Allstars', 'AllSTARS', 'Allstars (band)', 'AllSTARS*']", The Vagrants,0.3517650365829468,1,1,1
1826,Answer the question concisely. Q: From what illness did Mary II die in 1694? A:,"['Small pox', 'Lagaisse', 'Variola', 'Variola maior', 'Small Pox', 'Eradication of smallpox', 'Small-pox', 'Variola major virus', 'Variole', 'Smallpox eradication', 'Variolla', 'Smallpocks', 'Variola vera', 'Smallpox virus', 'Variola major', 'Smallpox survivors', 'Variola minor', 'Variola virus', 'Variola Major', 'Variola Minor', 'Poxvirus variolae', 'Eradicate smallpox', 'Smallpox']", smallpox,0.8570683002471924,0,0,0
1850,"Answer the question concisely. Q: Also called The Roodee, which, officially, is Britain’s oldest and shortest racecourse? A:","['County Borough of Chester', 'Cestrians', 'Legacæstir', 'Chester, Cheshire', 'Chester, England', ""St Clare's Catholic Primary School (Chester)"", 'Chester', 'Cestrian']", Chester,0.7702839970588684,0,0,0
1852,"Answer the question concisely. Q: Which group of large insects includes hawkers and darters, named for their flying styles? A:","['Dragonfly', 'Dragonfly nymph', 'Dining needle', 'Dragon fly', 'Darner dragonfly', 'Dragon-Fly', 'Anisopterans', 'Anisoptera', 'Dragonfly,', 'Dragonflies']", dragonflies,0.7636249661445618,0,0,0
1860,Answer the question concisely. Q: Which England cricketer was born of Anglo-Welsh parents on Christmas Day 1984? A:,"['ALASTAIR COOK', 'AN Cook', 'Alastair Cook', 'Alastair Nathan Cook']", James Vince,0.12117939442396164,1,1,1
1872,Answer the question concisely. Q: Who was the Beano’s Redskin Chum? A:,['Little Plum'], a character in the Beano comic strip,0.14659884572029114,1,1,0
1875,Answer the question concisely. Q: Which acid has the alternative name ‘spirits of salt’? A:,"['Mauratic Acid', 'Muriatic Acid', 'ATCvet code QA09AB03', 'Hydrachloric acid', 'Aqueous hydrochloric acid', 'HCl acid', 'Marine acid', 'ATCvet code QB05XA13', 'Hydrochloric', 'Muratic acid', 'Hydrochloric Acid', 'Chlorohydric acid', 'Acid of salt', 'Chlorhydric acid', 'Muritic acid', 'Salt acid', 'ATC code A09AB03', 'Hydrochloric acid', 'HCl(aq)', 'Aqueous Hydrogen Chloride', 'Muriatic acid', 'Spirits of salt', 'E507', 'ATC code B05XA13', 'Spirit of salt', 'Acidum Salis']", hydrochloric acid,0.8774551749229431,0,0,0
1893,Answer the question concisely. Q: What shape is the pasta known as ‘conchiglie’? A:,['Sea Shells'], shell,0.2337472289800644,1,0,0
1896,Answer the question concisely. Q: Real Love in 1996 was whose last top 10 hit in the UK? A:,"['Fab 4', 'The Silver Beetles', 'The Nerk Twins', 'Silver Beats', 'Nerk Twins', 'The Beatles (band)', 'The Beatals', 'The BEATLES', 'John, Paul, George, and Ringo', 'Fab Four', 'The Beatle', 'John paul george ringo', 'Die Beatles', 'Silver Beatles', 'Beatles', 'Silver Beetles', 'Beatles music', 'Johnny and the Moondogs', 'The Silver Beats', 'Fab four', 'John, Paul, George and Ringo', 'TheBeatles', 'Fab4', 'Beatles (The)', 'Johnny and The Moondogs', 'Johnny and the moondogs', 'The fab four', 'History of The Beatles', 'The Silver Beatles', 'The Fab Four', 'Pop Go The Beatles', 'History of the Beatles', 'Beatle', 'The Beetles', 'Outfake', 'Johnny And The Moondogs', 'The Beatles', 'The beatles', 'Beatals', 'The Bealtes', 'The Fabulous Silver Beatles', 'Beatles, The', 'Outfakes', 'The Beetals', 'Johnny & The Moondogs', 'Beatles, the']", The Spice Girls,0.44409382343292236,1,1,1
1901,Answer the question concisely. Q: Which birds collect in a convocation? A:,"['Eagle', 'Aquilinae', 'King of the Air', 'King of the air', 'Booted eagles (group)', 'Kitpu', 'Hawk eagle', 'Eagle Spirit', 'Eagle (symbolism)', 'Eagles', 'Harpy (zoology)', 'Hawk-eagle']", starlings,0.08061277866363525,1,1,1
1916,Answer the question concisely. Q: Which English town is home to the Stephen Joseph Theatre? A:,"['Scarborough (Disambiguation)', 'Scarboro', 'Scarboro (disambiguation)', 'SCARBOROUGH', 'Scarborough', 'Scarborough (disambiguation)']", Harrogate,0.13028699159622192,1,1,1
1929,Answer the question concisely. Q: What was the name of Ian McEwan's Booker Prize winning novel of 1998? A:,"['Classis of Amsterdam', 'Capital of Holland', 'Amsterdam, Holland', 'UN/LOCODE:NLAMS', 'NLAMS', 'Amsterdam (Netherlands)', 'Geography of Amsterdam', 'Amesterdam', 'Amsterdam, North Holland', 'Capitals of the Netherlands', 'Amsterdam', 'Amsterdam, Noord Holland', 'Ámsterdam', 'Amsterdam, The Netherlands', 'Amsterdam, Netherlands', 'Ampsterdam']", Amsterdam,0.6287646293640137,0,0,0
1962,Answer the question concisely. Q: What was journalist Richard Littlejohn’s nickname for Cherie Blair? A:,"['Wicked witch', 'The Witch of the West', 'Witch of the West', 'The Wizard of Oz/Wicked Witch of the West', 'The Wicked Witch', 'Wicked witch of the west', 'The Wicked Witch of the West', 'WICKED WITCH', 'Wicked Witch', 'Wicked Witch of the West']", The Duchess of Cheshire,0.23564939200878143,1,1,1
1964,"Answer the question concisely. Q: When people talk about LGBT rights, what does the ‘T’ represent? A:","['Hegirl', 'Transperson', 'Transgenders', 'Transgender healthcare', 'Transmovement', 'Transgendar', 'Transgenderism (disambiguation)', 'Transgender', 'Transgender community', 'Hair Fairies (people)', 'Transgendered (Male-Bodied)', 'Transgendered', 'Trangendered', 'Trans*', 'Transgenderism (social movement)', 'Trans folk', 'Transfolk', 'TRANSGENDER', 'Trans-gender', 'Cross-gender', 'Transpeople', 'Transgenderism']", Transgender,0.8756996989250183,0,0,0
1966,Answer the question concisely. Q: Which island in Kent is the second largest of England's isles? A:,"['Shurland Hall', 'Isle of Sheppy', 'Shurland House', 'Isle of Sheppey']", Dungeness,0.12918207049369812,1,1,1
1974,Answer the question concisely. Q: Which ex-World Heavyweight Champion boxer signed up for Celebrity Big Brother 2014? A:,"['Evander Hollyfield', 'Evander Holyfield', 'Vander Holyfield', 'Real Deal Holyfield', 'Candi Calvana Smith', 'Evan Fields', 'Evander Holfield']", Frank Bruno,0.1359681487083435,1,1,1
1990,Answer the question concisely. Q: Who resigned in October 1983 after a scandal over his ‘lovechild’? A:,"['Cecil Parkinson', 'Cecil Parkinson Baron Parkinson PC', 'Baron Parkinson of Carnforth', 'Cecil Edward Parkinson', 'CECIL PARKINSON', 'Cecil Parkinson, Baron Parkinson, PC', 'Baron Parkinson', 'Cecil Parkinson, Baron Parkinson', 'Lord Parkinson of Carnforth', 'Cecil Edward Parkinson, Baron Parkinson', 'Baron Cecil Parkinson, PC', 'Cecil Parkinson PC', 'Cecil Parkinson, Baron Parkinson of Carnforth', 'Baron Cecil Parkinson', 'Cecil Parkinson, PC', 'Lord Parkinson', 'Baron Cecil Parkinson PC']", John Profumo,0.18769526481628418,1,1,1
1995,Answer the question concisely. Q: Which woman was voted BBC Sports Personality of the Year in 1971? A:,"['Anne Elizabeth Alice Louise', 'Anne Windsor', 'HRH The Princess Royal', 'PRINCESS ANNE', 'Princess Anne', 'Anne Windsor, Princess Royal', 'Princess Anne, Princess Royal', 'The Princess Royal', 'The Princess Royal (Princess Anne)', 'Anne Elizabeth Alice Windsor', 'Anne, Princess Royal of the United Kingdom', 'Anne, Princess Royal', 'Princess Anne, The Princess Royal', 'Anne, H.R.H. the Princess Royal', 'HRH The Princess Anne', 'The Princess Anne', 'Anne Mountbatten', 'HRH Princess Anne', 'Anne, Princess Royal (of the United Kingdom)']", Daley Thompson,0.18579909205436707,1,1,1
2004,Answer the question concisely. Q: Which doctor - an eternal optimist – features in Voltaire’s Candide? A:,"['Dr Pangloss', ""L'Optimisme"", 'Dr. Pangloss', 'Candide (character)', 'Candide, or Optimism', ""Candide Ou L'Optimisme"", 'Pour encourager les autres', 'Professor pangloss', 'Cacambo', 'Candide (play)', 'Candide (novel)', ""Candide, Ou L'Optimisme"", 'Panglossian pessimism', 'Doctor Pangloss', 'Martin (Candide)', 'All is for the best in this best of all possible worlds', 'Pan gloss', ""Candide, ou l'Optimisme"", 'Candide', 'Candide (protagonist)']", Dr Pangloss,0.9160060882568359,0,0,0
2012,Answer the question concisely. Q: In which town is the most northerly cricket Test venue in the world? A:,"['Conganium', 'Chester-le-Street', 'Chester le Street', 'Chester le street', 'Chester-Le-Street', 'Chester-le-street']", Perth,0.17484086751937866,1,1,1
2014,Answer the question concisely. Q: Who holds the post of Defence Secretary? A:,"['Michael Cathal Fallon', 'Michael Cathel Fallon', 'Michael Fallon']", Michael Fallon,0.8976470232009888,0,0,0
2021,Answer the question concisely. Q: Which fruit is traditionally used in the recipe for the dessert dish Liverpool Tart? A:,"['Lemon', '🍋', 'Lemon (fruit)', 'Lemon juice', 'Lemon oil', 'Citrus x limon', 'Lemons', 'LEMON', 'Nimbu', 'Citrus ×limon', 'Citrus × limon', 'Citrus limon']", apple,0.28098219633102417,1,1,1
2045,Answer the question concisely. Q: Which French fashion designer regularly co-hosted UK TV’s ‘Eurotrash’? A:,"['Jean Paul Gaultier', 'John Paul Gautier', 'John Paul Gaultier', 'Jean-Paul GAULTIER', 'John-Paul Gautier', 'Jean Paul Gautier', 'Junior Gaultier', 'Jean-Paul Gaultier', 'John-Paul Gaultier']", Jean Paul Gaultier,0.9328525066375732,0,0,0
2046,Answer the question concisely. Q: What is nicknamed 'The Cathedral of the Railways'? A:,"['St. Pancras', 'Saint Pancras', 'St Pancreas', 'St Pancras Church', 'Pangratios', 'St Pancras (disambiguation)', 'St pancras', 'St Pancras', 'St PANCRAS', 'Pankratios', 'St. Pancras (disambiguation)']", Gare du Nord,0.12160537391901016,1,1,1
2047,Answer the question concisely. Q: Which society was founded in 1946 by barrister Roland Berrill & scientist Dr Lance Ware? A:,"['MozaIQ (magazine)', 'Mensa Switzerland', 'MozaIQ', 'MENSA', 'Mensa International', 'Mensan', 'Mensa International Limited', 'American Mensa', 'Mensa Bulletin', 'Mensa (organization)', 'Mensa society']", Society for the Investigation of Unidentified Aerial Phenomena,0.2220606803894043,1,1,1
2058,Answer the question concisely. Q: Which bird is the international symbol for happiness? A:,"['Sialia', 'Blue bird', 'Bluebird', 'Bluebirds']", canary,0.2068307101726532,1,1,1
2100,Answer the question concisely. Q: What nickname did the American media give to Jane Fonda during the Vietnam War? A:,"['Jane Fonda', 'Jane Fonda Foundation', 'IPC Films', 'Jane fonda', 'Jayne Seymour Fonda', 'Hanoi Jane', 'Jane Seymour Fonda']", Hanoi Jane,0.935300886631012,0,0,0
2106,Answer the question concisely. Q: Which kind of food can be either ‘blanket’ or ‘honeycomb’? A:,"['Cow stomachs', 'Škembići', 'Tripe', 'Pátsas', 'Beef tripe', 'Trippa', 'Tripes']", honeycomb,0.19853197038173676,1,1,1
2123,Answer the question concisely. Q: Which explorer was cast adrift by his crew in 1611 and never seen again? A:,"['Sir Henry Hudson', ""Henry Hudson's third voyage"", 'Henry Hudson', 'Hendrik Hudson', 'Henry hudson']", Sir John Franklin,0.38370829820632935,1,1,1
2124,Answer the question concisely. Q: Which is heaviest of all naturally-occurring elements? A:,"['234U', 'Uranium Processing', 'Uraniam', 'Element 92', 'Uranium', 'Uranium and other radioactive substances', 'Uranium compounds', 'Uranic', 'Diuranium', 'Uranium supply', 'History of uranium', 'U(VI)', 'U(IV)', 'Uranium metal']", Oganesson,0.3199639916419983,1,1,1
2126,Answer the question concisely. Q: What is the heraldic name for the colour green? A:,"['Green (heraldry)', 'Verte', 'Vert', 'Vert (heraldry)', 'Green (vexillology)', 'Sinople (heraldry)']", vert,0.5846643447875977,0,0,0
2130,Answer the question concisely. Q: What was Margot’s surname in “The Good Life” TV series? A:,"['Leadbetter', 'Leadbetter (disambiguation)']", Margot’s surname in “The Good Life” TV series was “Bennett,0.1337698996067047,1,1,1
2135,"Answer the question concisely. Q: In humans ribs are divided into three types. True, False and which other? A:","['Floating (song)', 'Floating', 'Floating (album)', 'Floating (disambiguation)']", floating,0.8141947984695435,0,0,0
2194,Answer the question concisely. Q: Of the ten most populated cities of the USA which is furthest north? A:,"['The 313', 'Detroit, Michigan', '2014 Southeastern Michigan flood', 'Detroit, Mich.', 'West Side Detroit', 'Detroit, Michigan, United States', 'The weather in Detroit', 'State of Detroit', 'Detroit automaker', 'St. Scholastica School, Detroit', 'Detroit, MI', 'Detroit, USA', 'Detroit, Michigan, U.S.', 'Detroit, Michigan, US', 'Demographics of Detroit', 'Detroit (MI)', 'Motor city', 'UN/LOCODE:USDET', 'Racial and Ethnic History of Detroit', 'Demographics of Detriot', 'Detroit, M.I.', 'Detroit, Michigan, USA', 'Race and ethnicity in Detroit', 'The Motor City', 'Motown, Michigan', 'The 3-1-3', 'Détroit, MI', 'Detroit, mi', ""Detroit's Effort in the Great War"", 'Detroit', 'Detroit, United States', 'Detroit, Michigan, U.S.A.', 'The motor city', 'Detroiters', 'Detroit Michigan', 'City of Detroit', 'City of Detroit, Michigan', 'Detroit City', 'Motor City', 'East Side Detroit', 'Detroit MI', 'Demographic profile of Detroit', 'Detroit (Mich.)', 'Detriot', 'Détroit, Michigan']", New York City,0.3972911834716797,1,1,1
2207,"Answer the question concisely. Q: Who presented the 1980 blockbuster documentary series, Cosmos: A Personal Voyage? A:","['Dr. Carl Sagan', 'Carl E. Sagan', 'Carl Sagan', 'Carl sagan', 'Sagan (unit of measurement)', 'William H. Mount', 'Sagan, Carl Edward', 'Carl Edward Sagan', 'Karl Sagan', 'Sagan, Carl', 'Sagan unit']", Carl Sagan,0.9189559817314148,0,0,0
2211,Answer the question concisely. Q: What name specifically describes an inhabitant of Dundee? A:,"['Dun Deagh', 'City of discovery', 'Dundee', 'Climate of Dundee, Scotland', 'Murroes primary school', 'City of Discovery', 'Dundee Central Library', 'Dundee City council area', 'Dundonian', 'Ancrum Road Primary School', 'Dùn Dèagh', 'Dùn Dè', 'The city of discovery', 'City of Dundee (local government district, Tayside region)', 'City of Dundee council area', 'Dùn Deagh', 'Dundee City (council area)', 'Climate of Dundee', 'City of Dundee (council area)', 'City of Dundee, Scotland', 'Dun De', 'City of Dundee', 'DUNDEE', 'Dundee, Scotland', 'Dundee City', 'Dundee art', 'Dundee (district)', 'Dundee Port']", Dundonian,0.9530824422836304,0,0,0
2212,"Answer the question concisely. Q: What proper noun links titles by Bjork, Bananarama, Shocking Blue and Mark Wynter? A:",['VENUS']," The proper noun that links titles by Bjork, Bananarama, Shocking Blue, and Mark Wynter is ""Volcano."" This term is used in the song titles ""Volcano"" by Bjork, ""Volcano"" by Bananarama, ""Volcano"" by Shocking Blue,",0.462993860244751,1,1,1
2215,"Answer the question concisely. Q: Which golf course has holes called Silver Tassie, Blink Bonnie and Wee Bogle? A:","['The Gleneagles', 'Ilot-Trafalgar-Gleneagles', 'Sparrow House (Montreal)', 'Gleneagles Building', 'GLENEAGLES', 'Îlot-Trafalgar-Gleneagles', 'Thompson House (Montreal)']", St Andrews Links,0.13264992833137512,1,1,1
2218,Answer the question concisely. Q: Films. Which Dominic starred as Merry (Meriadoc) in ‘The Lord of the Rings’? A:,"['Monaghan Urban Council', 'Monaghan town', 'Monaghan Town', 'Monaghan', 'Monaghan, County Monaghan', 'Rossmore Memorial, Monaghan', 'Old Cross, Monaghan', 'Muineachán', 'MONAGHAN', 'Monghan']", Dominic Monaghan,0.650279700756073,0,1,1
2238,"Answer the question concisely. Q: ""Which Pixar character's first attempt to fly is comically described as """"falling with style""""?"" A:","['Buzz Lightyear (Toy Story)', 'Buz lightyear', 'Javier Fernandez-Peña', 'Buzz light year', 'To infinity ... and beyond!', 'Buzz (Toy Story)', 'Buzz Lightyear', 'Mrs. Nesbit', 'To infinity and beyond!']", Buzz Lightyear,0.9156404733657837,0,0,0
2253,Answer the question concisely. Q: Swinley Bottom forms part of the track on which famous racecourse? A:,"['Ascott', 'Ascot', 'Ascot (disambiguation)', 'Ascot, Victoria']", Ascot,0.9043850302696228,0,0,0
2259,Answer the question concisely. Q: Jazz musician Jelly Roll Morton is associated with which instrument? A:,"['PIANO', 'The Piano (film)', 'The Piano']", piano,0.5264915227890015,0,0,0
2268,"Answer the question concisely. Q: Ushuaia, which is now generally accepted as the southernmost city in the world, is in which country? A:","['Arxintina', 'Argintina', 'Argentyna', 'آرژانتین', 'República Argentina', 'Land of silver', 'Argentina', 'ארגנטינה', 'Arghantina', 'Republica Argentina', 'Argentine republic', 'Аргентына', 'Nación Argentina', 'Argentinien', 'Nacion Argentina', 'Argie', 'アルゼンチン', 'Airgintín', 'Аржентина', 'Argentína', 'Argentine Republic', 'Argentīna', 'Argentinean', 'Argentiina', 'The Argentine Republic', 'Arxentina', 'Արգենտինա', ""Arc'hantina"", 'ARGENTINA', 'Argies', 'Antonia Merce Y Luque', 'People of Argintina', 'ISO 3166-1:AR', 'Argentinië', 'אַרגענטינע', 'Arjantin', 'अर्जेन्टीना', 'الأرجنتين', 'Argentina Information', 'Republic of Argentina', 'Ariannin', 'Argentina Republic', 'Argentinie', 'Argentinia', 'Airgintin', 'Argjentina']", Argentina,0.7963684797286987,0,0,0
2271,Answer the question concisely. Q: Over how many complete furlongs is the Chester Cup now run? A:,"['18', 'EIGHTEEN', 'eighteen']", 12,0.1088232696056366,1,1,1
2273,"Answer the question concisely. Q: In Greek mythology, which race of giants had a single eye in the middle of their foreheads? A:","['Cyclops (film)', 'CYCLOPS', 'Cyclops (disambiguation)', 'The Cyclops']", Cyclopes,0.6700276732444763,0,0,0
2275,"Answer the question concisely. Q: Which journalist and author won the fifth series of I'm A Celebrity, Get Me Out Of Here in 2005, beating Cannon and Ball, Jimmy Osmond and Sheree Murphy amongst others? A:","['Carole Thatcher', 'Carol Thatcher', 'Cawol Thatcher', 'Carol thatcher', 'CAROL THATCHER']", Kate McClymont,0.2490914762020111,1,1,1
2276,"Answer the question concisely. Q: Who directed the Noughties films One Day in September, The Last King of Scotland and Touching the Void? A:","['Kevin MacDonald (footballer', 'Kevin McDonald (footballer)', 'KEVIN MACDONALD', 'Kevin MacDonald (disambiguation)', 'Kevin Macdonald (disambiguation)', 'Kevin Macdonald', 'Kevin MacDonald', 'Kevin McDonald (disambiguation)']", Kevin Macdonald,0.9031099081039429,0,0,0
2290,"Answer the question concisely. Q: ""Which actor, who died in 2011, became famous when portraying a TV character who became a household name in the 1970's? The actor won 4 emmys for his TV role and was nominated for film oscars for his parts in """"Pocketful of Miracles"""" and """"Murder Inc.""""."" A:","['Peter Falk (actor)', 'PETER FALK', 'Peter Falk', 'Falk, Peter', 'Peter Michael Falk']", Ed Asner,0.18279989063739777,1,1,1
2294,"Answer the question concisely. Q: ""Which American President is credited with the quote """"If you can't stand the heat get out of the kitchen""""?"" A:","['Presidency of Harry S. Truman', 'Hary truman', 'Harry Shipp Truman', ""Harry Truman's"", 'Harry S. Truman', 'Harry S.Truman', 'Harry S Truman', 'H. S. Truman', 'President Harry Truman', 'Truman administration', 'HARRY TRUMAN', 'Presidency of Harry Truman', 'Mr. Citizen', 'HST (president)', 'H.S. Truman', 'Mary Jane Truman', 'Harry Shippe Truman', 'S truman', 'Harry Truman', 'President Truman', '33rd President of the United States', 'Truman Administration', 'Harry Solomon Truman', 'Harold Truman', 'Harry truman', 'H. Truman']", Harry S. Truman,0.8926263451576233,0,0,0
2300,"Answer the question concisely. Q: ""The opera """"Duke Bluebeard's Castle"""" and the ballet """"The Wooden Prince"""" are the works of which composer?"" A:","['Bela Bartók', 'Bela bartok', 'Ballets by Béla Bartók', 'Bartok', 'Bartók Béla', 'Bela Bartok', 'Béla Bartók', 'Béla Bartok', 'Bela Viktor Janos Bartok', 'Béla Viktor János Bartók', 'Bartok Bela', 'Bartók', 'Béla Bártok', 'BARTOK']", Béla Bartók,0.931376576423645,0,0,0
2309,"Answer the question concisely. Q: ""What traditional herb is used in a """"Margharita"""" pizza ?"" A:","['Tukmaria', 'Subja', 'Takmaria', 'Basil', 'Falooda seed', 'Ocymum basilicum', 'Sabja', 'Basil seed', 'O. basilicum', 'Ocimum basilicum', 'BASIL', 'Sweet basil', 'Basil oil', 'Basil seeds', 'Tukhamaria', 'Basil (plant)', 'Hot e', 'Sweet Basil', 'Basil Oil', 'Hột é', 'Basilico', ""St. Joseph's Wort"", 'Basil (herb)', 'Falooda seeds']", oregano,0.2534998953342438,1,1,1
2313,Answer the question concisely. Q: Which English town is situated close to the most easterly point of the United Kingdom ? A:,"['London Road North', 'Lowestoft Lighthouse', 'Belle Vue Park (Lowestoft)', ""Sparrow's Nest"", 'Lowestoft Mayor', 'The britten centre', 'Lowestoft, Suffolk', 'The Britten Centre', 'Lowestoft', 'LOWESTOFT', 'London Road North Shopping Precinct']", Great Yarmouth,0.30539482831954956,1,1,1
2327,"Answer the question concisely. Q: ""Which book of the New Testament, as with Genesis, starts with the words """"In the beginning ...."""" ?"" A:","['Gospel Of John', 'Gospel according to John', ""John's Gospel"", 'John 20:28', 'Book of John', 'Gospel According to Saint John', 'Book of jon', 'Gospel of St John', 'John 1:5', 'Gospel of John', 'Gospel According to John', 'John 7', 'Anti-Semitism in the Gospel of John', 'Gospel acccording to John', ""St. John's Gospel"", 'Gospel according to Saint John', 'John 1:29', 'John 21:15-19', 'Gospel of St. John', 'According to John', 'Gospel of john', 'Fourth gospel', 'John (book)', ""St John's Gospel"", 'Gospel according to john', 'Jhn.', 'The Gospel According to John', 'The Fourth Gospel', 'Servant of sin', 'John 11:25', 'Fourth Gospel', 'Monarchian Prologue', 'John 11', 'John 10', 'John 12', 'Gospel of St.John', 'Book of john', 'John 19', 'John 18', 'John 10:3', 'The Gospel of John', 'Gospel of Saint John', 'GOSPEL OF ST JOHN', 'The Gospel according to John', 'Gospel according John']", John,0.42175114154815674,1,0,0
2339,Answer the question concisely. Q: Which Scottish engineer gave the first public demonstration of TV? A:,"['John L. Baird', '(John Logie) BAIRD', 'Electromechanical TV', 'Electromechanical tv', 'Baird Television Ltd.', 'John Logie Baird Ltd', 'Logie Baird', 'John Logie Baird Centre', 'John Logie Baird']", John Logie Baird,0.9280338287353516,0,0,0
2345,Answer the question concisely. Q: What is the name of the strait that lies between Australia and New Guinea that links the Coral Sea to the East with the Arafura Sea to the west? A:,"['Strait of Torres', 'TORRES Strait', 'Torres Straits', 'Torres Strait']", Torres Strait,0.9425913095474243,0,0,0
2364,Answer the question concisely. Q: In which northern English city will you find the Royal Armouries Museum? A:,"['Leeds, UK', ""St Margaret's Primary School, Horsforth"", 'ST Margarets Primary School', 'St Margarets Primary School', 'St margarets school', 'City of leeds transport area', 'The weather in Leeds', 'Leeds, Yorkshire', 'Knightsbridge of the North', 'Shakespeare Primary School', 'Higher Education in Leeds', 'Leeds, England', 'Leeds, West Yorkshire', 'Leeds', 'Leodis', 'LEEDS', 'Leeds – Bradford, UK', 'Leodensian', 'UN/LOCODE:GBLBA']", Leeds,0.7541053891181946,0,0,0
2373,Answer the question concisely. Q: On which river does Cardiff stand? A:,"['Taff', 'Taff (disambiguation)', 'TAFF']", River Taff,0.5576332807540894,0,0,0
2383,Answer the question concisely. Q: What type of sportsman is a Rikishi? A:,"['SUMO WRESTLER', 'Rikishi', 'Sumo wrestler']", sumo,0.22005319595336914,1,0,0
2385,"Answer the question concisely. Q: What exactly was 'Rob Roy' built at Dumbarton, Scotland in 1818? A:","['Steam ships', 'Steamships', 'Steam ship', 'STEAMSHIP', 'Steamship']", paddle steamer,0.4495152235031128,1,1,1
2392,"Answer the question concisely. Q: Having a height of 3,478 metres, Mount Mulhacen is the highest mainland point of which country? A:","['Islands of Spain', 'España', 'Reino de España', 'Name of Spain', 'Espagna', 'Espańa', 'Reino de Espana', 'Espana', 'Kingdom of the Spains', 'The Spanish Society', 'Espainia', 'Mountains of Spain', ""Regne d'Espanya"", 'The kingdom of Spain', 'SPAIN', ""Regne d'Espanha"", 'Espanya', 'Espainiako Erresuma', 'Etymology of Spain', 'Spane', 'ISO 3166-1:ES', 'Spain', 'Spanish Kingdom', 'Kingdom of Spain', 'El Reino de España', 'El Reino de Espana']", Spain,0.7450352907180786,0,0,0
2409,Answer the question concisely. Q: Which British Prime Minister married Gladys Mary Baldwin on January 1st 1940? A:,"['A week is a long time in politics', 'Sir Harold Wilson', 'Shadow Cabinet of Harold Wilson', 'Harold Wilson, Baron Wilson of Rievaulx', 'James Harold Wilson', 'First Shadow Cabinet of Harold Wilson', ""Harold Wilson's"", 'Wilson, Harold', 'James Harold Wilson, Baron Wilson of Rievaulx', 'Harold Wilson', 'HAROLD WILSON', 'Baron Wilson of Rievaulx Wilson Harold', 'Baron Wilson of Rievaulx', 'Shadow Cabinet of Harold Wilson I']", Winston Churchill,0.2485733926296234,1,1,1
2415,"Answer the question concisely. Q: ""Who, in 1983 sang the theme song to the James Bond film """"Octopussy""""?"" A:","['RITA COOLIDGE', 'Rita Coolidge']"," The theme song to the 1983 James Bond film ""Octopussy"" was sung by the British singer and songwriter, Madonna. The song, titled ""Like a Virgin,"" was released as a single in 1984 and became a massive hit, reaching number one in numerous countries, including the",0.14780330657958984,1,1,1
2439,"Answer the question concisely. Q: ""In Italy, if you were served """"Mortadella"""", what foodstuff would you be about to eat ?"" A:","['Sausage', 'Vegetarian sausage', 'Sausage patties', 'Makkara', 'Saussage', 'Smoked Sausage', 'Country sausage', 'Sausaging', 'Sausages', 'Garlic sausage', 'Sausage patty', 'Hot links', 'Sosige', 'Salchicha', 'Pork sausage', 'SAUSAGE', 'Zalzett tal-Malti', 'Wienie', 'Sausage link', 'German sausage', 'Wors', 'Salchichas (disambiguation)', 'Link sausage', 'Beef sausage', 'Salchichas', 'Boiled sausage', 'Smoked sausage', 'Dry sausage']"," Mortadella is a type of Italian sausage made from pork, typically with added ingredients such as pistachios, fennel, and spices. It is often served as a cold cut or in sandwiches, and is a popular ingredient in Italian cuisine.",0.24006101489067078,1,1,1
2447,"Answer the question concisely. Q: On this day, November 6th, 1924 who was elected as British Prime Minister? A:","['Stanley, 1st Earl Baldwin of Bewdley Baldwin', 'Stanley Baldwin, 1st Earl Baldwin of Bewdley, KG, PC', 'Stanley Baldwin', 'Stanley, 1st Earl Baldwin of Bewdley, Viscount Corvedale of Corvedale Baldwin', 'Power without responsibillity', 'Stanley Baldwin, 1st Earl Baldwin of Bewdley', 'Baldwin, Stanley, 1st Earl Baldwin of Bewdley', 'STANLEY BALDWIN']", Stanley Baldwin,0.9004655480384827,0,0,0
2462,Answer the question concisely. Q: What is the chief river of Burma ? A:,"['IRRAWADDY', 'The Irrawaddy']", Irrawaddy River,0.6407003998756409,0,0,0
2477,"Answer the question concisely. Q: In which European country is the HQ of the food company, Nestle ? A:","['ISO 3166-1:CH', 'Svissland', 'Etymology of Switzerland', 'Confederation Helvetia', 'Swizerland', 'Confederatio Helvetica', 'Environmental Integrity Group', 'Confoederatio Helvetica', 'Svizra', 'SWITZERLAND', 'Confédération suisse', 'SwissEnergy', 'Schweitz', 'Švýcarsko', 'Die Schweiz', 'Schwitzerland', 'Confederation suisse', 'Der Schweiz', 'Swiss Confederated States', 'Suiza', 'Switz', 'Switzeland', 'Schweiz', 'Confederation Helvetica', 'Switserland', 'Suisse', 'Schweizerische Eidgenossenschaft', 'Switzerland information', 'Confederaziun Svizra', 'Switzer land', 'Switzerland', 'Land of the Switzers', 'Swiss confederation', 'Confœderatio Helvetica', 'Swiss', 'Confederation Suisse', 'Confederation of Helvatia', 'Land of the Swiss', 'Confederaziun svizra', 'Svizzera', 'Swissland', 'Swizterland', 'Confédération Suisse', 'Confederazione Svizzera', 'Swiss Confederation']", Switzerland,0.6798592805862427,0,0,0
2481,Answer the question concisely. Q: What are motorways called in Germany ? A:,"['AUTOBAHN', 'Autobahn (Germany)', 'Autoban', 'List of autobahns in Germany', 'Motorways in Germany', 'Auto-bahn', 'German autobahn', 'Highway system of Germany', 'Autobahns of Germany', 'A103 motorway (Germany)', 'German Autobahnen', 'Bundesautobahn', 'German Autobahn', 'German autobahns', 'Autobahns', 'Highway system in Germany', 'List of motorways in Germany', 'German Autobahns', 'Autobahn', 'Erhöhte Betriebsgefahr', 'List of Autobahns in Germany', 'A 103 motorway (Germany)']", Autobahns,0.8228163123130798,0,0,0
2506,Answer the question concisely. Q: What type of oil is traditionally used to protect cricket bats ? A:,"['Linseed meal', 'LINSEED', 'ATCvet code QA06AC05', 'Linum usitatissimum L.', 'Flax seed', 'Flaxseed meal', 'Alsi', 'Flaxseeds', 'Flax', 'Ground flaxseed', 'Flax Lignans', 'Lineseed', 'Common Flax', 'Linseed', 'Javas', 'Common flax', 'Flax seeds', 'Flaxseed', 'Flaxes', 'Linum usitatissimum', 'ATC code A06AC05']"," The answer to this question is: The type of oil traditionally used to protect cricket bats is called ""cricket bat oil"" or ""bat oil."" It is usually made from a combination of linseed oil, beeswax, and turpentine, and is applied to the bat to help it absorb moisture and prevent",0.24169805645942688,1,1,0
2508,Answer the question concisely. Q: Who wrote the classic ghost story The Monkey's Paw ? A:,"['William Wymark Jacobs', 'W W Jacobs', 'W w jacobs', 'WIlliam Jacobs', 'W. W. Jacobs', 'WW Jacobs', '(W.W.) JACOBS', 'Ww jacobs', 'W.W. Jacobs']", W. W. Jacobs,0.8781830072402954,0,0,0
2528,Answer the question concisely. Q: Which British band reached number one in the UK pop charts in June 1983 with the record 'Every Breath You Take'? A:,"['Police (disambiguation)', 'POLICE', 'Police (film)']", The Police,0.34312063455581665,1,0,1
2534,"Answer the question concisely. Q: Recently appointed, what is the name of the current manager of Southampton Football Club ? A:","['Mauricio Roberto Pochettino Trossero', 'Mauricio Pocchettino', 'Mauricio POCHETTINO', 'Pochettino', 'Mauricio Pochettino']", Ronald Koeman,0.17762093245983124,1,1,1
2592,Answer the question concisely. Q: Which was the only team that England did not beat in their qualifying campaign for the 2014 Soccer World Cup ? A:,"['UKRAINE', 'Ukrainian territory', 'Ukraˈjina', 'Ukraine during World War II', 'UKR', 'Ukrayina', 'Ukarine', 'Ukraien', 'The ukrane', 'Ukrania', ""Ukra'jina"", 'Kiev compromise', 'Ucraine', 'Ukraine', 'Ukraina', 'Ukrainia', 'Ukrajina', 'ISO 3166-1:UA', 'Ukrane', 'Ykpaiha', 'Ukriane', 'Украина', 'The Ukraine', 'Ukraïne', 'Україна']", Italy,0.4330553412437439,1,1,1
2594,Answer the question concisely. Q: Who wrote Fantasia on a Theme by Thomas Tallis ? A:,"['Ralph Vaughan Williams', 'Ballets by Ralph Vaughan Williams', 'Ralph Vaughan-Williams', 'RALPH VAUGHAN WILLIAMS', 'Ralph Von Willams', 'Vaughn Williams', 'Vaughan Williams OM', 'Vaughn williams', 'Vaughan-Williams', 'Vaughan Williams', 'Ralph van williams', 'Vaughn-Williams', '%22Ralph Vaughn-Williams%22', 'Ralph Vaughn Williams', 'Ralph Vaughan Williams OM', 'Ralph Vaughan WIlliams', 'Ralph Vaughn-Williams', 'Vaughan williams']", Ralph Vaughan Williams,0.9354132413864136,0,0,0
2612,Answer the question concisely. Q: Which French author wrote the 1909 novel The Phantom Of The Opera ? A:,"['Gaston Louis Alfred Leroux', 'Gaston LEROUX', 'G. Leroux', 'Gaston Leroux']", Gaston Leroux,0.9332177042961121,0,0,0
2626,Answer the question concisely. Q: Sixty year old Cristina Fernandez de Kirchner is the current president of which South American country ? A:,"['Arxintina', 'Argintina', 'Argentyna', 'آرژانتین', 'República Argentina', 'Land of silver', 'Argentina', 'ארגנטינה', 'Arghantina', 'Republica Argentina', 'Argentine republic', 'Аргентына', 'Nación Argentina', 'Argentinien', 'Nacion Argentina', 'Argie', 'アルゼンチン', 'Airgintín', 'Аржентина', 'Argentína', 'Argentine Republic', 'Argentīna', 'Argentinean', 'Argentiina', 'The Argentine Republic', 'Arxentina', 'Արգենտինա', ""Arc'hantina"", 'ARGENTINA', 'Argies', 'Antonia Merce Y Luque', 'People of Argintina', 'ISO 3166-1:AR', 'Argentinië', 'אַרגענטינע', 'Arjantin', 'अर्जेन्टीना', 'الأرجنتين', 'Argentina Information', 'Republic of Argentina', 'Ariannin', 'Argentina Republic', 'Argentinie', 'Argentinia', 'Airgintin', 'Argjentina']", Argentina,0.7963684797286987,0,0,0
2676,"Answer the question concisely. Q: By whatname are the four novels of Paul Scott best known, the last of which is entitled A Division of Spoils ? A:","['Raj Quartet', 'The Raj Quartet', 'RAJ QUARTET', 'The raj quartet']", The Raj Quartet,0.925868570804596,0,0,0
2677,Answer the question concisely. Q: What is Koo Stark's real first name ? A:,"['Kathleen', 'KATHLEEN', 'Kathleen (disambiguation)', 'Katleen']", Koo Stark's real first name is Koo.,0.16672283411026,1,1,1
2678,"Answer the question concisely. Q: Arctic King, Saladin and Tom Thumb are which types of vegetable? A:","['L. sativa', '生菜', 'Iceburg lettuce', 'Iceberg lettuce', 'Lettus', 'Lollo rossa', 'Winter density', 'Crisphead', 'Lollo rosso', 'Garden lettuce', 'Lettuce', 'Boston lettuce', 'Butter lettuce', 'Lettuces', 'Sheng cai', 'Shengcai', 'Lollo rosa', 'Lettace', 'Lactuca sativa']", tomatoes,0.29634878039360046,1,1,1
2695,Answer the question concisely. Q: A sophomore is a student in which year of a US college? A:,"['1 second', 'Fourth (time)', 'Second (time)', 'Seconds', 'Number of seconds in a year', 'Second duration', 'Second', 'Secound', '1 E0 s', 'Secs', 'Third (time)', 'Calendar Second']", second,0.4201827645301819,1,0,0
2704,"Answer the question concisely. Q: In climatology, pluvial relates to what? A:","['Rainfall', 'Rainy', 'Pissing it Down', 'Rainiest', '🌧', 'Raining', 'Rains', 'Wettest spot on Earth', '⛆', 'Intensity frequency and duration', 'Rain', 'Heavy rain (meteorology)', 'Rain measurement', 'Rained', 'Rainstorm', 'Torrential rain', 'Pissing it down', 'Hyetal', 'Rainwater', 'Rain storm', 'Pluviophile']", rainfall,0.5862221121788025,0,0,0
2707,Answer the question concisely. Q: How many Oscars did the 1994 film 'Forrest Gump' win? A:,"['Six', 'six', '6']", six,0.577764093875885,0,0,0
2708,"Answer the question concisely. Q: In geology, a coomb or combe is a type of what? A:","['Valley shoulder', 'Valleys', 'Mountain valley', 'Glaciated valley', 'V-shaped valley', 'River Valley Planning Area', 'Hollow (geography)', 'Hanging valleys', 'River valley', 'Hanging valley', 'Hanging Valley', 'River valleys', 'Glacial valley', 'Valley', 'Mountain valleys', 'Glacial valleys']", valley,0.6665855646133423,0,0,0
2716,Answer the question concisely. Q: How many legs (including arms or pincers according to certain definitions) does a crab have? A:,"['10', 'ten']", 10,0.4327659010887146,1,0,0
2751,Answer the question concisely. Q: The town of Budge Budge is in which country? A:,"['ഭാരത മഹാരാജ്യം', 'هندستانڀارت،', 'भारतीय गणराज्याच्या', 'Bhārtiya Prajāsattāk', 'Indian Republic', 'ভারতরাষ্টৃ', 'Indian republic', 'ಭಾರತ ಗಣರಾಜ್ಯ', 'Union of India', 'இந்தியக் குடியரசு', 'भारतीय प्रजासत्ताक', 'India (country)', 'ISO 3166-1:IN', 'Indea', 'Etymology of India', 'ভারত গণরাজ্য', 'Republic Of India', 'INDIA', 'ભારતીય ગણતંત્ર', 'ভারত', 'Republic of India', 'Les Indes', 'Bhārat Gaṇarājya', 'جمہوٗرِیت بًارت', 'भारतमहाराज्यम्', 'Indya', 'Bharat Ganrajya', 'جمہوریہ بھارت', 'இந்திய', 'ଭାରତ ଗଣରାଜ୍ଯ', 'भारत गणराज्य', 'Republic of india', 'जुम्हूरियत भारत', 'Hindio', 'The Republic of India', 'భారత గణతంత్ర రాజ్యము', ""India's"", 'Hindistan', 'ਭਾਰਤ ਗਣਤੰਤਰ', 'Bhart', 'India', 'భారత రిపబ్లిక్', 'India.', 'ভাৰত গণৰাজ্য', 'Indian State', 'ISO 3166-1 alpha-3/IND', 'ভারতীয় প্রজাতন্ত্র']", India,0.6906077861785889,0,0,0
2759,Answer the question concisely. Q: The Bacillus Calmette-Guerin vaccine is used for immunisation against what? A:,"['Antitubeculosis', 'Tuberculose', 'Tuberculosis cutis primaria', 'Consumptive', 'Tuberculosis, ocular', 'Primary tuberculosis', 'TB vaccine', 'Pulmonary consumption', 'Abscess, tuberculous', 'Secondary Tuberculosis', 'Meningeal tuberculosis', 'Phthsis', 'HIV-related tuberculosis', 'Phthysis', 'Tuberculosis stigma', 'Nursing care plan for tuberculosis', 'Giant multinucleated cell', 'Smear-positive tuberculosis', 'Consumption (disease)', 'Tuberculosis, bovine', 'Tubercloses', 'Tuberculosis fungosa serpiginosa', 'Tuberculosis', 'Primary complex', 'Secondary tuberculosis', 'Metastatic tuberculous ulcer', 'BONE TB', 'Berklar', 'Tuberculous', 'Tuberculosis, pulmonary', 'Smear-negative tuberculosis', 'Tuburculosis', 'Phthisis pulmonalis', 'Nodular tuberculide', 'Tuberculosis arthritis', 'Tuberculous ulcer', 'Bone Tuberculosis', 'Spes phthisica', 'Tubercluosis', 'Genitourinary Tuberculosis', 'Tabes Anglica', 'Tuberculosus', 'Extrapulmonary', 'Antituberculosis', ""Koch's Disease"", 'Tuberculous pneumonia', 'Active tuberculosis', 'Tuberculous abscess', 'SMI 049', 'Primary Tuberculosis', 'Pulmonary tuberculosis', 'Tubercular scar', 'Tubercolosis', 'Lamparones', 'Acute phthisis', 'Tubercle bacillus', 'Respiratory tuberculosis', 'Fibroid phthisis', 'Tuberculosis epidemic', 'Tabes mesenterica', 'Tuberculosis, cardiovascular']", tuberculosis,0.6035252809524536,0,0,0
2786,Answer the question concisely. Q: Referring to a 1950s song what is the traditional bingo call for the number 76? A:,"['Harmonic glissando', 'Zugposaune', 'Trombone (instrument)', 'Inverted glissando', 'False glissando', 'Trombone slide', 'Trombones', 'Trombonist', 'Trombone position', 'Trombone smear', 'Slide trombone', 'Posaune', 'Trombone', 'Broken glissando', 'Slide position', 'Valve trombonist', 'The Trombone', 'Tromboner']"," The Bingo call for the number 76 in a 1950s song is ""Seventy-six little dogs."" This call is a part of the popular Bingo game, where players match numbers cards with the numbers called out by the Bingo caller. In the 1950s song, the",0.20850887894630432,1,1,1
2791,Answer the question concisely. Q: Osmic relates to which of the senses? A:,"['Smell (disambiguation)', 'Smell', 'Smells']", smell,0.7813555002212524,0,0,0
2809,"Answer the question concisely. Q: Revealed in the author's archives given to Oxford's Bodelian Library in 2008, what occupationally titled novel had the working name The Reluctant Autumn of George Smiley? A:","['Tinker Tailor Soldier Spy', 'Tinker, Tailor, Soldier, Spy', 'Tinker, Tailor Soldier, Spy']", Smiley's People,0.12691861391067505,1,1,
2812,Answer the question concisely. Q: Libya was a colony of which European country prior to World War II? A:,"['Environment of Italy', 'Italiën', 'Subdivisions of Italy', 'Republic of Italy', 'ItalY', 'ISO 3166-1:IT', 'Etymology of Italy', 'Itali', 'Pollution in Italy', 'Administrative divisions of Italy', 'Austrian Empire (Italy)', 'Italija', 'Italie', 'Italia', 'Italian Republic', 'Second Italian Republic', 'Italy', 'Italio', 'Repubblica Italiana', 'Itàlia', 'The Italian republic']", Italy,0.72379070520401,0,0,0
2817,Answer the question concisely. Q: What colour/color is Mr Bump in Hargreaves' Mr Men series of children's cartoon books? A:,"['Blue', 'Rgb(0, 0, 255)', 'Orphan blue', 'Slate Blue (color)', 'Bluishness', 'Dark Blue (color)', 'Pale Blue', 'Blue in human culture', 'Blue (color)', 'Police car blue', 'Blue (Colour)', 'Blueishness', 'List of terms associated with the color blue', 'Caspian blue', 'Blue (colour)', 'Light-blue', 'Bluest', 'Bluish', 'Bluishly', '(0, 0, 255)', 'Blueishly', 'Bluer', 'Blae', 'Blueness']", red,0.48736828565597534,1,1,1
2833,"Answer the question concisely. Q: In humans, alopecia is the loss of what? A:","['Hair bud', 'Human hair', 'Curly-haired', 'Curly-hairs', 'Hair shaft', 'Hairgrowth', 'Bodily hair', 'Origin of hair', 'Origins of hair', 'Hairy', 'Trichoid', 'Curlyhaired', 'Hair texture', 'Hairs', 'Tricho-', 'Hair Shaft', 'Head hair', 'Social role of hair', 'Human hairlessness', 'History of hair', 'Cymotrichous', 'Pelage hair', 'Hairiness', 'Curly hairs', 'Straight hair', 'Head hairs', 'Hair growth rate', 'Placoda pili', 'Curly hair', 'Hair types', 'Body Hair', 'Curly haired', 'Tricho', 'Evolution of hair', 'Hair', 'Hairbands', 'Curly-hair']", hair,0.6533854603767395,0,0,0
2838,"Answer the question concisely. Q: From the Greek word sphygmós, meaning pulse, what is the inflatable cuff pressure meter called which measures human blood pressure? A:","['Blood pressure monitor', 'Cuff inflation', 'Pressure cuff', 'Sphygmomometer', 'Sphygmomanometre', 'Sphygmometer', 'Sphygmomanometer', 'Sphygmomanometers', 'Sphygmomanometry', 'Blood pressure meter', 'Sphygmomenometer', 'Blood pressure cuff', 'Máy đo huyết áp']", Sphygmomanometer,0.9104827642440796,0,0,0
2842,Answer the question concisely. Q: Without looking and cheating - what three letters are conventionally on the number 5 button of a phone? A:,['J K L'], 5,0.0777113065123558,1,1,1
2843,Answer the question concisely. Q: The International Bureau of Weights and Measures is based in which European country? A:,"['La Republique francaise', 'Franciaország', 'La Republique française', 'Belle France', 'FRANCE', 'Republique française', 'France', 'Ranska', 'Franciaorszag', 'French Republic', 'République francaise', 'République française', 'ISO 3166-1:FR', 'Frankreich', 'France (country)', 'Etymology of France', 'FrancE', 'La République française', 'People of France', 'Republic of France', 'Fracne', 'Le France', 'The French Republic', 'Republique francaise', 'The Republic of France', 'La République francaise', 'La France', 'Rain in France', 'Republic of france', 'FRance', 'Frakkland', 'Climate of France', 'Franse']", France,0.5582054853439331,0,0,0
2852,Answer the question concisely. Q: Sukhoi and Tupolev are aircraft manufacturers of what nation? A:,"['Russia (1991-1993)', 'Оросын Холбооны Улс', 'Etymology of Russia', 'The Russian federation', 'Рәсәй', 'ISO 3166-1:RU', 'Russia (1990-1993)', 'Ресей', 'Novaya russia', 'Росси́я', 'Раҫҫей', 'Российская Федерация', 'Poccnr', 'Росія', 'Ородой Холбооной Улас', 'России', 'The Russian Federation', 'Russsia', 'Russian (citizen)', 'Росси́йская Федера́ция', 'Урысей', 'Арассыыйа', 'Rossiyskaya Federatsiya', 'Оьрсийн Федераций', 'Russian-born', 'Аьрасат', 'Russia (Federation)', 'POCCNR', 'Northern Russia', 'Federation of Russia', 'Russia (country)', 'Рочму', 'Ресей Федерациясы', 'Venaja', 'Русия', 'Урыстәыла', 'Resey', 'Россия', 'Wildlife of Russia', 'The Country Russia', 'Уæрæсе', 'Venaejae', 'Russian federation', 'Russie', 'Russia', 'Rossijskaja Federatsija', 'RUSSIA', 'Ryssland', 'Russian Federation', 'Russiya', 'Русија', 'RusSia', 'Орсин Ниицән', 'Russland', 'Рузмастор', 'RussiA']", Russia,0.7381640672683716,0,0,0
2867,"Answer the question concisely. Q: An economic recession that repeats soon, prior to recovery, is called a 'Double (what?) Recession'? Dip; Blip; Trouble; Bubble or Whammy? A:","['DIP (disambiguation)', 'Dip (disambiguation)', 'DIP', 'Dip']", Dip,0.7569089531898499,0,0,0
2899,Answer the question concisely. Q: The word husband is derived from the ancient Old Norse meanings of 'house' and what activity? A:,"['Farm', 'Farms', 'Farming', 'Croplands', 'Farmsteads']", hold,0.13517533242702484,1,1,1
2904,Answer the question concisely. Q: Pelagic refers to the open what? A:,"['Open sea', 'World-ocean', 'Sea', 'Global ocean', 'Worlds seas', 'The sea']", ocean,0.4276863932609558,1,0,0
2908,Answer the question concisely. Q: The term photovoltaic refers to technology in what renewable energy? A:,"['Solar power plant', 'Environmental impact of solar power', 'Photovoltaic power', 'Solar-power', 'Solar charging', 'Solar field', 'Solar electricity', 'Solar generated', 'Solar Generation', 'Solar generation', 'Solar energy conversion system', 'Solar power plants', 'Solar Power', 'Solar electricity (disambiguation)', 'Solar power generating station', 'Solar power']", solar,0.294536292552948,1,0,0
2923,Answer the question concisely. Q: Trumpets and trombones are most commonly pitched at? A:,"['B-B', 'Bb.', 'Bb (disambiguation)', 'B.B.', 'BB', 'Bb', 'BB (disambiguation)', 'B B', 'B. B.', 'B.b.']", B-flat,0.5392369627952576,0,1,1
2928,Answer the question concisely. Q: As at 2012 an Olympic gold medal is mainly made of what metal? A:,"['ATC code D08AL30', 'Ag+', 'Element 47', 'Argentical', 'Silvermounted', 'Silver mounted', 'Silvern', 'Silveriness', 'Silverily', '🜛', 'Silver ions', 'Argentate', 'Native silver', 'Argentic', 'Element XLVII', 'Argentically', 'Silver processing', 'Argentous', 'Silver', 'Silver compounds', '7440-22-4', 'Silver (element)', 'ATCvet code QD08AL30', 'Silver-mounted', 'E174', 'Timcanpi', 'Silverly', 'Silverness', 'Argentum', 'Silver metallurgy', 'Edible silver', 'Silver (metal)']", silver,0.6164448261260986,0,0,0
2931,Answer the question concisely. Q: The Syrah grape variety makes wine that is? A:,"['Red (colour)', 'Rgb(255, 0, 0)', 'Incarnadining', 'Rauður', 'Incarnadine', 'Red (political adjective)', 'FF0000', 'Red Movement', 'Red', 'Red (Colour)', 'Reddeners', 'Reddest', 'Reddened', 'Redishly', 'Firebrick red', 'Reddens', 'Reddener', 'Color red', 'Reddishness', 'Redly', 'Aztec red', 'Red (color)', '(255, 0, 0)', 'Raudur', 'Color/red', 'Redest', 'Redishness', 'Incarnadined', 'Incarnadines', 'Reddishly', 'List of terms associated with the color red', 'Redness']", full-bodied,0.11299145966768265,1,1,1
2940,"Answer the question concisely. Q: Toothpaste, turtle, oxblood, oilie/oily, ade, and swirly are types of what? A:","['Marbles (game)', 'Marbles', 'Tom bowler', ""Cat's eye marble"", 'Marble (toy)', 'Marble collecting', 'Keepsies', 'Aggie (marble)', 'GOTI (Marbles in Hindi)']",,0.23403026163578033,1,1,1
2941,Answer the question concisely. Q: A period of Northern Hemisphere climatic extremes occurring between 1350 and 1850 is loosely referred to as 'The Little (what)'? A:,"['Theory of ice ages', 'Ice-age', 'Ice-Age', 'Ice age', 'Ice age theory', 'Future ice age', 'Glacial stage', 'Ice Ages', 'United States ice age', 'Glacial cycle', 'Affect of ice age in uk', 'Glacial Stage', 'Glacial maximum', 'Ice ages', 'Ice age in United States', 'Ice age Earth', 'Great Ice Age', 'Glacial Epoch', 'Glacial Maximum', 'Cold period', 'Glacial age', 'Ice Age']", Ice Age,0.9016071557998657,0,0,0
2945,"Answer the question concisely. Q: What word makes new words as a prefix with the words cover, line, code and ship? A:","['Hard (album)', 'Hardness (disambiguation)', 'Hard', 'Hard (disambiguation)', 'Hard (song)']"," The word that makes new words as a prefix with the words cover, line, code, and ship is ""re-"".",0.1169368326663971,1,1,1
2971,Answer the question concisely. Q: In hairdressing what generally is the final stage of a hair perming process? A:,"['Neutralisation (immunology)', 'Neutralization (immunology)', 'Neutralization reaction (immunology)', 'Neutralizing']", curling,0.053853534162044525,1,1,1
2984,Answer the question concisely. Q: What caused a 34 minute suspension of play in the 2013 Superbowl? A:,"['Power failure', 'Power outage', 'Under-voltage (brownout)', 'Power Failure', 'Electric shutdown', 'Power blackout', 'Power cut', 'Power Outage Crisis', 'Power crisis', 'Electricity outage', 'Power cuts', 'Power fialure', 'Power loss', 'Powercut', 'Energy outage', 'Power outages', 'Electrical power cut', 'Electrical outage', 'Power-cut']", lightning,0.0941675454378128,1,1,1
2988,Answer the question concisely. Q: Hydrogen Peroxide (H2O2) is one of several different forms of what commonly named chemical agent? A:,"['Bleaching powder', 'Bowking', 'Bleach (chemical)', 'Household bleach', 'Bleeching', 'Bleaching agent', 'Blanqueador', 'Bleached', 'Javex', 'Bleach (brand)', 'Chlorinated lime', 'Bleaching', 'Bleach', 'Discolouration', 'Bleach agent', 'Chlorine bleach', 'Discoloration']", oxygen,0.24980884790420532,1,1,1
2998,Answer the question concisely. Q: What British army bugle call used at funerals originally signalled the end of the military day after final inspection? A:,"['Last Post', 'The Last Post', 'Last post']", Reveille,0.35776516795158386,1,1,1
3015,Answer the question concisely. Q: What is the Intel Corporation's famous and strangely apple-related processor brandname? A:,"['Core', 'Core (disambiguation)', 'Core (Album)', 'Core (album)']", Core,0.6776050925254822,0,0,0
3016,Answer the question concisely. Q: In June 2013 US Texas State Senator Wendy Davis filibustered for 10 hours to obstruct Texas state laws concerning? A:,"['Abortion, Physical Effects of', 'Aborting', 'Surgical Termination of Pregnancy', 'Induced abortion', 'Abortion and health', 'Pregnancy termination', 'Abortion.', 'Medical termination of pregnancy', 'Aborted Fetus', 'Third-trimester abortion', 'Termination of pregnancy', 'Induced abortions', 'Abortion, induced', 'Complications of Abortion', 'Termination of a pregnancy', 'Abortions', 'Pine needle abortion', 'Abortion Complications', 'Abortion', 'Elective termination of a pregnancy', 'Abortion in animals', 'Abortion complications', 'Abortionists', 'Aborted fetuses', 'Physical Effects of Abortion', 'Abortionist', 'Surgical abortion', 'Abortus provocatus', 'Abortus', 'Elective abortion', 'Induced miscarriage', 'Total abortion rate', 'Pregnancy abortion']",,0.19351989030838013,1,1,1
3022,Answer the question concisely. Q: The word Tet in the Tet Offensive (N Vietnam/Viet Cong against S Vietnam/US forces on 30 Jan 1968) referred to the national? A:,"['New-year', 'Annunciation style dating', 'New Year', 'Annunciation Style dating', 'Annunciation style', 'Annunciation Style', 'Turn of the year', 'New Year Festival', ""New Year's"", 'New Years', 'New year']", Tet holiday,0.21258419752120972,1,1,1
3037,Answer the question concisely. Q: Hewer is an old occupational name for which trade? A:,"['Ore miner', 'Miner', 'Putter (mining)', 'Miners']", carpenter,0.11817467212677002,1,1,1
3065,"Answer the question concisely. Q: Flemington, Greyville, and Longchamp are associated with what, respectively in Australia, South Africa, and France? A:","['Scratch sheet', 'Race horse', 'Pony racing', 'Horse Racing', 'Racing horse', 'Racing industry', 'Horse racing in Japan', 'Horse-racing', 'Keiba', '🏇', 'Horse racing', 'Horse racing venue', 'Racing on horseback', 'Quarter-Horse Racing', 'Horse race', 'Horse races', 'Racehorses', 'Horse-race', 'Racehorse', 'Turf patron', 'Horserace', 'Horseracing']", racecourses,0.7077926993370056,0,0,0
3075,Answer the question concisely. Q: What's the more common Roman name of the god Mulciber - 'the smelter' - and the origin of a related geological term? A:,"['The Vulcan', 'Vulcan (disambiguation)', 'Vulcan']", Vulcan,0.7596019506454468,0,0,0
3112,Answer the question concisely. Q: A chemical reaction accelerated by adding a separate recyclable substance is? A:,"['Catalytes', 'Catalytic', 'Catalytic species', 'Catalysts', 'Katalyzer', 'Catalysis', 'Catalytic depolymerization', 'Catalyse', 'Cooperative catalysis', 'Catalyst', 'Catalycity', 'Catalysing', 'Catalytic activity', 'Catalyzer', 'Catalyzes', 'Catalytic activity concentration', 'Cocatalyst', 'Promoter (catalysis)', 'Catalyzed', 'Katalysis', 'Co catalyst', 'Catalytēs', 'Καταλύτης', 'Catalysed', 'Catalyze', 'Co-catalyst', 'Catalytic Agent', 'Catalytic reaction', 'Catalyser']", catal,0.33422091603279114,1,1,1
3126,"Answer the question concisely. Q: The equatorial Republic of Kiribati's 'Kiritimati' (Christmas) Island, among the first land to see each new day/year, is in which ocean? A:","['Pacific Basin', 'Oceanum pacificum', 'Sea of Magellan', 'Pacific region', 'PAcific', 'North Pacific Ocean', 'Peaceful sea', 'Eastern Pacific Ocean', 'Mar del Sur', 'South-Western Pacific', 'West Pacific', 'Eastern Pacific', 'South Pacific Ocean', 'North Pacific ocean', 'South-western Pacific', 'Pacific Ocean', 'North Pacific fisheries', 'Western Pacific Ocean', 'Southern Pacific Ocean', 'Pacific (ocean)', 'Pacific basin', 'Pacific Oceans', 'North Pacific', 'Pacific ocean', 'Mid-Pacific', 'Great South Sea', 'Pacific', 'Tepre Pacificum', 'East Pacific']", Pacific Ocean,0.9165404438972473,0,0,0
3134,"Answer the question concisely. Q: Which creature is mythically said to sing before it dies, hence an expression for a grand final performance before retirement? A:","['Cob (bird)', 'Cygninae', 'Cob (swan)', 'Cygnus (genus)', 'Wild Swan', 'Swan', 'Cygnini', 'Cygnus (swan)', 'Swanling', 'Cygnet (bird)']", nightingale,0.290580153465271,1,1,1
3136,"Answer the question concisely. Q: What metabolic disorder takes its name from Greek 'siphon', referring to excessive urine production? A:","['Diabetese', 'Diabaytis', 'Diabedis', 'Diabetus', 'Sugar diabetes', 'Diabetology', 'Diebetic', 'People with diabetes', 'Latent diabetes', 'Diebetes', 'Diabetes and heredity', 'Diabeetis mellitus', 'Diabetes', 'Hypoinsulinism', 'Diabetologist', 'Diabetic', 'Diabetes, insulin dependent', 'Diabetic thick skin', 'Diabetes Mellitus', 'Diabetis', 'Hypoinsulinaemia', 'Diabeetus', 'Symptoms of diabetes', 'Insulin Deficiency Syndrome', 'Diabedes', 'Diabetics', 'Diabetogenic', 'Diabeties', 'Diabetes melitus', 'Diabeetis', 'Diabetes mellitus', 'Bulla due to diabetes mellitus']", Diabetes insipidus,0.8407269716262817,0,1,1
3143,Answer the question concisely. Q: American businessman and philanthropist Solomon Guggenheim (1861-1949) established a famous eponymous international network of? A:,"['History of museums', 'Museum', 'Exhibition history', 'Musem', 'Types of Museum', 'Biographical museum', 'Archaeology museums', 'Mvsevm', 'War musem', 'Popup museum', 'Archaeology museum', 'Archeology museum', 'Accredited museum', 'War museum', 'Archeological museum', 'Museums', 'History museum', 'Archaeological museum', 'Memorial House', 'Ethnographic museum', 'Historical museum', 'MUSEUM', 'Types of museum']", museums,0.632302463054657,0,0,0
3161,Answer the question concisely. Q: In the 1970s British practitioner John McTimoney founded his eponymous type of (What?) treatment? A:,"['Upper Cervical', 'Straight chiropractic', 'Chhh', 'Critical views of chiropractic', 'Safety of chiropractic', 'Scientific inquiries into chiropractic care', 'Chiropractic Skepticism', 'Scientific investigation of chiropractic', 'Chiropractors', 'Chiropractic care', 'Chiropractic theory', 'Chiroquackery', 'Chiropractic medicine', 'Foundations of chiropractic', 'Mixing chiropractic', 'Upper Cervical Specific Chiropractic', 'Chiropractic', 'Chiropractice', 'Chiropracticing', 'Chiropractic manipulative treatment', 'Chiropracty', 'Chiropractry', 'Philosophy of Chiropractic', 'Chiropractics', 'Chiropracter', 'Chiropractic oath', 'Criticism of chiropractic care', 'Manipulation, chiropractic', 'Chiroquack', 'Philosophy of chiropractic']", chiropractic,0.8226872086524963,0,0,0
3190,Answer the question concisely. Q: What whole two-digit number is the square root of 9801? A:,"['99', 'ninety-nine']", 9,0.11651235818862915,1,1,1
3199,Answer the question concisely. Q: What are the narrow bands of strong winds called which move around the world between about six and twelve miles high? A:,"['Polar night jet', 'Subtropical jet', 'Jet streams', 'Subtropical jet stream', 'Jetstream', 'Equatorial smoke stream', 'Low level jet', 'Jet Streams', 'Polar jet stream', 'Jet stream route', 'Jet Stream', 'The Jet Stream', 'Jet-stream', 'Barrier jet', 'Sub-tropical jet stream', 'Jet stream']", jet streams,0.6464104652404785,0,0,0
3221,Answer the question concisely. Q: Name Adele's record-breaking 2015 album? A:,"['25', 'twenty-five']", 25,0.5914013385772705,0,0,0
3231,"Answer the question concisely. Q: What Latin word meaning equal expresses a quality standard/norm (on or below or above etc), alluding to golfing performance? A:","['Par.', 'Par', 'PAR', 'Par (disambiguation)', 'P.A.R.']", par,0.4292311668395996,1,0,0
3244,Answer the question concisely. Q: What was the name of Ernest Shackleton's ship which became stuck in Antarctic ice in 1915? A:,"['Endurance (ship)', 'HMS Endurance', 'Hms endurance']", Endurance,0.6089615821838379,0,0,0
3255,Answer the question concisely. Q: The ancient pre-scientific system of classifying all universal matter as Water/Air/Fire/Earth/Aether is called the Classical? A:,"['The Elements (disambiguation)', 'Elements (disambiguation)', 'Elements', 'Elements (Mike Oldfield disambiguation)', 'Elenent', 'Element', 'Elements (album)', 'The Elements (album)', 'Elements (Mike Oldfield)', 'The Elements', 'Element (disambiguation)']", Elements,0.7848189473152161,0,0,0
3257,Answer the question concisely. Q: Tala is the basic monetary unit of which country? A:,"['IS Samoa', 'Independent State of Samoa', 'Samoa', ""Malo Sa'oloto Tuto'atasi o Sāmoa"", 'Malo Saʻoloto Tutoʻatasi o Sāmoa', 'Independent state of samoa', 'Independent State of Western Samoa', 'Malosi', 'The Independent State of Samoa', 'West Samoa', 'Western Samoa', 'ISO 3166-1:WS', 'Sāmoa', 'Languages of Samoa']", Iran,0.14100539684295654,1,1,1
3276,Answer the question concisely. Q: Eamon de Valera founded which Irish political party in 1926? A:,"['Fine Fail', 'Fianna Fail Party', 'Fianna Fail', 'Soldiers of Destiny', 'Fianna Fáil - The Republican Party', 'Fianna Fáil', 'Fianna Fáil – The Republican Party', 'Republican Party (Ireland)']", Fianna Fáil,0.9434787034988403,0,0,0
3287,Answer the question concisely. Q: Who was the first reigning British monarch to make an official visit to the USA? A:,"['Albert, Duke of York', 'HM King George VI', 'Prince Albert of Cornwall and York', 'George VI, King of England', 'Albert of York', 'George VI of Scotland', 'George VI of Britain', 'GVIR', 'Prince Albert of Wales', 'George VI of the United Kingdom', 'George VI of Great Britain and Ireland', 'George VI of England', 'Albert of Cornwall', 'King George VI', 'George vi', 'George VI of Ireland', 'Albert Frederick Arthur George', 'King george the 6th', 'George VI of the UK', 'Albert of Cornwall and York', 'George vi of the united kingdom', 'George VI of India', 'George VI of Great Britain', 'George VI, Emperor', 'George Vi', 'King George V1', 'George the Sixth', 'Albert of Wales', 'George VI', 'Prince Albert of York', 'George VI of Canada', 'King George VI of the United Kingdom', 'Prince Albert, Duke of York', 'Prince Albert of Cornwall']", Queen Elizabeth II,0.3250231146812439,1,1,1
3289,Answer the question concisely. Q: What colour is Stephanie's hair in the children's TV series LazyTown? A:,"['Pink', 'Pink the colour', 'Momoiro', 'Tamarisk (color)', 'Neon pink', 'Pastel pink', 'FFD1DC', 'Pinkest', 'Lightish Red', 'Pinkishness', 'Light red', 'Kinky pink', 'Pinkness', 'Tamarisk (colour)', 'Pinkishly', 'Pastel Pink', 'FADADD', 'Pink (color)', 'Pinkly']", blonde,0.43094658851623535,1,1,1
3303,"Answer the question concisely. Q: ""What video game was banned in 2007 for its """"...unremitting bleakness and callousness..."""" ?"" A:","['Laura Whyte', 'Judy Sender', 'Manhunt II', 'Dr. Pickman', 'The Red Kings', 'The Pervs', 'Project Militia', 'Red Kings', 'Dr. Whyte', 'Leo Kasper', 'Manhunt 2', 'Danny Lamb', 'The Project Militia', 'The Bloodhounds', 'Daniel Lamb', 'Dr. Laura Whyte', 'Man hunt 2', 'Manhunt ii']", Grand Theft Auto IV,0.23739735782146454,1,1,1
3308,Answer the question concisely. Q: Which country won the 2007 FIFA Women's World Cup? A:,"['United States of Germany', 'Tyskland', 'Nimska', 'Bundesdeutsch', 'Vokietija', 'Deuchland', 'Germny', 'GermanY', 'FR Germany', 'Almanya', 'Federal Republic of Germany', 'Jermany', 'Geramny', 'Etymology of Germany', 'Nemska', 'Germany', 'Niemcy', 'GERMANY', 'ISO 3166-1:DE', 'Land der Dichter und Denker', 'Federal Republic Of Germany', 'F.R. Germany', 'Deutschland', 'Bundesrepublik Deutschland', 'BR Deutschland', 'Germanio', 'Thyskaland', 'GerMany', 'Germeny', 'Teutonica', 'Deutchland', 'Duitsland', 'THyskaland', 'Alemanha', 'Němska', 'Foederal Republic of Germany']", Germany,0.6121902465820312,0,0,0
3316,Answer the question concisely. Q: What Canadian-born teen idol of the 1950s-60s wrote the lyrics to Sinatra's song My Way? A:,"['بول مصطفى عبدي أنكا', 'Paul Anka Filmography', 'Paul Mustapha Abdi Anka', 'Paul A. Anka', 'Paul Anka', 'Paul Anka filmography', 'Paul Albert Anka']", Paul Anka,0.9350863099098206,0,0,0
3317,Answer the question concisely. Q: Who originated the 'Wall of Sound' record production technique? A:,"['Annette Records', 'Phil spectre', 'Phil Spector', 'Harvey Philip Spector', 'Phillip Spector', 'Phil specter', 'Philip Spector', 'Phil spektor', 'Phil Specter']", Phil Spector,0.9090909957885742,0,0,0
3332,Answer the question concisely. Q: What is the name of the first digital library founded by Michael Hart in 1971? A:,"['Gutenburg Project', 'Project Guetenburg', 'The Gutenburg Project', 'Project gutenberg', 'Gutenberg.org', 'Project gutneberg', 'Project guttenburg', 'Project Gutenberg Literary Archive Foundation', 'Project guttenberg', 'Project Guttenburg', 'Project Guthenberg', 'Gutenberg project', 'Gutenberg Project', 'The Gutenberg Project', 'Project Gutenburg', 'Project gutneburg', 'The Project Gutenberg', 'Gutenberg Project.', 'Project Gutenberg']", Project Gutenberg,0.889771044254303,0,0,0
3354,Answer the question concisely. Q: By what name was world champion boxer Walker Smith better known? A:,"['Walker Smith Junior', 'Walker Smith Jr.', 'Walker Smith Jr', 'Sugar Robinson', '%22Sugar%22 Ray Robinson', 'Walker Smith Jnr.', 'Sugar Ray Robinson', 'Walker Smith Jnr']", Sugar Ray Robinson,0.9444764256477356,0,0,0
3373,Answer the question concisely. Q: What is the spiked stick or prod used for driving cattle called? A:,"['Ox goad', 'Goading', 'Goaders', 'Goads', 'Goader', 'Goad', 'Goaded', 'Ox-goad', 'Oxgoad']", goad,0.8300521373748779,0,0,0
3388,Answer the question concisely. Q: What animal is the Scandinavian Christmas Julbock symbol? A:,"['Nanny goat', 'Dairy goat', 'Kid (goat)', 'Nanny Goat', 'Capra aegagrus hircus', 'She goat', 'Billy Goat', 'Goat', 'Goat penis', ""Goat's milk"", 'He-goat', 'She-Goat', 'Billy goat', 'She-goats', 'Domestic goat', 'Billies', 'Goatfighting', 'Goatry', 'Capra hircus', 'Domestic goats', 'Domestic Goat', 'Goat milk', '🐐', 'She goats', 'Billygoat', 'Dairy Goats', ""Goats' milk"", 'Goats']", goat,0.8336532115936279,0,0,0
3394,Answer the question concisely. Q: In the 1833 Factory Act in Britain what was the minimum age of a child allowed to work in a factory? A:,['Nine years'], 9,0.06956778466701508,1,0,0
3399,Answer the question concisely. Q: What is the Greek and Turkish delicacy of spiced rice and meat wrapped in vine leaves? A:,"['Dolmas', 'Dolma', 'Gemista', 'Yemista', 'Dolmeh', 'Dolmadaki', 'Warak Einab', 'Oshi Toki', 'Dolma (food)', 'Dolmati', 'Stuffed vine leaves', 'Kovov-Toki', 'Stuffed Grape Leaves with Rice', 'Oshi toki', 'Dolmathes', 'Yaprakes finos', ""Yabra'"", 'Dolmades', 'Stuffed grape leaves']", Dolmades,0.9294082522392273,0,0,0
3405,Answer the question concisely. Q: What actor who died in 2009 played TV's The Prisoner? A:,"['Patrick Mcgoohan', 'Joseph Serf', 'Patrick McGoohan', 'Patrick MacGoohan', 'Patrick mcgoohan']", Patrick McGoohan,0.9139609932899475,0,0,0
3429,Answer the question concisely. Q: What is the furcula of a bird more commonly called? A:,"['Wish bones', 'Wishbone (disambiguation)', 'Wishbone', 'Wish Bone (disambiguation)', 'Wish-bone', 'Wishbones', 'Wish bone']"," A: The furcula of a bird is more commonly called the ""wishbone.""",0.30808210372924805,1,0,0
3437,Answer the question concisely. Q: Which Tsar of Russia ruled from 1682-1725? A:,"['Pyotr Veliky', 'Czar of Russia Peter I', 'Petr I', 'Grand Duchess Natalia Petrovna (1713-1715)', 'Peter The Great', 'Petr Velikiy', 'Pyotr Velikhiy', 'Peter Romanov', 'Piotr Velikiy', 'Peter Alexeivic Romanov', 'Pyotr I Alekse%60yevich', 'Grand Duchess Natalia Petrovna of Russia (1713-1715)', 'Pyotr Velikiy', 'Pyotr Alekseyevich Romanov', 'Peter I of Russia', 'Пётр I Алексеевич', 'Emperor Peter the Great', 'Piotr I of Russia', 'Pyotr Alexeyevich', 'Pyotr Velikii', 'Pyotr I', 'Peter I the Great', 'Pyotr Alexeyevich Romanov', 'Pyotr Romanov', 'Petr Velikyy', 'Peter I the Great of Russia', 'Peter the great', 'Grand Duchess Natalia Petrovna of Russia (1713–1715)', 'Tsar Peter I', 'Natalia Petrovna', 'Peter the Great reformation - causes and implementation', 'Tsar Peter the Great', 'Peter I. the Great', 'Peter Mikhajlov', 'Czar Peter', 'Piotr Alekseyevich', 'Czar Peter I', 'Pyotr I of Russia', 'Grand Duchess Natalia Petrovna (1713 - 1715)', 'Grand Duke Alexander Petrovich of Russia', 'Peter I (Russia)', 'პეტრე პირველი', 'Peter the Great', 'Пётр I', 'Peter the Great of Russia', 'Alexander Petrovich', 'Piotr I Alieksieievich', 'Peter the Great reformation – causes and implementation', 'Peter I The Great', 'Pyotr I Alekseyevich']", Peter the Great,0.9139389991760254,0,0,0
3438,"Answer the question concisely. Q: ""What poem contains the words, """"...Water, water, everywhere, Nor any drop to drink..."""" ?"" A:","['Rime Of The Ancient Mariner', 'TRotAM', 'The Rime of the Ancyent Marinere', 'The Rhyme of the Ancient Mariner', 'The Rime of the Ancyent Marinere (1798)', 'Rime of the ancient mariner', 'Ancient mariner', 'The Rime of the Ancient Mariner', 'Life-In-Death', 'The Rime of The Ancient Mariner', 'Rhyme of the Ancient Mariner', 'The rime of the ancient mariner', 'The Ancient Mariner', 'Rime Of The Ancient Marriner', 'Ancient Mariner', 'Rime of the Ancient Mariner', 'Rhyme of the ancient mariner', 'Rime of the Ancyent Marinere', 'TROTAM', 'The Rime Ancyent Marinere (1798)', 'Rime of ancient mariner']", The Rime of the Ancient Mariner,0.9324638843536377,0,0,0
3449,Answer the question concisely. Q: The Collegiate Church of St Peter in London is more popularly known by what name? A:,"['Westminster Abbey', 'Abbey of Westminster', 'Westminister abby', 'St. Peter, Westminster', ""Westminster Palace, Westminster Abbey and Saint Margaret's Church"", ""St. Peter's, Westminster"", 'Collegiate Church of St Peter, Westminster', ""Westminster Abbey and St. Margaret's Church - Westminster Palace, Westminster Abbey and Saint Margaret's Church"", ""St Peter's Monastery, Westminster"", 'Westminster abby', 'Westminster abbey', 'Westmister Abbey', 'The Collegiate Church of St Peter at Westminster', ""St Edmund's Chapel, Westminster Abbey"", 'Westminister Abbey', ""St Peter's Church, Westminster""]", Westminster Abbey,0.8957312107086182,0,0,0
3453,"Answer the question concisely. Q: Pentatonic, hexatonic, and heptatonic are types of what? A:","['All of the music scales', 'Octave repeating scale', 'Scalewise', 'Auxiliary Scales', 'Gapped scale', 'Bass scales', 'Octave-repeating scale', 'Non-octave repeating scale', 'Auxiliary scales', 'Musical scale', 'Non-octave-repeating scale', 'Microtonal scale', 'Derived scale', 'Scale (music)', 'Scale music', 'Octave-repeating', 'Octave scale', 'Non-octave repeating', 'Music scale', 'Fifth step (musical scale)', 'Musical scales', 'Music scales', 'Octave repeating', 'Tetratonic', 'Scalic', 'Auxiliary scale']", scales,0.5040003657341003,0,0,0
3502,"Answer the question concisely. Q: What game, created in 1904 by a quaker, Elizabeth (Lizzie) Phillips, when revised by Charles Darrow and others became one of the world's most played commercial board games? A:","['List of possible monopolies', 'Market monopolies', 'Monopolizing', 'Regulated Monopoly', 'Monopolisation', 'Monopolizes', 'Dominance and monopoly', 'Monopolism', 'Monopolistic', 'Vertical monopolist', 'Monopoly market', 'Monopolized', 'Vertical monopoly', 'Abuse of dominance', 'Monopoly power', 'Regulated monopoly', 'Monopoly (economics)', 'Revolution in monopoly theory', 'Horizontal Monopoly', 'Resources monopoly', 'Vertical Monopolist', 'Monopolist', 'Vertical Monopoly', 'Monopoly', 'One monopoly profit', 'Horizontal monopoly', 'Monopolies', 'Horizontal Monopolist', 'Monopolised', 'Monopoly law', 'Monopoly and Competition', 'Monopoly, Moral Aspects of', 'Local monopoly', 'Horizontal monopolist', 'Moral Aspects of Monopoly']", Monopoly,0.9225639700889587,0,0,0
3504,Answer the question concisely. Q: What does the Latin term compos mentis mean? A:,"['Of Sound Mind', 'Of sound mind']", of sound mind,0.8605683445930481,0,0,0
3507,Answer the question concisely. Q: Which country used to be called Southern Rhodesia? A:,"['Zimbobwe', 'Health care in Zimbabwe', 'Zimbabwean cultural practices', 'People of Zimbabwe', 'Republic of Zimbabwe', 'Zimbabwean legends', 'Zimbabwae', 'Zimbabwian', 'Republic Of Zimbabwe', 'Cuisine of Zimbabwe', 'Zimbabwean cuisine', 'ZWE', 'Zimbabwei', 'Zimbabwe', 'Etymology of Zimbabwe', 'ISO 3166-1:ZW', 'Republic Zimbabwe', 'Zimbawean', 'Zimbabwean', 'Name of Zimbabwe', 'Chimpabwe']", Zimbabwe,0.8247771859169006,0,0,0
3512,Answer the question concisely. Q: The pericardium is part of which organ? A:,"['Four chambered heart', 'Atria of the heart', 'Cardiac chambers', 'Left heart', 'Sternocostal surface of heart', 'Heart', 'Cardiogenic', 'Cardiac chamber', '❤️', 'Heart chambers', 'Heart (anatomy)', 'Sternocostal surface', 'Base of heart', 'Anterior surface of the heart', 'Base of the heart', 'Facies cordis', 'Heart in literature', 'The heart', 'Systemic heart', 'Heart Symbolism and Metaphor', 'Heart (symbolism)', 'Cardiac', 'Facies diaphragmatica cordis', 'The human heart', 'Basis cordis', 'Chambers of the heart', 'Heart chamber', 'Heart (Symbolism and Metaphor)', 'Left side of the heart', 'Right heart', 'Heart (biology)', 'Diaphragmatic surface of heart', 'Dorsal tube', 'Apex cordis', 'Heart (metaphor)', 'Facies anterior cordis', 'Human heart', 'Heart (food)', 'Anterior wall of heart', 'Apex of heart', 'Right side of the heart', 'Heart (organ)', 'Atlas of Human Cardiac Anatomy', 'Facies sternocostalis cordis']", heart,0.6011548042297363,0,0,0
3517,Answer the question concisely. Q: The Canary Islands in the Atlantic are named after what? A:,"['Domestic dogs', 'Female dogs', 'Canis familiaris', 'Canis Familaris', 'Canis familiaris domesticus', 'Dogs (Animals)', '🐕', 'She dog', 'She-dog', 'Dogs', 'Doggy', 'Canis familiarus domesticus', 'Domestic dog', 'Dogs as pets', 'Dog (pet)', 'Dog (Domestic)', 'Pet dog', 'She dogs', 'Canis lupus familiaris', 'Canine lupus', 'Dog hood', 'Shedog', '🐶', 'The domestic dog clade', 'A dog', 'Canis domesticus', 'Dogs as our pets', 'Canis Canis', 'Domestic Dog', 'Canis Lupus Familiaris', 'Doggie', 'Dog', 'C.l. familiaris', 'Doggies', ""A man's best friend"", 'Doghood', 'Shedogs', 'Bitch (female dog)', 'She-dogs', 'Dogness', 'Bitch (dog)', 'Female dog', 'C. l. familiaris', 'Shelter dog']", The Canary Islands in the Atlantic are named after the canary bird,0.31747376918792725,1,1,1
3520,Answer the question concisely. Q: Where were the FIBA (Basketball) World Championships held in 2002? A:,"['INpolis (city), Marion County, IN', 'Indianapolis (Ind.)', 'Indianapolis, United States', 'Indianapolis (city), Marion County, IN', 'Speedy City', 'UN/LOCODE:USIND', 'Indianapolis (city), Indiana', 'Indianapolis (city), Marion County, Indiana', 'Indianapolis, Indiana, the United States of America', 'The weather in Indianapolis', 'Indianapolis, USA', 'List of monuments in Indianapolis', 'Indianapolis, Indiana, U.S.A.', 'Indianapolis', 'Indianapolis IN', 'Brightwood, Indianapolis', 'Indy, IN', 'Indianapolis, IN', 'Indianapolis, Indiana, U.S.', 'Capital of Indiana', 'The Vogue (place)', 'INpolis, IN', 'List of monuments in Indianapolis, Indiana', 'Hillside, Indianapolis', 'Indianápolis', 'Indianapolis (city), IN', 'Indianapolis, Indiana', 'City of Indianapolis', 'Indianapolis, in', 'Indianapolis, Indiana, US', 'Hillside (Indianapolis)', 'Indianapolis, Indiana, USA', 'Indianapolis (IN)', 'Indianapolis, Ind.', 'INpolis (city), IN', 'Indpls', 'Deep Rock Tunnel Connector']"," Indianapolis, Indiana, United States",0.8415855169296265,0,0,0
3522,"Answer the question concisely. Q: ""Which is the participle in the sentence """"he brought the required documents""""?"" A:","['Requirement', 'Requirements', 'BUFQI', 'Software requirement', 'Required', 'Customer requirement']", required,0.36592134833335876,1,0,0
3523,"Answer the question concisely. Q: In the nursery rhyme, who could eat no fat, and whose wife could eat no lean? A:","['Jack Spratt', 'Jack sprat', 'Jack Sprat']", Humpty Dumpty,0.16465140879154205,1,1,1
3525,"Answer the question concisely. Q: In Scandinavian mythology, what was the home of the Gods, approached by a bridge (Bifrost), that contained a great hall and Valhalla? A:","['Asguard', 'Asgard', 'Asgaard', 'Ásgarðr', 'Åsgard', 'Ásaland', 'Asgardr', 'Ásgard', 'Asgård', 'Asaland', 'Aasgard', 'Ásgardr', 'Asgarthr', 'Godheim']", As,0.26742827892303467,1,1,1
3531,"Answer the question concisely. Q: ""What is the contraction of the German """"Geheime Staatspolizei"""" used in English?"" A:","['Gestapo', 'Geheimnisstaatspolizei', 'Department D', 'Secret State Police', 'Geheime Staatspolizei', 'Department 1A', 'General State Police', 'Department 1A of the Prussian State Police', 'GeStaPo', 'Hubbabba']", Gestapo,0.7861910462379456,0,0,0
3545,"Answer the question concisely. Q: Who is a senior servant in a large household, specifically in charge of the dining room, wine cellar, and pantries? A:","['Butler (domestic worker)', 'Buttler', 'Underbutler', 'Butler administrator', 'Butler (domestic servant)', 'Bouteiller', 'Under-butler', 'Butlers', 'Chief Butler', 'Butler', 'Butler (servant)', 'Head of household staff', 'International Institute of Modern Butlers', 'Guild of Professional English Butlers']", Butler,0.7436417937278748,0,0,0
3547,"Answer the question concisely. Q: If you divide a prime number by 4, the answer must result in ? A:","['Fraction (quantity)', 'Fraction (disambiguation)', 'A fraction', 'Fraction', 'Fractional']", Remainder of 1 or,0.05039606988430023,1,1,1
3555,"Answer the question concisely. Q: ""What is the longest running emergency medical drama series in the world, and the second-longest-running medical drama in the world behind America's """"General Hospital""""?"" A:","['Casualty (disambiguation)', 'Casualty']", St. Elsewhere,0.042044319212436676,1,1,1
3564,"Answer the question concisely. Q: What reptile, of which there are two living species, the American and the Chinese, got its name from the Spanish for lizard? A:","['Alligator', 'Alligators', 'Aligator']", Gila monster,0.08434538543224335,1,1,1
3565,"Answer the question concisely. Q: Which Scotsman was given a ship by Americans to harass English shipping near Great Britain, and later became an admiral in the Russian Navy of Catherine The Great? A:","['I have not yet begun to fight', 'Paul Jones (pirate)', ""America's invasion of Whitehaven"", 'John Paul Jones', 'John Paul Jones (sailor)', 'Captain John Paul Jones']", John Paul Jones,0.9115232229232788,0,0,0
3572,"Answer the question concisely. Q: The name of which person born in Dublin is connected in English history with the locations of Vimiero, Talavera, Salamanca, Vittoria, Orthes and Waterloo? A:","['First Duke of Wellington', 'Sir Arthur Wellesley', 'General Wellington', 'Marquess Douro', 'Arthur Wellesley , 1st Duke of Wellington', 'Duke of Wellingon (1st)', 'Arthur Wellesley Wellington', 'The Iron Duke', 'Duke of Wellington', 'Major-General Arthur Wellesley', 'Arthur Wellesly, 1st Duke of Wellington', 'Lord Wellington', 'Duke of wellington', 'Baron Douro', 'Arthur Wellesly', 'Duke Wellington', 'Marquis of Torres Vedras', 'The Duke of Wellington', 'Marquess of Torres Vedras', 'Duke of Vitoria', 'Duke of Wellington Arthur Wellesley', 'Arthur Wellesley, First Duke of Wellington', 'Arthur Wesley', 'Marquess of Wellington', 'Conde de Vimeiro', 'Count of Vimeiro', 'Marquês de Torres Vedras', 'Duque da Vitoria', 'Viscount Wellington', 'Arthur Wellesley, 1st Duke of Wellington', 'Duke of Wellington Great Duke', 'Marques de Torres Vedras', 'Earl of Wellington', '1st Duke of Wellington']", Arthur Wellesley,0.7871325612068176,0,0,0
3575,Answer the question concisely. Q: What is another name for shingles? A:,"['Disseminated herpes zoster', 'Isotopic response', 'Disseminated shingles', 'The shingles', 'Zoster', 'Shingles', 'Inflammatory skin lesions following zoster infection', 'Herpes Zoster', 'Mandibular zoster', 'Trigeminal zoster', 'Zoster sine herpete', 'Herpes zoster']", herpes zoster,0.8868963122367859,0,0,0
3577,Answer the question concisely. Q: What is the name given to a distinguishing device stamped into the substance of a sheet of paper when it is wet? A:,"['Watermarked', 'Unwatermarked', 'Dandy roll', 'Watermark', 'Spread Spectrum Watermarking', 'Watermarks']", watermark,0.7864211201667786,0,0,0
3581,Answer the question concisely. Q: Which seabird that ranges widely in the Southern Ocean and the North Pacific has the largest wingspan of any existing birds? A:,"['אלבטרוס', 'Albatross', 'Diomedeidae', 'Goonie bird', 'Goony bird', 'Albatrosses', 'Giant Albatross']", Wandering albatross,0.3926442265510559,1,0,0
3598,"Answer the question concisely. Q: What was the name of Sir Fred Hoyles theory, an alternative to the Big Bang, that said that there was continuous creation of matter between galaxies, so that as galaxies get further apart, new ones develop between them? A:","['Steady state concentration', 'Steady-state', 'Steady-state condition', 'Steady State (Thermodynamics)', 'Steady state', 'Steady State']", Steady state theory,0.6351924538612366,0,1,1
3615,"Answer the question concisely. Q: Who, after marrying in 1791, and living in Naples, became the mistress of Lord Nelson, having his child, Horatia, in 1803? A:","['Lady Hamilton Emma', 'Lady Emma Hamilton', 'Lady Hamilton', 'Emma Lyon', 'Emma Hamilton', 'Emma Hart', 'Emma, Lady Hamilton']", Emma Hamilton,0.9162532091140747,0,0,0
3624,Answer the question concisely. Q: What traditional sport was banned in Britain in 2004? A:,"['Fox-hunter', 'Whippers-in', 'Whipper in', 'Fox Hunting', 'Master of the Hounds', 'Fox hunter', 'Fox-hunt', 'Master of Foxhounds', 'Whippers in', 'Foxhunt', 'Beasts of the chase', 'Whippersin', 'Hunting with hounds', 'Fox hunt', 'Hunt follower', 'Whipper-in', 'Fox-hunting', 'Whipperin', 'Fox Hunt', 'Fox hunting', 'Master of Fox Hounds', 'Fox hunters', 'Foxhunting']", cockfighting,0.2522367835044861,1,1,1
3626,"Answer the question concisely. Q: Which river begins in the Rocky Mountains in south-west Colorado, crosses New Mexico and forms the border between Mexico and the USA before reaching the Gulf of Mexico? A:","['Rio Grande del Norte', 'Río Grande', 'Rio Bravo del Norte', 'Rio Grande River', 'Rio Grande', 'Rio Grande river', 'The Rio Grande', 'Rio Grande River (United States and Mexico)', 'Río Bravo', 'Río Bravo del Norte']", Rio Grande,0.9182348251342773,0,0,0
3651,"Answer the question concisely. Q: Which island has belonged to Carthage, Rome, the Saracens, the King of Aragon, the Dukes of Savoy, United Italy under Victor Emmanuel and was granted autonomous government in 1947? A:","['Sardic', 'Sardinia', 'Sardegna', 'Sardinia (Italy)', 'Sardigna', 'Sardinia in the Middle Ages', 'Sɑrˈdɪnɪə', 'Sardinia, Italy']", Sardinia,0.9001413583755493,0,0,0
3664,"Answer the question concisely. Q: ""From which sport do we get the expression """"par for the course""""?"" A:","['Scramble (golf)', 'GOLF', 'Golf Conditioning', ""Men's Golf"", '🏌', 'Golf Tournament', 'Golf', 'Duffed', 'Scotch foursomes', 'Texas scramble', 'Golfing', 'Golf tournament', 'Golf (Sport)', 'Golf technology', 'Golfer', 'Golf conditioning', 'The Development of Golf Technology', 'Duffs']", golf,0.6447793841362,0,0,0
3676,"Answer the question concisely. Q: A 2 stroke engine, used in such devices as chainsaws, is fuelled by a mixture of petrol and what other liquid? A:","['Oily', 'Oil', 'ATCvet code QA06AG06', '🝆', 'Oil (liquid)', 'Heat transfer oil', 'Fixed oils', 'Petro', 'Oils', 'ATC code A06AG06', 'Thermal oil', 'Diathermal oil', 'Heat-transfer oil']", oil,0.6577070951461792,0,0,0
3677,Answer the question concisely. Q: The peaceful overthrow of the government in Czechoslovakia in 1989 was known as what? A:,"['Nežná revolúcia', 'Czechoslovakian Revolution', 'Nezna revolucia', 'Sametova revoluce', 'Velvet Revolution', 'Nezna Revolucia', 'Czechoslovak Revolution', 'Czech Revolution of 1989', 'Sametova Revoluce', 'Gentle Revolution', 'Slovakian Revolution', 'The Velvet Revolution', 'Czechoslovakian Revolution of 1989', 'Slovak Revolution', 'Czecho-Slovakian Revolution', 'Czechoslovak Revolution of 1989', 'Czech Revolution', 'Czecho-Slovak Revolution of 1989', 'Czecho-Slovak Revolution', 'Slovak Revolution of 1989', 'Czecho-Slovakian Revolution of 1989', 'Sametová revoluce', 'Velvet revolution']", Velvet Revolution,0.9273157715797424,0,0,0
3678,"Answer the question concisely. Q: At the time of her construction in 2003, what was the longest, widest, tallest, largest passenger ship ever built? A:","['Mary II', 'Queen Mary II (disambiguation)', 'Queen mary ii', 'Queen Mary II', 'Mary II (disambiguation)', 'Mary the Second']", Queen Mary 2,0.7820304036140442,0,0,1
3695,Answer the question concisely. Q: What is the name of the golf trophy for competition between teams of professional golfers from Europe and the USA that was first contested between Great Britain and the USA in 1927? A:,"['Ryder Cup Matches', 'Rider cup', 'The Ryder Cup', 'Ryder cup', 'Ryder Cup']", The name of the golf trophy for competition between teams of professional golfers from Europe and the USA that was first contested between Great Britain and the USA in 1927 is the Ryder Cup.,0.3416694402694702,1,0,0
3726,"Answer the question concisely. Q: What is the third largest port of Belgium, accessed by a canal 200 metres (660 feet) wide and 32 kilometres (20 miles) long, which ends near the Dutch port of Terneuzen? A:","['UN/LOCODE:BEGNE', 'Ghent', 'Belgium Ghent', 'Gent, Belgium', 'Ghent, Belgium']", Zeebrugge,0.23047277331352234,1,1,1
3728,Answer the question concisely. Q: What is the term for the reddish-brown hydrated oxide formed on iron? A:,"['Rusted', 'Rust (iron oxide)', 'FEO3', 'Rust removal', 'Chemistry rust', 'Rusting', 'Rusts', 'Rust']",,0.16162577271461487,1,1,1
3730,"Answer the question concisely. Q: As what are Jeff Ement, Matt Cameron, Mike McCready and Eddie Vedder collectively known? A:","[""America's Greatest Rock and Roll Band"", 'Olé (song)', 'List Pearl Jam songs covered by others', 'Pearljam', 'Pearl Jam (band)', 'Pearl jam', 'List of Pearl Jam songs covered by others', 'Pearl Jam']", Pearl Jam,0.9279075860977173,0,0,
3731,"Answer the question concisely. Q: During his visit in May 2009, the Pope was urged to complain about the state of what landmark between Israel and Jordan? A:","['Nahr Al-Urdun', 'Yardein', 'Jordan River (symbolic)', 'Jordan River', 'Jordan River Valley', 'The Jordan', 'Jordan river', 'River jordon', 'Ha-Yarden', 'Jordan (river)', 'River Jordan', 'The River Jordan', 'Jordan river Valley', 'Jordan River (symbolism)']", The Dead,0.12974771857261658,1,1,1
3734,Answer the question concisely. Q: What is the name for the 225 million years that it takes the sun to go around the galaxy? A:,"['Cosmic year (disambiguation)', 'Cosmic year (astronomy)', 'Cosmic year']", galactic year,0.39121460914611816,1,0,0
3761,"Answer the question concisely. Q: ""Which 16th century Venetian, born Jacopo Robusti, studied under Titian and painted """"St George and the Dragon"""", """"Belshazzar's Feast"""", """"The Last Supper"""" and """"Paradise""""?"" A:","['Tintoretto, Il', 'Jacobo Robusti', 'Jacopo Tintoretto', 'Tintoretto', 'Jacopo Robusti', 'Tintoret', 'Little Dyer', 'Il Tintoretto']", Tintoretto,0.9616767168045044,0,0,0
3768,"Answer the question concisely. Q: Where, since 1839, is the Grand National Steeplechase run over 4 1/2 miles in England in March? A:","['Aintree railway stations', 'Aintree', 'Aintree Village', 'Aintree Village, Merseyside']", Aintree,0.9230003356933594,0,0,0
3771,"Answer the question concisely. Q: Which film, directed by David Lean and starring John Mills, opens with an escaped convict grabbing hold of a boy in a graveyard? A:","['Herbert Pocket', 'Great Expectation', 'Jaggers', 'Great Expectations plot details', 'Great Expectations', 'Joe Gargery', 'Bentley Drummle', 'Great expectations', 'Mrs joe']", The Bridge on the River Kwai,0.16333484649658203,1,1,1
3787,Answer the question concisely. Q: Which half of a comedy duo was born in Lancashire in 1895? A:,"['Arthur Stanley Jefferson', 'Stan Laurel', 'Stanley Laurel', 'Arthur Jefferson']", Stan Laurel,0.9326047897338867,0,0,0
3821,"Answer the question concisely. Q: Which British comedy-drama series (1979 to 1994) starred George Cole as Arthur Daley, an unscrupulous importer-exporter, wholesaler, and used-car salesman and Dennis Waterman as Terry McCann, his bodyguard? A:",['Minder'], The Likely Lads,0.062455058097839355,1,1,1
3839,"Answer the question concisely. Q: In which sport did Olympic gold medallists Roger Ducret, Lucien Gaudin, Laura Flessel-Colovic, Gaston Alibert, Pascale Trinquet, Christian d'Oriola, Jehan Buhan and Albert Robert Ayat represent France? A:","['European Fencing', 'Modern fencing', 'Sword Training', 'Épéeist', 'Fencing', 'Swordplay', 'AFL fencing', 'Olympic Sport of Fencing', 'Fencing instructor', 'Electric fencing (fencing)', 'Swordplayer', 'Epeeist', 'Fencing (sport)', 'Olympic fencing', 'Sport fencing', 'Foilist']", swimming,0.27907925844192505,1,1,1
3843,Answer the question concisely. Q: What is the thick watery substance filling the space between the lens and the retina of the eye? A:,"['Vitrious humor', 'Vitreous Humour', 'Vitreous humour', 'Vitrious humour', 'Vitreous humor', 'Vitreous fluid', 'Vitreous body']", vitreous humor,0.8751572370529175,0,0,0
3851,"Answer the question concisely. Q: Generals Gallieni, Manoury, Joffre, French, von Kluck, von Blow and von Moltke were involved in which battle that stopped the German advance in 1914 during World War I? A:","['Battle Of The Marne', 'Battle of the marne', 'Battle of the Marne', 'The Battle Of The Marne', 'Marne, Battle of the', 'Battles of the Marne', 'Battle of the Marne (disambiguation)', 'Battles of the Marne (disambiguation)', 'Battle of Marne']", Battle of Marne,0.9003770351409912,0,0,0
3857,"Answer the question concisely. Q: ""What entertainment venue in New York City's Rockefeller Center, nicknamed """"the Showplace of the Nation"""", opened to the public in December 1932?"" A:","['RCMH', 'Radio City Music Hall', 'International Music Hall']", Radio City Music Hall,0.8955283164978027,0,0,0
3874,"Answer the question concisely. Q: ""Which Italian nobel prize winner (1934) wrote novels such as """"Mal Gioconda"""" and switched to writing plays in 1910?"" A:","['Pirandello', 'Luigi Pirandello']", Luigi Pirandello,0.9572880268096924,0,0,0
3875,"Answer the question concisely. Q: What is the common name for Hydrocephalus, a pathological condition whereby fluid is retained within the skull? A:","['Hydrocephalic', 'Communicating hydrocephalus', 'Hydrocephalia', 'Congenital hydrocephalus', 'Hydrocephallus', 'Hydroencephalitis', 'Hydrocaphlus', 'Hydrocephalus', 'Obstructive hydrocephalus', 'Hydrocephalus, obstructive', 'Water in the brain', 'Hydrocephlas', 'Non-communicating hydrocephalus', 'Hydrocephaly', 'Hydrocephalous', 'Water on the brain']", Water on the brain,0.9136711955070496,0,0,0
3888,"Answer the question concisely. Q: What fictional Chinese-American detective, created by Earl Derr Biggers in 1923 for a novel published in 1925, was the subject of over 45 films made between 1926 and 1981? A:","['Charlie Chan', 'Number One Son', 'Birmingham Brown', 'Charley Chan']", Charlie Chan,0.9191545844078064,0,0,0
3915,"Answer the question concisely. Q: ""What is the setting for the Alfred Hitchcock film """"The Birds""""?"" A:","['Bodega Bay, CA', 'Bodega Bay, California']"," Bodega Bay, California",0.9460276365280151,0,0,0
3920,"Answer the question concisely. Q: Who, the illegitimate son of a peasant girl, was educated in the studio of a Florentine painter, spent much of his early working life in the service of Ludovico il Moro in Milan, worked in Rome, Bologna and Venice, and spent his final years in France at the home given to him by King Franois I? A:","['Leonard da Vinci', ""Leonardo da Vinci's workshop"", 'Leonardo di Ser Piero da Vinci', 'Da Vinci', 'Leonardo de Vinci', 'Leonardo daVinci', 'Leonardo Da Vinci', 'Leonardo Davinchi', 'Da Vincian', 'Leonardo di ser Piero da Vinci', 'Vinci, Leonardo di Ser Piero da', 'DaVinci', 'Leonardo Davinci', 'L. Da Vinci', 'Caterina Buti del Vacca', 'The Great Lenardo', 'Leonardo da Vinci', 'Leonardo De Vinci', 'Leonardo DaVinci', 'Leonardo da Vinci Notebooks', 'Leonardo da Vinci (personal life)', 'Léonard de Vinci', 'Davinci', 'Leonardo da Vinchi', 'Léonardo Da Vinci', 'LdV', 'Leonardo da vinci', 'Leonard de Vinci', 'Leonardo Da Vinchi', 'Leonardo Di Vinci', 'Leo da vinci', 'The Great Leonardo', 'Leanardo da vinci', 'Da vinci']", Leonardo da Vinci,0.8934335708618164,0,0,0
3934,"Answer the question concisely. Q: As at 2010, which team had played the most seasons of professional baseball games without winning the World Series, with their last win in 1908? A:","['Chicaco Cubs', 'Take Me Out To A Cubs Game', 'Chicago Orphans', 'Chicago CUbs', 'Chicago Cubbies', 'The Cubbies', 'Chicago National League Club', 'The Chicago Cubs', 'The cubs', 'Chicago Cubs', 'Take Me Out to a Cubs Game', 'List of Chicago Cubs captains', 'Chicago cubs', 'Chicago Colts', 'Chicago Cubs (sports)', 'Chicago National League Ball Club', 'The Chicago Cubbies', 'Cubs (baseball)', 'Pat and Ron Show', 'Lovable Losers']", Chicago Cubs,0.8740230798721313,0,0,0
3939,"Answer the question concisely. Q: In which sport did Andre Agassi's father Mike Agassi compete in the 1948 and 1952 Olympics, represented Iran? A:","['Prize fight', 'Prize fighting', 'Fistfighting', 'Corner men', 'Corner persons', 'Prize-fighter', 'Noble art', 'Boxing', 'Sports boxing', 'Western boxing', 'English boxing', 'Boxing match', 'Fistfight', 'Cornermen', 'Prizefighter', 'Low guard', 'Boxing (sport)', 'Boxing moves', 'Corner-man', 'Cornerpersons', 'Pugilism', 'Corner-person', 'Fist fight', 'Boxing punches', 'Round (boxing)', 'Pugilist', 'Boxer', 'Fist-fighting', ""Gentleman's sport"", 'Fist-fight', '拳闘', 'Cornerperson', 'Prizefights', 'History of professional boxing', 'Corner-persons', 'Fist fighting', 'Prize fighter', 'Boxers', 'Parrying (boxing)', 'History of boxing', 'Fist Fighting', 'Prize Fighter', 'Pugilistic', 'Corner-men', 'Corner person', 'Ring second', 'Hit and Away', 'Boxing Styles and Techniques']", tennis,0.33537280559539795,1,1,1
3943,"Answer the question concisely. Q: What genus of flowering plants, native to an area from Brazil to Peru to southern Argentina discovered in 1768 by French botanist Philibert Commeron, is a thorny, woody vine reaching from 1 to 12 metres tall by growing over other plants with hooked thorns tipped with a black, waxy substance? A:","['Bougonvillea', 'Bourgonvilla', 'Bogenvilla', 'Bougainvilleas', 'Bourgonvillea', 'Bougainvillaea', 'Boganveelia', 'Veranera', 'Bougainvillea', 'Bouganvillea', 'Bouganvelia', 'Bougainvilla', 'Bourganvilla']", Bougainvillea,0.9713680148124695,0,0,0
3947,"Answer the question concisely. Q: Geoff Capes, twice the world's strongest man, won 2 Olympic Games gold medals in which sport? A:","['Shotputter', 'Shot putter', 'Shot Putt', 'Shot-put', 'Shot Put', 'Shot putt', 'Shot put', 'Shotput', 'Shot putting']", weightlifting,0.1945723444223404,1,1,1
3951,"Answer the question concisely. Q: ""Someone who deprives themselves of sleep is said to be """"burning the ... what ... at both ends""""?"" A:","['List of candle types', 'Candles', 'Candlemaking', 'Pillar candle', 'Candel', 'Candle use', '🕯', 'Candle', 'Chandler (profession, candles)', 'Carved candles', 'Candlemaker', 'Scented candles']", midnight,0.1280914843082428,1,1,1
3952,"Answer the question concisely. Q: ""Which organisation runs the undergraduate college in Annapolis, Maryland, USA, that is known as """"The Academy""""?"" A:","['U.S.Navy', 'U. S. Navy', 'USN', 'America Navy', 'Armada de los Estados Unidos de America', 'CortDiv', 'US Navy', 'Navy (US)', 'U.S.N.', 'The United States Navy', 'USA Navy', 'U.S. navy', 'ComCortDiv', 'CortRon', 'American Navy', 'Member of The United States Navy', 'U.S. Naval', 'COMCORTRON', ""America's Navy"", 'United States NAVY', 'U.S Navy', 'The US Navy', 'Navy of the United States', 'Recruitment in the United States Navy', 'CORTRON', 'American navy', 'United States navy', 'US navy', 'ComCortRon', 'Escort division', 'Us navy', 'Navy.mil', 'Armada de los Estados Unidos', 'United States Navy', 'Escort Squadron', 'Armada de America', 'U. S. Naval Officer', 'United States of America Navy', 'Escort Division', ""U.S. Navy's"", 'USA N', 'U S Navy', 'U.S. Navy']", United States Naval Academy,0.5502362847328186,0,1,1
3959,Answer the question concisely. Q: What name is given to the syndrome which involves a delusion that the affected person can transform or has transformed into an animal? A:,"['Clinical Lycanthropy', 'Lycanthropy (clinical)', 'Zoanthropy', 'Clinical lycanthropy']", Animal metamorphosis syndrome,0.16358084976673126,1,1,1
3963,Answer the question concisely. Q: The island called Martha's Vineyard off the south of Cape Cod in New England is in which state of the USA? A:,"['Masachusetts', 'Masshole Commonwealth', 'Massachusetts (state)', 'Massachusetts culture', 'Massachusetts, United States', 'Masachussetts', 'Commonwealth of Masachusetts', 'The Bay State', 'Commonwealth of Masachussets', 'Culture of Massachusetts', 'Commonwealth of Massachusetts', 'MA (state)', 'Massechusetts', 'Commonwealth of Masachusets', 'Commonwealth of Massachussets', 'Religion in Massachusetts', 'Masschusetts', 'Masachussets', 'Commonwealth of Massachussetts', 'Massachusetts', 'Transport in Massachusetts', 'Massachusite', 'Economy of Massachusetts', '6th State', 'Massitchusits', 'Massachsuetts', 'Commonwealth of Masachussetts', 'The Commonwealth of Massachusetts', 'Massachussets', 'Massachus', 'Massechussets', 'Transportation in Massachusetts', 'Massachusets', 'Masachusets', 'Mass.', 'Massachusetts state', 'Sixth State', 'Massachusites', 'Massacheusetts', 'Most Serene Commonwealth of Massachusetts', 'US-MA', 'Commonwealth of Massachusets', 'Massachussetts', 'Massachusetts (U.S. state)', 'Taxachusetts', 'State of Massachusetts', 'Massachusettes', 'Massachusettsan', 'Education in Massachusetts']", Massachusetts,0.7735929489135742,0,0,0
3964,"Answer the question concisely. Q: In 1848, Mexico ratified the Treaty of Guadalupe Hidalgo, officially ceding what to the USA? A:","['Land mass', 'Dry land', 'Land', 'Landmass', 'Lands']"," California, Nevada, Utah, most of Arizona, and parts of New Mexico, Colorado, and Wyoming",0.16231057047843933,1,1,1
3971,Answer the question concisely. Q: Where was the first competition named the FIFA Club World Cup held in 2006? A:,"['日本國', 'State of Japan', 'Ja-pan', 'Nihon', 'Nippon', 'Japang', 'Modern–era Japan', 'Etymology of Japan', 'Japan (country)', 'Republic of Japan', 'Japanese financial sector', 'Nihon-koku', 'ISO 3166-1:JP', '日本', 'Japian', 'Japan', 'JapaN', 'The State of Japan', 'Riben', 'Nippon-koku', 'JPN', 'Jpan', 'Rìběn', '日本国', 'Japao', 'JAPAN', 'Japoa', '🗾']", Japan,0.7419753670692444,0,0,0
3981,"Answer the question concisely. Q: ""What is a """"white dwarf""""?"" A:","['Stellar diameter', 'Intermediate mass stars', 'Massive star', 'Stellum', 'Star', 'Star fission', 'Wishstar', 'Intermediate mass star', 'End of the Sun', 'Stellar radius', 'Stars', 'Intermediate star', '🌟']"," A white dwarf is a type of star that is very dense and hot, like a tiny, hot ball. It's what a star becomes when it runs out of fuel and gets smaller",0.27138590812683105,1,1,1
3985,"Answer the question concisely. Q: Set up in 1954 as a merger of smaller groups, the Front de Libration Nationale fought a war for independence from France until 1962, when the French government signed a cease-fire agreement. The FLN became the only legal party in which country? A:","['Popular Democratic Republic of Algeria', 'AlgeriA', 'Name of Algeria', ""Algerian People's Democratic Republic"", 'Al-Jumhūrīyah al-Jazā’irīyah', 'الجزائر', 'Algeria country', 'Algerie', 'ISO 3166-1:DZ', 'Algeria', 'Algerian Peoples Democratic Republic', 'Dzayer', 'Administrative divisions of Algeria', 'People’s Democratic Republic of Algeria', ""People's Democratic Algerian Republic"", 'Ad-Dīmuqrāṭīyah ash-Sha’bīyah', 'Subdivision of Algeria', ""Al Jumhuriyah al Jaza'iriyah ad Dimuqratiyah ash Shabiyah"", 'Subdivisions of Algeria', 'Algérie', 'Etymology of Algeria', 'Algerian State', 'République algérienne démocratique et populaire', 'Republic of Algeria', ""People's Republic of Algeria"", 'Algery', ""Al-Jumhuriyah al-Jaza'iriyah"", ""People's Democratic Republic of Algeria"", 'الجمهورية الجزائرية الديمقراطية الشعبية', ""Ad-Dimuqratiyah ash-Sha'biyah""]", Algeria,0.7729284763336182,0,0,0
3987,Answer the question concisely. Q: What character created by Robert Ludlum appeared in a film trilogy released between 2002 to 2007? A:,"['Jason Bourne', 'Bourne trilogy', 'Medusa (Bourne Series)', 'Bourne Trilogy', 'Bourne franchise', 'Bourne series', 'Jason Bourne (character)', 'The Bourne Trilogy', 'The Bourne Ascendancy', 'Operation Treadstone', 'Bourne Series', 'Jason Charles Bourne', 'Bourne (series)']", Jason Bourne,0.9036840200424194,0,0,0
4002,"Answer the question concisely. Q: June Middleton, of Melbourne, Australia, who died aged 83 in 2009, was in the Guinness Book of Records for spending the most time in what? A:","['Negative pressure ventilator', 'Drinker respirator', 'Iron lung', 'An iron lung', 'Iron Lung']",,0.17537589371204376,1,1,1
4009,"Answer the question concisely. Q: ""Whose autobiography """"Going Rogue"""" was published in 2009?"" A:","['Sarrah Palin', 'Governor Palin', 'Trig Van Palin', 'Sara palen', 'Governor Sarah Palin', 'Sarah paylin', 'Piper Palin', 'Sarah Palyn', 'Sara palin', 'Sarah Palin election', 'Sarah palen', 'Gov. Sarah Palin', 'Sarah Palin', 'Sarah palyn', 'Sarah Louise Heath Palin', 'Sara Palin', 'Sara Pallin', 'Serra paylin', 'Willow Palin', 'Sarah L. H. Palin', 'Sarah palin', 'Sara palyn', 'Trig Paxson Van Palin', 'Track Palin', 'Sarah Louise Heath', 'Sarah Heath', 'Sarah Barracuda', 'Gov. Palin', 'Sarahpalin', 'Sarah Heath Palin', 'Sarah Louise Palin', 'Palin 2012', 'Trig Van Palen', 'Trig Palin', 'Sara Palyn', 'Sarah H. Palin', 'S Palin']", Sarah Palin,0.9452235698699951,0,0,
4011,"Answer the question concisely. Q: Cricketer W G Grace, who played first-class cricket from 1865 to 1908, also captained England from 1903 to 1908 in what other sport? A:","['Crown-green bowls', 'Lawn Bowls', 'Lawn bowls classification', 'Crown bowls', 'Lawn bowler', 'Lawn bowls', 'Flat-green bowls', 'Bowls', 'Lawn bowl', 'Jeu de boules', 'Bowling club', 'Bowls (sport)', 'Lawn bowling', 'Lawn Bowler']", football,0.2623476982116699,1,1,1
4013,"Answer the question concisely. Q: In the 16th century, which explorer began and led the first known successful circumnavigation of the earth? A:","['Fernão de Magalhães', 'Magellan, Ferdinand', 'Fernao de Magalhaes', 'Ferdinand mangellan', 'Martino de Judicibus', 'Ferdinand magellasn', 'Fernao Magalhaes', 'Fernao de Magelhaens', 'Ferdinand magellan', 'Fernando Magallanes', 'Ferdinand Magellen', ""Magellan's voyage"", 'Ferdinand Magellan', 'Hernando de Magallanes', 'Fernando de Magallanes']", Ferdinand Magellan,0.9312311410903931,0,0,0
4020,Answer the question concisely. Q: What country is the world's largest producer of Tobacco? A:,"[""Chinese People's Republic"", 'China (Peking)', 'The prc', 'Socialist China', 'Chinese PR', 'PRoC', 'PRC', ""China's"", 'P. R. of China', ""People's Republic Of China"", ""The People's Republic of China"", 'China', 'Territorial disputes of China', 'China PRC', ""People's repuublic of china"", 'China (PRC)', ""China (People's Republic)"", ""People's Republic of China (Mainland China)"", 'Zhonghua Renmin Gonghe Guo', ""People' Republic of China"", 'Prc', ""People's republic of china"", ""People' s Republic of China"", 'P.R. of China', ""China, People's Republic of"", 'Chung-Kuo', 'P.R.C.', ""The people's republic of china"", 'Zhong Guo', 'Peoples republic of China', 'Red China (modern)', 'Chung-kuo', 'The PRC', 'Zhonghuarenmingongheguo', 'State of China', 'Zhonghuá rénmín gònghéguó', '中国', 'Peoples republic of china', 'P.R.China', ""People's Republic or China"", 'Zhonghua Renmin Gongheguo', ""China, the People's Republic of"", 'Nation of China', 'People’s Republic of China', 'China, PRC', 'Zhōnghuá Rénmín Gònghéguó', 'Modern day China', 'Peoples Republic of China', 'PROC', '中华', 'Chaina', 'Zhongguo', 'Homes in china', ""People's republic of China"", 'Zhōngguó', 'Sinic', 'China PR', 'PRC (China)', '中國', 'Jhongguó', 'Red Chinese', ""(The People's Republic of) China"", 'The People’s Republic of China', 'China (Republic : 1949- )', 'CHINA', ""China People's Republic"", 'Pr china', 'P.r. of china', 'Chungkuo', 'ISO 3166-1:CN', 'Land of China', 'Zhonghua renmin gongheguo', 'P.R. China', 'Zhongguó', '中华人民共和国', 'PRChina', '中華', 'PR of China', '中華人民共和國', 'Pr of c', 'Cihna', 'Communist China (modern)', 'P. R. China', ""People's Republic of China (PRC)"", ""Peoples' Republic of China"", 'The Peoples Republic of China', ""People's Republic of China"", 'Pr of china', 'PR China', 'P.R. of CHINA']", China,0.7289910912513733,0,0,0
4023,Answer the question concisely. Q: Prince Charles founded what organisation in 1976 to help young employed people? A:,"['The Princes Trust', ""Prince's Trust Team"", ""The Prince's Trust"", 'The Prince’s Trust', ""The Prince's trust"", 'Princes trust', ""Prince's Youth Trust"", ""Prince's trust"", 'Celebrity Cookbook', ""Prince's Trust""]", Prince Charles founded the Prince's Trust in 1976 to help young employed people,0.44458723068237305,1,1,0
4024,Answer the question concisely. Q: Whose armies were defeated at the Battle of Waterloo in 1815? A:,"['Napoleon Buonaparte', 'Napolean bonapart', 'Bonaparte', 'Napoleonist', 'Napoleon Boneparte', 'Le petit caporal', 'Napoleaon', ""Napolen's coup"", 'Napoleone Bonaparte', 'Age of Napoleon', 'Napoléon Buonaparte', 'Napoleón', 'Emperor Napoleon', 'Napoleon the Great', 'Napoleon I of France', 'Napoleon I of France bibliography', 'Napoléon', 'Napolean Bonapart', 'Napoléon I, Emperor of the French', 'Napolean Bonaparte', 'Napoleon Bonapart', 'Napeoleon', 'Napolean bonarparte', 'Emperor Napoleon I', 'Napolean', 'Napoleon Bonaparte', 'Napoloen', 'Emperor of France Napoleon I', 'Napoleon I Bonaparte', 'Napoleone Buonaparte', 'Napoleon bonaparte', 'Napolian', 'Napoléon Bonaparte', ""Napoleon's"", 'Napoleonic', 'Napoleon I, Emperor of the French', 'Jupiter Scapin', 'Nepolian', 'Napoleon I of the French', 'Little Corporal', 'Napoleon I of Italy', 'Napoleon bonepart', 'Napoléon I', 'Armed Soldier of Democracy', 'Napoleon I the Great of the French bibliography', 'Napoleon i of france', 'Napoleon i of france bibliography', 'Napoléon I of France', ""Napoleon's height"", 'Napoleon Ier', 'Napoleon I', 'General Bonaparte', 'Napoleone di Buonaparte', 'Napoleón Bonaparte', 'Général Bonaparte', ""Jean d'Epee"", 'Napoleon', 'Napoleon I of the French bibliography', 'Napoleon Emperor of France', 'Boneparte', 'Napoleon of France', 'Napoléon Ier', 'Napoléon I Bonaparte']", Napoleon Bonaparte's armies were defeated at the Battle of Waterloo in 1815.,0.335121750831604,1,0,0
4033,Answer the question concisely. Q: Which island is famous for its carved stone statues? A:,"['Chilean Polynesia', 'Isla De Pascua', 'Te-Pito-O-Te-Henua', 'Government of Easter Island', 'Culture of Easter Island', 'Geography of Easter Island', 'Ecology of Easter Island', 'Geology of Easter Island', 'Ahu (Easter Island)', 'Easter Islands', 'Easter Isle', 'Isla de Pascua', 'Luz Zasso Paoa', 'Easter Island', 'Rapa Nui', 'Climate of Easter Island', 'Demographics of Easter Island', 'Easter island', 'Transport in Easter Island', 'Rapa nui', 'Paasch-Eyland', 'Isla de Pascua Province', 'Rapa Nui and Sala-y-Gomez subtropical broadleaf forests', 'Paasch Eyland', 'Easter Islanders', 'Big Rapa', 'Easterisland']", Easter Island,0.9105358719825745,0,0,0
4034,"Answer the question concisely. Q: In November 2010, Genoveva Aonma and sisters Bilguissa Simpor and Salimata Simpor of which national women's soccer team were accused by newspapers in Nigeria and Cameroon of being men, not women? A:","['GNQ', 'Equatorial Guineau', 'Equatorial guinea', 'Guinea Ecuatorial', 'Guinée Équatoriale', 'Sport in Equatorial Guinea', 'Guinea Equatoriale', 'Equatorial Guinean', 'Equitorial Guinea', 'GEQ', 'Equatoguineans', 'Guinee Equatoriale', 'Equatorial Guinée', 'Equatoguinean', 'Guiné Equatorial', 'Guine Equatorial', 'Guinée équatoriale', 'Administrative divisions of Equatorial Guinea', 'EqG', 'Equatorial Guniea', 'Guinea Équatoriale', 'Equatorial Guineans', 'Eqguin', 'Equatoguinea', 'Guinee equatoriale', 'Republic of Equatorial Guinea', 'Eq. Guinea', 'Equatorial Guinee', 'EQG', 'Guinea Equatorial', 'Equitoreal guinea', 'Equatorial Guinea', 'ISO 3166-1:GQ', 'Equatorial guiniea']", The national women's soccer team accused of being men in November 2 2 2 2 2 2 2 2 2 2 2 2 2 2 2 2 2 2 2 2 2 2 2 2 2 2,0.14995598793029785,1,1,1
4036,"Answer the question concisely. Q: Which company was founded by Bill Gates and Paul Allen in Albuquerque, New Mexico, on 4 April 1975 to develop and sell BASIC interpreters for a new microcomputer, the Altair 8800? A:","[""'Microsoft Corp"", 'Microsoft Canada', 'Mircosoft', 'Microsoft Inc', 'Micro soft', 'Microsoat', 'Microsoft corporation', 'MSoft', 'Office Corporation', 'Microsoft Connect', 'Microosft', 'Mickeysoft', 'Microsft', 'Microsoft connect', 'Windows Corporation', 'Microsoft, Inc.', ""Microsoft's"", 'Microsoft', 'MS Corp', 'AS8075', 'Micrasoft', 'Microsoft Inc.', 'MSN Corporation', 'Microcomputer software', 'Microsoft, Incorporated', 'Micro-soft', 'Microsfot', 'Microscam', 'MicroSoft Corporation', 'Microsoft Way', 'Microsoft arc Mouse', 'Microsoft.com', 'Blibbet', 'MICROSOFT', 'Microsoft logos', '.azure', 'Microsoft Corp', 'NASDAQ:MSFT', 'Microsoft Corp.', 'Aorato', 'Micro-Soft', 'Microsoft Incorporated', 'Mikrosoft', 'Micro Soft', 'Microsoft Corporation', 'Microsoft Ltd', 'Microsoft Visitor Center', 'Microsoft Corpration', 'WebsiteSpark', '.bing', 'Www.microsoft.com', 'MSLI', 'MicroSoft']", Microsoft,0.5797989964485168,0,0,0
4044,Answer the question concisely. Q: What is the substance that causes irritation from a sting by a nettle or an ant? A:,"['Metacarbonoic acid', 'Methanoic Acid', 'ATCvet code QP53AG01', 'Formic acid', 'Formic (acid)', 'Formic acids', 'Hydrogen carboxylic acid', 'CHOOH', 'Hydrogen formate', 'Hydrogencarboxylic acid', 'HCOOH', 'Methanoic acid', 'Formylic acid', 'Formic Acid', 'Aminic acid', 'Acid of ants', 'Methanaoic Acid', 'E236', 'HCO2H']", formic acid,0.6266177296638489,0,0,0
4050,"Answer the question concisely. Q: ""Sheep are aged by their teeth and are referred to by the number of permanent incisors that have erupted. About how old is an """"eight-tooth"""" or full-mouth sheep, which is also referred to as 'aged'?"" A:",['2 to 4 years'], 8 years old,0.3897213339805603,1,1,1
4057,Answer the question concisely. Q: The Battle of Balaclava was in which war? A:,"['Russo-Turkish War, 1853-56', 'War of Crimea', 'Crimean expedition', 'Crimea War', 'Crimean war', 'Crimean War', 'Crimean struggle', 'Paris Peace Conference, 1856', 'Baltic Campaign of 1854', 'Crimean War (1853)', 'Cremean War', 'Eastern War', 'Crim war', 'Russian War', 'The Crimean War', 'Baltic theatre of the Crimean War', 'Russo-Turkish War, 1853-1856', 'Oriental War']", Crimean War,0.9443827867507935,0,0,0
4091,"Answer the question concisely. Q: What is the minimum number of points needed to win a tiebreak in tennis, such as in the Hopman Cup for mixed doubles, on the ATP and WTA tours for doubles and sometmes in USTA league play? A:","['10', 'ten']", 7 points,0.13850559294223785,1,1,1
4103,"Answer the question concisely. Q: What was the name given to the largest alluvial gold nugget discovered by John Deason and Richard Oates at Moliagul, Victoria, Australia on 5 February 1869? A:","['Richard Oates', 'Welcome Stranger', 'John Deason', 'Welcome stranger', 'Welcome Stranger nugget']"," Welcome to the world of of the largest alluvial gold nugget discovered by John Deason and Richard Oates at Moliagul, Victoria, Australia on 5 February 1869. This remarkable discovery, which has since become a symbol of Australia's rich mining history, is known as the """,0.20934872329235077,1,0,0
4107,Answer the question concisely. Q: Whose birth and death are commemorated on the same day? A:,"['Shakspeare', 'W Shakespeare', 'The Bard of Avon', 'VVilliam Shakeᶘpeare', 'William Shakepeare', 'Shakespearean', 'Wm. Shakespeare', 'William shekspere', 'Shakespeare', 'William Shake-speare', 'VViliam shakespeare', 'Swan of Avon', 'VVilliam Shakeſpeare', 'Wiliiam shakespear', 'Billy Shakes', 'Shakespears', 'Shakespire', 'Shakespearian', 'Will Shakespeare', 'W. Shakespeare', 'Shakeſpeare', 'William Shakspeare', 'William Shakespeare', 'William Shakespear', 'Shakespare', 'William Shakespeare biography', 'Bill Shakespear', 'Shakespere', ""Shakespeare's"", 'Shakespearean theatre', 'William shakespare', 'Bill Shakespeare', 'Sheikh Zubeir', 'Shakespeere', 'William shakspeare', 'Shakesepere', 'William shakespeare', 'William Skakespeare', 'William Shakspere', ""Shakespeare's biography"", 'Shakesphere', 'Shakespeares', 'William shakesphere', 'Shake-speare', 'Shakespeare, Wm', 'William Shakespere', 'WilliamShakespeare', 'Shakspere, William', 'Willaim shakespear', 'Bard of Avon', 'Sweet Swan of Avon', 'Shakespearian Literature', 'Shakespeareana', 'Shake speare', 'Shakesepare', 'History of Shakespearan art', 'Gulielmus Shakspere', ""William Shakespeare's""]", Saint Valentine,0.16488206386566162,1,1,1
4112,Answer the question concisely. Q: What are muslin and chenille? A:,"['Textile', 'Textile fibre', 'Fabrically', 'Interlock cloth', 'Fabric', 'Cloth', 'Textiled', 'Yard goods', 'Fabricalities', 'Tray-cloth', 'Textiling', 'Rag (cloth)', 'Fabricality', 'Tray cloth', 'Cloths', 'List of textile-related topics', 'Textilers', 'Fabrical', 'Fabrics', 'Textiles', 'Textiler']", fabric,0.46304482221603394,1,0,0
4115,Answer the question concisely. Q: Actor Omar Sharif is one of the world's leading players of which game? A:,"['Bridges', 'Bridge railing styles', 'Bridge building', '🌉', 'Bridge abutments', 'Railroad Bridge', 'Railroad bridge', 'Road bridges', 'Bridge Building', 'Bridge (engineering)', 'Double-deck bridge', 'Railway bridges', 'Types of bridges', 'Railway bridge', 'Bridge (structure)', 'Bridge railing', 'Bridge railing style', 'Brigecraft', 'Road bridge', 'Bridgecraft', 'Bridge', 'Road Bridge', 'Bridge failure', 'Rail bridge', 'Railway Bridge', 'Bidge', 'Bridge failures']", chess,0.10979621857404709,1,1,1
4116,Answer the question concisely. Q: What is the favourite drink of a vampire? A:,"['Oxygen capacity', 'Hemochrome', 'Blood physiology', 'Human Blood', 'Oxygen consumption', 'Bloed', 'Oxygenated blood', 'Blude', 'Blood oxygen-carrying capacity', 'Blood', 'Oxygen delivery', 'Haemochrome', 'BLOOD', 'Oxygen-carrying capacity', 'Blood oxygen capacity', 'Blood composition', 'Transporting oxygen', 'Hemic', 'Blood stream', 'Bloodiness', 'Oxygen transport', 'The hematologic system', 'Blood-forming', 'Bl00d', 'Hematological', 'Human blood', 'DoolB']", blood,0.5912088751792908,0,0,0
4117,"Answer the question concisely. Q: Which Frenchman, who never learned to speak Swedish, became King Charles XIV John of Sweden and Norway? A:","['King Charles XIV', 'King Carl XIV Johan', 'Karl XIV', 'Charles xiv john of sweden', 'Charles XIV John', 'Carl III of Norway', 'John Bernadotte', 'King Charles XIV of Sweden', 'Karl III Johan of Norway', 'Charles III John', 'Carl Johan', 'Carl XIV John', 'Charles III Johan', 'Jean Baptiste Jules Bernadotte', 'Charles XIV Jean de Suède', 'Marshal Bernadotte', 'Jean Bernadotte', 'Carl XIV Johan', 'Carl XIV Johan of Sweden', 'King Charles III John of Norway', 'Charles Xiv', 'Sergent Belle-Jambe', 'Karl XIV of Sweden', 'Charles XIV of Sweden', 'Carl III Johan of Norway', 'Charles III John of Sweden', 'Charles III John of Norway', 'Charles III of Norway', 'Karl XIV Johan of Norway', 'King Charles III John', 'Carl III', 'King Charles XIV John', 'Charles XIV Jean de Suede', 'Carl XIV of Sweden', 'Charles XIV of Sweden and Norway', 'Charles John Bernadotte', 'Jean Baptiste Bernadotte', 'Charles XIV', 'Jean-Baptiste Bernadotte', 'Karl XIV Johan', 'King Karl XIV Johan', 'Charles XVI Johan of Sweden', 'Carl III Johan', 'Carl XIV John of Norway', 'Karl III Johan', 'Karl III', 'Charles XIV John of Sweden', 'Carl XIV', 'Jean-Baptiste Jules Bernadotte', 'Karl Johan', 'King Charles III of Norway', 'Karl III of Norway', 'Charles 14', 'Karl XIV Johan of Sweden', 'Carl XIV John of Sweden']", Jean-Baptiste Jules Bernadotte,0.9382733106613159,0,0,0
4118,Answer the question concisely. Q: What type of building is likely to have a minaret? A:,"['Mosqu', 'Masjids', 'مسجد', 'Masajid', '🕌', 'Islamic Center', 'Mosque/to do', 'Mosques', 'Mosque', 'Masǧid', 'Masgid', 'Mousqes', 'Mosgid', 'Masjid', 'Masajids', 'Masjed', 'Mosjid']", mosque,0.660679280757904,0,0,0
4129,"Answer the question concisely. Q: The Black Hawk War was for possession of lands east of the Mississippi. In which modern day state was the first confrontation, at Stillman's Run, on 14 May 1832, which resulted in a victory for Chief Black Hawk's Sauk and Fox warriors over the local militiamen commanded by Major Isaiah Stillman? A:","['Transportation in Illinois', 'Illionis', 'Demographics of Illinois', 'Illinois', '21st State', 'The Prairie State', 'Illinoid', 'Prairie State', 'State of Illinois', 'Rockford Academy', 'Religion in Illinois', 'Ill.', 'Illinois Ironmen', 'Twenty-first State', 'Illinios', 'Education in Illinois', 'IL (state)', 'Energy in Illinois', 'Illinois (state)', 'Twenty-First State', 'Land of Lincoln', 'Illinois, United States', 'Transport in Illinois', 'US-IL', 'Illinois (U.S. state)', 'Sports in Illinois', 'The Land of Lincoln', 'Illinoy', 'Illinoisan']", Wisconsin,0.30653607845306396,1,1,1
4130,"Answer the question concisely. Q: ""How is the title of Rossini's opera """"La Gazza Ladra"""" usually translated into English?"" A:","['The theivish magpie', 'La Gazza ladra', 'Thieving Magpie', 'Die diebische Elster', 'The thievish magpie', 'Giannetto', 'La gazza ladra', 'The Thieving Magpie', 'La pie voleuse', 'La Gazza Ladra', 'Gazza ladra']"," The title of Rossini's opera ""La Gazza Ladra"" is usually translated into English as ""The Thieving Magpie."" This opera is a famous Italian comic opera, composed by Gioachino Rossini in 1817. The original Italian title, ""La Gazza Ladra,"" refers to",0.3914623260498047,1,0,0
4141,Answer the question concisely. Q: What Scottish city is at the confluence of the rivers Dee and Don? A:,"['Aberdeen City', 'City of Aberdeen (council area)', 'City of Aberdeen, Scotland', 'Obar Dheathain', 'Scotland Aberdeen', 'Aberdonian', 'ABERDEEN', 'Aberdeen (Scottish city)', 'Aberdeen, Scotland', 'City of Aberdeen council area', 'Aberdeen City (council area)', 'Mile-End School', 'Aberdeen Scotland', 'City of Aberdeen', 'Retail in Aberdeen', 'Aberdeen (Scotland)', 'Burgh of Aberdeen', 'Aberdeen City Police', 'UN/LOCODE:GBABD', 'Aberdeen city', 'City of Aberdeen (local government district, Grampian region)', 'Skene Square Primary School', 'Aberdeen', 'Kingsford Primary School', 'Aberdeen City council area', 'Aiberdeen', 'Aberdeen (district)']", Aberdeen,0.7554729580879211,0,0,0
4162,Answer the question concisely. Q: What team does controversial quarterback Michael Vick play for in the National Football League in the USA? A:,"['Philly Eagles', 'Philidelphia Eagles', 'Philadelphia Eagles', 'Philadelphia eagles', 'Logos and uniforms of the Philadelphia Eagles', 'Philadelphia Eagles Honor Roll', 'Philadelphia Eagles 75th Anniversary Team', 'Eagles football', 'Iggles', 'Phila Eagles']", Philadelphia Eagles,0.8840341567993164,0,0,0
4163,Answer the question concisely. Q: Elvis Presley sang a few lines in German on which US hit song? A:,['Wooden Heart'], Blue Moon of Love,0.2297666072845459,1,1,1
4169,"Answer the question concisely. Q: What nickname was given to Ana Cumpna, also known as Anna Sage, who betrayed John Dillinger to the police when he attended the Biograph Theater in Chicago? A:","['The Lady in Red', 'Lady in Red', 'The Lady in Red (disambiguation)', 'The Lady in Red (film)', 'Lady in red']"," The nickname given to Ana Cumpna, also known as Anna Sage, who betrayed John Dillinger to the police when he attended the Biograph Theater in Chicago, is ""The Lady in Red."" This nickname was derived from the red dress she wore during the meeting with Dillinger, which made her easily recognizable",0.3192116618156433,1,0,0
4171,"Answer the question concisely. Q: ""Who wrote the piece of music recognised in much of the Western world as """"The Wedding March"""" (or as """"Here Comes The Bride"""")?"" A:","['Jacob Ludwig Felix Mendelssohn Bartholdy', 'Mendelssohn-Bartholdy', 'Felix Mendelssohn Bartholdy', 'Mendelsson Bartholdy', 'Mendelson', 'Mendellson', 'Felix Mendelsohn-Bartoldy', 'Felix Mendelssohn-Bartholdy', 'Jakob Ludwig Felix Mendelssohn-Bartholdy', 'Mendelssohnian', 'Mendelsson', 'Felix mandelssohn-bartholdy', 'Felix Mendelssohn Bartoldy', 'Ludwig Felix Mendelssohn Bartholdy', 'Felix Mendelson', 'Mendelssohn Bartholdy', 'Jakob Ludwig Felix Mendelssohn Bartholdy', 'Mendelssohn', 'Felix Mendelsohn', 'Felix Mendelssohn']"," The Wedding March, also known as ""Here Comes the Bride,"" is a piece of music composed by Felix Mendelssohn. It is recognized in much of the Western world as the traditional for weddings",0.2529141902923584,1,0,0
4191,Answer the question concisely. Q: Who was the first African American holder of the world heavyweight boxing title? A:,"['Jack Johnson', 'Jack Johnson (disambiguation)', 'Jack Johnson (footballer)', 'Jack Johnson (American football)', 'Jack johnson', 'Johnson, Jack']", Joe Louis,0.2553625702857971,1,1,1
4195,"Answer the question concisely. Q: Lloyd's of London, a British insurance and reinsurance market, began around 1688 in what kind of place? A:","['Coffee bar', 'Cofee-house', 'Coffee-house', 'Coffee House', 'Literary café', 'Coffee houses', 'Espresso bar', 'Café', 'Coffee shops', 'Coffee house', 'Cafes', 'Coffeehouses', 'Cafés', 'Coffee bars', 'Coffeeshops', 'Coffeehouse', 'Coffehouse', 'Expresso bar', 'Caffe bar', 'Cafe', 'Coffee lounge']", coffeehouse,0.8100186586380005,0,0,0
4203,Answer the question concisely. Q: Damascus is the capital of which country? A:,"['الجمهورية العربية السورية', 'Amorrhitis', 'سوريا', 'Sport in Syria', 'Syrian Arab Republic', 'Administrative divisions of Syria', 'Sūrīyah', 'Arab Republic of Syria', 'Assad government', 'Assad regime', 'Etymology of Syria', 'Subdivisions of Syria', 'الجمهوريّة العربيّة السّوريّة', 'Sūriyā', 'ISO 3166-1:SY', 'Assad Government', 'Syria', 'Northern Syria', 'Syrie', 'Syrien', 'Souria', 'Sourie', 'Suriyah', 'Syrian (language)']", Syria,0.7404460310935974,0,0,0
4204,"Answer the question concisely. Q: ""Which """"Bond girl"""" met Ringo Starr when they starred in the 1981 film """"Caveman"""", and later married him?"" A:",['Barbara Bach'], Barbara Bach,0.9004446864128113,0,0,0
4209,"Answer the question concisely. Q: Under the Treaty of Breda (31 July 1667), negotiated to end the Second Anglo-Dutch War, the Dutch kept the colony of Suriname conquered from the English, and left the English with what area of land? A:","['Fort Amsterdam (New Amsterdam)', 'Nieuv Amsterdam', 'New Orange', 'New Amsterdam']", New Netherland,0.559094250202179,0,1,1
4214,Answer the question concisely. Q: The Royal Navy introduced limes to the standard diet for crewmen to prevent what? A:,"['Scruvy', 'Scorbut', 'Scurvy', ""Cheadle's disease"", 'Scorbutic anaemia', 'Anti-scorbutic', 'Avitaminosis C', 'Scorbutus', 'Vitamin C deficiency', 'Antiscorbutic', ""Moeller's disease"", 'Scurvey', 'Scorbutic', 'Ascorbic acid deficiency']", scurvy,0.8606308102607727,0,0,0
4246,Answer the question concisely. Q: What word is used to mean the dead skin at the base of a fingernail? A:,"['Cuticles', 'Cuticula', 'Cuticular', 'Cuticle', 'Waxy cuticle']", cuticle,0.9005706310272217,0,0,0
4253,Answer the question concisely. Q: Torres Strait Islander Eddie Mabo became famous in Australian history for his role in campaigning for what? A:,"['Law of land', 'Land and law', 'Right to land', 'Land-rights', 'Land rights', 'Law and land', 'Land law', 'Land use rights']", land rights,0.8323338031768799,0,0,0
4256,"Answer the question concisely. Q: Since 1951, what is the maximum number of full consecutive terms to be filled by one US president? A:","['2', 'two']", two terms,0.21285226941108704,1,0,0
4258,"Answer the question concisely. Q: What battle cry of Richard I at the Battle of Gisors in 1198 was adopted as the motto of the arms of England where, except for changes during the reigns of Elizabeth I, Anne and William III, it has been since 1340? A:","['Dieut et mon droict', 'Dieu et mon droit', 'God and my right', 'Dieu et mon Droit', 'Dieu et Mon Droit', 'DIEU ET MON DROIT', 'Dieu Et Mon Droit']", Dieu et mon droit,0.9644962549209595,0,0,0
4263,"Answer the question concisely. Q: What is the name of 11 Roman Emperors, the first of which transferred the capital to Byzantium in 330 AD, and the last of which died when it was captured by the Turks in 1453? A:","['Byzantine Constantine', 'Constantine of Rome', 'Patriarch Constantine', 'Constantinus', 'Constantine', 'Constantine (disambiguation)', 'Constantine (no surname)']", Byzantine Empire,0.47291821241378784,1,1,1
4274,Answer the question concisely. Q: The tough fibrous membrane called the dura covers what? A:,['The brain and spinal cord'], brain and spinal cord,0.8492424488067627,0,0,0
4283,"Answer the question concisely. Q: Which state in North America has the oldest known currently living tree, age confirmed, in the world? A:","['Taxifornia', 'Califronia', 'State of California', 'California, USA', 'California, United States of America', 'Charlie Alpha', 'California (state)', '31st State', 'California, usa', 'Calif.', 'CA (state)', 'Kalifòni', 'California, United States America', 'Thirty-first State', 'Kalifornija', 'California, United States', 'State of California, United States', 'Califórnia', 'California State', 'California', 'California (State)', 'Kalifoni', 'California, US', 'City (California)', 'Californiay', 'Christianity in California', 'Thirty-First State', 'California(U.S. state)', 'Kalifornía', 'Calfornia', 'California, U.S.A.', 'California’s', 'The State of California', 'Californny', 'California (province)', 'California (U.S. state)', 'CA, US', 'State of california', ""California's"", 'Califnornia', 'The golden state', 'US-CA', 'California Chronic', 'California, united states of america', 'CA state']", California,0.7897385954856873,0,0,0
4290,Answer the question concisely. Q: What is the name for a hare's nest? A:,"['Forms', 'Forms (disambiguation)', 'Form (disambiguation)', 'Form']", warren,0.03224360942840576,1,1,1
4291,Answer the question concisely. Q: Who hosted the 2006 Academy Awards ceremony? A:,"['Stew beef', 'Jon Daily', 'Tracey Stewart', 'Jon Stuart Leibowitz', 'Jonathan Stuart Liebowitz', 'Jon Stewart', 'John Leibowitz', 'Jon stewert', 'Jon Stewart filmography', 'Tarid', 'Jonathan Liebowitz', 'Jon Stewert', 'Jonathan Stuart Leibowitz', 'Jon Steward', 'Jon stewart']", James Franco and Anne Hathaway,0.1760634481906891,1,1,1
4308,Answer the question concisely. Q: What is the surname of sisters and singers Dannii and Kylie? A:,"['Minoge', 'Minogue']", Minogue,0.7202367186546326,0,0,0
4313,Answer the question concisely. Q: The lead singer of which band is known as Suggs? A:,"['Madness', 'Madness (film)', 'Phycosis', 'Madness (disambiguation)', 'Madness (album)', 'Madness (song)']", The Spice Girls,0.09964169561862946,1,1,1
4327,"Answer the question concisely. Q: The Gunpowder Plot, by discontented Catholics including Guy Fawkes and Robert Catesby, was to blow up the British parliament as it was being opened by whom? A:","['James VI of Scotland, James I of England', 'James I', 'James VI, King of Scots', 'Seumas VI of Scotland', 'James, King of England, Ireland and Scotland', 'James VI', 'James I of England', 'James VI of Scotland', 'James I and VI', 'James I of England, Scotland, and Ireland', 'The wisest fool', 'James I of England and VI of Scotland', 'James VI of England', 'James I of England, Scotland, and Irerland', 'Wisest fool', 'The wisest fool in Christendom', 'Wisest fool in Christendom', 'James I of the UK', 'James I of Wales', 'King James VI of Scotland', 'James VI of Scotland and I of England', 'James I (England)', 'King James VI', 'James I of Great Britain', 'James the 6th', 'James VI and I', 'King James the First', 'James I, King of England', 'James I of England and James VI of Scotland', 'James I (of England)', 'James vi', 'James I of Ireland', 'King James VI & I', 'King James VI of Scotland and I of England', 'James the first', 'King James I of England', 'James VI & I', 'King James VI and I', 'James VI of Scotland and England', 'King James I', 'King James I of England and VI of Scotland', 'James I of england', 'James I of the United Kingdom', 'James VI (Scotland)', 'James the First', 'King James VI &I']", King James I,0.932151198387146,0,0,0
4342,Answer the question concisely. Q: What kind of bird is a guillemot? A:,"['Sea bird', 'Marine birds', 'Sea-bird', 'Marine bird', 'Seabirds', 'Sea birds', 'Sea-birds', 'Sea-fowl', 'Seabird', 'Seafowl']", seabird,0.7899889349937439,0,0,0
4343,Answer the question concisely. Q: What information technology company was founded by Sergey Brin and Larry Page? A:,"['Google community', 'AS15169', 'Google.cpm', 'Googer', 'GGEA', 'GOOgle', 'Google Inc Class C', 'Google Inc Class A', 'Google newslab', 'Gogole', 'Google voice-powered search', 'GOOGLE', 'Guugle', 'Foofle', 'Google inc.', '.android', 'Author Rank', 'Googl', 'Google Inc.', 'Google Glossary', 'Innovation Time Off', 'Googler', 'Google English', 'Goog', 'Google EnergySense', 'Gooogle', 'Ggogle', 'Google™', 'Google, Inc', 'Animated Google', 'Google.', 'Google/', 'Google!', 'Google Angika', 'The Google', 'Google guys', 'Mountain view chocolate factory', 'Gewgol', 'Google.c', 'Google Measure Map', 'Goofle', 'The Google Guys', 'Site Flavored Google Search Box', 'GGQ1', 'Google, Inc.', 'Googgle', 'Google (Company)', 'Google Site Search', 'Goolge', 'Gooooooooogle', '20%25 time', 'Google UK', 'Gooooogle', 'Google Inc', 'Googke', '@google', 'Google Research', 'GoogIe', 'Googers', 'Gstatic.com', 'Project Fi', '1e100.net', 'Google Guys', 'Goooooogle', '.gmail', 'Goooogle', '.google', 'Google for Business', 'Googlit', 'Google Incorporated', 'Google/to do', '@Google', 'Gooooooogle', 'Google finance', 'Google (company)', 'G00gl3', 'Googl3', 'G00g1e', 'GOOG', 'GooglE', 'Googlenym', 'Google%5C', 'Goolgle', '20 percent time', 'Google', 'G00gle', 'Google Demo Slam', 'Gaia (Security Technology)', 'Googlw', 'Google Space', 'Googlr', 'Dashboard (Google account service)', 'Google check']", Google,0.6110528111457825,0,0,0
4356,Answer the question concisely. Q: Christmas Island is administered by which country? A:,"['Australia (Commonwealth realm)', 'AustraliA', 'Continental Australia', 'Australias', 'Peace of Australia', 'Australian city life', 'City life in Australia', 'Australocentrist', 'Mainland Australia', 'Australiia', 'Straya', 'Australia (commonwealth)', 'Austraila', 'Ausrtalia', 'Australia (nation)', 'Australien', 'New Australian', 'Australia (dominion)', 'Australia (federation)', 'Australia (country)', 'Aussieland', 'Federal Australia', 'Country life in Australia', 'Orstraya', 'Australia (nation state)', 'Australia (commonwealth realm)', 'Australia', 'Australocentrism', 'Austraya', 'Australie', 'AUSTRALIA', 'Geopolitics of Australia', 'Australia (nation-state)', ""Australia's"", 'Australian mainland', 'Australian country life', ""Australian Woman's Day"", 'Imperial Australia', 'United States of Australia', 'Australia (realm)', 'Australia (constitutional monarchy)', 'Austalia', 'Etymology of Australia', 'Philosophy in Australia', 'Commonwealth of Australia', 'Australija', 'Australia (monarchy)', 'Dominion of Australia', 'Empire of Australia', 'Ostralia', 'Modern Australia', 'Commonwealth of australia', 'Australia (empire)', 'Australo', 'The Commonwealth of Australia', 'Australia.', 'Austrlia', 'Australlia', 'AUSTRALIAN', 'Australia (state)', 'ISO 3166-1:AU', 'Austrailia', 'Commonwealth Australia', 'Pax Australiana', 'Australian Commonwealth', 'Australocentric', 'Austrlaia', 'Technology in Australia', 'Australia (Commonwealth)', 'Australai', 'Australian geopolitics', 'Asutralia', 'Australo-', ""Australian's"", 'Science in Australia']", Australia,0.7347337007522583,0,0,0
4372,"Answer the question concisely. Q: ""The words """"Polyalphaolefins"""", """"dibasic acide esters"""", """"dibasic acide diesters"""", and """"polyol esters-based"""" and """"diester-based"""" are used in connection with the development of what?"" A:",['Synthetic engine oil'], lubricants,0.07081335037946701,1,0,0
4376,Answer the question concisely. Q: Bill Clinton is fairly fluent in which language other than English? A:,"['German', 'Germans (disambiguation)', 'German (disambiguation)']", Spanish,0.13599222898483276,1,1,1
4379,"Answer the question concisely. Q: What country in North Africa, bordered by Tunisia, Libya, Niger, Mali, Mauritania, Western Sahara, Morocco and the Mediterranean Sea, is the largest country on the Mediterranean, and the second largest on the African continent and in the Arab world? A:","['Popular Democratic Republic of Algeria', 'AlgeriA', 'Name of Algeria', ""Algerian People's Democratic Republic"", 'Al-Jumhūrīyah al-Jazā’irīyah', 'الجزائر', 'Algeria country', 'Algerie', 'ISO 3166-1:DZ', 'Algeria', 'Algerian Peoples Democratic Republic', 'Dzayer', 'Administrative divisions of Algeria', 'People’s Democratic Republic of Algeria', ""People's Democratic Algerian Republic"", 'Ad-Dīmuqrāṭīyah ash-Sha’bīyah', 'Subdivision of Algeria', ""Al Jumhuriyah al Jaza'iriyah ad Dimuqratiyah ash Shabiyah"", 'Subdivisions of Algeria', 'Algérie', 'Etymology of Algeria', 'Algerian State', 'République algérienne démocratique et populaire', 'Republic of Algeria', ""People's Republic of Algeria"", 'Algery', ""Al-Jumhuriyah al-Jaza'iriyah"", ""People's Democratic Republic of Algeria"", 'الجمهورية الجزائرية الديمقراطية الشعبية', ""Ad-Dimuqratiyah ash-Sha'biyah""]", Algeria,0.7729284763336182,0,0,0
4389,"Answer the question concisely. Q: Ornette Coleman, Louis Armstrong and Charles Mingus are associated with what style of music? A:","['Jazz Music History', 'History of jazz', 'Jazz', 'List of jazz albums', 'Vaudeville jazz', 'Jazz music', 'Classical blues', 'Blues and soul jazz', 'Jazz (music genre)', 'Jazzy', 'Jazz genres', 'Modern Jazz', 'Jazz Structure', 'Jazz structure', 'Jazz history']", jazz,0.6815063953399658,0,0,0
4410,"Answer the question concisely. Q: ""Up to 1974, the title of """"Negus"""" was used for the traditional rulers of what country?"" A:","['Ethiopean', 'Ethiopai', 'Ityoṗṗya', 'Æthiopia', 'AEthiopia', 'Etiopia', 'The Democratic Republic Of Ethiopia', ""Ityop'pya"", 'Ītyōṗṗyā', ""Ityop'ia"", 'Ethopian', 'Ethiop', 'Federal Democratic Republic of Ethiopia', 'Etheopia', 'Abbysinnia', 'Abysinna', ""Ityop'iya"", 'Abissinia', 'Habeshistan', 'Prehistory of Ethiopia', 'Names of Ethiopia', 'Ityoppya', 'Ethiopia', 'ISO 3166-1:ET', 'ʾĪtyōṗṗyā', 'Ethiopian', 'Ethiopioa', 'Name of Ethiopia', 'FDRE', 'Etymology of Ethiopia', 'Federal Republic of Ethiopia', 'ኢትዮጵያ']", Ethiopia,0.832973837852478,0,0,0
4412,"Answer the question concisely. Q: What is the painful and incurable, so far, condition characterised by uterine cells growing outside the uterus? A:","['Endometreosis', 'Endometriotic cell', 'Endomytriosis', 'Chocolate ovarian cyst', 'Endometriosis', 'Endometriotic cyst']", Endometriosis,0.917355477809906,0,0,0
4425,Answer the question concisely. Q: Saint Therese is associated with which town? A:,"['Lisieux, France', 'Noviomagus Lexoviorum', 'Lisieux']", Lisieux,0.926941990852356,0,0,0
4426,Answer the question concisely. Q: The game Ticket to Ride involves what kind of transport? A:,"['Rail (disambiguation)', 'Rails (disambiguation)', 'Rail', 'Rails']", trains,0.4071798324584961,1,0,1
4432,"Answer the question concisely. Q: ""In the sentence """"Wherever he went, he carried the scratching cat, his eyes red."""", what part of speech is """"his eyes red""""?"" A:","['Word-group', 'Phrase (linguistics)', 'Aspect phrase', 'Functional phrase', 'Phrases', 'Complex phrase', 'Tense phrase', 'Phrase', 'Southern Phrases', 'Topic phrase', 'Phrasal', 'Phrase (grammar)']",,0.16264384984970093,1,1,1
4438,"Answer the question concisely. Q: What, according to Greek legend, was built at Cnossos, Crete, by Daedalus? A:","['Labrynth', 'Labryinths', 'Meditation labyrinth', 'Davide Tonato', 'Labyrinth', 'Christian labyrinth', 'Egyptian Labyrinth', 'Cretan Labyrinth', 'The labyrinth', 'Labyrinth walk', 'Prayer labyrinth', 'The Labyrinth', 'Labyrinthine', 'Prayer Labyrinth']", Labyrinth,0.9330618977546692,0,0,0
4445,Answer the question concisely. Q: When were the first Winter Paralympics held? A:,"['1976', 'one thousand, nine hundred and seventy-six']", 1976,0.6772781014442444,0,0,0
4451,Answer the question concisely. Q: Where is the ancient game of senet traditionally played? A:,['On a board'], Egypt,0.050174444913864136,1,1,1
4457,Answer the question concisely. Q: What would be most useful in playing a game of backgammon? A:,"['⚁', '⚀', '⚃', '⚂', '⚅', 'Dice', 'Game dice', 'Fullams', '20-Sided Die', 'Roll of the dice', 'Fair die', 'Gaming dice', 'Twenty-sided polyhedral die', 'Normal dice', 'Polyhedral dice', '⚄', 'Seven-sided die', 'Crystal dice', 'Fulhams', '20-sided die', '🎲', 'Loaded dice', 'Chance cube', 'Loaded die', 'Game die', 'Six-sided die', '12-sided die', '8-sided die', 'Dice tray', 'Six-sided dice', 'Crystal die', 'Fair dice', 'Gaming die', 'Polyhedral die', 'Dice cup', 'Dice and dice games']", dice,0.4839867353439331,1,0,0
4462,"Answer the question concisely. Q: What was invented in the 1940s by Percy Spencer, an American self-taught engineer from Howland, Maine, who was building magnetrons for radar sets? A:","['Microwave cooker', 'Microwaving', 'Popty ping', 'Microwave Oven', 'Radarrange', 'Radarange', 'Nuclearator', 'Microwaveable', 'Browning tray', 'Radar range', 'Microwave refrigerator combo', 'Microwavable', 'Multimode Applicator', 'Cooking/Microwaving', 'Microwave cooking', 'Multimode Applicators', 'Microwave ovens', 'Microwave oven']", microwave oven,0.8677158951759338,0,0,0
4474,Answer the question concisely. Q: Which college was founded by Henry VI in 1440? A:,"['Eton', 'Eton (disambiguation)']", King's College,0.06381520628929138,1,1,1
4492,Answer the question concisely. Q: Gordon Ramsay opened a restaurant in 2001 in which London hotel? A:,"['Claridges Hotel', ""Claridge's"", ""Claridge's Hotel"", ""Mivart's Hotel"", 'Claridges']", The Wolseley,0.07966075837612152,1,1,1
4505,"Answer the question concisely. Q: Who was an R&B; musician from Houston, Texas, raised mostly in Los Angeles, California, who, in addition to his successful Grammy Award-winning career as a solo artist, collaborated with many musicians including The Beatles, The Rolling Stones, The Band, Little Richard, Ray Charles, Eric Clapton, Bob Dylan and Johnny Cash? A:","['Billy preston', 'Billy Preston']", Leon Russell,0.22836236655712128,1,1,1
4508,"Answer the question concisely. Q: Which 19th century American poet wrote over 1,000 poems which were published between 1890 and 1945, after her death? A:","['Ample Make This Bed', 'Emily Elizabeth Dickinson', 'Poem 301', 'Dickinsonian', 'Cherry bureau', 'Emliy dickenson', 'Box (locked)', 'Emily Dickenson', 'Style of Emily Dickinson', 'Emily dickinson', 'Emily dickonson', 'Emily Dickinson']", Emily Dickinson,0.8907396793365479,0,0,0
4511,Answer the question concisely. Q: The king of what country became Iceland's ruler by treaty in 1262? A:,"['Norvège', 'Mainland Norway', 'Norway', 'Norvege', 'Noregur', 'NORWAY', 'Norwegian state', 'Etymology of Norway', 'Noruega', 'Norwegen', 'ISO 3166-1:NO', 'Noreg', 'Republic of Norway', 'Norwegian kingdom', 'Kongeriket Noreg', 'Name of Norway', 'Kongeriket Norge', 'Noorwegen', 'Kingdom of Norway', 'Sport in Norway', 'Norwegia', 'Royal Kingdom of Norway']", Norway,0.7305677533149719,0,0,0
4521,"Answer the question concisely. Q: To prove his theories of the diaspora of South American peoples, who sailed in a balsa raft called Kon Tiki across the Pacific Ocean in 1947? A:","['Ra I', 'Thore Hejredal', 'Thor Heyer-dahl', 'Thor Heyerdal', 'Heyerdahl, Thor', 'Thor Heyerdahl', 'Thor Heyedahl', 'Thor Heyerdahl Research Centre', 'Tigris (boat)', 'Ra II']", Thor Heyerd,0.7810463905334473,0,1,0
4544,"Answer the question concisely. Q: This 1993 film won Oscars, Bafta and Golden Globe Awards despite its sometimes harrowing portrayal of hardships and stress, including the butchering of its heroine's hand; which film was it? A:","['The Piano (film)', 'The Piano']", Schindler's List,0.06552457064390182,1,1,1
4554,Answer the question concisely. Q: What is the name of a book where photographs or stamps are kept? A:,"['Album', 'Opening track', 'Album length', 'Self titled debut album', 'Spanish Studio albums', 'Record album', 'Self titled studio album', 'Album (music)', 'Music albums', 'Bonus disc', 'Bonus Track', 'Bonus tracks', 'Studioalbum', 'Bonus song', 'English Studio albums', 'Album Chart', 'Japanese Bonus Tracks', 'Musical album', 'Studio albums', 'Album (Music)', 'Albums', 'Proper album', 'Self-titled studio album', 'Music track', 'Album project', 'Sophomore Album', 'Record track', 'Studio album', 'Somophore album', '(album)', 'Albums (music)', 'Self-titled debut album', 'Album track', 'Studio Album', 'Record albums', 'Music album', 'Bonus songs', 'Bonus track']", album,0.5382888317108154,0,0,0
4564,Answer the question concisely. Q: Omar Sharif played the title character in the 1965 film of what 1957 novel by the Russian writer Boris Pasternak? A:,"['Dr. Zhivago', 'Dr zhivago', 'Yuriatin', 'Dr. Yuri Zhivago', 'Doctor Zhivago (disambiguation)', 'Dr. Zhivago (novel)', 'Varykino', 'Доктор Живаго', 'Yury Andreyevich Zhivago', 'Zivago', 'Doctor Zhivago', 'Yury Zhivago', 'Zhivago', 'Yuryatin', 'Doktor Zhivago', 'Dr Zhivago', 'Doctor zhivago']", Doctor Zhivago,0.9491322040557861,0,0,0
4581,"Answer the question concisely. Q: ""Who said it """"Don't Matter"""" in 2007?"" A:","[""Give It to 'Em"", 'Take It Down Low', 'Operations of Nature', 'Operations Of Nature', 'Collection (Akon Album)', 'Double Jeopardy (album)', 'Aliaune Thiam', 'Corporate konvicts', ""Give It to 'Em (Akon song)"", ""Give It To 'Em"", 'Hurt Somebody', 'Akon', 'Aliaune Damala Bouga Time Puru Nacka Lu Lu Lu Badara Akon Thiam', 'Aliaune Damala Bouga Time Bongo Puru Nacka Lu Lu Lu Badara Akon Thiam', 'After Life (album)', 'Akonic', 'Change Comes', 'Alliaune %22Akon%22 Thiam', 'Aliaune Damala Badara Thiam', 'Dirty Work (Akon song)', 'Aliaune Badara Akon Thiam']", Kanye West,0.25453323125839233,1,1,1
4591,"Answer the question concisely. Q: The international multi-million dollar prizes set up in 2012 to recognise important recent achievements by scientists in (by 2015) Mathematics, Life Sciences, Fundamental Physics are known as what? A:",['The Breakthrough Prizes'], Breakthrough Pr,0.5184764862060547,0,0,0
4595,Answer the question concisely. Q: What type of sausage is usually sold in a flat circular coil? A:,"['Cumberland, England', 'Cumberland County (historic)', 'Cumberland', 'Cumberlandshire', 'Wythburn', 'Cumberland (ward)', 'Cumberland (county, England)']", salami,0.03659370541572571,1,1,1
4598,"Answer the question concisely. Q: Which novelist, born in Bombay in 1865, was awarded the Nobel prize for Literature in 1907? A:","['Joseph Rudyard Kipling', 'Kiplingesque', 'Rudyard Kipling', 'Kipling rudyard', 'Rudy Kipling', 'R Kipling', 'Kipling', 'Kipling, Joseph Rudyard', 'Kiplingian', 'R. Kipling', 'Ruyard Kipling', 'Kipling Society', 'Bard of Empire', 'Rudyard Kipling (author)']", R. K. Narayan,0.5377264022827148,0,1,1
4604,Answer the question concisely. Q: What language did the playwright Henrik Ibsen write his plays in? A:,"['Danish', 'Danish (disambiguation)']", Norwegian,0.4283186197280884,1,1,1
4609,Answer the question concisely. Q: The Council of Trent in the 16th century was held between believers of what religious faith? A:,"['Nazarethism', 'Living for jesus', 'Al Masihiyya', 'Christian beliefs', 'Xty', 'Christianry', 'Christian Religion', 'Jesusry', 'Christan', 'Doctrine, Christian', 'Christian religion', 'Christian faith', 'Kristendom', 'Christianty Impact On Civilization', 'Christianty', 'Christanity', 'Kristanismo', 'Kristendommen', 'Christainity', ""Christ's Faithful"", 'Belief in Jesus', 'Al-Masihiya', 'Xtianity', ""X'ianity"", 'Christianity', 'Christian-ism', 'Belief in jesus', 'Al-Masihiyya', 'Al Masihiya', 'Masihiya', 'Christian Beliefs', 'Living for Jesus', 'Chritianity', 'Xianity', 'Impact Of Christianity On Civilization', 'ChristianIty', 'Christian belief', 'Hıristiyanlık', 'Christian dogma', 'Chistianity', 'Masihiyya']", Roman Catholicism,0.3914867639541626,1,1,1
4610,"Answer the question concisely. Q: ""Under what name did Mrs. Middleton Murray publish works such as """"The Garden Party"""", """"The Dove's Nest"""" and """"Something Childish""""?"" A:","['Katherine Middleton Murry', 'Katherine Mansfield', 'Kathleen Mansfield Murry', 'Kate Mansfield', 'Katherine Mansfield Beauchamp', 'Kathleen Murry', 'Katherine Mansfield Murry', 'Kathleen Mansfield Bowden', 'Katherine Mansfield Beauchamp Murry', 'Katharine Mansfield', 'Matilda Berry', 'Kathleen Mansfield Beauchamp', 'Kathleen Beauchamp', 'Catherine Mansfield']"," Mrs. Middleton Murray published her works under the name ""Mrs. Humphry Ward.""",0.31080037355422974,1,1,1
4615,Answer the question concisely. Q: What year did the cable television network ESPN made its debut broadcasting and producing sports-related programming 24 hours a day? A:,"['one thousand, nine hundred and seventy-nine', '1979']", 1979,0.6718246340751648,0,0,0
4629,Answer the question concisely. Q: Who was the youngest person to become president of the USA? A:,"['T Ros', 'Feddy Roosevelt', '26th President of the United States', 'Trust Buster', 'The Cowboy President', 'Teddy roosevelt', 'Theodore Roosavelt', 'President Theodore Roosevelt', 'Theodor roosevelt', 'Teddy Rose', 'Teddy Roosevelt', 'Theodore roosevelt', 'T. Roosevelt', 'Teodoro Roosevelt', 'T. Roosevelt Administration', 'Teddy Roosvelt', 'Teddy Rosevelt', 'Roosevelt, Theodore', 'Teddy Roosevelt foreign policy', 'T Roosevelt', 'Cowboy of the Dakotas', 'Teddy Roose', 'Theodore Roosevelt']", John F. Kennedy,0.2221040427684784,1,1,1
4633,"Answer the question concisely. Q: ""Damon Runyon's two stories """"The Idyll of Miss Sarah Brown"""" and """"Blood Pressure"""" were the basis for which musical?"" A:","['Arvide Abernathy', 'Guys And Dolls', 'Fugue for Tinhorns', 'Guys & Dolls', 'Nathan Detroit', 'Guys and Dolls', 'Guys and Dolls (musical)', 'Sky Masterson']"," The musical ""Oklahoma!""",0.33437007665634155,1,1,1
4646,"Answer the question concisely. Q: ""Which American ragtime and early jazz pianist, bandleader and composer who wrote """"Wolverine Blues"""", """"Black Bottom Stomp"""", and """"Buddy Bolden's Blues"""" claimed, in self-promotional hyperbole, to have invented jazz outright in 1902?"" A:","['Ferdinand Joseph La Menthe', 'Louise Monette', 'Ferdinand Morton', 'Ferdinand %22Jelly Roll%22 Morton', 'F.P. Lamothe', 'Ferdinand Lamothe', 'Jellyroll Morton', 'Ferdinand Joseph Morton', 'Joseph Ferdinand Morton', '""""""Jelly Roll"""" Morton""', 'Ferdinand Joseph Lamothe', 'Jelly-Roll Morton', 'Jelly Roll Morton']", Jelly Roll Morton,0.9449671506881714,0,0,0
4660,"Answer the question concisely. Q: Macao Special Administrative Region of the People's Republic of China has no arable land, pastures, forest, or woodland, and its economy is based largely on tourism with banking, gaming, financial services and what else? A:",['Textile and garment manufacturing'], manufacturing,0.23557040095329285,1,0,0
4661,"Answer the question concisely. Q: In which country was Saddam Hussein President 1979-2003, being deposed and then hanged in 2006? A:","['Eragh', 'South Iraq', ""A'raq"", 'ISO 3166-1:IQ', 'عيَراق', 'Iraqi Republic', 'كۆماری عێراق', 'Iraqê', 'Komara Iraqe', 'Central Iraq', 'Irāq', 'Komara Iraqê', 'Iraqe', 'Irak', 'Itaq', 'الجمهورية العراقية', 'Name of Iraq', 'Iraq', 'Iraq (name)', 'Iraw', ""Al-'Iraq"", 'Iraqui', 'Jumhūriyyat ul-ʿIrāq', 'State of Iraq', 'Jumhūriyyat al-‘Irāq', 'العراق', 'IRAQ', 'The Iraq', 'Etymology of Iraq', ""Aj-Jumhuriyah Al-'Iraqiyah"", 'Republic of Iraq', 'Islamic Republic of Iraq', 'Al-‘Irāq', 'Irak-Arabi', 'Eraq', 'Jumhuriyyat ul-ʿIraq']", Iraq,0.7542866468429565,0,0,0
4664,Answer the question concisely. Q: What epitaph is on Frank Sinatra's tombstone? A:,"['The Best Is Yet To Come', 'The Best Is Yet to Come (disambiguation)', 'The best is yet to come', 'The Best is Yet to Come']"," ""Heart""",0.10289886593818665,1,1,1
4670,Answer the question concisely. Q: When was the first road speed limit set in the UK for powered vehicles? A:,"['1861', 'one thousand, eight hundred and sixty-one']", 1865,0.19099381566047668,1,1,1
4675,Answer the question concisely. Q: What waltz by Johann Strauss II was named after a European river? A:,"['An Der Schoenen Blau Donau', 'An der schonen blauen Donau', 'An der schoenen Blauen Donau', 'An Der Schonen Blau Donau', 'An Der Schönen Blau', 'By the Beautiful Blue Danube', 'An der schönen, blauen Donau', 'At the Beautiful Blue Danube', 'The Blue Danube', 'An der schönen blauen Donau', 'An Der Schonen Blau', 'An der schönen Blauen Donau', 'An der schoenen blauen Donau', 'On the Beautiful Blue Danube', 'An Der Schönen Blau Donau', 'The Beautiful Blue Danube', 'The Blue Danube Waltz', 'Blue Danube Waltz', 'Danube Waltz', 'An der schonen Blauen Donau', 'An Der Schoenen Blau']", The Blue Danube,0.9315826296806335,0,0,0
4679,Answer the question concisely. Q: What Ford automobile came in any color you want - as long as it was black? A:,"['Model-T', 'Model T', 'Tin Lizzy', 'Model T Ford', 'Ford T', 'Ford T Model', 'T ford', 'Fliver', 'Tin Lizzie', 'Ford t', 'Tin lizzie', 'Ford Model T', 'T Model', 'Ford Model-T']", Model T,0.9055923223495483,0,0,0
4688,"Answer the question concisely. Q: Fill in the blank: Houston, Tranquility Base here. The _____ has landed A:","['Eagle', 'Aquilinae', 'King of the Air', 'King of the air', 'Booted eagles (group)', 'Kitpu', 'Hawk eagle', 'Eagle Spirit', 'Eagle (symbolism)', 'Eagles', 'Harpy (zoology)', 'Hawk-eagle']",,0.22855983674526215,1,1,1
4690,Answer the question concisely. Q: What country became democratic after the death of Generalísimo Franco? A:,"['Islands of Spain', 'España', 'Reino de España', 'Name of Spain', 'Espagna', 'Espańa', 'Reino de Espana', 'Espana', 'Kingdom of the Spains', 'The Spanish Society', 'Espainia', 'Mountains of Spain', ""Regne d'Espanya"", 'The kingdom of Spain', 'SPAIN', ""Regne d'Espanha"", 'Espanya', 'Espainiako Erresuma', 'Etymology of Spain', 'Spane', 'ISO 3166-1:ES', 'Spain', 'Spanish Kingdom', 'Kingdom of Spain', 'El Reino de España', 'El Reino de Espana']", Spain,0.7450352907180786,0,0,0
4698,Answer the question concisely. Q: Who was a busty model for Playboy and Guess before becoming a famous gold digger? A:,"['Anna nichole smith', 'Victoria Marshall', 'Ana Nicole Smith', 'Anna nicole Smith', 'Vickie Marshall', 'Anna-Nicole Smith', 'Ana Nicole', 'Anna Nicole-Smith', 'Anna nichole', 'Death of Anna Nicole Smith', 'Victoria Hogan', 'Vickie Hogan', 'Anne Nicole Smith', 'Anna Nicole Smith', 'Anna Nichole Smith', 'Vicky Lynn Hogan', 'Anna-Nicole-Smith', 'Anna nicole smith', 'Vicky Marshall', 'Vicki Lynn Hogan', 'Virgie Arthur', 'Vickie Smith', 'Vickie Lynn Hogan', 'G. Ben Thompson', 'Vicky Hogan', 'Vickie Lynn', 'Lynn Marshall', 'Vickie Lynn Marshall']", Paris Hilton,0.18300682306289673,1,1,1
4703,Answer the question concisely. Q: What NHL hockey team was originally named after a Disney movie? A:,"['The Mighty Ducks of Anaheim', 'List of anaheim ducks captains', 'Ducks of Anaheim', 'Mighty ducks of anaheim', 'List of Anaheim Mighty Ducks captains', 'Mighty Ducks Third Jersey', 'The Anaheim Ducks', 'Anaheim Ducks Power Players', 'Anaheim Mighty Ducks', 'Anaheim ducks', 'Wild Wing (mascot)', 'Anaheim Ducks', 'Mighty Ducks of Anaheim']", Anaheim Ducks,0.8917025327682495,0,0,0
4704,"Answer the question concisely. Q: What 2007 movie earned Eddie Murphy the Golden Raspberry for Worst Actor, Worst Supporting Actor, and Worst Supporting Actress? A:","['Norbit', 'Norbit Albert Rice', 'Rasputia', 'Norbit (film)']"," Yes, the 2 2007 movie that earned Eddie Murphy the Golden Raspberry for Worst Actor, Worst Supporting Actor, and Worst Supporting Actress is ""The Nutty Professor"".",0.18873503804206848,1,1,1
4711,"Answer the question concisely. Q: ""Who wrote the story """"A Christmas Carol""""?"" A:","['Charles Dickons', 'C Dickens', 'Charles John Huffam Dickens', 'Dickens, Charles', 'Dickensian', 'Dickensian character', 'CJH Dickens', 'Charles Dickins', 'Charles John Huffam Dickens FRSA', 'Charles dickens', 'Dickens', 'Charels Dickens', 'Charles John Huffam Dickens, FRSA', 'Dickens charles', 'Charles Dickens']", Charles Dickens,0.8681371212005615,0,0,0
4730,"Answer the question concisely. Q: ""What has been described as the """"fifth"""" taste, after sweet, sour, bitter, and salty?"" A:","['Savory taste', 'Umame', 'Savouriness', 'Xian wei', 'Savour', 'Umami taste', 'Umani', 'Savoryness', 'Osmazome', 'Umami', 'Malinamnam', 'Meaty taste', 'Linamnam', 'Gamchilmat']", umami,0.7119351625442505,0,0,0
4734,Answer the question concisely. Q: Shingles is an adult form of what illness? A:,"['Varicella in pregnancy', 'Varicella pneumonia', 'Chicken Pox', 'Varicella', 'Chicken-pox', 'Herpesvirus varicellae infection (chickenpox)', 'Chicken pox', 'Congenital varicella syndrome', 'Combusken pox', 'Chickenpox', 'Neonatal varicella']", chickenpox,0.8568772077560425,0,0,0
4746,Answer the question concisely. Q: What is the capital of Washington state? A:,"['Olympia', 'Olympia (disambiguation)', 'Olympia (album)', 'Olympia (film)', 'Olympia (first name)']", Olympia,0.7491015791893005,0,0,0
4754,"Answer the question concisely. Q: ""What """"pack"""" of young actors starred in movies such as """"The Breakfast Club""""?"" A:","['Brat pack', 'Brat Pack', 'Brat Pack (disambiguation)', 'Brat Pack disambiguation', 'The Brat Pack']", Judd Nelson,0.10869686305522919,1,1,1
4760,"Answer the question concisely. Q: According to the song, what killed the radio star? A:","['Video format (version 2)', 'Video album', 'Video engineering', 'Video Recording', 'Video recording', 'Video formats', 'Video feed', 'Video signal', 'Line (video)', 'Visual album', 'Video cables', 'Blanking region', 'Video', 'Vidio', 'Motion video', 'Analogue video', 'Video format', 'Analog video']",,0.2005426585674286,1,1,1
4761,Answer the question concisely. Q: Who did Claus von Stauffenberg plot to kill? A:,"['Hitlerian', 'Adolph Schicklgruber', 'HitlerAdolf', ""Hitler's medical health"", 'Adolf Hitle', 'Hitlar', 'Adolph Hiedler', 'Adolf Hiedler', 'Adolph Hittler', 'Day of Potsdam', 'Adolpf Hitler', 'Adolf Hister', 'Adolf Hitlier', ""Adolph Hitler's health"", ""Hitler's health"", 'Hitlers', 'Aldof Hilter', 'HITLER', 'Hitler, Adolph', 'History of Adolf Hitler', 'Hitler,Adolph', 'Adolph Hiter', 'Adolf Hittler', 'Herr Hitler', 'Hitler,Adolf', 'Adolf Schicklegruber', 'Adolf hitler', 'Adlof hitler', 'Adolph Schickelgruber', 'Hitler Adolf', 'Hitlers medical health', 'HitlerAdolph', 'Adolph Schicklegruber', 'Adolf Hiler', ""Adolf Hitler's medical condition"", 'Hittler', 'Adolf Schickelgruber', 'Adolf Hitler', ""Hitler's"", 'Hitler, adolf', 'Nazi leader', 'Hitler, Adolf', 'Herr Wolf', ""Adolph Hitler's medical health"", 'Adolph Hitler', ""Adolf Hitler's health"", 'Adolf Schicklgruber', 'AdolphHitler', 'Adolf Hilter', 'Health of Adolf Hitler', ""Adolf Hitler's medical health"", 'Hitler Adolph', 'AdolfHitler', 'Adolf HItler', 'Hitlet', 'Hitler adolf', 'Adoff Hitler', 'Adolfus Hitler', 'Hitler', 'Adolph hitler']", Adolf Hitler,0.8735868334770203,0,0,0
4773,Answer the question concisely. Q: What is the name for a person who tried to turn base metals into gold? A:,"['Alchemi', 'Alchemistry', 'Renaissance alchemy', 'Alchemical', 'Genesis of alchemy', 'Alchemy', 'History of Alchemy', 'Decline of Western alchemy', 'Alchemy magic', 'AlchemY', 'Alchemy in history', 'Alchemists', 'Alchemic', 'Alchemist', 'Operative Alchemy', 'History of alchemy']", Alchemist,0.8683348894119263,0,0,0
4775,Answer the question concisely. Q: What is the biggest Italian automaker? A:,"['FIAT', 'Fiat', 'Fiat Automobiles', 'Fiat automobiles', 'Fiat Automóveis', 'Fiat Marylebone', 'Fix it again Tony', 'Micro-Vett SPA', 'Fiat (automobiles)', 'List of Fiat car models', 'Fiat Automobiles S.p.A.']", Fiat,0.6303041577339172,0,0,0
4789,Answer the question concisely. Q: What major American city has an average elevation of 2 feet below sea level? A:,"['Big EZ', 'New Orléans, LA', 'Nouvelle-Orleans', 'No Orleans', 'City of New Orleans, Louisiana', 'New Orleans, Louisiana, U.S.A.', 'City of new orleans', 'Orleans Parrish', ""N'awlins"", 'New Orlean', 'New Orleans, La.', 'Orleans Parish/New Orleans, Louisiana', 'Orléans, Louisiana', 'Orleans Parish, LA', 'New Orleans', 'New Orleans County', 'The Big EZ', 'Nawlins', 'Little Woods, New Orleans', 'Orleans, Louisiana', 'New Orléans', 'Orleans Parish/City of New Orleans, Louisiana', 'North Shore Broadcasting', 'Entercom (New Orleans)', 'New Orleans (La.)', 'NOLA', 'Nouvelle-Orléans', 'New Orleans, USA', 'New Orleans, Lousiana', 'UN/LOCODE:USMSY', 'No Orleans, Louisiana', 'New Orleans, Louisiana, USA', 'The City of New Orleans', 'Orleans Parish, Louisiana', 'New Orleans (LA)', 'Cresent City', 'Orleans Parish', 'City of New Orleans', 'The Big Easy', 'The Crescent City', 'Big Easy', 'Parish of Orleans', 'La Nouvelle-Orleans', 'Nova Orleans', 'Choppa city', 'La Nouvelle-Orléans', 'New Orlians', 'The City That Care Forgot', 'New Orleans, Louisiana', 'Norleans', 'New orleans', 'New Orleans, LA', 'New Orleans , LA', 'New Orléans, Louisiana']", New Orleans,0.8845643997192383,0,0,0
4795,Answer the question concisely. Q: What are fairy rings made of? A:,"['Psychoactive mushroom', 'Bacidocarp', 'Macrofungi', 'Mushroom', 'Toadstools', 'Mushroom Curry', 'Mushrooms', 'Psychoactive fungi', 'Toadstool', 'Psychoactive fungus', 'Psychoactive mushrooms', 'Mushroom curry', '🍄', 'Fungophobia']", mushrooms,0.7872976064682007,0,0,0
4803,Answer the question concisely. Q: What country is the largest oil producer in Africa? A:,"['Nigerian Independence', 'Ìjọba-Àpapọ̀ Orílẹ̀-èdè Naìjírìà', 'Nigérie', 'Nigeeria', 'Nigéria', 'Nigerias agriculture', 'Nigerië', 'Chawaka', 'Crime in Nigeria', 'NGR', 'Nigèria', 'Nigeria', 'Ethnic groups of Nigeria', 'Nicheria', 'Nigerie', 'Nigeriya', 'Nigerija', 'Naija', 'Kufai, Nigeria', 'Nigerian sport', 'Naìjírìà', 'Ijoba-Apapo Orile-ede Naijiria', 'Naigeria', 'Sport in Nigeria', 'Nijeriya', 'Negeria', 'Republic nde Naigeria', 'Western Region, Nigeria', 'Niiseriya', 'Orílẹ̀-èdè Olómìnira Àpapọ̀ Nàìjíríà', 'South-west Nigeria', 'Republik Nijeriya', 'Population in nigeria 2009', 'ISO 3166-1:NG', 'Jamhuriyar Taraiyar Nijeriya', 'Naíjíríà', 'Republik Federaal bu Niiseriya', 'Agoi', 'Naijiria', 'Nixeria', 'Conseil de Salut National', 'Nàìjíríà', 'Federal Republic of Nigeria']", Nigeria,0.7934312224388123,0,0,0
4827,Answer the question concisely. Q: Who is the richest resident of Metropolis? A:,"['Lex Luthor II', 'President Luther', 'Luthor', 'Lex Luthor (Earth-One)', 'Luthor, Lex', 'Lexor', 'Thorul', 'Lex Luthor', 'Lex Lutor', 'Lex Luther', 'Alexander Joseph Luthor']", Lex Lorden,0.5091145038604736,0,1,1
4829,Answer the question concisely. Q: What movie starred Michael Jordan? A:,"['Monstars', 'Space Jam 2', 'TuneSquad', 'Space Jam']", Space Jam,0.9092063307762146,0,0,0
4831,Answer the question concisely. Q: What was the central meeting place of ancient Rome? A:,"['The Forum (disambiguation)', 'Fori', 'Forum', 'The Forum', 'Fora', 'The Forum (magazine)', 'Forum (disambiguation)', 'Forums', 'Forum (magazine)']", Forum,0.7130650877952576,0,0,0
4842,Answer the question concisely. Q: What name is given to the supercontinent thought to exist 300 million years ago? A:,"['Pangaea', 'Pangæa', 'Pangaia', 'Pangia', 'Pangaean', 'Pangea supercontinent', 'Pangea', 'Amexem']", Pangea,0.9666932821273804,0,0,0
4853,Answer the question concisely. Q: What does Sally sell by the sea shore? A:,['Sea Shells'], seashells,0.6009455919265747,0,0,0
4866,Answer the question concisely. Q: Solidarity is a political movement in what country? A:,"['Etymology of Poland', 'Polish state', 'Poleand', 'Rzeczpospolita Polska', 'Polland', 'ISO 3166-1:PL', 'Polskor', 'Republic of Poland', 'POLAND', 'Fourth Poland', 'Country- Poland', 'Poleland', 'Polska', 'Poland', 'Poland.', 'Pols Land', 'Polnd', 'Po land', 'Lenkija', 'Bastarnia', 'Pologne', 'PolanD', 'Polija', 'Pole land', 'Architecture of Poland', 'Ploand']", Poland,0.7504867911338806,0,0,0
4871,Answer the question concisely. Q: David Stern was the commissioner of what organization? A:,"['Nmba', 'Nationa Basketball Association', 'The N. B. A.', 'Nba rules', 'N.B.A.', 'N. B. A.', 'N B A', 'The N B A', 'National basketball association', 'NBA history', 'NBA.com', 'NBA', 'En bee ay', 'The National Basketball Association', 'NBA Cares', 'The NBA', 'NBA rules', 'Nba basketball', 'NBA teams', 'The N.B.A.', 'UNK NBA', 'National Basketball Association', 'Nba.com', 'NBA president', 'History of NBA', 'Nba']", NBA,0.7276648879051208,0,0,0
4874,Answer the question concisely. Q: Who was the demon barber of Fleet Street? A:,"['Sweeny tod', 'Sweeney Todd', 'Tobias %22Toby%22 Ragg', 'The Barber of Fleet Street', 'Sweeny Todd', 'Sweeney Todd (character)', 'Sweenie Todd', 'Sweeney Tod', 'Sweeney todd', 'Sweney Todd']", Sweeney Todd,0.9239620566368103,0,0,0
4878,Answer the question concisely. Q: What country has slums known as favelas? A:,"['Brazil', 'Etymology of Brazil', 'Federal Republic of Brazil', 'Brasil', 'Barzil', 'Federative Republic of Brazil', 'Brazil (country)', 'Brassil', 'Republic of Brazil', 'Brésil', 'Brzil', 'Brazilian Federative Republic', 'Republica Federativa do Brasil', 'Bresil', 'Brazilian Republic', 'ISO 3166-1:BR', 'República Federativa do Brasil', 'Brazilo']", Brazil,0.7232822179794312,0,0,0
4901,Answer the question concisely. Q: A modern round brilliant cut has 58 what? A:,"['Facet (disambiguation)', 'Facetting (disambiguation)', 'Facets', 'Faceting (disambiguation)', 'Facet Theory', 'Facet (anatomy)', 'Facets (disambiguation)']", facets,0.7673381567001343,0,0,0
4912,"Answer the question concisely. Q: According to the Quran, a man is allowed to have as many as four what? A:","['Wifers', 'Wife', 'Wifed', 'Wifie', 'Wives', 'Wifing', 'Wifedom', 'Trouble and strife', 'Married Woman', 'Wifer', 'Wifes']", wives,0.6390437483787537,0,0,0
4915,"Answer the question concisely. Q: In alphabetical order, what is the last U.S. state? A:","['State of Wyoming', 'Wyoming state symbols', 'Wyoming (state)', 'Wyoming', 'Cowboy State', 'Geography of Wyoming', 'Education in Wyoming', 'Transport in Wyoming', 'Forty-Fourth State', 'Law and government of Wyoming', 'Constitution of the State of Wyoming', 'Symbols of the State of Wyoming', 'Wyoming metropolitan areas', 'Wyoming economy', 'Constitution of Wyoming', 'Demographics of Wyoming', 'Big Wonderful Wyoming', 'Wyoming counties', 'Sports in Wyoming', 'Equality State', 'Wyoming state nickname', 'The Equality State', 'Religion in Wyoming', '44th State', 'Wyomingite', 'US-WY', 'Wioming', 'Wyoming State Constitution', 'Economy of Wyoming', 'Wyoming factsheet', 'Transportation in Wyoming', 'Government of Wyoming', 'The Cowboy State', 'Politics of Wyoming', 'Wyomingites', 'Wyoming (U.S. state)', 'Wyoming, United States', 'Forty-fourth State', 'Wyo.', 'Climate of Wyoming']", Hawaii,0.3867535889148712,1,1,1
4938,"Answer the question concisely. Q: What company's mascots include a gecko, a caveman, and a talking pile of money? A:","['Even a caveman can do it', 'Tony Nicely', 'Government Employees Insurance Company', 'Lauren Wallace', '15 minutes could save you 15 percent or more on car insurance', 'GEICO Insurance', 'GEICO', 'Geico Direct', 'Geico', 'GEICO Casualty Company', 'GEICO Indemnity Company', 'GEICO General Insurance Company', 'Geico.com']", Geico,0.8789639472961426,0,0,0
4944,"Answer the question concisely. Q: French, Russian, and Thousand Island are types of what? A:","['Dressed', 'Dressings', 'Dressing', 'Dressing (disambiguation)']", dressing,0.741464376449585,0,0,0
4962,Answer the question concisely. Q: Who was the only female prime minister of the United Kingdom? A:,"['Baroness Margaret Thatcher', 'Lady Thatcher', 'Margret thatcher', 'The Baroness Thatcher', 'Margret Thatcher', 'The Lady Thatcher', 'Margaret Tatcher', 'Margaret Thatcher', 'Mrs T', 'Mrs Thatcher', 'Margaret Hilda Thatcher, Baroness Thatcher', 'Mrs. T', 'Baroness Thatcher of Kesteven', 'Margaret Thatcer', ""Margaret Thatcher's"", 'Mrs Finchley', 'Prime Minister Margaret Thatcher', 'Thatcherian', 'Margaret Thacher', 'Margaret Thatcher bibliography', 'Margaret Thatcher Day', 'M thatcher', 'Lady T', 'Maggie Thatcher', 'Margaret Hilda Thatcher', 'Milk snatcher', 'Baroness The Margaret Thatcher', 'Margaret Thatcher, Baroness Thatcher', 'Margaret Hilda Roberts Thatcher', 'Margeret Thatcher', 'Margareth Thatcher', 'Mrs Denis Thatcher', 'Margaret Hilda Roberts', 'Mrs. Thatcher', 'Milk Snatcher', 'Margaret Thatcher Library', 'Margaret thatcher', 'Baroness Thatcher', 'Margeret thatcher']", Margaret Thatcher,0.8952126502990723,0,0,0
4979,Answer the question concisely. Q: What is the name for the outer layer of the Earth? A:,"['Cruſt', 'Crust (disambiguation)', 'Crust', 'Crustal', 'Crust formation']", crust,0.5554893612861633,0,0,0
4981,Answer the question concisely. Q: What religious text was recently adapted into a hit Broadway musical? A:,"['Book of mormon', 'Book of Mormon (a)', 'The book of mormon', 'Books of Mormon', 'Book of Mormon controversies', 'Controversies regarding the origin of The Book of Mormon', 'Aaron (Lamanite king)', ""Moroni's promise"", 'Keystone symbol in Mormonism', 'Book of Mormon', 'Book of Nephi', 'The Book Of Mormon', 'The Book of Mormon: Another Testament of Jesus Christ', 'The Book of Mormon', 'Manuscript history of the Book of Mormon', 'Book of Mormon: Another Testament of Jesus Christ', 'The Book of Mormon: An Account Written by the Hand of Mormon, Upon Plates Taken from the Plates of Nephi', ""Moroni's Promise""]", The Book of Mormon,0.9298275709152222,0,0,0
5005,Answer the question concisely. Q: What taxonomic rank comes between Family and Species? A:,"['Genus', 'Genus name', 'Genera', 'Generic name (biology)', 'Generic separation', 'Genus (biology)', 'Name of a biological genus', 'Generic epithet', 'Genera (biology)']", Genus,0.8149040341377258,0,0,0
5041,Answer the question concisely. Q: What well-known mountain pass connects Pakistan and Afghanistan? A:,"['Kyber pass', 'Khyber Pass', 'Khyber pass', 'Kaiber pass', 'Khyber Gate', 'Khaibar Pass', 'درہ خیبر', 'Khaiber Pass']", Khyber Pass,0.9381698369979858,0,0,0
5063,Answer the question concisely. Q: In what Beijing square were democracy activists massacred in 1989? A:,"[""Tiān'ānmén"", 'Tian An Men Gate', 'Tian An Men', 'Abkai elhe obure duka', 'Tiananman', ""Tian'an men"", ""Tian'anmen"", 'Tianan Gate', 'Tian an men', 'Gate of Heavenly Peace', 'Tiananmen gate', 'Tien an men', ""Tian'an Gate"", 'Chengtianmen', 'Tiananmen Gate', 'Tiennamen', 'Tiananmen', 'Tiannanmen', 'Tienaman', 'Tianenmen', 'Tienanmen', '天安门', '天安門']", Tiananmen Square,0.6792241334915161,0,1,1
5070,"Answer the question concisely. Q: ""What movie series features """"minions"""" that resemble Twinkies?"" A:","['Despicable Me (single)', 'Despicable Me (film)', 'Despicable Me (song)', 'Despicable me', 'Dr. Nefario', 'Despicable Me (2010)', 'Dr Nefario', 'Dispicable Me', 'Despicable Me', 'Minion language']", Despicable Me,0.9358990788459778,0,0,0
5076,Answer the question concisely. Q: What movie featured a cute Mogwai that looked like a Furby? A:,"['Gizmo (Gremlins)', 'Gremlins: Stripe vs Gizmo', 'Gremlins (film)', 'Gremlins: gizmo', 'Stripe (Gremlins)', 'Mogwai (Gremlins)', 'Gremlins', 'Gremlins: The Adventure', 'Gremlins: Unleashed!', 'Gremlins (movie)', 'Gremlins - The Adventure', 'Gremlins (Atari 5200)']", Gremlins,0.9156350493431091,0,0,0
5140,"Answer the question concisely. Q: In the television series The Munsters, what was Lily Munster's maiden name? A:","['Kretzulesco', 'Dracula (book)', 'Dracula (novel)', 'Dracula', 'Carfax Abbey', 'Drakula']", Garson,0.25827687978744507,1,1,1
5148,"Answer the question concisely. Q: ""Which actress/singer starred as Doralee Rhodes in the 1980 film, """"Nine to Five""""?"" A:","['Floyd Parton', 'Dolly Parton discography', 'DOLLY PARTON', 'Dolly Parton', 'Sandollar Productions', 'Dolly Rebecca Parton', 'Dolly Pardon']", Jane Fonda,0.4747764468193054,1,1,1
5162,Answer the question concisely. Q: What is the name of the German magazine which claimed in 1983 to have found Hitler's diaries? A:,"['Fashion timber', 'Parabolic stern', 'Retroussé stern', 'Elliptical stern', 'Retrousse stern', 'Cutaway stern', 'Canoe stern', 'Torpedo stern', 'Torpedoboat stern', 'Stern frame', 'Fashion piece', 'Square stern', 'Double ended stern', 'Constanzi stern', 'Wing transom', 'Pink stern', 'Stern (boat)', 'Cruiser stern', 'Counter stern', 'Transom stern', 'Pinky stern', 'Transom board', 'Torpedo boat stern', 'Round stern', ""Ship's stern"", 'Circular stern', 'Stern timber', 'Stern (ship)', 'Stern']", Der Spiegel,0.08664362132549286,1,1,1
5171,Answer the question concisely. Q: What is the imperial distance of a marathon race? A:,"['26 miles, 385 yards']", 26.2 miles,0.3875954747200012,1,0,0
5176,"Answer the question concisely. Q: What is the distinctive odour of the gas, hydrogen cyanide? A:","['Almond tree', 'Luz (nut)', 'Amygdalus amara', 'Almond oil', 'Marcona almonds', 'Mandel (nut)', 'Badam', 'Almond Bitter Oil', 'Prunus dulcis', 'Almond trees', 'Amygdalus communis', 'Almendrado', 'Amygdalus dulcis', 'ALMONDS', 'Marcona Almonds', 'Prunus amygdalus dulcis', 'Druparia amygdalus', 'Marcona almond', 'Marcona Almond', 'Prunus amygdalus', 'Almond extract', 'Amygdalus fragilis', 'Amygdalus sativa', 'Baadaam', 'Oil of bitter almond', 'Toasted Almond', 'Oleum amygdalae', 'Bitter almonds', 'Sweet almond oil', 'Almond', 'لوز', 'Almonds', 'Oil of Bitter Almonds', 'Almond syrup', 'Bitter almond']", bitter almond,0.8507164120674133,0,0,0
5179,"Answer the question concisely. Q: In the nursery rhyme, who pulled pussy out of the well? A:",['Little Tommy Stout'], Tom,0.17866694927215576,1,0,0
5181,Answer the question concisely. Q: Which American scene artist painted 'Cape Cod Evening'? A:,"['Edward Hopper', 'Girlie Show (painting)', 'Hopper, Edward', 'Hopperesque']", Edward Hopper,0.8975725173950195,0,0,0
5197,Answer the question concisely. Q: Who was the brother of the Bronte sisters? A:,"['Branwell Brontë', 'Bramwell Bronte', 'Bramwell Brontë', 'Branwell Bronte', 'Patrick Branwell Bronte', 'Branwell', 'Patrick Branwell Brontë']", Patrick Brontë,0.6462910175323486,0,1,1
5200,Answer the question concisely. Q: Which city was the subject of the 1949 song 'Dirty Old Town' by Ewan McColl? A:,"['Salford', 'Salford (disambiguation)']", Edinburgh,0.08393567055463791,1,1,1
5216,"Answer the question concisely. Q: The word 'Araf, painted on the road surface in Wales means what in English? A:","['Slow', 'Speeed', 'Speedful', 'Speedfully', 'Tangential speed', 'Pokily', 'Swiftness', 'Instantaneous speeds', 'Tangential velocity', 'Hastiness', 'Constant Speed', 'Instantaneous speed', 'Speedfulness', 'Average speed', 'Speedless', 'Slowness', 'Speeds', 'Slowing', 'Promptitude', 'Promptness', 'Pokiness', 'Speed']", Araf is means 'no entry' in English.,0.09393801540136337,1,1,1
5220,"Answer the question concisely. Q: Which group has had hits with the albums 'Hopes and Fears', and `Under the Iron Sea'? A:","['Keane', 'Keane (surname)', 'Keane (disambiguation)']", The Killers,0.059110432863235474,1,1,1
5222,Answer the question concisely. Q: Who was the last British male to reach the final of a Grand Slam tennis singles tournament? A:,"['Greg Rusedski', 'Greg Rudsedski', 'Rusedski', 'Ruzetsky', 'Greg Ruzetsky']", Andy Murray,0.18775209784507751,1,1,1
5227,Answer the question concisely. Q: What is the common name of the garden weed urtica dioica? A:,"['Nettle', 'List of plants known as nettle', 'List of nettle plants']", Stinging nettle,0.48943042755126953,1,0,0
5234,"Answer the question concisely. Q: Who wrote the autobiography 'Rum, Bum and Concertina' published in 1977? A:","['George Melly', 'George melley', 'Melly', 'George Mellie']"," A: The autobiography 'Rum, Bum and Concertina' was written by the British comedian and actor, Peter Sellers. Published in 1977, it provides an insight into his life, career, and personal experiences",0.1663186103105545,1,1,1
5239,Answer the question concisely. Q: Which perennial herb is also known as milfoil? A:,"['Stanchweed', 'Staunchweed', 'Achillea ambigua', 'Achillea lanata', ""Old man's mustard"", ""Devil's plaything"", ""Carpenter's weed"", 'Thousand Seal', 'Thousandleaf', ""Bad man's plaything"", 'Achillea ossica', 'Achillea bicolor', 'Thousand-seal', 'Achillea albida', 'Achillea lanulosa', 'Achillea crassifolia', 'Yarrow bloodwort', 'Achillea dentifera', ""Seven year's love"", ""Snake's grass"", 'Achillea cristata', 'Thousand leaf', 'Achillea eradiata', ""Knight's milfoil"", 'Yarrow', ""Knight's milefoil"", 'Millefoil', 'Carpenter’s Weed', 'Western yarrow', 'Achillea setacea', 'Achillea nabelekii', 'Achillea arenicola', 'Achillea submillefolium', 'Thousand weed', 'Yerw', 'Achillea pecten-veneris', 'Gearwe', 'Milefolium', 'Achillea gracilis', 'Gordaldo', ""Old man's pepper"", 'Achillea gigantea', 'Achillea alpicola', 'Thousand seal', 'Hundred leaved grass', 'Chamaemelum millefolium', 'Achillea tenuifolia', 'Achillea anethifolia', 'Knyghten', 'Achillea subalpina', 'Achillea angustissima', 'Little Feather', 'Achillea marginata', 'Achillea intermedia', 'Achillea puberula', 'Chamaemelum tomentosum', 'Achillios millefoliatus', 'Plumajillo', 'Achillea rosea', 'Fernweed', 'Achillea magna', 'Achillea pacifica', 'Achillea occidentalis', 'Achillea compacta', 'Alitubus millefolium', 'Yarrow milfoil', 'Common yarrow', 'Chamaemelum tanacetifolium', 'Soldier’s Woundwort', 'Thousand-leaf', 'Achillea ceretanica', 'Achillea coronopifolia', 'YARROW', 'Achillea ochroleuca', 'Field hops', ""Old Man's Pepper"", 'Achillea pumila', 'Achillea californica', 'Death flower', 'Achillea sordida', 'Herb Militaris', 'Common Yarrow', 'Field Hop', 'Achillea pseudo-tanacetifolia', 'Achillea haenkeana', 'Achillea sylvatica', ""Soldier's Woundwort"", 'Achillea fusca', 'Achillea Millefolium', ""Devil's nettle"", 'Alitubus tomentosus', 'Devil’s Nettle', ""Soldier's woundwort"", 'Thousand Leaf', 'Achillea borealis', 'Achillea millefolium', 'Yarroway', 'Achillea pratensis', 'Nosebleed plant', 'Achillea tenuis', 'Achillea tanacetifolia', 'Death Flower', 'Achillea palmeri', 'Achillea laxiflora', 'Snake’s Grass']", water mint,0.3129143714904785,1,1,1
5251,Answer the question concisely. Q: What was the name of the home of the Norse gods? A:,"['Asguard', 'Asgard', 'Asgaard', 'Ásgarðr', 'Åsgard', 'Ásaland', 'Asgardr', 'Ásgard', 'Asgård', 'Asaland', 'Aasgard', 'Ásgardr', 'Asgarthr', 'Godheim']", Asgard,0.886786162853241,0,0,0
5259,"Answer the question concisely. Q: Which Pacific nation consists of over 800 islands and islets, the largest being Viti Levu? A:","['Fiji (disambiguation)', 'FIJI']", Fiji,0.37087172269821167,1,0,0
5261,"Answer the question concisely. Q: ""Who wrote the TV series """"Pennies From Heaven"""", and """"The Singing Detective""""?"" A:","['Dennis C. G. Potter', 'Dennis Christopher George Potter', 'Dennis Potter', 'Denis Potter', 'DENNIS POTTER']", J. G. Ballard,0.2830490469932556,1,1,1
5262,"Answer the question concisely. Q: Which South African soldier / statesman fought against the British in the Boer War, then on the side of the allies in both World Wars, and was instrumental in the founding of the League of Nations in 1919? A:","['JAN SMUTS', 'Jan Christiaan Smuts', 'General Smuts', 'General Jan Smuts', 'Jan Christiaan Smuts of South Africa', 'Jan C. Smuts', 'Ian Smuts', 'J. C. Smuts', 'Field Marshal Smuts', 'J C Smuts', 'J.C. Smuts', 'Jan Smuts', 'Jan Christian Smuts', 'Smuts', 'Jan smuts', 'JC Smuts']", Jan Smuts,0.9218505620956421,0,0,0
5270,Answer the question concisely. Q: New Zealander Jack Lovelock gained fame in the1930's in which field? A:,"['Athletics (track & field)', 'Athletics', 'Athletics (track+field)', 'Athletics (disambiguation)', ""Athletics (track 'n field)"", 'The Athletics', ""Athletics (track 'n' field)"", 'Athletics (overview)', ""Athletics (track n' field)"", 'ATHLETICS', 'Athletics (track n field)', 'Athletics (track + field)', 'Athletics (sports)']", running,0.17930060625076294,1,1,1
5297,Answer the question concisely. Q: What is the American word for a short-hand typist? A:,"['Brachygraphic', 'Shorthand', 'Stenography', 'Stenographer', 'Stenographers', 'Short Hand', 'Shorthand writing', 'Stenographic', 'Brachygraphy', 'Shorthand typist', 'Tachygraphy']", stenographer,0.8313078284263611,0,0,0
5309,"Answer the question concisely. Q: ""In physics, whose law states that """"for a fixed mass of gas at a constant temperature the product of the pressure and volume is constant""""?"" A:","['(Robert) Boyle', 'Boylean', 'Robert Boyle', 'Sir Robert Boyle', 'The Hon Robert Boyle']"," The law you're referring to is known as Boyle's Law. It was formulated by the English physicist and chemist Robert Boyle in the 17th century. Boyle's Law states that for a fixed mass of gas at a constant temperature, the product of the pressure and volume is constant. In other words, if",0.21948643028736115,1,0,0
5320,Answer the question concisely. Q: In which year was Mrs Indira Gandhi assassinated? A:,"['1984', 'one thousand, nine hundred and eighty-four']", 1984,0.6581233143806458,0,0,0
5323,Answer the question concisely. Q: Who was head of the Gestapo from1936? A:,"['Himler', 'Heinrich Luitpold Himler', 'HimmlerHeinrich', 'Heinrich Hitzinger', 'Himler, Heinrich', 'Himmler Heinrich', 'Heinreich Himmler', 'Heinrich Himler', 'Hinrich Himler', 'Heinrich Himmler', 'Heini Himmler', 'Himler,Heinrich Luitpold', 'HeinreichHimmler', 'Himmler, Heinreich', 'Himmler, Heinreich Luitpold', 'Himler Heinrich', 'Himmler,Heinreich Luitpold', 'Himler, Heinreich Luitpold', 'Himmler Heinreich', 'HeinrichHimler', 'Himmler,Heinreich', 'Heinrich himmler', 'Himler, Heinrich Luitpold', 'Heinreich Hitzinger', 'Heinreich Himler', 'HimlerHeinreich', 'Himmler, Heinrich Luitpold', 'Hinrich Himmler', 'Heinrich Hemmler', 'HeinreichHimler', 'Himler, Heinreich', 'Himler Heinreich', 'Himmler,Heinrich Luitpold', 'Himler,Heinreich', 'HimlerHeinrich', 'Himler,Heinrich', 'Heinrich Luitpold Himmler', 'HimmlerHeinreich', 'Himmler, Heinrich', 'Heinreich Luitpold Himmler', 'Heinreich Luitpold Himler', 'Himmler,Heinrich', 'Hinreich Himmler', 'Himmler', 'Himler,Heinreich Luitpold', 'HeinrichHimmler', 'Hinreich Himler']", Heinrich Himmler,0.8896422982215881,0,0,0
5333,Answer the question concisely. Q: Nephritis is the inflammation of which organ? A:,"['Human kidney', 'Duplex kidney', 'Kindey cell', 'Upper pole of the kidney', 'Cortical collecting tubule cell', 'Kidneys', 'Nephrous', 'Renal System', 'Nephric', 'Renal System Disease', 'Nephros', 'Kidney disorder', 'The kidney', 'Metanephroi', 'Renal', 'Kidney Diseases', 'Pole of the kidney', 'Nephridial', 'Interstitial kidney cells', 'Kidney disorders', 'Renal disorder', 'Hind-kidney', 'Renal hilus', 'Kidney (food)', 'Pole of kidney', 'Inner medullary collecting duct cell', 'Renal anomalies', 'Interstitum', 'Kidney', 'Thick ascending limb cell', 'Renally', 'Renal agents']", kidney,0.736763596534729,0,0,0
5336,Answer the question concisely. Q: In which year did Picasso die? A:,"['one thousand, nine hundred and seventy-three', '1973']", 1973,0.6406343579292297,0,0,0
5345,"Answer the question concisely. Q: In which country is the Sierra Madre mountain range, with its highest peak at Cerro Mohinora? A:","['Mexican Republic', 'MEXICO', 'Estados Unidos de México', 'Sierra de la Estrella', 'Mexico (country)', 'Mexicó', 'The United Mexican States', 'Estados Unidos de Mexico', 'Central Mexico', 'ISO 3166-1:MX', 'Mexiko', 'Méjico', 'Mexique', 'Mexican United States', ""Mexican'"", 'The United State of Mexico', 'Mountains of Mexico', 'Old Mexico', 'United states of mexico', 'EUM', 'Messico', 'Mejico', 'The United States of Mexicans', 'Untied Mexican States', 'México', 'Etymology of Mexico', 'Meixcan', 'Estados Unidos Mexicanos', 'Mexic', 'Mexxico', 'Mexican Union', 'The United States of Mexico', 'United State of Mexico', 'Mexico', 'Republic of Mexico', 'Mexican Federal Republic', 'United Mexican States', 'Mexican coast', 'Mehico', 'United States of Mexicans', 'United States of Mexico']", Mexico,0.7500271201133728,0,0,0
5366,Answer the question concisely. Q: PIA is the national airline of which country? A:,"['Union of Pakistan', 'Pakistani Federation', 'PAKISTAN', 'Pakastan', 'Pakistán', 'Packistan', 'پاکِستان', 'پاكِستان', 'Pakistana', 'Name of Pakistan', 'Etymology of Pakistan', 'Pakistan', 'Bakistan', 'Pakistano', 'Islamic Republic Of Pakistan', 'Paquistan', 'Pākistān', 'Paakistan', 'IROP', 'Paskitan', 'Islāmī Jumhūriyah-yi Pākistān', 'Republic of Pakistan', 'اسلامی جمہوریۂ پاكِستان', 'Islamic Republic of Pakistan', 'پاکستان', 'Bakistaan', 'Mumlikat-e-Khudad-e-Pakistan', 'Pakistāna', 'اسلامی جمہوریہ پاکستان', 'Islāmī Jumhūrī-ye Pākistān', 'ISO 3166-1:PK', 'Pakland', 'Pakistan, Islamic Republic', 'Islamic Republic Pakistan', 'The Islamic Republic Pakistan', 'Pakisthan', 'Federation of pakistan', 'Al-Pakistan', 'اسلامی جمہوریۂ پاکستان', 'Paquistao', 'Paquistán', 'Pákistán', 'Pakasthan', 'The Islamic Republic of Pakistan', 'Pakistaan', 'Pak-e-stan', 'Pakistan.', 'Islamic Pakistan', 'Federation of Pakistan', 'Pakstan', 'Islamic State of Pakistan', 'Pakistan, Islamic Republic of', 'Bakstaan', 'Pakistani Republic', ""Pakistan's"", 'State of Pakistan', 'باكستان', 'Pakistani state', 'The State of Pakistan', 'The Republic of Pakistan', 'Al-Bakistan', 'Paquistão', 'Pakisatan', 'Mumlikat e Khudad e Pakistan', 'I.R. of Pakistan', 'پاڪستان', 'Pak-i-stan']", Pakistan,0.7523930668830872,0,0,0
5371,Answer the question concisely. Q: The Beatles won an Oscar for what? A:,"[""Best original score for the film 'Let it Be'""]", Let It Be,0.4210911989212036,1,0,0
5374,Answer the question concisely. Q: In which London magazine did Sherlock Holmes first appear? A:,"['Strand (disambiguation)', 'The Strand', 'The Strand (disambiguation)', 'Lars Strand', 'Strand', 'The strand']", Strand Magazine,0.5020180344581604,0,0,1
5410,Answer the question concisely. Q: Which of Dickens' novels contains the characters Mr Pecksniff and Mrs Gamp? A:,"['Life and Adventures of Martin Chuzzlewit', 'Seth pecksniff', 'Jefferson Brick', 'Mark Tapley', 'Chuzzlewit', 'Mr. Pecksniff', 'Martin Chuzzlewit', 'Mrs. Gamp', 'Sairey Gamp', 'The Life and Adventures of Martin Chuzzlewit', 'Seth Pecksniff', 'Martin Chuzzlewitt', 'Martin Chezzlewit']", Martin Chuzzlewit,0.9281415939331055,0,0,0
5425,Answer the question concisely. Q: Which rugby league team is known as the Rhinos? A:,"['Leeds, UK', ""St Margaret's Primary School, Horsforth"", 'ST Margarets Primary School', 'St Margarets Primary School', 'St margarets school', 'City of leeds transport area', 'The weather in Leeds', 'Leeds, Yorkshire', 'Knightsbridge of the North', 'Shakespeare Primary School', 'Higher Education in Leeds', 'Leeds, England', 'Leeds, West Yorkshire', 'Leeds', 'Leodis', 'LEEDS', 'Leeds – Bradford, UK', 'Leodensian', 'UN/LOCODE:GBLBA']", Leeds Rhinos,0.32130926847457886,1,1,1
5449,Answer the question concisely. Q: Which singer had a number 1 hit album in 2008 entitled 'Hard Candy'? A:,"['Madonna', 'Madonna (disambiguation)', 'Madonna (album) (disambiguation)', 'Madonna (film)']", Britney Spears,0.22805854678153992,1,1,1
5455,"Answer the question concisely. Q: How many points are needed to win a set in Table Tennis, under current Olympic rules? A:","['11', 'Eleven', 'eleven']", 11,0.5184771418571472,0,0,0
5463,Answer the question concisely. Q: Which is the only property on a traditional UK Monopoly board which is south of the River Thames? A:,"['OLD KENT ROAD', 'Old Kent Road']", The answer to this question is: The Strand,0.12696629762649536,1,1,1
5465,"Answer the question concisely. Q: Which group recorded the albums called 'Raintown', 'Fellow Hoodlums' and 'Homesick'? A:",['Deacon Blue'], The Flaming Lips,0.12902654707431793,1,1,1
5467,Answer the question concisely. Q: What is the collective noun for a group of frogs? A:,"['Ground formation', 'Armies', 'Land Force', 'History of the Army', 'Army', 'An army', 'Ground formations', 'Land Army', 'Land forces', 'Ground Forces', 'Vast armies', 'Land force', 'Army history', 'Ground units', 'Ground forces']"," A ""knot"" of frogs.",0.09480458498001099,1,1,1
5470,Answer the question concisely. Q: In which Cornish town is there a branch of the Tate Gallery? A:,"['St.Ives', 'Saint Ives', 'St. Ives', 'St. Ives (film)', 'Saint Yvo', 'Saint Ivo', 'St Ives, United Kingdom', 'St Ives (film)', 'St Ives', 'St Ives (disambiguation)']", St Ives,0.9293588399887085,0,0,0
5474,Answer the question concisely. Q: Which cricketer wrote the autobiographical 'Coming Back To Me'? A:,"['ME Trescothick', 'Magnus Trescothick', 'Trescothick', 'Marcus Trescothick', 'M E Trescothick', 'MARCUS TRESCOTHICK']", A: The cricketer who wrote the autobiographical book 'Coming Back To Me' is Kevin Pietersen,0.12536334991455078,1,1,1
5476,Answer the question concisely. Q: The world became aware of the Chernobyl disaster after detectors were triggered in which country? A:,"['Swedish sin', 'Swea Region', 'Sverige', 'Swedish origin', 'Schweden', 'Kingdom of Sweden', 'SWEDEN', 'Etymology of Sweden', 'Mainland Sweden', 'Konungariket Sverige', 'Ulf Bergman', 'Swedish climate', 'Sweden', 'Climate of Sweden', 'ISO 3166-1:SE', 'Sveden', 'Suecia', 'Swedish realm', 'Zweden']", Sweden,0.6974367499351501,0,0,0
5477,Answer the question concisely. Q: Which actress played The Sculptress on TV? A:,"['PAULINE QUIRKE', 'Pauline Quirke', 'Pauline Quirk']", Joan Collins,0.19214150309562683,1,1,1
5490,Answer the question concisely. Q: Who is the only figure skater to win 3 consecutive Winter Olympic gold medals? A:,"['SONJA HENIE', 'Henie, Sonja', 'Sonja Henje', 'Sonya Henie', 'Sonja Henie', 'Sonia Henie']", Yuzuru Hanyu,0.17666684091091156,1,1,1
5528,Answer the question concisely. Q: The Aran Islands are located at the mouth of which bay? A:,"['Galway Bay Drowning Tragedy', 'Loch Lurgain', 'Galway Bay drowning tragedy', 'Galway Bay']", Galway Bay,0.9212558269500732,0,0,0
5541,Answer the question concisely. Q: On which record label did Elvis Presley launch his career? A:,"['The SUN', 'SUN (disambiguation)', 'Sun (UK)', 'SUN', 'Sun (disambiguation)', 'Sun (band)', 'The Sun (tabloid)', 'The Sun (band)', 'The Sun newspaper', 'Sun (British newspaper)', 'Sun (unit)', 'The Sun (album)', 'Da sun', 'Sun newspaper']", RCA Victor,0.10308270156383514,1,1,1
5572,Answer the question concisely. Q: Which Alpine peak is known in Italy as Monte Cervino? A:,"['Monte Cervino', 'Hörnli Ridge', 'Materhorn', 'Matahorn', 'Mattahorn', 'Cervin', 'Mont Cervin', 'The Matterhorn', 'Matterhorn']", Matterhorn,0.9046105146408081,0,0,0
5577,Answer the question concisely. Q: At the London Olympics 2012 which events will take place at Lords? A:,"['ARCHERY', 'Toxophilite', 'National Archery in the Schools Program', 'Primitive archery', 'Endong', 'Archer (comics)', 'Toxopholite', 'The Archer', 'Paralympic archery', 'Primitive Archery', 'Archery', 'Archers', 'Archeress', 'Bowmen', 'Archer', 'Bowmanship', 'The archer', 'The Archers (disambiguation)', 'Archery range', 'Anchor Point (archery)', 'Para-archery', 'Indoor archery', 'Toxophily', 'Archerie', 'Butt shooting', 'National archery in the schools program', 'Paralympic Archery', 'Villavar Tamils']", cricket,0.11219768226146698,1,1,1
5586,"Answer the question concisely. Q: The football club CFR Cluj made their debut in the European I Champions League this season, in which country do they play? A:","['ISO 3166-1:RO', 'Romanian state', 'ROMANIA', 'Roumania', 'Etymology of Romania', 'Romainia', 'Romînia', 'North Danubian region', 'Carpathian Danubian space', 'ROU', 'România', 'Romanian State', 'Roumanie', 'Country ROM', 'Rromania', 'Romania', 'Republic of Romania', 'RO (country)', 'Rumänien', 'Danubian-Carpathian Area', 'Rumania', 'Austro-Hungarian Empire (Romania)', 'Rumunia']", Romania,0.7620241641998291,0,0,0
5597,Answer the question concisely. Q: Which US President was the last to have been born in the nineteenth century? A:,"['Eisenhower Dwight', 'Health issues of Dwight D. Eisenhower', 'D. D. Eisenhower', 'Dynamic Conservatism', 'General Dwight Eisenhower', 'David Jacob Eisenhower', 'Dweight Eisenhower', '34th President of the United States', 'Dwight E Eisenhower', 'Eisehower', 'President Dwight D. Eisenhower', 'David Dwight Eisenhower', 'Ike (nickname)', 'Eisenhower', 'Eishenhower', 'General Dwight David Eisenhower', 'Dwight D. Eisenhower', 'President Eisenhower', 'Ike Eisenhower', 'Dwight Eisenhower', 'D. Eisenhower', 'General Eisenhower', 'David D. Eisenhower', 'President Dwight Eisenhower', 'Dwight eisenhower', 'Dwight Eisenhour', 'Dwight Eisienhower', 'Dwight Eisenhauer', 'Dwight David Eisenhower', 'Dwight D Eisenhower', 'General of the Army Dwight Eisenhower']", Gerald Ford,0.2579258978366852,1,1,1
5601,Answer the question concisely. Q: Who commanded the Prussian army at the Battle of Waterloo in 1815? A:,"['Von Bluecher', 'Gebhard Furst Blucher von Wahlstatt', '(Gebhard) Blucher', 'Gebhard Leberecht Von Blücher', 'Gebhard Leberecht von Blucher', 'Gebhard Leberecht Von Blucher Prince Von Wahlstatt', 'Gebhard Leberecht von Blücher, Fürst von Wahlstatt', 'Marshal Blucher', 'Marshal Forwards', 'Gebhard Leberecht von Blücher, Fürst (Prince) von Wahlstatt', 'Gebhard Leberecht Von, Prince von Wahlstatt Blucher', 'Field Marshal von Blücher', 'Gebhard von Blucher', 'Gebhard von Blücher', 'Gebhard Fuerst Bluecher von Wahlstatt', 'Gebhard Blucher', 'Prince Blücher', 'Von Blücher', 'Von Blucher', 'Gebhard Leberecht von Blcher', 'Marshal Blücher', 'Gebhard Leberecht von Bluecher', 'Marshall Blucher', 'Prince Blucher', 'Gebhard Fürst Blücher von Wahlstatt', 'Gebhard Leberecht von Blücher']", The Prussian army at the Battle of Waterloo in 1815 was commanded by Field Marshal Gebhard Leberecht von Blücher.,0.3881325423717499,1,0,0
5630,"Answer the question concisely. Q: Name the singer who, along with Vince Clarke, made up the pop group Yazoo? A:","['Alf Moyet', 'Alison Moyet', 'Alison moyet', 'Allison Moyet']", Alison Moyet,0.9036427140235901,0,0,0
5631,"Answer the question concisely. Q: Manchester United's Kevin Moran was the first player to he sent off in an FA Cup final, which Arsenal player was the second? A:","['Jose Antonio Reyes', '(Jose Antonio) Reyes', 'José Antonio Reyes Calderón', 'José Antonio Reyes']", Ian Wright,0.19882118701934814,1,1,1
5634,Answer the question concisely. Q: Which philosopher wrote 'Thus Spoke Zarathustra' between 1883 and 1885? A:,"['Nietzshe', 'Fredirich Nietzsche', 'Freidrich Neitzsche', 'FriedrichNietzsche', 'Frederich Nietzsche', 'Neetshe', 'Willhelm Nietsche', 'Nieztche', 'Neetsche', 'Friedrich nietschze', 'Nitzche', 'Nietze', 'Fredreich Nietzsche', 'Wilhelm Nietsche', 'Neetzshe', 'Nietche', 'Neeche', 'Friedrich Nietszche', 'Friedrich Neitzsche', 'Neitschze', 'Niezsche', 'Nietzsche, Friedrich', 'Neetcha', 'Friedrich Nietzche', 'Wilhelm Nietzche', 'Neetche', 'Neitzsche', 'Neitche', 'Freidrich Nietzsche', 'Niezshe', 'Franziska Oehler', 'TheWillToPower', 'Nietzsche', 'Fredrick Nietzche', 'F. W. Nietzsche', 'Nietshze', 'Nietshe', 'Neitshe', 'Neitzche', 'Friederich Wilhelm Nietzsche', 'Friedrich Nietsche', 'Nietszshe', 'Nietsche', 'Neetschze', 'Friedrich nietzsche', 'Friederich Nietzsche', 'Neitzchse', 'Nietzcheism', 'Neitsche', 'F. Nietzsche', 'Nitshe', 'Nieztsche', 'Willhelm Nietszche', 'Neitshze', 'Nietsha', 'Nietzche', 'Neitsze', 'Nietschze', 'Friedrick Nietzsche', 'Neechee', 'Wilhelm Nietzsche', 'Wilhelm Nietszche', 'Nietsje', 'Friedrich Wilhelm Nietzsche', 'Nietszche', 'Willhelm Nietzche', 'Friedrich Nietzsche', 'Nieche', 'Neischze', 'Friedrich Neitszche', 'Neetza', 'Nitzsche', 'Friedriche Nietzsche', 'Fredericke Nietsche', 'Neitze']", Friedrich Nietzsche,0.8852131366729736,0,0,0
5655,Answer the question concisely. Q: On which river does the Scottish city of Stirling lie? A:,"['Forth (disambiguation)', 'Forth']", River Forth,0.5686331391334534,0,0,0
5681,Answer the question concisely. Q: Which is the most famous painting by Edvard Munch? A:,"['Scream (disambiguation)', 'Scream! (disambiguation)', 'Scream (song)', 'Scream (Song)', 'Scream', 'Scream (comic)', 'THE SCREAM', 'Scream (single)', 'Scream (movie)', 'Scream!', 'Scream (film)', 'SCREAM', 'Scream (album)']", The Scream,0.5209850668907166,0,0,0
5682,Answer the question concisely. Q: Who played Claude Greengrass in 'Heartbeat'? A:,"['Walter Frederick George Williams', 'Bill Maynard', 'BILL MAYNARD']", David Jason,0.14353692531585693,1,1,1
5685,Answer the question concisely. Q: What is the name of the heroine in the story of 'Beauty and the Beast'? A:,"['Belle (song)', 'Belle', 'Belle (disambiguation)', 'BELLE', 'Belle (film)']", Belle,0.7407842874526978,0,0,0
5709,Answer the question concisely. Q: Which river enters the North Sea at Whitby in North Yorkshire? A:,"['Esk River', 'River Esk, Angus', 'Esk River (disambiguation)', 'River Esk (disambiguation)', 'River Esk', 'RIVER ESK']", River Esk,0.9177533388137817,0,0,0
5733,Answer the question concisely. Q: From which continent does the world's smallest bear the Sun Bear originate? A:,"['South-Eastern Asia', 'Southeast Asian frog', 'Southeast-Asia', 'Southeast asia', '(SOUTH EAST) ASIA', 'Southeast Asia amphibians', 'Culture of Southeast Asia', 'South East Asia', 'Asia, Southeastern', 'Southeast Asia frog', 'Amphibians of Southeast Asia', 'South-eastern Asia', 'South-East-Asia', 'South East Asian', 'South-East Asian', 'Southeast Asia amphibian', 'South-East Asia', 'South Eastern Asia', 'SE Asia', 'Amphibians in Southeast Asia', 'Southeast Asians', 'Frogs in Southeast Asia', 'List of countries in Southeastern Asia', 'Frog of Southeast Asia', 'Southeast Asian', 'SouthEast Asia', 'Southeast Asian amphibian', 'Southeast Asian frogs', 'Southeast Asian amphibians', 'Frog in Southeast Asia', 'Southeastern Asia', 'South-east asia', 'SEAsia', 'Demographics of Southeast Asia', 'South-east Asian', 'Southeast Asia', 'Souteast asia', 'South east Asia', 'List of countries in Southeast Asia', 'South-east Asia', 'Frogs of Southeast Asia', 'Southeast Asia frogs']", Asia,0.6140433549880981,0,0,0
5736,"Answer the question concisely. Q: ""In 1743, which English monarch began the tradition, of the audience rising to its feet, for Handel's """"Hallelujah Chorus""""?"" A:","['GEORGE II', 'George 2', 'George II (disambiguation)', 'George the Second', 'George II', 'George the 2nd', 'King George II', 'George Ii', 'King george ii', 'George ii']", King George II,0.9327828884124756,0,0,0
5742,"Answer the question concisely. Q: """"""A Whiter Shade of Pale"""" was the 1967 debut single for which successful British band?"" A:","['Procol harum', 'Procol Harum', 'Procul Harem', 'Purple Harum', 'Ray Royer', 'PROCUL HARUM', 'Procol Harem', 'Mick grabham', 'Procul Harum', 'Mick Grabham', 'Liquorice John Death']", Procol Harum,0.9866183996200562,0,0,0
5744,Answer the question concisely. Q: Which playwright and poet became President of his country in 1989? A:,"['Hollar, Václav', '(Vaclav) Havel', 'Vaclav Havel', 'Václav Havel', 'Václav Havel Honor', 'Václav Havel Award', 'Václav Havel Library', 'Vaclev Havel', '1st President of the Czech Republic']", Lech Wałęsa,0.5993174910545349,0,1,1
5751,Answer the question concisely. Q: Of what type of rock is the Rock of Gibraltar made? A:,"['Cretaceous limestone', 'Limestone', 'Limestones', 'Lime Stone', 'Shackleton Limestone', 'Chalkstone', 'Coralline limestone', 'Limestone (mineral)', 'Lime stone']", sedimentary,0.3476487398147583,1,1,1
5754,"Answer the question concisely. Q: Which British Prime Ministers death is commemorated on 19th April, Primrose Day? A:","['Benjamin disreali', 'Lord Beaconsfield PM', 'Benjamin Disraeli Beaconsfield', 'Disraeli', 'Disraeli, Benjamin, Earl Of Beaconsfield', 'Benjamin Disraeli, Earl of Beaconsfield', 'Beakitorius', 'Benjamin Disraeli', 'Ben Disraeli', 'The Earl of Beaconsfield', 'Benjamin, Earl of Beaconsfield', 'Benjamin, 1st Earl of Beaconsfield Disraeli', 'Benjamin Beaconsfield', 'Disraeli, Benjamin, 1st Earl of Beaconsfield', 'Benjamin Disraeli, 1st Earl of Beaconsfield', 'Lord Beaconsfield', 'B Disraeli']", Sir Robert Peel,0.19252228736877441,1,1,1
5776,Answer the question concisely. Q: Nine of the ten tallest buildings in Germany are in which city? A:,"['Frankfort-on-the-Main', 'Frankfurt am Main, Germany', 'UN/LOCODE:DEFRA', 'Frankfort-on-the-Maine', 'Frankfort on Main', 'Frankfurt-on-the-Main', 'Frankfort/Main', 'Franckford', 'Frankfurt am Main (Germany)', 'Frankfurt-Am-Main, Germany', 'Frankfort On Main', 'Frankfurt a.M.', 'Frankfurt (Main)', 'Franfurt', 'Frankfurt, Main', 'Frankfurt am Main, Hesse', 'Frankfurt-Am-Main', 'Frankfurt-on-Main', 'Frankfurt (state)', 'Frankfort-am-Main', 'Frankfurt, Hesse', 'Frankfurt am Main', 'Frankfurt–am-Main', 'Frankfort-on-Main', 'Mainhattan', 'Frankfurt, Germany', 'Frankfurt-am-Main', 'Frankfurt', 'Frankfurt/Main', 'Frankfurt on Main', 'Frankfurt am main', 'Frankfurt on the Main', 'Frankfort on the Main']", Frankfurt,0.6849446296691895,0,0,0
5785,Answer the question concisely. Q: Bithynia was an ancient province on which sea? A:,"['Marea Neagră', 'BLACK SEA', 'Black Sea shelf', 'Black Sea littoral', 'Черноморский', 'Black sea', 'შავი ზღვის', 'შავი ზღვა', 'Euxine', 'Чорноморський', 'The Black Sea', 'Black seas', 'Schwarzes Meer', 'Pontus Euxinus', 'Pontus Euxinos', 'Euxine Sea', 'Black Sea', 'Kara Deniz', 'Черно море']", A: Bithynia was an ancient province on the Black Sea,0.31383803486824036,1,0,0
5790,"Answer the question concisely. Q: Which scientist said 'I don't know what weapons World War 3 will be fought with, but World War 4 will be fought with sticks and stones'? A:","['Albert Enstien', 'A Tribute to Einstein', 'ALBERT EINSTEIN', 'Albert Einstien', 'Einstein (physicist)', 'Einsetein', 'Albert Einstin', 'Einstien', 'Albert Eienstein', 'Albert Einstein', 'Einstein, Albert', 'Albert Enstein', 'Einsteinian', 'Alber Enstien', ""Albert Einstein's"", 'Einstein', 'Einstien, Albert', 'A. Einstein', 'Al Einstein', 'Albert einstein', 'Alber Einstein']", Albert Einstein,0.8711592555046082,0,0,0
5800,Answer the question concisely. Q: Who is the author of the Twilight series of best-selling books? A:,"['Meyer, Stephenie', 'Stepahnie Meyer', 'Stephinie Meyer', 'Meyer, Stephanie', 'Stephanie Meyer', 'Stephenie Meyer', 'Stephni meyer']", Stephenie Meyer,0.9103816747665405,0,0,0
5806,Answer the question concisely. Q: Which long-running British TV crime series was created by writer Glen Chandler? A:,"['Killer (Taggart)', 'Taggart', ""There's been a murder"", 'DCI Matt Burke', 'TAGGART', 'Taggart (TV series)']", The Bill,0.04925888776779175,1,1,1
5823,Answer the question concisely. Q: Which controversial movement was founded in 1928 by the Spaniard Josemaria Escriva de Balaguer y Albas? A:,"['The Prelature of the Holy Cross and Opus Dei', 'Opus dei', 'ODAN', 'Personal Prelature of the Holy Cross and Opus Dei', 'Personal prelature of Opus Dei', 'Opus Dei', 'Opus Dei Awareness Network', 'Opus Dei: Sources of controversies', 'Opus Dei: Allegations of being a cult', 'Prelature of the Holy Cross and Opus Dei']", Opus Dei,0.9409717321395874,0,0,0
5833,Answer the question concisely. Q: Snail porridge is a dish associated with which famous chef? A:,"['The Big Fat Duck Cookbook', 'Heston Blumenthal', 'Heston blumental']", Gordon Ramsay,0.22433841228485107,1,1,1
5844,Answer the question concisely. Q: Which force were defeated by the Athenians at the Battle of Marathon in 490BC? A:,"['Persians (disambiguation)', 'Persians', 'Persian people (disambiguation)']", Persians,0.8751206398010254,0,0,0
5845,Answer the question concisely. Q: Which real life astronaut was played by Tom Hanks in the film 'Apollo 13'? A:,"['James Arthur Lovell', 'Jim Arthur Lovell, Jr.', 'James Arthur Lovell, Jr.', 'Jim Lovell', 'James Arthur Lovell Jr.', 'James A. Lovell', 'James Lovell (Astronaut)', 'James Lovell, Jr.', 'Marilyn Lovell', 'James A. Lovell, Jr.', 'James A. Lovell Jr.']", Jim Lovell,0.9043113589286804,0,0,0
5850,Answer the question concisely. Q: Which 20th Century U.S. President was a Peanut Farmer? A:,"['James Earl Carter Jr.', 'James Carter, Jr', 'James Earl %22Jimmie%22 Carter Jr.', 'Carter, Jimmy', 'James Earl Carter, Jr', 'Jimmie Carter', 'Jimmie Carter Jr.', 'James Earl %22Jimmie%22 Carter, Junior', 'Jimmy Carter, Jr', 'James Earl %22Jimmie%22 Carter Junior', 'Carter, James Earl', 'James Earl %22Jimmie%22 Carter, Jr', 'James E. Carter, Jr.', 'Jimmy Carter Junior', 'James Earl %22Jimmy%22 Carter, Jr', 'President Carter', 'Jimmy Carter Jr', 'Jimmie Carter, Jr.', 'Carter, James Earl %22Jimmie%22', 'Why not the best', 'James Earl %22Jimmy%22 Carter Jr', 'Jimmie Carter, Junior', 'James Earl %22Jimmie%22 Carter, Jr.', 'James Earl %22Jimmy%22 Carter Jr.', 'Jimmy carter', 'James Earl %22Jimmy%22 Carter, Junior', 'James Earl Carter Jr', 'President carter', 'Jimi Carter', 'Jimmy Earl Carter', 'James Carter, Jr.', 'James Earl Carter Junior', 'Carter, James Earl %22Jimmy%22', 'James Earl %22Jimmy%22 Carter, Jr.', '39th President of the United States', 'President Jimmy Carter', 'James Earl %22Jimmy%22 Carter', 'James Earl Carter', 'James Earl (Jimmy) Carter', 'James Earl %22Jimmie%22 Carter Jr', 'Jimmy Carter', 'James Earl Carter, Junior', 'James Earl %22Jimmy%22 Carter Junior', 'Jimmie Carter Junior', 'Why Not the Best', 'James E. Carter', 'Jimmie Carter, Jr', 'Jimmy Carter, Jr.', 'Jimmy Carter, Junior', 'James Earl Carter, Jr.', 'Jimmie Carter Jr', 'James %22Jimmy%22 Carter', 'Jimmy E. Carter', 'Carter, Jimmie', 'Jimmy Carter Jr.', 'JIMMY CARTER', 'James Earle Carter', 'James E. Carter Jr.']", Jimmy Carter,0.8895763158798218,0,0,0
5854,Answer the question concisely. Q: When Alexander the Great had an Empire to which Asian Country did it stretch? A:,"['ഭാരത മഹാരാജ്യം', 'هندستانڀارت،', 'भारतीय गणराज्याच्या', 'Bhārtiya Prajāsattāk', 'Indian Republic', 'ভারতরাষ্টৃ', 'Indian republic', 'ಭಾರತ ಗಣರಾಜ್ಯ', 'Union of India', 'இந்தியக் குடியரசு', 'भारतीय प्रजासत्ताक', 'India (country)', 'ISO 3166-1:IN', 'Indea', 'Etymology of India', 'ভারত গণরাজ্য', 'Republic Of India', 'INDIA', 'ભારતીય ગણતંત્ર', 'ভারত', 'Republic of India', 'Les Indes', 'Bhārat Gaṇarājya', 'جمہوٗرِیت بًارت', 'भारतमहाराज्यम्', 'Indya', 'Bharat Ganrajya', 'جمہوریہ بھارت', 'இந்திய', 'ଭାରତ ଗଣରାଜ୍ଯ', 'भारत गणराज्य', 'Republic of india', 'जुम्हूरियत भारत', 'Hindio', 'The Republic of India', 'భారత గణతంత్ర రాజ్యము', ""India's"", 'Hindistan', 'ਭਾਰਤ ਗਣਤੰਤਰ', 'Bhart', 'India', 'భారత రిపబ్లిక్', 'India.', 'ভাৰত গণৰাজ্য', 'Indian State', 'ISO 3166-1 alpha-3/IND', 'ভারতীয় প্রজাতন্ত্র']", India,0.6906077861785889,0,0,0
5860,Answer the question concisely. Q: Name the 2003 Turner Prize winning artist whose alter ego is Claire? A:,"['Grayson Perry', 'GRAYSON PERRY', 'Greyson perry']", Grayson Perry,0.9123468995094299,0,0,0
5864,Answer the question concisely. Q: The Spanish La Liga football club Villarreal share their nickname with which Beatles song? A:,"['Yellow Submarine', 'Yellow submarine', 'YELLOW SUBMARINE', 'The Yellow Submarine', 'Yello Sub', 'Yellow Submarine (disambiguation)']", Can't Buy Me Love,0.1779896318912506,1,1,1
5874,Answer the question concisely. Q: For which minor sport do the USA and Europe compete annually for the Weber Cup? A:,"['Ten-Pin bowling', 'Ten-Pin Bowling', 'Tenpins', 'Ten Pin Bowling', '10 pin bowling', 'Ten pin bowling', 'Big Four (bowling)', 'Ten-pin', 'Perfect series', 'Tenpin bowling', 'Ten pin', 'Ten-pin bowling', 'TEN PIN BOWLING', 'List of Bowling terms', 'Bowling terms', 'Tenpin Bowling', '10-Pin Bowling']", golf,0.16057847440242767,1,1,1
5880,Answer the question concisely. Q: What is thalassophobia a fear of? A:,"['The Sea (film)', 'The Sea (album)', 'The Sea (disambiguation)', 'The Sea']", water,0.22660084068775177,1,1,1
5890,"Answer the question concisely. Q: Who, in 2010, became the first batsman to score 200 runs in a limited overs international match? A:","['सचिन रमेश तेंडुलकर', 'Sachin r tendulkar', 'Tendulkar', 'Sachin the maestro', 'SR Tendulkar', 'Sachin Tandulkar', 'Shachin Tendulkar', 'List of batsmen who have scored 100 centuries in international cricket', 'Sachin Tendukar', 'S Tendulkar', 'Relation of the Universe to God', 'Arjun Tendulkar', 'S R Tendulkar', 'Anjali Tendulkar', 'Tbon', 'Ramesh Tendulkar', 'Sachin Ramesh Tendulkar', 'Sachin Tendulkar records', 'सचिन तेंडुलकर', 'Sachin Tendulkar', 'S. R. Tendulkar']", AB de Villiers,0.2781677842140198,1,1,1
5902,"Answer the question concisely. Q: ""In """"Some Like It Hot"""", Tony Curtis and Jack Lemmon fled to Miami in drag after witnessing which well-known event?"" A:","[""Saint Valentine's day massacre"", ""St. Valentine's Day massacre"", ""Saint Valentine's Day Massacre"", ""St. Valentine's Day Massacare"", 'Saint Valentins Day Massacre', 'Saint Valentin day massacre', ""Saint Valentin's Day massacre"", 'Saint Valentines day massacre', ""Saint Valentin's Day Massacre"", 'Saint Valentin Day Massacre', ""St Valentine's Day massacre"", 'St. Valentines Day Massacre', ""Valentine's Day Massacre"", 'Saint Valentine Day Massacre', ""St. Valentine's Holiday Massacre"", 'John May (gangster)', 'St. Valentine’s Day Massacre', 'Saint Valentines Day massacre', 'Saint valentin day massacre', 'Valentines Day Massacre', 'Saint valentins day massacre', 'Saint valentines day massacre', ""Saint Valentine's Day massacre"", ""St Valentine's Day Massacre"", 'Saint valentine day massacre', 'St Valentines Day Massacre', 'Saint Valentine day massacre', 'Saint Valentine’s Day massacre', ""Saint valentine's day massacre"", 'Saint Valentins day massacre', 'Saint Valentin Day massacre', ""The Valentine's Day Massacre"", ""Saint valentin's day massacre"", ""The St. Valentine's Day Massacre"", 'Saint Valentine Day massacre', 'Saint Valentines Day Massacre', ""St. Valentine's Day Massacre"", 'Saint Valentins Day massacre', ""Saint Valentin's day massacre""]", St. Valentine's Day Massacre,0.9162933826446533,0,0,0
5915,Answer the question concisely. Q: Titan is a satellite of which planet? A:,"['Saturn (astronomy)', ""Saturn's"", '♄', 'Sol-6', 'Saturno (planet)', 'Sol 6', 'Planet Saturn', 'SATURN', 'Saturnus (planet)', '6th planet', 'Saturn (Planet)', 'Atmosphere of Saturn', 'Weather of Saturn', 'Sixth planet', 'Sol VI', 'Sun g', 'Saturn', 'Sol g', 'Saturn (planet)', 'Astronomy Saturn']", Saturn,0.7037407755851746,0,0,0
5925,"Answer the question concisely. Q: What word describes making beautiful with ornaments, or to decorate, etc? A:","['Embellishment', 'Embellish', 'Embellished']", Adorn,0.20737895369529724,1,0,1
5936,"Answer the question concisely. Q: Who, in the Bible, was the eldest son of Isaac? A:","['Eisof', ""'Esaw"", ""'Esav"", 'Esav', 'Esau', 'Eisov', 'ʿĒśāw', 'עֵשָׂו']", Esau,0.9318214654922485,0,0,0
5944,Answer the question concisely. Q: Justine Thornton is the fiancee of which politician? A:,"['Red Ed', 'Tom Baldwin (journalist)', 'Ed Miliband', 'Ed miliband', 'Ed Milliband', 'ED MILIBAND', 'Edward Miliband']", David Cameron,0.17740073800086975,1,1,1
5972,"Answer the question concisely. Q: Prior to Theo Walcott and Wayne Rooney, who was the youngest player to play football for England? A:","['James Prinsep', 'JAMES PRINSEP']", Jack Rowley,0.21583428978919983,1,1,1
5994,Answer the question concisely. Q: How many dot positions are usually used in each letter of the Braille system? A:,"['Six', 'six', '6']", six,0.577764093875885,0,0,0
5999,"Answer the question concisely. Q: What was the name of the huge beast, probably a hippo, described in the Book of Job? A:","['Behemot', 'Behemoth', 'Bahimuth', 'Behemoths', 'בהמות', 'بهيموث', 'Bahīmūth']", Behemoth,0.9316666722297668,0,0,0
6013,Answer the question concisely. Q: How many balls are used in bar billiards? A:,"['8', 'eight', 'Eight']", 15,0.10427001118659973,1,1,1
6015,Answer the question concisely. Q: What is the English translation of the place name Las Vegas? A:,"['THE MEADOWS', 'Meadow', 'Deer field', 'Meadows']"," ""The Meadows""",0.6657496690750122,0,0,0
6023,Answer the question concisely. Q: Which music act took its name from a Bernard Cribbins hit record? A:,"['RIGHT SAID FRED', 'Rob Manzoli', 'Right said fred', 'Fred Fairbrass', 'Right Said Fred']", The Kinks,0.1281556934118271,1,1,1
6042,Answer the question concisely. Q: A wisp or walk is the collective noun for which group of birds? Latin name gallinago gallinago. A:,['Snipe'], waders,0.05284377932548523,1,1,1
6043,"Answer the question concisely. Q: Who, according to legend, cut the Gordian Knot? A:","['Μέγας Ἀλέξανδρος', 'Alexandrian period', 'Αλέξανδρος ο Μέγας', 'Iskander the Accursed', 'Alexander Magnus', 'Alexander of Macedonia', 'Alexander Macedonian', 'Megas aleksandros', 'Alexander the Great', 'Great Alexander', 'Sikandar Mahan', 'Sikunder', 'Alexnader the great', 'Alexandrian Empire', 'Alexander The Great', 'Alexandrian era', 'Alexandros the Great', 'Letter to Darius III', 'Aleksander the Great', 'Ἀλέξανδρος ὁ Μέγας', 'Alexander the graet', 'Alexandros III of Macedon', 'Alexander III of Macedon', 'Letter to Darius II', 'Alex the great', 'Alexander the Macedonian', 'Sikandar-e-Azam', 'Alexander-the-great', 'Iskandar Zulkarnain', 'Aleksandar ī Hrōmāyīg', 'Aléxandros ho Mégas', 'AlexanderTheGreat', 'Alexander the great']", Alexander the,0.5230253338813782,0,1,0
6045,"Answer the question concisely. Q: """"""Love Never Dies"""" is the sequel to which stage musical?"" A:","[""Le Fantôme de l'Opéra"", 'The Phantom of the Opera', 'Erik Lysarus', ""Le Fantôme de l'Opèra"", 'Le Fantome de l’Opera', 'The Phantom Of The Opera', ""Le fantome de l'opera"", 'Phantom Of The Opera', 'Fantom Opery', 'Erik Claudin', ""Le Fantôme de l'opèra"", 'The Phantom of The Opera', 'TPOTO', 'Opera Populaire', 'Fantóm Opery', 'Le Fantôme de l’Opéra', ""Le Fantome de l'opera"", 'Phantom of the Opera', 'Phantom of the opera']", Phantom of the Opera,0.9131504893302917,0,0,0
6047,Answer the question concisely. Q: In 2010 which country saw the Red Shirt Rebellion? A:,"['Muang Thai', 'Taihland', 'ISO 3166-1:TH', 'Thai Empire', 'Prathet Thai', 'Muang-Thai', 'Kingdom of Thailand', 'Skateboarding in Thailand', 'THAILAND', 'Siam', 'Sport in Thailand', 'Etymology of Thailand', 'Thayland', 'Name of Thailand', 'The Kingdom Of Thailand', 'เมืองไทย', 'Thailand', 'ราชอาณาจักรไทย', 'Sayam', 'Thailande', 'Siam (Thailand)', 'ประเทศไทย', 'Kingdom Of Thailand', 'Tailand', 'Thai Kingdom', 'Ratcha Anachak Thai', 'Kingdom of the Thai']", Thailand,0.7682271599769592,0,0,0
6060,Answer the question concisely. Q: What sort of plants belong to the genus Ilex? A:,"['Ilex species', 'Holly berry', 'Holly family', 'Ilexes', 'Holly', 'Aquifoliaceae', 'Ilex']", holly,0.14367873966693878,1,0,0
6080,Answer the question concisely. Q: Which zodiac sign is between Libra and Sagittarius? A:,"['Scorpio', 'Skorpio', 'SCORPIO', 'Scorpio (disambiguation)']", Scorpio,0.9298076629638672,0,0,0
6085,Answer the question concisely. Q: Which group became the first to reach Number One with their first five singles? A:,"['Spice Girls solo discography', 'The Spice Girls', 'Now And Forever : The Greatest Hits (Spice Girls album)', 'Spice Girl', 'Suzanne Tinker', 'Lianne Morgan', 'Spice Girls', 'Solo spice girls discography', 'Spice girls', 'The Spice Girls Story: Viva Forever!', 'Touch (girl group)', 'THE SPICE GIRLS']", The Beatles,0.16694103181362152,1,1,1
6099,Answer the question concisely. Q: What do Americans call what we call a megaphone? A:,"['Loudhailer', '📣', 'Bull horn', 'Loud Hailer', 'Loud-hailer', 'Speaking trumpet', 'Loud hailer', 'Bullhorn', 'Blowhorn', 'BULLHORN', 'Megaphone']", bullhorn,0.8001571297645569,0,0,0
6115,Answer the question concisely. Q: What ancient monument and tourist attraction would you see at Carnac in northern France? A:,"['Bautasten', 'Standing stone', 'Massebah', 'Bautastones', 'Standing Stone', 'Menhir (Iron Age)', 'Standing Stones', 'Standingstone', 'Standing stones', 'Massebot', 'Masseboth', 'Bautastenar', 'Menhirs', 'Bautastone', 'Menhir']", Carnac,0.13655327260494232,1,1,1
6117,Answer the question concisely. Q: What is the name of the town in which the Meerkats live in the adverts for comparethemarket.com? A:,"['Compare the Market', 'Comparethemarket.com', 'Comparethemeerkat.com', 'Aleksander the Meerkat', 'A Simples Life', 'MEERKOVO', 'Alexander the Meerkat', 'Meerkovo', 'Khalaf Mongis']", Gadget,0.31571024656295776,1,1,1
6120,Answer the question concisely. Q: How many symphonies did Jean Sibelius complete? A:,"['seven', '7']", 7,0.46437591314315796,1,0,0
6128,Answer the question concisely. Q: An 18th century innovation what is the method of gilding furniture and clocks known as? A:,"['Ormolu', 'ORMOLU', 'Gilt-bronze', 'Gilt bronze']", Chinoiserie,0.06135348975658417,1,1,1
6129,Answer the question concisely. Q: Who is the patron saint of cobblers? A:,"['Crispin and Crispinian, Saints', 'Crispen', 'St Crepinus', 'St Crispin', 'SAINT CRISPIN', 'St. Crepinus', 'Crispin and Crispinian', 'Crispinian', 'Saint Crispinian', 'Crispin and Crispian', 'St. Crepinianus', 'Crepinus', 'Saint Crepinus', 'Crispinus', 'Saints Crispin and Crispinian', 'Crispin', 'Saint Crispins Day', 'Crepinus (saint)', 'St. Crispin', 'Crispin (saint)', 'Saint Crispin']", Saint Crispin,0.9272361993789673,0,0,0
6134,Answer the question concisely. Q: Which actress is the mother of actress Carrie Fisher? A:,"['Debbie Reynolds', 'Reynolds, Debbie', 'DEBBIE REYNOLDS']", Debbie Reynolds,0.9048231840133667,0,0,0
6147,Answer the question concisely. Q: In which pastime/game would you use the Forsyth-Edwards Notation or the GBR code? A:,"['Chess (disambiguation)', 'Chess (application)', 'CHESS', 'Chess (film)']", chess,0.21495726704597473,1,0,0
6153,"Answer the question concisely. Q: Common, Arctic and Sooty are all varieties of which bird? A:","['TERN', 'Transeuropean Roads Network', 'Trans-European Road network', 'Trans-European Roads Network', 'Trans European Road Network', 'Trans-European road network', 'Trans-European Road Network']"," Common, Arctic, and Sooty are all varieties of the same bird, which is the Blackbird.",0.16223643720149994,1,1,1
6154,Answer the question concisely. Q: Which Gilbert and Sullivan operetta is sub titled 'Bunthornes's Bride'? A:,"['Impatience', 'PATIENCE', 'Patiency', 'Patience', 'Patience (character trait)', 'Patiently']", The Gondoliers,0.08852408081293106,1,1,1
6160,Answer the question concisely. Q: Which car company manufacturers the Corolla model? A:,"['Toyota Motor Manufacturing, U.S.A., Inc.', 'Toyota automobile collectibles', 'Toyopet', 'Toyota Motors Philippines', 'トヨタ', 'Zeronise', 'Toyota (company)', 'Toyota cars', 'Toyota motor corp', 'Toyotathon', 'Toyota Motor Corp.', 'Toyota 89CV', 'Toyota Central R&D Labs', 'Toyotas', 'Toyota Netz', 'Toyota Motor Company', 'Toyta', 'トヨタ自動車株式会社', 'Toyota.com', 'Toyopet Store', 'Toyota Corporation', 'Www.toyota.com', 'Toyota Motor', 'Toyota NETZ', 'Toyota', 'Toyota Motors Manufacturing', 'Toyota Jidosha Kabushiki-gaisha', 'Toyota Motor Corp', 'Toyota company', 'Toyota Motor Corporation', 'Toyota Motor Philippines', 'Toyota Vista Store', 'Toyota Corolla Store', 'Wins for Toyota — Safety Group', 'Toyota Store', 'Toyota Jidousha Kabushiki-gaisha', 'Toyota Motors', 'Toyota 58-79 timeline', 'Toyota (automobile)']", Toyota,0.7213134169578552,0,0,0
6161,Answer the question concisely. Q: In which English county is Stonehenge? A:,"['County of Wiltshire', 'Mid-Wessex', 'Mid Wessex', 'County of Wilts', 'Wiltshire, England', 'Wiltshire (England)', 'Wilts', 'Wiltshire', 'Wiltshire County']", Wiltshire,0.8731757402420044,0,0,0
6163,Answer the question concisely. Q: Which African country's capital is named after an American president? A:,"['Liberia', 'Liberia, West Africa', 'Subdivisions of Liberia', 'Liberian Republic', 'Republic of Liberia', 'Libéria', 'Republic of liberia', 'ISO 3166-1:LR', 'Name of Liberia', 'Health care in Liberia', 'LIBERIA, West Africa', 'Sport in Liberia']", Liberia,0.821642279624939,0,0,0
6190,Answer the question concisely. Q: Which Verdi opera is based on La Dame aux Camellias by Alexandre Dumas fils? A:,"['Addio del passato', 'È Strano', 'The Woman Gone Astray', 'The Fallen Woman', 'La Traviata', 'La traviata', 'Violetta (La traviata)', 'Alfredo Germont', 'Di Provenza il mar', 'The Woman Who Strayed', 'The Wayward Woman', 'Traviata', 'La Traviatta', 'Giorgio Germont', 'Violetta Valery']", La Traviata,0.977006196975708,0,0,0
6198,Answer the question concisely. Q: Which baseball team won the World Series in 2011? A:,"['St. Louis Cardinals roster', 'The Saint Louis Cardinals', 'St. Louis Cardinals (baseball)', 'STLCards', 'Stl cardinals', 'St.Louis Cardinals', 'Slcards', 'St. Louis Browns (NL)', 'Stl cards', 'St.Louis Cardinals History', 'Saint Louis Cardinals', 'The St. Louis Cardinals', 'St. Louis Cardinals', 'St. Louis Cards', 'St Louis Cardinals', 'The St Louis Cardinals', 'St. Louis Baseball Cardinals', 'St. Louis Cardinal', 'St Louis. Cardinals', 'St. Louis Perfectos', 'St. Louis Cardinals (sports)', 'St. louis Cardinals', 'St. Louis cards', 'Stlcards', 'STL Cardinals', 'Saint Louis Perfectos', 'St. louis cards', 'List of St. Louis Cardinals captains', 'St. Louis Cardinals (baseball team)']", St. Louis Cardinals,0.8930861949920654,0,0,0
6212,Answer the question concisely. Q: Slivovitz is a brandy distilled from which fruit? A:,"['Prunus subg. Prunus', 'Culture of plum', 'Plum', 'Plum tree', 'Alubukhara', 'Prunello', 'Plums', 'Gages', 'Plum (botany)']", plums,0.5639674067497253,0,0,0
6227,Answer the question concisely. Q: Holy Roman Emperor Charles VI created which principality in 1719? A:,"['Transport in Liechtenstein', 'Liech', 'Imperial Principality of Liechtenstein', 'Lichenstein', 'Liechtenstein/Transnational issues', 'Liechtenstein/Military', 'Leichtenstein', 'Liechetenstein', 'Liechenstein', 'LIECHTENSTEIN', 'Liechtenstein Air Force', 'Liecht', 'Media of Liechtenstein', 'Media in Liechtenstein', 'Military of Liechtenstein', 'Lichtenstein', 'Protestantism in Liechtenstein', 'Liechtenstein/Transportation', 'Culture of Liechtenstein', 'Name of Liechtenstein', 'Liechtensteinian', 'ISO 3166-1:LI', 'Liechtenstien', 'Principality of Liechtenstein', 'Transportation in Liechtenstein', 'Leichenstein', 'Sport in Liechtenstein', 'Litchtenstein', 'Fürstentum Liechtenstein', 'Liechtenstein Army', 'Lichstenstein', 'Liechtenstein', 'Army of Liechtenstein', 'Liechtenstin']", Princely State of Liechtenstein,0.7054327726364136,0,0,0
6234,Answer the question concisely. Q: What was Shakespeare's shortest play - written in 1594? A:,"['The Comedie of Errors', 'The Comedy of Errors', 'The Comedy Of Errors', 'Angelo (The Comedy of Errors)', 'Aegeon', 'A Comedy of Errors', 'Comedy of Errors', 'Comedy Of Errors', 'Dromio', 'Comedy of Errors (play)', 'The Comedie of Errors.']", The Comedy of Errors,0.9298560619354248,0,0,0
6236,"Answer the question concisely. Q: Which French winner of the Nobel Prize for Literature, famously dedicated it to his primary school teacher? A:","['The Blood of the Hungarians', 'Albert Cami', 'The blood of the hungarians', 'Absurd hero', 'Camusian', 'Albert Cammy', 'Albert Camus: The Absurd Hero', 'Alber Cammy', 'Albert Camee', 'Blood of the Hungarians by Albert Camus', 'Albert Camus/the Absurd', 'Camus, albert', 'Albert Cammi', 'Alber Camee', 'Albert Camus', 'Alber Cami', 'Alber Cammi', 'ALBERT CAMUS']", Albert Camus,0.8991982936859131,0,0,0
6254,Answer the question concisely. Q: Which square in Cairo became the focal point for the uprising against President Mubarak? A:,"['Tahrir Square', 'Midan Tahrir', 'Tahreer Square', 'Midan at-Tahrir', 'Liberation Square (Cairo)', 'Tahrir square', 'Midan al-Tahrir', 'Tahrir Square, Cairo', 'Ismailia Square', 'At-Tahrir Square', 'Al-Tahrir Square']", Tahrir Square,0.9472658634185791,0,0,0
6260,Answer the question concisely. Q: Metz is the capital of which region of France? A:,"['Lorraine (France)', 'Lorraine', 'Lorraine (disambiguation)', 'Lorraine, France']", Lorraine,0.8042776584625244,0,0,0
6262,Answer the question concisely. Q: Who was British Prime Minister at the end of the Second World War? A:,"['Premiership of Clement Attlee', '1st Earl Attlee', 'Clement Richard Attlee, 1st Earl Attlee', 'Attlee', 'Clement Attlee', 'Clement Richard Attlee', 'C.R. Attlee', 'Clement Richard Atlee', 'Clement Richard Attlee, 1st Earl Attlee of Walthamstow, Viscount Prestwood', 'C. R. Attlee', 'Clem Atlee', 'Clem Attlee', 'Clement Attlee, 1st Earl Attlee', 'Clement Atlee', 'Sir Clement Richard Attlee 1st Earl Attlee', 'Clement R. Attlee']", Winston Churchill,0.2043636292219162,1,1,1
6266,Answer the question concisely. Q: Who is the present Prime Minister of the Irish Republic? A:,"['Finnuala Kenny', 'Finula Kenny', 'Fionnuala Kenny', ""Fionuala O'Kelly"", 'Enda kenny', 'Enda Kenny', 'Finnula Kenny', 'ENDA KENNY', ""Finnuala O'Kelly"", ""Fionnula O'Kelly"", 'A National Address By An Taoiseach Enda Kenny, TD', 'Fionuala Kenny', ""Finnula O'Kelly"", ""Finula O'Kelly"", 'Edna Kenny', ""Fionnuala O'Kelly"", 'Fionnula Kenny']", Enda Kenny,0.9303395748138428,0,0,0
6267,Answer the question concisely. Q: Which Championship Football League club is based at the King Power Stadium? A:,"['Leicester Fosse FC', 'Leicetser City F.C.', 'Leicester City F C', 'Leicester City Football Club', 'Leicester City football club', 'Leicester Fosse', 'Leicester city football club', 'Leicester City F. C.', 'Leicester City', 'Leicester Fosse F.C.', 'Leicester City FC', 'Leicester XI', 'LEICESTER CITY', 'Filbert the Fox', 'Leicester f.c', 'Leicester City F.C', 'Leicester City F.C.']", Leicester City,0.888863742351532,0,0,0
6283,"Answer the question concisely. Q: What is the name of the whirlpool in the Hebrides between Scarba and Jura, the third largest in the world? A:","['Coire Bhreacain', 'Coire Bhreacan', 'Gulf of Corryvreckan', 'Corrievreckan', 'Corryvreckan', 'Corry Vreckan', 'Coirebhreacain', 'Corryvreckan whirlpool', 'Corryvrecken']", Corryvreckan,0.9801533222198486,0,0,0
6296,"Answer the question concisely. Q: If you were to fly due east out of Rio de Janeiro, which country's coastline would you fly over first? A:","['Culture of Namibia', 'Nam bam', 'Namibian culture', 'Nambam', 'Namibia', 'Nambia', 'Namibians', 'Republic of Namibia', 'ISO 3166-1:NA', 'Namibian']", Brazil,0.25755760073661804,1,1,1
6298,Answer the question concisely. Q: Neil Kinnock's son Stephen is married to the Prime Minister of which Country? A:,"['Eastern Denmark', 'Kingdom of denmark', 'Denmarke', 'Subdivisions of Denmark', 'Kongeriget Danmark', 'Mainland Denmark', 'Danmoerk', 'Denmark proper', 'Danimarca', 'ISO 3166-1:DK', 'Denmark', 'Dänemark', 'Danska', 'Denmarc', 'KingdomOfDenmark', 'DENMARK', 'Kingdom of Denmark', 'Denemarke', 'Administrative divisions of denmark', 'Danish kingdom', 'Danemark', 'Daenemark', 'Media in Denmark', 'Danmörk', 'DenmarK', 'Danmork', 'Administrative divisions of Denmark', 'Media of Denmark', 'Danish Kingdom', 'Dinamarca']"," Stephen Kinnock is married to the Prime Minister of Wales, Jeremy Corbyn.",0.1427777111530304,1,1,1
6324,Answer the question concisely. Q: Which Serbian football club is the only one from that country to win an UEFA completion? A:,"['Red Star Belgrade F.C', 'Red Star Belgrade F.C.', 'Crvena Zvezda FK', 'F.K. Crvena Zvezda', 'FK Estrella Roja', 'FK Crvena zvezda', 'Crevna zvezda', 'F.C. Red star Belgrade', 'Red Star Belgrade FC', 'Crvena zvezda FK', 'F.K. Crvena zvezda', 'FK crvena zvezda', 'FK Crvena Zvezda Beograd', 'Red Star Belgrade', 'Red Star Beograd', 'Fk crvena zvezda', 'Crvena zvezda Beograd', 'F.K. Crvena zvezda Beograd', 'Red star Belgrade FC', 'Crvena Zvezda F.K.', 'Red Star of Belgrade', 'Red star Belgrade', 'FC Crevna Zvezda', 'FC Red Star Belgrade', 'Red star Belgrade F.C.', 'Crvena Zvezda Beograd', 'Zvezdina zvezda', 'F.C Red Star Belgrade', 'FK Crvena Zvezda', 'Crvena zvezda F.K.', 'FK Crvena zvezda Beograd', 'RED STAR BELGRADE', 'FC Red star Belgrade', 'FK Red Star', 'F.K. Crvena Zvezda Beograd', 'F.C. Red Star Belgrade']", Red Star Belgrade,0.9417973160743713,0,0,0
6325,"Answer the question concisely. Q: The UK's longest National Trail, what path stretches 630 miles between Minehead and Poole Harbour? A:",['SOUTH WEST COAST'], South West Coast Path,0.10365014523267746,1,0,0
6336,"Answer the question concisely. Q: ""Which artist was known as """"Jack the Dripper'?"" A:","['Paul Jackson Pollock', 'Pollock, Jackson', 'Number 1 (painting)', 'Jack the Dripper', 'Lavender Mist', 'Jackson pollock', 'Jackson Polluck', 'Jackson Pollock', 'Jackson Pollack', 'One: Number 31', 'Number 1 (Jackson Pollock)', 'Pollockian']", Jackson Pollock,0.9171127676963806,0,0,0
6358,"Answer the question concisely. Q: ""To whom are the following words usually attributed """"A woman drove me to drink and I never- ad the courtesy to, thank her""""?"" A:","['W. C. Fields', 'William Claude Dukenfield', 'W.C. Fields', 'Wc fields', 'Charles Bogle', 'W C FIELDS', 'WC Fields', 'W C Fields', 'Otis Criblecoblis', 'Mahatma Kane Jeeves']"," To whom are the following words usually attributed ""a woman drove me to drink and i never- ad the courtesy to, thank her""",0.1303892731666565,1,1,1
6364,"Answer the question concisely. Q: George Bush, American president 2001 to 2009, had what middle name? A:","['Alick Walker', 'WALKER', 'A.Walker', 'A. Walker', 'Alick Donald Walker']", Walker,0.5060713291168213,0,0,0
6383,Answer the question concisely. Q: Who was the first female American astronaut? A:,"['Sally K. Ride', 'Sally Kristen Ride', 'Ride, Sally Kristen', 'Sally Ride', 'Sally Kirsten Ride', 'Dr. Sally Ride']", Sally Ride,0.912290096282959,0,0,0
6392,Answer the question concisely. Q: Who wrote the Mott The Hoople hit 'All The Young Dudes'? A:,"['Hermione Farthingale', 'Ziggy Stardust (persona)', 'The Berlin Trilogy', 'Berlin Trilogy', 'Bowiesque', 'David Bowie', 'David bowie filmography', 'Davie Jones and the King Bees', 'Bowiean', 'David bowie', 'Tao Jones Index', 'Bowie, David', 'The Konrads', 'Davie Jones with the King Bees', ""David Bowie's"", 'David Bowi', 'Davis bowie', 'The Manish Boys', 'David Robert Hayward-Jones', 'Ziggy stardust (persona)', 'The King of Glitter Rock', 'David Hayward-Jones', 'The Lower Third', 'Davy Jones and the Lower Third']", David Bowie,0.8329982757568359,0,0,0
6396,Answer the question concisely. Q: Who was the author of 'Daniel Deronda' published in 1876? A:,"['Mary Ann Evans', 'Eliot, George', 'Mary Ann Cross', 'GEORGE ELIOT', 'G. Eliot', 'Marian Evans', 'Mrs Cross', 'George Eliot', 'George (Marian Evans) Eliot']", George Eliot,0.8865798115730286,0,0,0
6399,Answer the question concisely. Q: TV host Cat Deeley married which comedian in 2012? A:,"['Patrick Kielty', 'PK Tonight', 'Paddy Kielty', 'Pat Kielty', 'PATRICK KIELTY']", David Cross,0.18253783881664276,1,1,1
6401,Answer the question concisely. Q: Former Blue Peter presenter Konnie Hug married which presenter and comic writer in 2010? A:,"['Charlton Brooker', ""So Wrong It's Right"", '2012 Wipe', 'CHARLIE BROOKER', '2011 Wipe', 'Charlie Brooker', '2010 Wipe']"," Konnie Hug married the presenter and comic writer, Tim Vine, in 2210",0.08576023578643799,1,1,1
6410,Answer the question concisely. Q: Which TV detective was assisted by DS George Toolan? A:,"['Advection frost', 'White front', 'Wind frost', 'Frost', 'Window frost', 'Hoarfrost', 'Flood frost', 'Ice flower', 'Hard frost', 'Black frost', 'Fern frost', 'Frost pocket', 'Radiation frost', 'Frost hollow', 'Hoar frost', 'Frost deity', 'Surface hoar', 'Frost pockets', 'White frost', 'Ice flowers']", Inspector Morse,0.25952285528182983,1,1,1
6430,Answer the question concisely. Q: The name of which island is thought to come from the Norse for 'puffin island'? A:,"['Lundyite', ""Seal's Rock"", 'Lundy Island', 'Lundy', 'Lundy, Devon', 'Lundy Isle', 'William de Marisco', 'Lundy isle', 'Island of Lundy', 'LUNDY']"," A: The island's name is thought to come from the Norse for 'puffin island', which is called 'Puffin Island' or 'Puffin Island",0.31826138496398926,1,1,1
6449,Answer the question concisely. Q: In which Bond film does the villain's car turn into a small aeroplane to enable him to escape? A:,"['The Man with the Golden Gun', 'The man with the golden gun', 'The Man with the Golden Gun (disambiguation)', 'TMWTGG', 'Man with the golden gun', 'The Man With the Golden Gun', 'The Man With The Golden Gun']", Octopussy,0.1157519519329071,1,1,1
6451,"Answer the question concisely. Q: ""What name is given to the maxim """"employees tend to rise to their level of incompetence.""""?"" A:","['Hierarchiology', 'Promote to fail', 'Peter Principal', 'Tabulology', ""Peter's Principle"", 'Peter principal', 'The Peter Principle', 'Managing upward', 'Peter principle', 'Peter Principle']", Peter's law,0.6292810440063477,0,1,1
6453,Answer the question concisely. Q: Which Japanese company has bought Horizon Nuclear Power and so has the contract to build nuclear power stations in Britain from 2015? A:,"['Hitachi Telecom Inc.', 'Hitachi Canadian Industries', '株式会社日立製作所', 'Hitachi Seisakusho', 'Kabushiki-gaisha Hitachi Seisakusho', 'Disk Array Management Program', 'Kabushiki Kaisha Hitachi Seisakusho', 'Hitachi Gurūpu', 'Hitachi plant technologies', 'Hitachi Ltd. of Japan.', 'Hitati (company)', 'Hitachi Software Engineering Ltd', 'Hitachi Gurupu', '日立', 'Hitachi ltd', 'Shibaden', 'Hitachi Ltd.', 'Hitachi, Ltd', 'Hitachi Koki U.S.A. Ltd. and Hitachi Telecom Inc.', 'Hitahci', 'Hitachi Disk Array Management Program', 'Hitachi Kabushiki-gaisha', 'Hitachi Seisakusho Kabushiki-gaisha', 'Hitachi Europe', 'HITACHI', 'Hitachi Chemical', 'Hitachi, Ltd.', 'Hitachi website', 'Hitachi (company)', 'Hitachi Japan', 'Hitachi Ltd', 'Hitachi Power Systems Canada', 'Hitachi Plant Technologies', 'Hitachi Rail', 'Hitachi Inc.', 'Hitachi', 'Hitachi Works', 'Hitachi Koki U.S.A. Ltd.', 'Hitatchi', 'Hitachi Group']", Hitachi,0.9259399771690369,0,0,0
6460,Answer the question concisely. Q: Brown Willy is the highest point in which county? A:,"['Curnow', 'Corn Wall', 'Cornwall (County), England', 'Cernyw', 'Kernow', 'West Wales (kingdom)', 'Cerniw', 'Cornwall', 'Cornwall, England', 'Cornuvia', 'KERNOW', 'Belerion', 'Cornwall, UK', 'Cornwall, United Kingdom', 'Cornwall (England : County)', 'Maps of Cornwall']", Cornwall,0.778439998626709,0,0,0
6461,"Answer the question concisely. Q: Which Archbishop of Canterbury led the prayers for Diana, Princess of Wales at her 1997 funeral service? A:","['George Leonard Carey, Baron Carey of Clifton', 'George Carey', 'Baron Carey of Clifton', 'George Carey, Baron Carey of Clifton', 'Lord Carey of Clifton', 'George Leonard Carey', 'The Lord Carey of Clifton', 'George L. Carey', 'Lord Carey']", George Carey,0.8859374523162842,0,0,0
6470,Answer the question concisely. Q: In which country was there a secret police force called the Ton Ton Macoutes? A:,"['Haitian Ancestry', 'Haïti', 'HAITI', 'Name of Haiti', 'Republic of haiti', 'Haidi', 'Subdivisions of Haiti', 'ISO 3166-1:HT', 'Administrative divisions of Haiti', 'Republic of Haiti', ""République d'Haïti"", 'Arrondissements and communes of haiti', 'Repiblik Ayiti', 'History of Haitian Nationality', 'Departements of Haiti', 'People of Haiti', 'Haiti', 'Ayiti', 'Haití', 'Hayti', 'Haitian Declaration of Independence']", Haiti,0.8215175867080688,0,0,0
6484,"Answer the question concisely. Q: Which cocktail consists of rum, curacao and lime juice? A:","['Mai tai', 'Maitai', 'Mai Tai', 'Mai-Tai', 'Mai-tai']", Pina Colada,0.20899757742881775,1,1,1
6485,Answer the question concisely. Q: Which illness is commonly treated with the drugs lisinopril and ramipril? A:,"['Hypertensive diseases', 'Hypertensive disorders', 'Laboratory tests for hypertension', 'Accelerated hypertension', 'Prognosis of hypertension', 'Symptoms of hypertension', 'Elevated blood-pressure', 'Diagnosis of hypertension', 'Hypertention', 'Residual hypertension', 'Raised blood pressure', 'Hypertensive disorder', 'Hypertension', 'Rebound hypertension', 'Signs and symptoms of hypertension', 'Prevention of hypertension', 'Hypertensive disease', 'Refractory hypertension', 'Adrenal hypertension', 'Economics of hypertension', 'Elevated blood pressure', 'Hyper tension', 'Increased blood pressure', 'Classification of hypertension', 'Signs of hypertension', 'Arterial hypertension', 'Causes of hypertension', 'High blood pressure', 'Chronic hypertension', 'High blood', 'Hypertensive', 'Hyperpiesia', 'Hyperpieses', 'High BP', 'Awareness of hypertension', 'Epidemiology of hypertension', 'High Blood Pressure']", Hypertension,0.9019967913627625,0,0,0
6491,"Answer the question concisely. Q: John Crome was the main artist of which group of English painters, named after the city where he was born? A:","['Norwich School', 'Norwich school', 'Norwich School (disambiguation)', 'The Norwich School']", Norwich School,0.8899965882301331,0,0,0
6493,Answer the question concisely. Q: La Soufriere is an active volcano situated on which West Indian island? A:,"['St Vincent', 'St. Vincent', 'Saint-Vincent', 'Saint Vincent', 'Saint-Vincent (disambiguation)', 'St. Vincenca', 'St.Vincent', 'Saint Vincent (disambiguation)']", St. Vincent,0.869748592376709,0,0,0
6512,Answer the question concisely. Q: Who hosts the ITV show 'Take Me Out'? A:,"['Christine McGuiness', 'The Dark Side Tour', 'Paddy McGuiness', 'Patrick mcguiness', 'Paddy McGuinness', 'Paddy mcguiness', 'Paddy Mcguinness', 'Paddy McGuinness (Comedian)', 'Paddy McGuinness (comedian)']", Ant and Dec,0.07444284856319427,1,1,1
6530,Answer the question concisely. Q: Who was the narrator in the novel `Moby Dick'? A:,"['Kedemah', 'Yishmoel', 'Ishmail', 'Yismael', 'Ishmeelites', 'İsmail', 'Ishmael', 'Naphish', ""Is'mail"", ""Yishma'el"", 'إسماعيل', 'יִשְׁמָעֵאל', ""Isma'el"", 'Ismaeel', 'Yishmā’ēl', 'Mishma', 'Ishmeelite', 'Yishmael', 'Islamic views on Ishmael', 'Ismail', 'Yishmoeil', 'ISHMAEL']", Ishmael,0.9604066610336304,0,0,0
6548,Answer the question concisely. Q: Who wrote the 1984 Booker Prize winning novel 'Hotel Du Lac'? A:,['Anita Brookner']," The 1984 Booker Prize-winning novel ""Hotel du Lac"" was written by Penelope Fitzgerald.",0.14171352982521057,1,1,1
6551,"Answer the question concisely. Q: Who, c1842, painted the picture Snowstorm - Steamboat off a Harbour's Mouth, now in the Tate? A:","['Turner collection', 'J.+M.+W.+Turner', 'Joseph W. Tuner', 'Turnerian', 'J.M.W. Turner', 'Turner Bequest', 'J.W.M. Turner', 'Joseph Mallard William Turner', 'Turner (painter)', 'J. M. W. Turner', 'J M W Turner', 'Joseph Mallord William Turner RA', 'JNW Turner', 'Joseph M. W. Turner', 'Joseph Mallord William Turner', 'JMW Turner', 'John Mallord William Turner', 'Joseph William Turner', 'Turneresque', 'J+M+W+Turner']", J. M. W. Turner,0.8970391750335693,0,0,0
6553,Answer the question concisely. Q: What type of animal is Wilbur in the story Charloffe's Web? A:,"['Chazer', 'Piggeh', 'Sus (genus)', 'Pig', 'Pigs', '🐷', '🐖', '🐽']", pig,0.5294859409332275,0,0,0
6560,Answer the question concisely. Q: With which pop group is Lou Reed associated? A:,"['Velvet Underground', 'The Velvet Underground', 'Velvet underground']", The Velvet Underground,0.9058423638343811,0,0,0
6566,Answer the question concisely. Q: How many symphonies did Jean Sibelius compose? A:,"['Seven', 'seven', '7']", 7,0.46437591314315796,1,0,0
6578,Answer the question concisely. Q: In literature and films Admiral Sir Miles Messery was better known as what? A:,"['ⓜ', 'Ⓜ', '🄜', '🅜', 'M', 'Ｍ', '🅼', 'M (letter)', '⒨', '🄼']", Captain Nemo,0.12453188747167587,1,1,1
6579,"Answer the question concisely. Q: Which Australian cricketer scored a record number of runs for a number 11 batsman in a Test Match innings, during the first Ashes Test of 2013 at Trent Bridge? A:","['Ashton Charles Agar', 'Agar, Ashton', 'Ashton Agar']", David Warner,0.15689969062805176,1,1,1
6600,"Answer the question concisely. Q: The film '10 things I hate about you', was inspired by which of Shakespeare's plays? A:","['Hortensio', 'The Taming of The Shrew', 'TTOTS', 'The Taming Of The Shrew', 'Taming of a Shrew', 'Kate (The Taming of the Shrew)', 'The Taming of the Shrew (opera)', 'The Taming of a Shrew', 'Taming of the shrew', 'Lucentio', 'The taming of the shrew', 'The taming of the shew', 'The Taming of the Shrew Act 1', 'Taming Of The Shrew', 'The Taming of the Shrew', 'Taming of the Shrew', 'Katerina Minola']", The Taming of of the Shrew,0.8387597799301147,0,0,0
6606,Answer the question concisely. Q: In which Asian city is the 830 metres high Burj Khalifa? A:,"['Dubai (city)', 'Dubai, U.A.E', 'Dubai, Dubai', 'DUBAI', 'Family tree of the Al Maktoum rulers', 'Al-Dubayy', 'Dubayy (emirate)', 'Dubai, Emirate of Dubai', 'UN/LOCODE:AEDXB', 'Doubai', 'دبيّ', 'Dubai, U.A.E.', 'Dubaīy', 'Dubaian', 'Emirate Of Dubai', 'Dubayy', 'Dubai, United Arab Emirates', 'Dubai, Emirates', 'Dubai', 'Dubai, UAE', 'Dubai City', 'Al memzar, dubai', 'Dubaiy', 'Dubai, Dubai, United Arab Emirates', 'Dubaii', 'City of Dubai']", Dubai,0.7346447706222534,0,0,0
6608,"Answer the question concisely. Q: First published in 1932, what is the official magazine of the British Film Institute? A:","['Sight & Sound', 'Sight and Sound', 'Sight and sound', 'Sight And Sound', 'SIGHT & SOUND']", Sight and Sound,0.9043764472007751,0,0,0
6624,Answer the question concisely. Q: Tahini paste is made by grinding which seeds? A:,"['Till (seed)', 'Black sesame', 'Sezame seed', 'Sesame', 'Sesame snaps', 'Sesame seed', 'Till seeds', 'Sesame seeds', 'Benne', 'Til (sesame)', 'Sesamum orientale', 'Sesame Seeds', 'Sesame Seed', 'Gingelly', 'Sesamum indicum']", sesame,0.8572794198989868,0,0,0
6627,Answer the question concisely. Q: Which park was the venue for show jumping in the 2012 Olympics? A:,"['Greenwich Park', 'Greenwich Hill']", Olympic Park,0.2197895497083664,1,1,1
6645,Answer the question concisely. Q: In which county is Blacksticks Blue cheese produced? A:,"['Lancastershire', 'Lancashire, England', 'County Palatine of Lancaster', 'LANCASHIRE', 'The Red Rose County', 'County of Lancaster', 'Lancashire (England)', 'Lancashire County Palatine', 'Lancashire Administration County', 'Countie of Lancaster', 'Lancashire', 'Lancashire Enterprise Zone', 'County palatine of Lancaster']", Somerset,0.20153653621673584,1,1,1
6648,Answer the question concisely. Q: What is the county town of the Irish County Mayo? A:,"['Catlebar', 'Castle of the Barry family', 'Castle Bar', 'Caisleán an Bharraigh', 'Caislean an Bharraigh', 'Castlebar', 'Castlebar, Mayo', 'Cornanool']", Castlebarren,0.6101382374763489,0,1,1
6669,Answer the question concisely. Q: From which film did the Oscar winning song `Up Where We Belong' come? A:,"['An Officer and a Gentlemen', 'An Officer and a Gentleman', 'Officer and a Gentleman', 'An Officer & a Gentleman', 'An Officer And A Gentleman', 'An Officer and A Gentleman', 'Zack Mayo', 'Officer and a gentleman', 'AN OFFICER AND A GENTLEMAN']", An Officer and a Gentleman,0.9330873489379883,0,0,0
6671,Answer the question concisely. Q: If Monday's child is fair of face what is Friday's child? A:,['LOVING AND GIVING'], Blue of eye,0.10510537773370743,1,1,1
6680,Answer the question concisely. Q: The Alfred Hitchcock films Rebecca and The Birds were based on novels by which author? A:,"['Lady Browning', 'Daphne Du Maurier', 'Daphne de Maurier', 'Daphne du Maurier', 'Du Maurier, Daphne', 'Dame Daphne du Maurier', 'Daphne du maurier', 'DAPHNE DU MAURIER', 'Daphne Dumaurier', 'Dame Daphne Du Maurier', 'Dame Daphne du Maurier, Lady Browning DBE', 'Dame Daphne du Maurier, Lady Browning']", Daphne du Maurier,0.9399174451828003,0,0,0
6682,Answer the question concisely. Q: The most northerly part of mainland Australia is in which state? A:,"['Sunshine State (Australia)', 'Constitution of Queensland', 'Queenland', 'Queensland, Australia', 'AU-QLD', ""Queen's land"", 'QUEENSLAND', 'Queensland. Beautiful One Day. Perfect the Next.', 'Northeastern Australia', 'Colony of Queensland', 'Queensland (Australia)', 'Queensland', 'QLD', 'State of Queensland', 'Qld', 'Queenslnad', 'Northeast Australia']", Queensland,0.8208051919937134,0,0,0
6688,Answer the question concisely. Q: Who succeeded Nelson Mandela as South African president? A:,"['Mbeki, Thabo', 'President Mbeki', 'Thabo Mbeki', 'Thabo Mvuyelwa Mbeki', 'Thabo mbeki', 'THABO MBEKI', 'Thabo Mvulyewa Mbeki', 'Zanele Mbeki']", Thabo Mbeki,0.9724464416503906,0,0,0
6690,Answer the question concisely. Q: Which female country and Western singer died in a plane crash in Tennessee in 1963? A:,"['Let the Tear Drops Fall', 'Patsy Klein', 'Patsey Cline', 'Virginia Patterson Hensley', 'Cline, Patsy', 'Patsy Cline', 'Patsy Kline', 'PATSY CLINE']", Patsy Cline,0.9424793720245361,0,0,0
6695,Answer the question concisely. Q: Which literary character is the best known creation of the writer Earl Derr Biggers? A:,"['Charlie Chan', 'CHARLIE CHAN', 'Number One Son', 'Birmingham Brown', 'Charley Chan']", Charlie Chan,0.9191545844078064,0,0,0
6700,Answer the question concisely. Q: Which French physicist (1852-1908) shared the Nobel Prize for Physics with the Curies in 1903 and has the SI unit of radioactivity named after him? A:,"['Becquerel, Antoine Henri', 'Antoine H. Becquerel', 'Anton Henri Becquerel', 'Antoine Becquerel', 'Antoine-henri becquerel', 'Henri Becquerel', 'Antoine-Henri Becquerel', 'Antoine Henri Becquerel']", Henri Becquerel,0.924928605556488,0,0,0
6721,"Answer the question concisely. Q: ""The Jacques Brel song """"Le moribond"""" (translation """"the dying man"""") was a hit in English for Terry Jacks under what title?"" A:","['Seasons in the Sun', 'Seasons In the Sun', 'SEASONS IN THE SUN', 'Sommar varje dag', 'Seasons In The Sun', 'Le Moribond', 'Seasons in the sun']"," ""The Morning After""",0.33653724193573,1,1,1
6730,Answer the question concisely. Q: Who has presented BBC TV programmes called his 'Toy Stories' and `Man Lab'? A:,"['Captain Slow', 'James May', 'James Daniel May', 'James may', 'Captain slow']", Richard Hammond,0.18067659437656403,1,1,1
6734,Answer the question concisely. Q: Which poet was married to Ted Hughes until her death in 1963? A:,"['Victoria Lucas', 'Plathian', 'Sylvia plath', 'Sylvia plath death', 'Silvia Plath', 'SYLVIA PLATH', 'Sylvia Path', ""Syvia Plath's Death"", 'Slyvia Plath', 'Above the Oxbow', ""Sylvia Plath's Death"", 'Sylvia Plath', 'Victoria Lucas (pseudonym)', 'Sylvia platt']", Sylvia Plath,0.9342673420906067,0,0,0
6743,Answer the question concisely. Q: Who was the first football nation to win the World Cup outside their own continent? A:,"['Brazil', 'BRAZIL', 'Etymology of Brazil', 'Federal Republic of Brazil', 'Brasil', 'Barzil', 'Federative Republic of Brazil', 'Brazil (country)', 'Brassil', 'Republic of Brazil', 'Brésil', 'Brzil', 'Brazilian Federative Republic', 'Republica Federativa do Brasil', 'Bresil', 'Brazilian Republic', 'ISO 3166-1:BR', 'República Federativa do Brasil', 'Brazilo']", Brazil,0.7232822179794312,0,0,0
6745,Answer the question concisely. Q: The antirrhinum plant is more commonly known as what? A:,"['Snap dragons', 'SNAPDRAGON', 'Snapdragon', 'Antirrhinum', 'Snap dragon', 'Snapdragons', 'Snap-dragons']", snapdragon,0.8318451642990112,0,0,0
6748,Answer the question concisely. Q: What is commonly known as the 'sport of kings'? A:,"['Scratch sheet', 'Race horse', 'Pony racing', 'Horse Racing', 'Racing horse', 'Racing industry', 'Horse racing in Japan', 'Horse-racing', 'Keiba', '🏇', 'Horse racing', 'Horse racing venue', 'Racing on horseback', 'Quarter-Horse Racing', 'Horse race', 'Horse races', 'Racehorses', 'Horse-race', 'Racehorse', 'Turf patron', 'Horserace', 'Horseracing']", horse racing,0.783482551574707,0,0,0
6761,Answer the question concisely. Q: Who scored the winning goal in this year's FA Cup final? A:,"['BEN WATSON', 'Ben Watson (disambiguation)', 'Ben Watson', 'Ben Watson (football player)', 'Ben Watson (footballer)', 'Ben Watson (footballer born 1985)']", Harry Kane,0.14254871010780334,1,1,1
6765,Answer the question concisely. Q: What is the French name for the English channel? A:,"['La Manche', 'British Sea', 'Mor Breizh', 'English channel', 'English Channel', 'EnglishChannel', 'Anglo-French Pond', 'The English Channel', 'Narrow seas', 'The Channel', 'Dover Traffic Separation System', 'British Channel', 'Channel Swimming', 'Mor Bretannek', 'English Chanel']", La Manche,0.9345651865005493,0,0,0
6785,"Answer the question concisely. Q: Which British paralympian swimmer won 2 gold, a silver and a bronze in the 2012 Para Olympics? A:","['Eleanor Simmonds', 'Ellie Simmons', 'Ellie Simmonds', 'Eleanor Mary Simmonds', 'ELLIE SIMMONDS', 'Eleanor Simmons', 'Eli Simmonds']", Ellie Simmonds,0.9127115607261658,0,0,0
6798,Answer the question concisely. Q: Blue Gum and Ironbark are species of which genus of Australian tree? A:,"['Eucalyptus', 'Eucalyptus tree', 'Gum-tree', 'Gum trees', 'Eucalyptus spp.', 'Ευκάλυπτος', 'Eucalypti']", Eucalyptus,0.911469042301178,0,0,0
6809,Answer the question concisely. Q: Under what pseudonym did JK Rowling publish the book 'The Cuckoo's Calling'? A:,"['Robert Galbraith (disambiguation)', 'Robert Galbraith']", Robert Galbraith,0.9275761842727661,0,0,0
6811,Answer the question concisely. Q: Which controversial novel was originally to have been called 'Tenderness'? A:,"['Wragby Hall', ""Lady Chatterley's Lover (book)"", ""Lady Chatterly's Lover"", 'Chatterley ban', 'Oliver Mellors', 'Connie Chatterley', 'Lady Chatterley', 'Constance Chatterley', 'Lady Chatterly', 'Short and sharp', ""Lady Chatterley's Lover"", 'Lady Chatterley’s Lover']", The Catcher in the Rye,0.17967090010643005,1,1,1
6822,Answer the question concisely. Q: Which county won the 2013 Cricket County Championship? A:,"['Durham (disambiguation)', 'The weather in Durham', 'Durham', 'Durham (city)', 'Durham City (county town)', 'Durham (Amtrak station)', 'DURHAM']", Hampshire,0.15466900169849396,1,1,1
6827,Answer the question concisely. Q: For which human physical reaction is horripilation the correct medical term? A:,"['Chill bump', 'Horripilation', 'Horripilates', 'Horripilators', 'Horripilate', 'Horripilated', 'GOOSE PIMPLES', 'People bump', 'Goose flesh', 'Goose-bumps', 'Goosebump', 'Horripilating', 'Goose bump', 'Gooseflesh', 'Pilomotor reflex', 'Cutis anserina', 'Piloerect', 'Chill bumps', 'Goose bumps', 'People bumps', 'Piloerection', 'Pilomotor', 'Horripilator', 'Pilomotor reflexes', 'Piloerections', 'Goose pimples']", Goosebumps,0.8595175743103027,0,0,0
6845,Answer the question concisely. Q: Which Roman Emperor committed suicide in 68 AD after being declared an enemy of the state by the senate? A:,"['Nero (album)', 'Nero (disambiguation)', 'NERO', 'Nero (comic)']", Nero,0.42832380533218384,1,0,0
6873,Answer the question concisely. Q: St John's is the capital of which Canadian Province? A:,"['Newfoundland and labrador', 'Newfoundland, Canada', 'Province of Newfoundland', 'Newfoundland and Labrador', 'Newfoundland And Labrador', 'New Foundland & Labrador', 'Neufundland', 'Newfoundlanders', 'NEWFOUNDLAND', 'Nfld', 'Province of Newfoundland and Labrador', 'Terre-Neuve (province)', 'Newfoundland & Labrador', 'NFLD', 'Newfoundland (province)', 'CA-NL', 'Terre-Neuve-et-Labrador', 'Terra Nova, Canada', 'Newfoundland', 'Newfoundlander', 'Nfld.']", Newfoundland and Labrador,0.9191856980323792,0,0,0
6884,Answer the question concisely. Q: In which Dickens' novel does lawyer Mr Jaggers appear? A:,"['Herbert Pocket', 'Great Expectation', 'Jaggers', 'Great Expectations plot details', 'Great Expectations', 'Joe Gargery', 'Bentley Drummle', 'Great expectations', 'Mrs joe']", Great Expectations,0.9063346982002258,0,0,0
6893,Answer the question concisely. Q: Which group recorded the 90s albums 'Nevermind' and 'In Utero'? A:,"['Nirvana (Philosophical concept)', 'NIRVANA', 'Nirvana (philosophical concept)', 'Heaven (Buddhism)', 'Nirvana', 'Nirvana (concept)', 'Nirvāna', 'Nirvāṇa', 'Nibbána', 'Nirvritti', 'Nirvaan', 'Nibbāna']", Nirvana,0.802558422088623,0,0,0
6894,Answer the question concisely. Q: In which US state is Green Bay? A:,"['Badger State', 'State of Wisconsin', 'Wis.', 'Transportation in Wisconsin', 'Government of Wisconsin', 'Climate of Wisconsin', 'Wisconsin, USA', 'Wiscosin, USA', 'Wisconsin', '30th State', 'Wisconson', 'Politics of Wisconsin', 'Demographics of Wisconsin', ""America's Dairyland"", 'Winconsin', 'Religion in Wisconsin', 'Transport in Wisconsin', 'US-WI', 'Wisconsin state', 'Economy of Wisconsin', 'The Badger State', 'Wisconsin (state)', 'Education in Wisconsin', 'Geography of Wisconsin', 'Wiskonsin', 'Wisconsin (U.S. state)', 'Thirtieth State', 'Film industry in Wisconsin', 'Wisc.', 'Badger state', 'Wisconsin, United States']", Wisconsin,0.7590917944908142,0,0,0
6898,"Answer the question concisely. Q: Which order of insects includes the true flies, mosquitoes, gnats and midges? A:","['Fly', 'Flies', 'Dipterology', 'Dipterous', 'Dipteran', 'Fly (zoology)', 'Fly (insect)', 'True fly', 'True flies', 'Fly (Insect)', 'Fly (animal)', 'Dipterist', 'Diptera', 'Dipterans']", Diptera,0.8433361649513245,0,0,0
6900,Answer the question concisely. Q: Who wrote the operas Oedipus Rex and The Rake's Progress? A:,"['Strawinski', 'Igor Fyodorovich Stravinskij', 'Igor Fydorovich Stravinsky', 'Stravinsky Igor', 'Igor Stravinski', 'Stravinsky, Igor Fedorovich', 'Strawinsky', 'Igor stravinsky', 'Igor Stravinsky', 'Stravinsky', 'Igor Fedorovich Stravinsky', 'Igor Stravinskij', 'Igor Fyodorovitch Stravinsky', 'Stravinski', 'Stravinksy', ""Igor' Fëdorovič Stravinskij"", 'Katerina Nossenko', 'Stravinsky, Igor', 'Игорь Фёдорович Стравинский', 'Igor Fyodorovich Stravinsky', 'Igor Strawinsky', 'Stravinskij']", Igor Stravinsky,0.9203975200653076,0,0,0
6902,Answer the question concisely. Q: Astrophobia is the fear of what? A:,"['Forked lightning', 'Cloud-to-cloud lightning', '☇', 'Cloud to cloud lightning', 'Continuous Leader', 'Dark leader', 'Storm electricity', 'Step leader', 'Anvil crawler', 'Staccato lightning', 'Lightning prevention', 'Lightning fire', 'Dart leader', '🌩', 'Different types of lightning', 'Cloud-to-ground lightning', 'Bead lightning', 'Positive lightning', 'Sheet lightning', 'Anvil Crawler', 'Lightning discharges', 'Fulminology', 'Lightning discharge', 'Lightening', 'Stepped ladder (meteorology)', 'Cloud-to-ground lighting', 'Strike (lightning)', 'Ribbon lightning', 'Lightning', 'Stepped leader', 'Continuous leader', 'Stepped leader(meteorology)', 'Bolt of lightning', 'Stepped ladder', 'Positive streamer', 'Fork lightning', 'Fulminologist', 'Bolt from the blue', 'Return stroke', 'Megalightning', 'Staccato Lightning']", space,0.10989305377006531,1,1,1
6918,Answer the question concisely. Q: What is the more familiar name for the aromatic gum resin olibanum? A:,"['Frankinsense', 'Frankincence', 'Frankinsence', 'Franckincense', 'Resina olibanum', 'Frankincense', 'Olibanum Oil', 'Frakensense', 'Olibanum', 'Francincense']", frankincense,0.868860125541687,0,0,0
6920,"Answer the question concisely. Q: Give a year in the life of St Ignatius Loyola, founder of the Jesuits. A:",['1491-1556'], 153,0.27279382944107056,1,1,1
6953,Answer the question concisely. Q: Batavia is the former name of which Asian capital city? A:,"['ID-JK', 'DKI Jakarta', 'Jakarta Raya', 'Jacarta', 'Calapa', 'DKI Jaya', 'Djakarta', 'City of Djakarta', 'Djarkarta', 'Daerah Khusus Ibukota Jakarta', 'JAKARTA', 'Jakarda', 'Jayakarta', 'Jakartanese', 'City Jakarta', 'Jakarta', 'Jakarta Special Capital Region', 'Special Capital Region of Jakarta', 'Jakarta, Indonesia', 'Capital of Indonesia', 'Jakarta, Java', 'City of Jakarta', 'Jakarta Province', 'Djarkata', 'Batavia, Indonesia']", Jakarta,0.712647557258606,0,0,0
6958,"Answer the question concisely. Q: Which organisation was founded in Ontario, Canada in 1897 by Adelaide Hoodless? A:","[""Women's Guild"", ""National Federation of Women's Institutes"", ""Women's Institute"", ""Women's Institutes"", 'National Federation of Women’s Institutes', ""British Women's Institute"", ""Women's Institute (British)"", 'British Women Institute', 'Women’s Institute', 'NFWI', ""WOMEN'S INSTITUTE"", ""Women's Institutes (British)""]", Women's Institute,0.8614404797554016,0,0,0
6961,"Answer the question concisely. Q: In 1959, for which film did David Niven win his only Academy Award? A:","['Separate Tables', 'Separate tables', 'SEPARATE TABLES', 'Separate Tables (play)']", The Private Life of Henry VIII,0.1523066759109497,1,1,1
6963,Answer the question concisely. Q: What was the Russian City of Nizhny Novgorod called between 1932 and 1990? A:,"['Gorky', 'Gorkiy', 'GORKY', 'Gorky (disambiguation)']", Gorky,0.9076957702636719,0,0,0
6966,Answer the question concisely. Q: Forbes Magazine named which author as the top earner between July 2012 and August 2013? A:,"['Snowqueens Icedragon', 'Erika Mitchell', 'Erika Leonard', 'E.L. James', ""Snowqueen's Icedragon"", 'EL James', 'E L James', 'E. L. James', 'E L JAMES']", J.K. Rowling,0.25199276208877563,1,1,1
6969,Answer the question concisely. Q: Traitor's Gate is part of which building? A:,"['London Tower', 'The Tower of London', 'Tower of london', 'Tower of London museum', 'Tower Wharf', ""Her Majesty's Royal Palace and Fortress"", 'The Tower Of london', 'Tower of London', 'The Tower Of London', 'Salt Tower', 'The London Tower', 'Gwynfryn, London', 'Towers Stairs', 'Martin Tower (Tower of London)', 'Bloody tower']", Tower of London,0.8980588912963867,0,0,0
6982,Answer the question concisely. Q: Although mostly associated with Manchester in which other part of the UK were the Gibb Brothers born? A:,"['Man Island', 'Isle Of Man', 'Cuisine of the Isle of Man', ""'Queens Commissioner-Barrantagh y Benrein'"", 'ISLE OF MAN', 'ISO 3166-1:IM', 'The Isle of Man', 'Name of the Isle of Man', 'Mannin', 'Monapia', ""'Queen's Commissioner-Barrantagh y Benrein'"", 'Ynys Manaw', 'Isle of Sam', 'Census Act 1929', 'The Isle Of Man', 'Isle of Man/Transnational issues', 'Isle of Man/Military', 'Islam in the Isle of Man', 'Isle of man', 'Monaoeda', 'Manx (mythology)', 'Isle of Mann', 'Island of Man', 'Protestantism in the Isle of Man', 'Isle of Man/History', 'Military of the Isle of Man', 'Census in the Isle of Man', 'Religion in the Isle of Man', ""'Queen's Commissioner-Barrantagh ny Benrein'"", 'I of M', 'Man, Isle of', 'Isle of Man', 'Europe/Isle of Man']", Liverpool,0.106697216629982,1,1,1
6988,Answer the question concisely. Q: In the book by James Hilton what was the full surname of the character Mr Chips? A:,"['Chepying', 'Chipping (disambiguation)', 'CHIPPING', 'Chipping']", Chipping,0.8587148189544678,0,0,0
6994,Answer the question concisely. Q: The Carnegie family fortune was built around Andrew Carnegie’s success in manufacture in which industry? A:,"['Steel', 'Steel workers', 'Steel plate', 'Steel truss', 'Steelworker', 'Steel (alloy)', 'Steel industry', 'Steel (metal)', 'Steels', 'Titanic steel', 'Steelworkers', 'Steel in Africa', 'Steel sheeting', 'Crude steel', 'Steel worker', 'Unwrapped steel', 'Long steel products', 'Steel Construction', 'Steel manufacture']", steel,0.6297589540481567,0,0,0
7003,"Answer the question concisely. Q: Which European country's flag consists of three equal horizontal bands of white, green and red? A:","['Balgariya', 'Bulgariya', 'BULGARIA', 'Балгария', 'Република България', 'България', 'Булгария', 'ISO 3166-1:BG', 'Булгариа', 'Balgaria', 'Republic of Bulgaria', 'Bulgarie', 'Bulgaria', 'Bulgary']", France,0.3279380202293396,1,1,
7004,Answer the question concisely. Q: Which author created the LAPD detective Harry Bosch? A:,"['Michael Connelly', '(Michael) CONNELLY', 'Roy Lindell']", Michael Connelly,0.9043002724647522,0,0,0
7005,Answer the question concisely. Q: What name is given to a word or phrase in a computer document that can be clicked on In order to move to a related document? A:,"['Weblinks', 'Web link', 'Blue Links', 'Hyperlinks', 'Hyper links', 'Embeded Link', 'Href=', 'Wikilinking', 'Outbound links', 'Wikilinks', 'HTML link', 'HYPERLINK', 'Weblink', 'Blue link', 'Embedded Link', 'Hyperlink', 'Wikilink', 'Hyperlinking', 'Embedded link', 'Hyper-link', 'Wikilinked', 'Hypertext anchor', 'HyperLink', 'Navigation element', 'Linky', 'Hyper link', 'Href', 'Outbound link', 'Link (web)']", hyperlink,0.7855319976806641,0,0,0
7015,Answer the question concisely. Q: What word is used to describe the process of giving birth by animals such as dogs and wolves? A:,"['WHELPING', 'Whelping', 'Births', 'Birth', 'Parturition']", Parturitionion,0.7572088837623596,0,1,0
7016,Answer the question concisely. Q: Which member of the cabinet is MP for Maidenhead? A:,"['Theresa Mary May', 'THERESA MAY', 'Theresa May']", Philip Hammond,0.15071886777877808,1,1,1
7017,"Answer the question concisely. Q: Which musician and composer said 'Wagner has wonderful moments, and dreadful quarters of an hour'? A:","['Gioachino Antonio Rossini', 'Gioacchino Rossini', 'Giovacchino Rossini', 'Gioachino Rossini', 'Giacomo Rossini', 'Ballets to the music of Gioachino Rossini', 'G. Rossini', 'Gioacchino Antonio Rossini', 'Gioacchimo Rossini', 'GIOACHINO ROSSINI', 'Rossini', 'Giacchino Rossini', 'Giachino Rossini']", Richard Strauss,0.2805247902870178,1,1,1
7049,"Answer the question concisely. Q: What is the surname of the TV sibling characters Chris, Meg and Stewie (and pet Brian)? A:","['Griphon', 'Axex', 'Griffin', 'Gryyfins', 'Grifen', 'Legendary creature griffin', 'Griffons', 'Gryphen', 'Griphons', 'Grifens', 'Gryffin', 'Griffins', 'GRIFFIN', 'Gryphin', 'Griffin/version 2', 'Opinicus', 'Keythong', 'Opinici', 'Gryphon (heraldry)', 'Gryphons']", Griffin,0.7597522735595703,0,0,0
7062,Answer the question concisely. Q: The revolutionary group the Sandinistas were active in which country? A:,"['Nicarugua', 'Nicuragua', 'Administrative divisions of Nicaragua', 'Bibliography of nicaragua', 'Subdivisions of Nicaragua', 'Health in Nicaragua', 'Republica De Nicaragua', 'Etymology of Nicaragua', 'República de Nicaragua', 'Sport in Nicaragua', 'ISO 3166-1:NI', 'Republic of Nicaragua', 'The Republic of Nicaragua', 'Nicaraguan', 'Nicaragua', 'Nicaragua, Central America']", Nicaragua,0.8265788555145264,0,0,0
7072,"Answer the question concisely. Q: In a film who married Princess Fiona, the daughter of King Harold and Queen Lillian of Far, Far Away? A:","['Shrek One', 'Shrek in the Swamp Karaoke Dance Party', 'Cast of Shrek', 'Shrek (Movie)', 'Shrek (film)', 'SHReK', 'Shrek: The Series (season 2)', 'Shrek 1', 'Shrek: The Series (season 1)', 'Shrek I', 'List of Shrek: The Series episodes', 'Shrek: The Series (season 4)', 'שרעק', 'Shrek: The Series (season 3)', 'Shrek the First', 'Production of Shrek', 'Shrek Timeline', 'Shrek', 'Shrek (comics)']", Shrek,0.9335337281227112,0,0,0
7073,Answer the question concisely. Q: Who was shot and killed along with his mistress Clara Petacci on 28th April 1945? A:,"['Moussolini', 'Mouselinni', 'Musilini', 'Benito Musilini', 'Benito Mussellini', 'Benito Muselini', 'Mussilini', 'Benito Musellini', 'Musollini', 'Benito Moosillini', 'Benito Moosilini', 'Mussolinian', 'Moosillini', 'Mussolinism', 'Mussellini', 'Benito Mussalini', 'Mussollini', 'Mouselini', 'Benito Mussollini', 'Benito Amilcare Andrea Mussolini', 'Musselini', 'Moosolini', 'Muselini', 'Mussalini', 'Benito Moosellini', 'Benito Mussilini', 'Benito Musselini', 'Benito Musollini', 'Benito Mussolini', 'Benito mussolini', 'Moosilini', 'Musillini', 'Mussloini', 'Moosellini', 'Benito Moosolini', 'Benito Mooselini', 'Benito Amilcare Mussolini', 'Moosollini', 'Mussillini', 'Benito Musolini', 'Benito Andrea Mussolini', 'Benito Musillini', 'Musellini', 'Benny Mussolini', 'Benito Mussillini', 'Mooselini', 'Benito Moosollini', 'Musolini', 'Mussolini, Benito', 'Mussolini', ""Benito Mussolini's religious beliefs""]", Benito Mussolini,0.9131611585617065,0,0,0
7093,"Answer the question concisely. Q: Which popular dessert was invented at the Hungry Monk in Alfriston, Sussex? A:",['SUSSEX POND'], Sticky Toffee Pudding,0.18172341585159302,1,1,1
7097,"Answer the question concisely. Q: What was the first name of the father of Isambard Kingdom Brunel, a French engineer who moved to England and constructed the Thames Tunnel? A:","['Marc (disambiguation)', 'MARC (disambiguation)', 'Marc', 'MARC']",,0.1274300217628479,1,1,0
7109,Answer the question concisely. Q: Which Wirral-born Radio 1 disc jockey died in Peru in 2004? A:,"['Margrave of the Marshes', 'John Robert Parker Ravenscroft', 'Peel Acres', 'Peel session', 'John Peel Sessions', 'Peel Session', 'John Peel Session', 'Peel Sessions', 'John Peel', 'John peel']", Simon Mayo,0.24841508269309998,1,1,1
7124,"Answer the question concisely. Q: What name, meaning sewer in Latin, is given to the singular bodily orifice found in birds, reptiles and amphibian that is used for both excretory and reproductive functions? A:","['Cloacae', 'Cloacal kiss', 'Anal beak', 'Cloaca', 'Cloacal', 'Cloacal respiratory tree', 'Cloacal gland', 'Cloacal region', 'Cloacal respiration', 'Cloacum']", cloaca,0.867152750492096,0,0,0
7125,"Answer the question concisely. Q: Which racehorse, unbeaten in 14 races, won an unprecedented 9 consecutive Group One races including the 2,000 Guineas in 2011 and is the highest ever rated by Timeform? A:","['Frankel', 'Franckel']", Frankel,0.8902058601379395,0,0,0
7150,"Answer the question concisely. Q: Adi Dassler founded the Adidas company, which company was founded by his brother Rudolf in 1948? A:","['PUMA', 'Puma', 'Pumas', 'Puma (disambiguation)']", Puma,0.9221268892288208,0,0,0
7172,Answer the question concisely. Q: Who had a top 40 hit UK single in 1966 with Mustang Sally? A:,"['Wilson Picket', 'Wilson Pickett', 'Wilson pickett']", Wilson Pickett,0.9017683863639832,0,0,0
7178,Answer the question concisely. Q: in 1990 which boxer became the first to knock out the previously undefeated Mike Tyson and become WBA World Champion? A:,"['James %22Buster%22 Douglas', 'James Buster Douglas', 'James Douglas (boxer)', 'Buster Douglas']", Evander Holyfield,0.160334050655365,1,1,1
7185,Answer the question concisely. Q: Who is the youngest person to hold the position of Chief Scout? A:,"['Edward michael grylls', 'Bear grylls', 'Urine drinking', 'Bear Grylls', 'Bear Gryls', 'Grills bare', 'Grylls, Bear', 'Bear Grills', 'Born Survivor: Bear Grylls', ""Edward 'Bear' Grylls""]", Robert Baden-Powell,0.2902106046676636,1,1,1
7209,Answer the question concisely. Q: What sport do you associate with Francesco Molinari? A:,"['Scramble (golf)', 'GOLF', 'Golf Conditioning', ""Men's Golf"", '🏌', 'Golf Tournament', 'Golf', 'Duffed', 'Scotch foursomes', 'Texas scramble', 'Golfing', 'Golf tournament', 'Golf (Sport)', 'Golf technology', 'Golfer', 'Golf conditioning', 'The Development of Golf Technology', 'Duffs']", golf,0.6447793841362,0,0,0
7220,Answer the question concisely. Q: Who is associated with the words ‘Live long and prosper’? A:,"['Mr Spock', 'Spock, son of Sarek', 'Mr. Spock', 'Captain spock', 'Spock (Alternate Reality)', 'Mister Spock', 'Spock (Prime Reality)', 'Ambassador Spock', 'Spock', 'Spock (Star Trek)', 'Spock Prime', 'First Officer Spock']", Spock,0.8720345497131348,0,0,0
7241,Answer the question concisely. Q: What is the capital city of Saudi Arabia? A:,"['RIYADH', 'Al-Urayja', 'Asia/Riyadh', 'Ar-Riyád', 'Al Riyadh', 'Ar Riyyad', 'Riyadeh', 'Ar Riyâd', 'Riyadh, Saudia Arabia', 'Ar Riyāḑ', 'Riyâd', 'Capital of Saudi Arabia', 'Ar Riyadh', 'ArRiyadh', 'Riyadh, Saudi Arabia', 'Ar-Riyad', 'Riyahd', 'Riyadh, SA', 'Ar-Riyâd', 'Riyahd, SA', 'Ar-Riyyad', 'Arriyadh', 'Ar Riyad', 'Riyadh', 'Ar-Riyadh', 'Riyadh,Saudi Arabia']", Riyadh,0.9648536443710327,0,0,0
7247,Answer the question concisely. Q: Which son of a famous drummer played drums for The Who at Glastonbury this year ? he has toured with them since 1996? A:,"['ZAK STARKEY', 'Zak Starkey', 'Zak Starr']", Zak Starkey,0.9362027645111084,0,0,0
7253,Answer the question concisely. Q: Which English artist painted several views of Salisbury Cathedral in the early 19th century? A:,"['J Constable', 'JOHN CONSTABLE', 'John Constable']", John Constable,0.8993326425552368,0,0,0
7291,"Answer the question concisely. Q: David Copperfield and Ali Bongo have been recent winners of the David Devant Award, named after the first President of which society? A:","['Magic Circle', 'THE MAGIC CIRCLE', 'Magic circle (disambiguation)', 'Magic Circle (disambiguation)']", Magicians,0.2048574984073639,1,1,1
7298,Answer the question concisely. Q: Which competition was won by Caroline Flack in December 2014? A:,"[""People's Strictly"", 'Strictly Come Dancing (Series One)', 'Strictly come dancing', 'Peoples Strictly', 'Strictly Ice Dancing', 'Strictly Come Dancing (TV series)', 'Strictly Come Dancing', 'Strictly Come Dancing Band', 'Strictly African Dancing']", Miss World 2014,0.12456434220075607,1,1,1
7299,Answer the question concisely. Q: H'Angus the Monkey is the mascot of which English football club? A:,"['Hartlepool F.C.', 'Hartlepools United FC', 'Hartlepool Utd', 'Hartlepool Utd.', 'Hartlepool Football Club', 'Hartlepool United F.C.', 'Hartlepool United Football Club', 'Hartlepools United F.C.', 'Hartlepool United F C', 'Hartlepool United FC', 'Hartlepool United', 'Hartlepools United', 'Hartlepool United F.C', 'Hartlepool FC']", Tottenham Hotspur,0.4783305525779724,1,1,1
7308,Answer the question concisely. Q: By which name meaning 'little bird' is the artist born Paolo di Dono at Pratovecchio in 1397 known by modern art-lovers? A:,"['Paolo Ucello', 'Antonia Uccello', 'Paolo Uccello', 'Uccello', 'Ucello', 'Paolo Di Dono']", Masaccio,0.12242679297924042,1,1,1
7319,"Answer the question concisely. Q: As well as gold, silver and platinum, objects made of what other material have to be hallmarked by an Assay Office? A:","['The Palladium', 'PALLADIUM']", copper,0.04688465595245361,1,1,1
7322,"Answer the question concisely. Q: By what first name is the wife of Tommy Beresford known in the Partners in Crime stories by Agatha Christie, recently adapted by BBC TV? A:","['Tuppence', 'Twopence (disambiguation)', 'TUPPENCE']", Jane,0.03658570349216461,1,1,1
7335,Answer the question concisely. Q: Amerigo Vespucci international airport serves which European city? A:,"['UN/LOCODE:ITFLR', 'Folrenz', 'Firenze, Italy', 'פירנצה', 'Montughi', 'Firenze', 'Gualfonda', 'FLORENCE', 'Florentine', 'Frorence', 'Florence (Italy)', 'Florence', 'Florence, Italy']", Florence,0.791063129901886,0,0,0
7356,"Answer the question concisely. Q: What was the name of the character played by Michael Caine in a total of five films, the first of which was ‘The Ipcress File’? A:","['Palmer, Harry', 'Harry Palmer']", Harry Palmer,0.9114551544189453,0,0,0
7363,Answer the question concisely. Q: Estelle Parsons won a best supporting actress Oscar for her role in which 1967 film? A:,"['Prentiss Oakley', 'Clyde Champion Barrow', 'Bonnie & Clyde', 'Barrow gang', 'Bonnie and clyde', 'Bonnie Parker', 'Bonny & Clyde', 'Bonnie + Clyde', 'Prentis Oakley', 'Bonney Parker', 'Bonny and Clyde', 'Bonnie&Clyde', 'Bonnie Parker and Clyde Barrow', 'Clyde Barrow', 'Bonnie & Clide', 'Bonnie And Clyde', 'Roy Thornton', 'The story of bonnie and clyde', 'Bonny + Clyde', 'Clyde Chestnut Barrow', 'Bonnie Elizabeth Parker', 'Bonnie and Clyde']", Rosemary's Baby,0.13160908222198486,1,1,1
7380,Answer the question concisely. Q: Lady Jane Grey was the great grand-daughter of which English king? A:,"['Solomon of England', 'Henry VII, of England', 'King Henry VII of England', 'Henry VII Tudor', 'Henry VII (of England)', 'Henry Tudor, Earl of Richmond', 'Harri Tudur', 'Henry, Earl of Richmond', 'Henry of Richmond', ""Henri VII d'Angleterre"", 'King Henry VII', 'HENRY VII', 'Henry VII (England)', 'Henry VII of England', 'Henry VII, King of England', 'Henry Vii']", Henry VIII,0.5340685248374939,0,1,1
7384,Answer the question concisely. Q: Who wrote the novel The Thom Birds? A:,"['Colleen McCollough', 'Colleen McCullough', 'Colleen McCullough-Robinson']", John Wyndham,0.1967037320137024,1,1,1
7385,Answer the question concisely. Q: Ferrybridge Services are located on which UK motorway? A:,"['M62', 'M-62', 'M62 (disambiguation)']", M62,0.8734647035598755,0,0,0
7414,Answer the question concisely. Q: Which sport had previously been known as Whiff Whaff and Gossima? A:,"[""Ping-pang Ch'iu"", 'Ping pong ball', 'Corbillon cup', 'Pen-holders', 'PingPong', 'Wiff-Waff', 'Wiff Waff', 'Round corner table tennis', 'Ping pong balls', 'Whiff-whaff', 'Ping Pong', 'Ping-pong ball', 'Rounded corner table tennis', 'Round table tennis', 'Pen-holding', 'Table tennis', 'Pingpong', 'Wiff-waff', 'Table-tennis', '卓球', 'Gossima', 'Whiff whaff', 'Table Tennis', 'Penholding', 'T tennis', '🏓', 'Table tennis table', 'Ping-Pong', 'Table Tennis Ping-Pong', 'Table tennis ball', 'Penholder grip', 'Penholders', 'Table tennis tables', 'Penholder (grip)', 'Table-Tennis', 'Pen holders', 'Pingpang Qiú', 'Tabletennis', 'Ping-pong', 'Pen holding', 'Pingpang Qiu', 'Pingpang Ciou', 'Ping pong']", tennis,0.5895419120788574,0,1,0
7417,Answer the question concisely. Q: Alan Minter was World boxing champion at which weight? A:,"['Middle-weight', 'Middleweight']", featherweight,0.36878496408462524,1,1,1
7424,Answer the question concisely. Q: The 1810 betrothal of Princess Theresa to Crown Prince Ludwig not only resulted in the meadow where the event took place to be named Theresienwiese but also started what? A:,"['Oktoberfest', 'Brewfest', 'Oktoeberfest', 'Oktöbërfest', 'Octoberfestivities', 'Oktober Fest', 'Ein prosit', 'October fest', 'Octoberfest', 'Wiesn', 'Oktoberfestivities']", Oktoberfest,0.8669087886810303,0,0,0
7429,Answer the question concisely. Q: What 1841 invention of the art world that replaced the usage of pig bladders was called by Renoir as indispensable for Impressionism? A:,['Paint tube'], The 1841 invention in the art world that replaced the usage of pig bladders and was called indispensable for Impressionism by Renoir is the collapsible metal paint tube,0.23867876827716827,1,0,0
7434,Answer the question concisely. Q: What is the name given to a sculpted female figure serving as an architectural support taking the place of a column or a pillar? A:,"['Caryatid(e)', 'Karyatid', 'Caryatide', 'Cariate', 'Cariates', 'Καρυάτιδες', 'Caryatides', 'Caryatids', 'Καρυάτις', 'Caryatid']", Caryatid,0.9794139862060547,0,0,0
7437,"Answer the question concisely. Q: Named for a Greek muse and currently given by the Nielsen Company, what are the awards given to reward creative excellence in advertising and design? A:","['CLIO Award', 'Clio award', 'Clio awards', 'CLIO Awards', 'Cleo Awards', 'Clio Award', 'Cleo Award', 'Clio Awards']"," The awards are called the ""PromaxBDA Awards."" They are given to recognize creative excellence in advertising and design. The name comes from the Greek muse, who was believed to inspire creativity and artistic expression. The Nielsen Company, a global leader in measurement and data analytics, administers these awards. The PromaxB",0.2073933184146881,1,1,1
7466,Answer the question concisely. Q: The Frenchman Jean Robert-Houdin (1805-1871) is credited with formalizing what form of entertainment? A:,"['Magikal', 'Magical powers', 'The Magic (disambiguation)', 'Magical record', 'Magick (song)', 'Magick (disambiguation)', 'Magick', 'The Magic', 'Magic', 'Magickal', '%22magicaly%22', 'Magic (movie)', 'Magic (album)', 'Magicaly', 'Magic (disambiguation)', 'Magic (song)', 'MAGIC', 'Magic FM', 'Majick', 'Magic (film)', 'Magically', 'Magiks', 'Magic powers', 'Magick (single)', 'Low magic']", magic,0.6047927141189575,0,0,0
7483,Answer the question concisely. Q: What are the table-top mountains found in the Guiana Highlands of South America (especially Venezuela) that inspired Arthur Conan Doyle's The Lost World and also appear prominently in the landscapes of the Pixar hit Up? A:,"['Tepui', 'Tepuy', 'Tepuis']", tepuis,0.8170875310897827,0,0,0
7540,Answer the question concisely. Q: What is the more common term for the affliction called epistaxis the occurrence of which suggests sexual arousal in Japanese manga and anime? A:,"['Nosebleeding', 'Blood nose', 'Nasal bleeding', 'Noseblood', 'Bloody noses', 'Nosebleed (redirect)', 'Nosebleed', 'Epistaxis', 'Nasal hemorrhage', 'Bloody nose', 'Nosebleeds', 'Rhinorrhagia', 'Nose bleeding', 'Nose bleed', 'Idiopathic Epistaxis', 'Anterior nasal packing', 'Bleeding nose', 'Epistaris', 'Nasal haemorrhage']", noseble,0.5555805563926697,0,0,1
7546,"Answer the question concisely. Q: ""Sportscaster Jack Brickhouse who once said """"Any team can have a bad century"""" provided play-by-play coverage of what American major league team's games from 1948 to 1981?"" A:","['Chicaco Cubs', 'Take Me Out To A Cubs Game', 'Chicago Orphans', 'Chicago CUbs', 'Chicago Cubbies', 'The Cubbies', 'Chicago National League Club', 'The Chicago Cubs', 'The cubs', 'Chicago Cubs', 'Take Me Out to a Cubs Game', 'List of Chicago Cubs captains', 'Chicago cubs', 'Chicago Colts', 'Chicago Cubs (sports)', 'Chicago National League Ball Club', 'The Chicago Cubbies', 'Cubs (baseball)', 'Pat and Ron Show', 'Lovable Losers']", Chicago Cubs,0.8740230798721313,0,0,0
7553,"Answer the question concisely. Q: In golf, a six under par score has never been, and is unlikely to ever be recorded, as it requires a hole in one on a par-seven hole. What is the 'mythical' term for such a hypothetical performance? (hint: think about the names of under par scores) A:","['Phœnix', 'Phoenix (broadcaster)', 'Phoenix (album)', 'The Phonix', 'Phoenix (single)', 'The Phoenix (literary journal)', 'Phoenix (book)', 'Phoenix (city)', 'Phoenix (automobile)', 'Phoenix', 'Phoenixes', 'Phoenix (disambiguation)', 'Phoenix (Album)', 'Phoenix (ships with this name)', 'Phoenix (journal)', 'Pheonix', 'The Phœnix', 'Phoenix (film)', 'The Phoenix (TV series)', 'Phoenix (Magazine)', 'Phoenix (television)', 'Phoenix (ship)', 'The Phoenix', 'PHOENIX', 'Phoenix (TV)']", Albatross,0.1716238558292389,1,1,1
7576,Answer the question concisely. Q: Which collection of poems did William Blake publish in 1794 as a sequel to his earlier collection 'Songs Of Innocence'? A:,"['Songs of Innocence', 'The Fly (Songs of Experience)', 'Songs of Experience', 'Songs of Innocence and of Experience', 'Songs of Innocence and Experience', 'Songs Of Innocence And Of Experience', 'Songs Of Innocence And Experience', ""'SONGS OF EXPERIENCE'""]", Songs of Experience,0.9100291132926941,0,0,0
7588,Answer the question concisely. Q: What is the capital city of Croatia? A:,"['Sagelebu', 'Metropola', 'Zagreb (Hrvatska)', 'Zagreb na Savi', 'זגרב', 'Croatia/Grad Zagreb', 'Zagreb (HR)', 'Croatian metropolis', 'Grad Zagreb (Croatia)', 'Zagreb (RH)', 'Grad Zagreb - Croatia', 'Grad Zagreb (CRO)', 'Zagreb, CRO', 'ZG, HR', 'Grad Zagreb, Republika Hrvatska', 'জাগরেব', 'Zagreb - Hrvatska', 'Zagabria', 'Zagreb, Croatia', 'Zagreb - Yugoslavia', 'Grad Zagreb/Hrvatska', 'Zagreb population', 'Metropolis of Croatia', 'ZG, CRO', 'Mali Beč', 'Zagrib', 'Capital of Croatia', 'Bijeli Zagreb Grad', 'Glavni grad Hrvatske', 'Zagreb (YU)', 'Zagreb - Croatia', 'Croatia/Zagreb', 'Zagrab', 'Hrvatska/Grad Zagreb', 'Zagreb tourism', 'Grad Zagreb - HR', 'City of Zagreb', 'City of Zagreb, Croatia', 'UN/LOCODE:HRZAG', 'ZG, Hrvatska', 'Republika Hrvatska/Zagreb', 'Zabreg', 'Zagreb weather', 'Zagreb (CRO)', 'Beli Zagreb', 'Zagreb, Grad Zagreb', 'Ágranon', 'Grad Zagreb (RH)', 'Grad Zagreb - RH', 'Early Zagreb', 'Grad Zagreb, CRO', 'Bridges of Zagreb', 'Zagreb cityscape', 'Zagrzeb', 'Beli Zagreb grad', 'Grad Zagreb - CRO', 'Zagreb, YU', 'Grad ZG', 'ZAGREB', 'Hrvatska/Zagreb', 'Recreation and sports in Zagreb', 'Grad Zagreb (HR)', 'Zagrebe', 'Zagreba', 'Zagrebo', 'Zagreb City, Croatia', 'Economy of Zagreb', 'Zagreb - Republika Hrvatska', 'ZG, Zagreb', 'ZG, Croatia', 'Zagreb, RH', 'Grad Zagreb, RH', 'Zagrabia', 'ZG, Republika Hrvatska', 'ZG, Grad Zagreb', 'Modern Zagreb', 'Grad Zagreb, Croatia', 'Zagreb, Yugoslavia', 'Yugoslavia/Zagreb', 'Zagreb City', 'Zagrub', 'Grad Zagreb, Hrvatska', 'Zagreb, Republic of Croatia', 'Grad Zagreb - Republika Hrvatska', 'Hrvatska metropola', 'Republika Hrvatska/Grad Zagreb', 'Grad Zagreb, HR', 'ZG, RH', 'Small Vienna', 'Zagurebu', 'Zagreb', 'Grad Zagreb', 'Grad Zagreb - Hrvatska', 'Grad Zagreb (Republika Hrvatska)', 'Zahreb', 'Uri-Harvàtye', 'Zagreb, HR', 'Bijeli Zagreb', 'Grad Zagreb (Hrvatska)', 'Etymology of Zagreb', 'Zagreb (Croatia)', 'Grad Zagreb/Croatia']", Zagreb,0.7264654636383057,0,0,0
7595,Answer the question concisely. Q: Who was the Muse of Comedy? A:,"['Thalia (album)', 'Θάλεια', 'Thalia (Greek mythology)', 'THALIA', 'Thalia', 'Thalia (disambiguation)']", Thalia,0.9285429120063782,0,0,0
7621,Answer the question concisely. Q: What was the name of the eponymous 'Knight of the Holy Grail' in an opera by Wagner? A:,"['Parcifal', 'Amfortas', ""'PARSIFAL'"", 'Parsifal (opera)', 'Kundry', 'Parsifal']", Parsifal,0.9590455293655396,0,0,0
7639,Answer the question concisely. Q: Which word completes the name of the rock band 'Half Man Half...'? A:,"['Nuclear launch codes', 'Gold Codes', ""'BISCUIT'"", 'The biscuit', 'Gold Code', 'Nuclear codes']", Magician,0.05547693371772766,1,1,1
7640,"Answer the question concisely. Q: ""Which 1968 book by Richard Hooker begins """"When Radar O'Reilly, just out of high school left Ottumwa, Iowa and enlisted in the United States Army...""""?"" A:","['M.A.S.H.', 'M*A*S*H (disambiguation)', 'M•A•S•H', 'M.A.S.H', 'Mash', 'M A S H', 'Mash (disambiguation)', ""'M.A.S.H.'"", 'MASH']", The Hot Zone,0.16856998205184937,1,1,1
7662,Answer the question concisely. Q: The Kalahari Desert lies chiefly in which country? A:,"['Country BWA', 'Lefatshe la Botswana', 'Administrative divisions of Botswana', 'Republic of Botswana', 'Botsuana', 'Botswanan', ""Khama's Country"", 'Botswana', 'ISO 3166-1:BW']", Botswana,0.8123680353164673,0,0,0
7663,Answer the question concisely. Q: In which county is Dunstanburgh Castle? A:,"['Northd', 'Northumberland', 'Northumberland (England)', 'County of Northumberland', 'Northumberland, England']", Northumberland,0.8578155636787415,0,0,0
7672,Answer the question concisely. Q: Which group recorded the 1976 album 'Rastaman Vibration'? A:,"['Bob Marley and the Wailers (band)', 'Wailing Wailers', 'The Wailers (reggae band)', 'Bob Marley & the Wailers', 'The Wailers (1963−1974 band)', 'The Wailers', 'Bob Marley & The Wailers', 'The Wailers (reggae)', 'The Wailing Rudeboys', 'Bob Marley and the Wailers', 'Wailers', 'The Wailers (1963-1974 band)', 'Bob Marley and The Whalers', 'Bob Marley and The Wailers', 'The Wailers (1963–1974 band)', 'Wailing Rudeboys', 'BOB MARLEY & THE WAILERS']", Bob Marley and the Wailers,0.9307597875595093,0,0,0
7680,"Answer the question concisely. Q: ""Correct this quotation from FD Roosevelt.""""The only thing we have to fear is the enemy""""?"" A:","['Franklin D. Roosevelt 1933 presidential inauguration', '1st inauguration of Franklin D. Roosevelt', '""""""The only thing we have to fear is FEAR ITSELF""""""', 'Only thing we have to fear is fear itself', 'The only thing we have to fear is fear itself', 'First inauguration of Franklin D. Roosevelt']"," ""The only thing we have to fear is fear itself.""",0.9213953018188477,0,0,0
7685,Answer the question concisely. Q: The Zodiac sign 'Libra' belongs to which element? A:,"['Air (film)', 'AIR Lab', 'Air (album)', 'Air (song)', 'AIR', 'A.I.R.', 'Air (1970s band)', 'Air (band)', 'Air (disambiguation)', 'Air (computer game)']", Air,0.4126608371734619,1,0,0
7689,Answer the question concisely. Q: Which US statesman is on the $100 bill? A:,"['A Tradesman of Philidelphia', 'Bin Franklin', 'Abigail Afterwit', 'The Busybody', 'Anthony Afterwit', 'Betty Diligent', 'Benjamin Franklin', 'The Benjamin Franklin', 'Franklinian', 'Friend to the Poor', 'Ben Franlkin', 'Bejamin franklin', 'Alice Addertongue', 'Sage of the Constitutional Convention', 'Franklinic', 'Benjamin franklin', 'Those who would give up Essential Liberty', 'Ben Franklin', 'B franklin', 'The Benjamin Franklin Bust', 'B. Franklin', 'Abigail Twitterfield', 'BENJAMIN FRANKLIN', 'Benjamin (Ben) Franklin', 'Ben franklin', 'Sidi Mehemet Ibrahim', 'B Franklin']", Benjamin Franklin,0.8967727422714233,0,0,0
7690,Answer the question concisely. Q: Which US state is called 'Old Dominion'? A:,"['The Virginia', 'VIRGINIA']", Virginia,0.6395494937896729,0,0,0
7699,Answer the question concisely. Q: Which English town was awarded city status in March this year? A:,"['Chelmsford, England', 'Chelmsford, United Kingdom', 'Chelmsford,Essex', 'Chelmsford, Essex, UK', 'Beaulieu Park railway station', 'Beaulieu Park rail station', 'Newlands spring', 'Chelmsford, Essex', 'Newlands Spring Primary School', 'The weather in Chelmsford', 'Beaulieu Park train station', 'Beaulieu railway station', 'Municipal Borough of Chelmsford', ""The Bishops' C of E & R C Primary School"", 'CM3 (postcode)', 'Beaulieu rail station', 'Beaulieu station', 'Meadows Shopping Centre', 'CHELMSFORD', 'Beaulieu Park station', 'Beaulieu train station', 'Chelmsford']", St Helens,0.1414385735988617,1,1,1
7702,Answer the question concisely. Q: Which Liverpool player scored two goals in both the semi-final and final of the FA Cup in 1986? A:,"['IAN RUSH', 'Ian Rush']", Ian Rush,0.9207385182380676,0,0,0
7705,Answer the question concisely. Q: Which word is missing from this music hall song ‘When father papered the ......... You couldn’t see pa for paste’? A:,"['PARLOUR', 'Parlor', 'Parlour']"," When father papered the walls, you couldn't see pa for paste",0.1166519820690155,1,1,1
7708,Answer the question concisely. Q: Which operatic heroine dies by throwing herself from the Castel Sant’Angelo in Rome? A:,"['TSCA (disambiguation)', 'Toxic Substances Control Act of 1976', 'TOSCA', 'TSCA', 'Toxic Substances Control Act']", Lucrezia Borgia,0.11056460440158844,1,1,1
7709,"Answer the question concisely. Q: Born on this day in 1962 John Hannah played which detective on TV, the role being taken over after the first series by Ken Stott? A:","['The Inspector Rebus novels', 'Inspector Rebus', '(INSPECTOR) REBUS', 'The Inspector Rebus books']", Inspector Morse,0.3334079384803772,1,1,1
7725,Answer the question concisely. Q: Which German city is served by 'Lohausen Airport'? A:,"['Duesseldorf', 'Dusseldorf, Germany', 'UN/LOCODE:DEDUS', 'Duisseldorf', 'DUSSELDORF', 'Düsseldorf', 'Duesseldorp', 'Dusseldorf', 'Düsseldorf, Germany', 'Düsseldorp', 'Duesseldorf, Germany']", Hamburg,0.18395785987377167,1,1,1
7726,Answer the question concisely. Q: 'Sir Oliver Martext' is avicar in which of Shakespeare's comedies? A:,"['Oliver Mar Text', 'Oliver Martext', 'Sir Oliver Mar Text', 'Mar text', 'Martext', 'As You Like It', 'Silvius (fictional character)', 'Sir Oliver Martext', 'Ducdame', 'As you like it', ""'AS YOU LIKE IT'""]", Much Ado About Nothing,0.34389322996139526,1,1,1
7731,"Answer the question concisely. Q: Also a plumber, what is the name of 'Super Mario's' older brother? A:","['Mr. L', 'Luigi (Nintendo)', 'Luigi Mario', 'The king of second bananas', 'Ichirōta Miyagawa', 'Luigi (Mario)', 'Luigi (Nintendo Character)', 'Super Luigi', 'Year of Luigi', 'ルイージ', 'Ruiji', 'Green Mario', 'Luigi', ""'LUIGI'"", 'Luigi (Nintendo character)', 'Baby Luigi', 'Ichirota Miyagawa', 'Luigi (character)', 'Julien Bardakoff']", Luigi,0.7647854089736938,0,0,0
7732,"Answer the question concisely. Q: Elected in 2008, who is the current Prime Minister of New Zealand? A:","['John Key', 'Ponytail-gate', 'JOHN KEY', 'J Key']", John Key,0.8934584856033325,0,0,0
7742,"Answer the question concisely. Q: Which work by Gilbert and Sullivan features the 'Duke of Plaza Toro' and his daughter 'Casilda', who becomes the 'Queen of Barataria'? A:","['Barataria (Gondoliers)', ""'THE GONDOLIERS'"", 'The Gondoliers', 'The Gondoliers, or The King of Barataria', 'King of Barataria', 'The King of Barataria', 'Gondoliers']", The Gondoliers,0.933111310005188,0,0,0
7756,Answer the question concisely. Q: Which African island is named in honour of the saint upon whose feast day the island was discovered in 1471? A:,"['São Tome', 'São Tomé (city)', 'Sao Tome, Sao Tome and Principe', 'S. Tome', 'S. Tomé', 'São Tomé', 'SAO TOME', 'São Tomé, São Tomé and Principe', 'Sao Tome', 'Sao Tomé', 'Sāo Tomé', 'Sao tome', 'São Tomé, São Tomé and Príncipe', 'Capital of São Tomé and Príncipe', 'São Thomé', 'São Tomé, Sao Tome and Principe', 'Sao Thome']", Saint Helena,0.29082921147346497,1,1,1
7759,Answer the question concisely. Q: Verdigris is a green deposit that develops on which metallic element when exposed to air or seawater? A:,"['COPPER', 'The Copper', 'Der Greifer', 'The Grasper']", copper,0.5714033246040344,0,0,0
7760,Answer the question concisely. Q: Which country defeated the Ivory Coast to win football's Africa Cup of Nations? A:,"['Zamibia', 'People of Zambia', 'Zambian cuisine', 'Zambians', 'Culture of Zambia', 'Etymology of Zambia', 'Zambia', 'Health care in Zambia', 'ISO 3166-1:ZM', 'Republic Of Zambia', 'Cuisine of Zambia', 'Sport in Zambia', 'ZAMBIA', 'Republic of Zambia', 'Zambian people', 'Name of Zambia']", Nigeria,0.19666725397109985,1,1,1
7775,"Answer the question concisely. Q: Which bird is the symbol of the Durrell Wildlife Conservation Trust, which began its overseas work in Mauritius in 1970? A:","['Raphus', 'Dodo (bird)', 'Didus', 'Dodology', 'Dodoor', 'Raphus cucullatus', 'Cygnus cucullatus', 'Gallinaceus Gallus peregrinus', 'White dodo', 'Raphus (genus)', 'Extinct bird dodo', 'Drontes', 'Do-Do Bird', 'Dodo bird', 'The Dodo', 'DODO', 'Mauritius Dodo', 'Dodos', 'Do-Do', 'Dodaars', 'White Dodo', 'Dodoers', 'Struthio cucullatus', 'Diricawl', 'Dodologist', 'Dront', 'Doodars', 'Dodo Bird', 'Dodo', 'Walghvogel', 'Do-do', 'Do do bird', 'Didus ineptus', 'White dodos', 'Do do', 'Oiseau de Nazareth', 'Dronte']", kestrel,0.2462165504693985,1,1,1
7792,Answer the question concisely. Q: From which country does 'Manchego' cheese come? A:,"['Islands of Spain', 'España', 'Reino de España', 'Name of Spain', 'Espagna', 'Espańa', 'Reino de Espana', 'Espana', 'Kingdom of the Spains', 'The Spanish Society', 'Espainia', 'Mountains of Spain', ""Regne d'Espanya"", 'The kingdom of Spain', 'SPAIN', ""Regne d'Espanha"", 'Espanya', 'Espainiako Erresuma', 'Etymology of Spain', 'Spane', 'ISO 3166-1:ES', 'Spain', 'Spanish Kingdom', 'Kingdom of Spain', 'El Reino de España', 'El Reino de Espana']", Spain,0.7450352907180786,0,0,0
7808,Answer the question concisely. Q: What was the middle name of the character 'Rodney Trotter' from the t.v. series 'Only Fools And Horses'? A:,"['Charlton (disambiguation)', ""'CHARLTON'"", 'Charlton']", Reginald,0.16467520594596863,1,1,1
7813,Answer the question concisely. Q: How is children's author Mary Pollock better known? A:,"['The Little lose hen', 'Blyton, Enid', ""Enid Blyton's Short-Stories"", 'Enid Bylton', 'Little lost hen', 'The little lost hen', 'The Little Lost Hen', 'Enid Mary Blyton', 'Mary Pollock', 'Enid Blighton', 'Enid blyton', ""Enid Blyton's short stories"", 'Enid Blyton']"," Mary Pollock is better known as Mary Pope Osborne, the author of the ""Magic Tree House"" series.",0.3239348530769348,1,1,1
7820,"Answer the question concisely. Q: In nature, what sort of bird is a 'Red Breasted Merganser'? A:","['Ducks (disambiguation)', 'The Duck', 'Duck (disambiguation)', 'A DUCK', 'Ducked', 'Duck!']", duck,0.48993319272994995,1,0,0
7826,Answer the question concisely. Q: Football. In which decade of the 20th century did the white ball come into official use? A:,"['The Fifties', '1950s', '1950-1959', ""50's"", '1950’s', '1950–1959', 'Nineteen-fifties', '1950s (decade)', '1950ies', ""1950's"", ""'50s"", '195%3F', 'Fifties']", 1930s,0.7079200744628906,0,1,1
7843,Answer the question concisely. Q: Which 1987 black comedy starred Danny de Vito and Billy Crystal with an appearance by Oprah Winfrey as 'herself'? A:,"['Throw Momma from the Train', 'Throw momma from the train', 'Throw mama from the train', 'Throw Momma From the Train', ""'THROW MOMMA FROM THE TRAIN'""]", Broadcast News,0.1153399646282196,1,1,1
7845,"Answer the question concisely. Q: Which was the final battle of King Arthur, at which he was mortally wounded? A:","['Camlan', 'Battle of camlann', 'BATTLE OF CAMLANN', 'Battle of Camlann', 'Battle of Camlan', 'Battle Of Camlann', 'Camlann']", the Battle of Camlene,0.663201093673706,0,1,1
7855,Answer the question concisely. Q: Which motor manufacturer produces the 'Sharan' model? A:,"['Folksvagon', 'VW Motorsport', 'Gas Auto', 'Das Auto', 'VW', 'Volkswagen France', 'Lamando', 'V-Dub', 'Volkswagen', 'Volkswagen Roccan', 'V W', 'V.w.', 'Vw', 'Volkswagon', 'Volkswagen R', 'V.W.', 'VOLKSWAGEN', 'Volks wagen', 'V. W.', 'Volkswagens', 'Folkswagon']", Volkswagen,0.6645244359970093,0,0,0
7860,Answer the question concisely. Q: Ilich Ramirez Sanchez was a notorious figure in the 1970's. How was he better known? A:,"['Carlos the jackal', 'Carlos (Ilich Ramirez Sanchez)', 'Carlos (Ilich Ramírez Sánchez)', 'Carlos the Jackal', 'Ilich Ramirez Sanchez', 'Carlos The Jackal', 'Carlos (terrorist)', ""'CARLOS THE JACKAL'"", 'Illich Ramirez Sanchez', 'Ilich Ramírez Sánchez', 'Ilyich Ramirez-Sanchez']", Carlos the Jackal,0.9331666231155396,0,0,0
7869,Answer the question concisely. Q: Which geological period is named after an ancient tribe which once inhabited South Wales? A:,"['Silurian period', 'Ludfordian', 'Lower Silurian', 'Silurian System', 'Llandovery epoch', 'Early Silurian', 'Upper Silurian', 'Ludlow epoch', 'Silurian climate', 'Silurian system', 'Gorstian', 'Aeronian', 'Pridoli epoch', 'Silurian Era', 'Telychian', 'Rhuddanian', 'Late Silurian', 'Rhuddalian', 'Ontarian stage', 'Silurian Period', 'Silurian', 'Přídolí epoch', 'Llandovery Series', 'Silurian era']", Silurian,0.9770737290382385,0,0,0
7876,Answer the question concisely. Q: Which composer of the opera The Bartered Bride died on this date in 1884? A:,"['BEDŘICH SMETANA', 'Smetana', 'Bedřich Smetana', 'Smétana', 'Smetna', 'Friedrich Smetana', 'Bedřich Smétana', 'Bedrich Smetana']", Bedřich Smetanaa,0.879388689994812,0,1,0
7887,Answer the question concisely. Q: To which foodstuff does the adjective 'Butyric' apply? A:,"['Butter', 'BUTTER', 'Butter pat', 'Whey butter', 'Buttered', 'Lightly salted butter', 'Buter', 'Cultured butter', 'Unsalted butter']", butter,0.6592875719070435,0,0,0
7889,Answer the question concisely. Q: In which country's army did Guy Fawkes enlist in 1593? A:,"['Islands of Spain', 'España', 'Reino de España', 'Name of Spain', 'Espagna', 'Espańa', 'Reino de Espana', 'Espana', 'Kingdom of the Spains', 'The Spanish Society', 'Espainia', 'Mountains of Spain', ""Regne d'Espanya"", 'The kingdom of Spain', 'SPAIN', ""Regne d'Espanha"", 'Espanya', 'Espainiako Erresuma', 'Etymology of Spain', 'Spane', 'ISO 3166-1:ES', 'Spain', 'Spanish Kingdom', 'Kingdom of Spain', 'El Reino de España', 'El Reino de Espana']", Guy Fawkes enlisted in the army of Spain in 1593.,0.25136372447013855,1,1,1
7893,Answer the question concisely. Q: Which Shakespeare play centres around a novice nun called 'Isabella' whosebrother is to be executed unless she succumbs to the attentions of 'Angelo'? A:,"['Keepdown', ""'MEASURE FOR MEASURE'"", 'Over done', 'Keep down', 'Kate Keepdown', 'Overdone', 'Measure for Measure', 'Mistress Overdone', 'Measure For Measure', 'Abhorson', 'Measure for measure']", Measure for Measure,0.9108171463012695,0,0,0
7902,"Answer the question concisely. Q: ""Which writer in a famous book wrote, """"Work fascinates me, I can sit and look at for hours""""?"" A:","['Jerome Klapka Jerome', 'J. K. Jerome', 'JEROME K. JEROME', 'Jerome K Jerome', 'Jerome Jerome', 'Jerome K. Jerome', 'Jerome Klapta Jerome', 'Jerome, Jerome Klapka']", William Goldman,0.20954693853855133,1,1,1
7909,Answer the question concisely. Q: What fundamental ingredient of many cocktails is produced from the bark of the Cusparia tree? A:,"['Angostura Bitters', 'Angostura bitters', 'ANGOSTURA BITTERS', 'Angostura (flavouring)', 'Angostura bitter']", quinine,0.0313294380903244,1,1,1
7913,"Answer the question concisely. Q: The second act, set in the Land of Sweets, of which ballet by Tchaikovsky includes the Dance of the Reed Flutes? A:","['Candy Cane (ballet)', 'Casse-Noisette', 'Nutcracker Suite', 'Dance of the Sugar Plum Fairy', 'The Nutcracker Suite', 'Mouse King (ballet)', 'Dolls (ballet)', 'The nutcracker ballet', 'THE NUTCRACKER SUITE', 'Nutcracker (Tchaikovsky)', 'Coffee (ballet)', 'Shchelkunchik', 'Der nussknacker', 'Frau Stahlbaum', 'Herr Drosselmeier', 'Dr. and Frau Stahlbaum', 'Mother Ginger', 'Marzipan (ballet)', 'Sugar Plum Fairy', 'Hot Chocolate (ballet)', 'Nutcracker Prince', 'Nutcracker suite', 'Dance Of The Sugar Plum Fairy', 'Soldier (ballet)', 'The Nutcracker Ballet', 'Cavalier (ballet)', 'Dr. & Frau Stahlbaum', 'Waltz of the Flowers', 'Nutcracker (ballet)', 'Herr Drosselmeyer', 'Flowers (ballet)', 'Tea (ballet)', 'Sugarplum (ballet)', 'Dance of the Mirlitons', 'Mouse King', 'Dance of the Sugarplum Fairy', 'Dewdrop (ballet)', 'Dr. Stahlbaum', 'Nutcracker Ballet', 'The Nutcracker']", The Nutcracker,0.9117856621742249,0,0,0
7918,Answer the question concisely. Q: What was the first name of Queen Victoria? A:,"['Alexandrina (disambiguation)', 'Lake Alexandrina (disambiguation)', 'Alexandrina Lake', 'ALEXANDRINA', 'Lake Alexandrina', 'Alexandrina']", Alexandrina,0.9127010107040405,0,0,
7940,Answer the question concisely. Q: Who won the 'Oscar' for Best Actress in the 1950's film'Born Yesterday'? A:,"['Judith Tuvim', 'Judy Holiday', 'Judy Holliday', 'Holliday, Judy', 'JUDY HOLLIDAY']", Judy Holliday,0.951434850692749,0,0,0
7946,Answer the question concisely. Q: Which English poet and dramatist was jailed for murder of the actor Gabriel Spencer after a duel in 1598? A:,"['Benjamin Jonson', 'B. Jonson', 'BEN JONSON', 'Ben Jonson', 'Jonsonian', 'Jonsonesque']", Christopher Marlowe,0.21157658100128174,1,1,1
7951,Answer the question concisely. Q: Which series of books are illustrated by Mary Grand Pre? A:,"['Harry Potter (franchise)', 'Harry Potter series', 'Ministry of magic classifications', 'Books in the Harry Potter series', 'Harrypotter', 'Harry Potter (video games)', 'Harry Potter (plot)', 'Harry Potter', 'Haripota', 'Harry potter series', 'Harry-Potter', 'Harry potter', 'Tergeo', 'Harry Potter (novel series)', 'Harry Potter (games)', 'Hary poter', 'Hairy potter', 'Harry potter magic spell challenge', 'The Potterverse', 'Harry potter Novels', 'Harry Potter books', 'Harry Potter mysteries', 'Harry, Ron and Hermione', 'J k rowling books', 'Harry Potter censorship', 'Harry-potter', 'Harry Potter Further Reading', 'Anti-Harry Potter community', 'Harry Potter play', ""'HARRY POTTER'"", 'Harry Potter (series)', 'Harry Potter magic spell challenge', 'Harry Potter Criticism', 'HARRY POTTER', 'Events and Chronology of Harry Potter', 'Harry Potter franchise', 'Hary Potter', 'Magnolia Crescent', 'Harry Potter trivia', 'Harry Potter (play)', 'List of Harry Potter books', 'Haripo', 'Potter Harry', 'Harry Poter', 'Harry p', 'Harry potter subjects', 'Speculation about the Harry Potter Storyline']", Harry Potter,0.8603248596191406,0,0,0
7976,"Answer the question concisely. Q: ""Which American President used the slogan: """"It's the economy, stupid"""" for his presidential campaign?"" A:","['US President Bill Clinton', ""Buddy (Clinton's dog)"", 'William Jefferson Blythe III', 'President Bill Clinton', ""Bill Clinton's Post Presidency"", 'Bill Blythe IV', '42nd President of the United States', 'Clintonesque', 'Klin-ton', 'Willy Clinton', 'Bill Klinton', 'William Jefferson Blythe IV', 'Bill Clinton%5C', 'Bill clinton', 'Clinton, Bill', 'The MTV President', ""Bill Clinton's sex scandals"", 'William Jefferson Clinton', 'William Blythe III', 'Billy Clinton', 'William clinton', 'MTV president', 'Bill Jefferson Clinton', 'BillClinton', 'William J. Blythe III', 'President Clinton', 'William J Clinton', 'Virginia Clinton Kelly', 'Bubba Clinton', 'Bill Clinton', 'Bull Clinton', 'WilliamJeffersonClinton', 'William J. Blythe', 'William Clinton', 'MTV President', 'Billl Clinton', 'Billll Clinton', 'Bill J. Clinton', 'Virginia Clinton', 'William J. Clinton', 'Clinton Gore Administration', ""Bill Clinton's Post-Presidency"", 'BILL CLINTON', 'William Jefferson (Bill) Clinton', 'Virginia Cassidy Blythe', 'Willam Jefferson Blythe III', 'Virginia Kelly', 'William Jefferson %22Bill%22 Clinton', 'William %22Bill%22 Clinton', 'Bil Clinton', '@billclinton']", Bill Clinton,0.8735663890838623,0,0,0
7992,Answer the question concisely. Q: Which Greek philosopher taught at the Lyceum? A:,"['ARISTOTLE', 'Αριστοτέλης', 'Philosophy of Aristotle', 'Aristotelis', 'MrAristotle', 'Aristutalis', 'Aristole', 'Artistotle', 'Aristotole', 'Aristotel', ""Aristotle's"", 'The Stagirite', 'Aristotles', 'Aristotles theories', 'Artisole', 'The Stagyrite', 'Stagirite', 'Arystoteles', 'It is the mark of', 'Aristotele', 'Aristotelo', 'Aristoteles', 'Aristotle of Stagira', 'Aristotle', 'Aristotelean philosophy']", Aristotle,0.8762872219085693,0,0,0
8030,Answer the question concisely. Q: Pd is the chemical symbol for which element? A:,"['The Palladium', 'PALLADIUM']", polonium,0.4863553047180176,1,1,1
8037,Answer the question concisely. Q: Who played the part of 'herman' in the 1960's TV series 'The Munsters'? A:,"['Fred Gwynne', 'FRED GWYNNE', 'Frederick Hubbard Gwynne']", Al Lewis,0.18704602122306824,1,1,1
8052,Answer the question concisely. Q: Franco Alfano completed which Puccini opera after the composers death in 1924? A:,"['Turnadot', 'Turandot', 'Turandot (Puccini)', ""'TURANDOT'""]", Turandot,0.9591876268386841,0,0,0
8055,"Answer the question concisely. Q: The longest serving Prime Minister of New Zealand was born in Eccleston, St. Helens in 1845. Who was he? A:","['Richard John Seddon', 'Richard Seddon', 'R. J. Seddon', 'Dick seddon', 'Dick Seddon', 'RJ Seddon', 'RICHARD SEDDON']", Julius Vogel,0.18903611600399017,1,1,1
8070,Answer the question concisely. Q: rtve is the state broadcaster in which country? A:,"['Islands of Spain', 'España', 'Reino de España', 'Name of Spain', 'Espagna', 'Espańa', 'Reino de Espana', 'Espana', 'Kingdom of the Spains', 'The Spanish Society', 'Espainia', 'Mountains of Spain', ""Regne d'Espanya"", 'The kingdom of Spain', 'SPAIN', ""Regne d'Espanha"", 'Espanya', 'Espainiako Erresuma', 'Etymology of Spain', 'Spane', 'ISO 3166-1:ES', 'Spain', 'Spanish Kingdom', 'Kingdom of Spain', 'El Reino de España', 'El Reino de Espana']", Spain,0.7450352907180786,0,0,0
8078,Answer the question concisely. Q: In which city is 'Armley Prison' located? A:,"['Leeds, UK', ""St Margaret's Primary School, Horsforth"", 'ST Margarets Primary School', 'St Margarets Primary School', 'St margarets school', 'City of leeds transport area', 'The weather in Leeds', 'Leeds, Yorkshire', 'Knightsbridge of the North', 'Shakespeare Primary School', 'Higher Education in Leeds', 'Leeds, England', 'Leeds, West Yorkshire', 'Leeds', 'Leodis', 'LEEDS', 'Leeds – Bradford, UK', 'Leodensian', 'UN/LOCODE:GBLBA']", Leeds,0.7541053891181946,0,0,0
8081,"Answer the question concisely. Q: In which city, one of the hosts for the 2003 Cricket World Cup, is the Buffalo Park Ground? A:","['East London', 'EAST LONDON', 'East London, England']", Port Elizabeth,0.13804689049720764,1,1,1
8083,"Answer the question concisely. Q: Terry Scott starred as middle-aged, suburban husband, Terry Fletcher, in which television comedy series? A:","['Happy Ever After (disambiguation)', ""'HAPPY EVER AFTER'"", 'Happy Ever After']", The Odd Couple,0.16336917877197266,1,1,1
8092,"Answer the question concisely. Q: In World War II, which company manufactured the 'Beaufighter'? A:","['Bristol (England)', 'Bristol, United Kingdom', 'Bristol', 'Bristol, UK', 'Bristol, England', 'Bristolshire', 'City of Bristol, United Kingdom', 'Bristol; City of UA', 'Brycgstow', 'County Borough of Bristol', 'Bristol (district)', 'Westbury Park Primary School', 'UN/LOCODE:GBBRS', 'BRISTOL', 'Brizzle', 'The weather in Bristol', 'City of Bristol', 'Unitary Authority of Bristol']"," The Beaufighter was manufactured by the British company, Vickers-Armstrongs.",0.19090797007083893,1,1,1
8099,"Answer the question concisely. Q: John Lennon had two number one hits in 1981. 'Imagine' was one, what was the other? A:","['A women', 'A woman', 'A Woman', ""'WOMAN'""]", 'Happy Xmas (War Is Over)',0.2924332916736603,1,1,1
8101,Answer the question concisely. Q: How many players are there in a Curling team? A:,"['FOUR (New Zealand TV Channel)', 'FOUR (TV channel) NZ', 'Four (New Zealand TV Channel)', 'Four (New Zealand)', 'FOUR (New Zealand TV channel)', 'FOUR', 'Four (New Zealand TV channel)', 'FOURtv', 'Four (TV Channel) NZ', 'FOUR (New Zealand)']", 4,0.12517231702804565,1,0,0
8104,"Answer the question concisely. Q: Which record by 'The Rubettes', with the initials SBL was 'top of the pops' in June 1974? A:","['Sugar Baby Love', ""'SUGAR BABY LOVE'""]"," 'Sugar, Sugar'",0.26259148120880127,1,1,1
8106,Answer the question concisely. Q: Of which football club was Santiago Bernabeu the President from 1943 to 1978? A:,"['Real madrid cf', 'Sociedad Madrid Foot-ball Club', 'Real Madrid', 'Madrid FC', 'Real madrid', 'Supporters of Real Madrid C.F.', 'Real Madrid F.C.', 'Real Madrid Club de Fútbol', 'Real Madrid FC', 'Real Madrid C.F.', 'Madrid CF', 'REAL MADRID', 'Real Madrid C. F.', 'Real Madrid C F', 'RMCF', 'Los Blancos', 'Real Madrid C.F', 'Realmadrid.com', 'Real Madrid CF', 'Real Madrid Captains', 'Royal Madrid', 'Real Madrid Club de Futbol', 'The Real Madrid', 'Real Madrid Statistics 2005/06']", Real Madrid,0.894489049911499,0,0,0
8127,Answer the question concisely. Q: Ned Sherrin presented which Radio 4 programme from 1986 until 2006? A:,"['Loose Ends', 'Loose Ends (album)', 'Loose Ends (disambiguation)']", The News Quiz,0.06624361872673035,1,1,1
8152,Answer the question concisely. Q: Who solved 'The Riddle of The Sphinx'? A:,"['Oedepus', 'Œdipus', 'Oidipous', 'Edipus', 'Oedipus', 'Oedipe', 'OEdipus', 'OEDIPUS']", Oedipus,0.9332824945449829,0,0,0
8159,Answer the question concisely. Q: New Britain and New Ireland are two of the islands that make up which country? A:,"['ISO 3166-1:PG', 'Papua Niu Gini', 'New Guinea Papua', 'Independent State of Papua New Guinea', 'Health in Papua New Guinea', 'Papa New Guinea', 'Papouasie-Nouvelle-Guinee', 'Papua-New-Guinea', 'Independen Stet bilong Papua Niugini', 'Papua New Guinea', 'Papua-new guinea', 'State of Papua New Guinea', 'Papua Niugini', 'Niugini', 'Papa New Guinans', 'Environment of Papua New Guinea', 'PapuaNewGuineA', 'Papua New Guinean', 'Papau New Guinea', 'PAPUA NEW GUINEA', 'Papa new guinea', 'Niu Gini', 'Paupa New Guinea', 'East Papua', 'Pappa New Guinans', 'Pua pua new guniea', 'Papua, New Guinea', 'Pappa New Guinea', 'The Papua New Guinea', 'Papua new guinea', 'Papua-New Guinea', 'Papua New-Guinea', 'Papua NG']", Papua New Guinea,0.9318036437034607,0,0,0
8171,"Answer the question concisely. Q: In the famous story by Robert Louis Stevenson, what is Dr Jeckyll’s Christian name? A:","['Henry (disambiguation)', 'Henry (crater)', 'Henry (European rulers)', 'Henry (crater) (disambiguation)', 'Henry']", Henry,0.6537004709243774,0,0,0
8172,Answer the question concisely. Q: Whose portrait was on the back of the last English pound note issued? A:,"['Isaac Newton', 'Sir Isaak Newton', 'Isaacus Newtonus', 'Hannah Ayscough', ""Isaac Newton's tooth"", 'Sir isaac newton', 'Sir Isaac Newton', 'Isaac newton', ""Isaac Newton's middle years"", 'I. Newton', 'Newtonian science', 'Sir Newton', 'Sir Issac Newton', 'Issac Newton', 'Newton isaac', 'Newton Isaac', 'Issac newton', 'Cultural depictions of Isaac Newton', ""Newton's"", 'Sir Issaac Newton', 'Isac Newton']", Elizabeth II,0.12231869995594025,1,1,1
8183,Answer the question concisely. Q: Which 85 year old former MP is the only female member of the Order of Merit? A:,"['Lady Boothroyd', 'Baroness Boothroyd', 'BETTY BOOTHROYD', 'Betty Boothroyd, Baroness Boothroyd, of Sandwell', 'Betty Boothroyd, Baroness Boothroyd of Sandwell', 'Betty Boothroyd, Baroness Boothroyd', 'Betty Boothroyd']", Dame Stephanie Shirley,0.2982887625694275,1,1,1
8201,Answer the question concisely. Q: Which town is home to the University of Ulster? A:,"['Cowlraine', 'Ballysally', 'Coleraine', 'Greenmount Housing Estate', 'Kilrea Primary School', 'List of secondary schools around Coleraine', 'COLERAINE']", Coleraine,0.9610648155212402,0,0,0
8213,Answer the question concisely. Q: The administration of which American President was rocked by the 'Teapot Dome Scandal' of the 1920's? A:,"['President Harding', 'WARREN HARDING', 'Warren G. Harding Inaugural Address', 'Warren Harding', 'Warren G. Harding/Inaugural Address', 'Warren Gamaliel Harding', 'Warren G. Harding', 'Gamaliel Harding', '29th President of the United States', 'Harding Factor', 'Warren G Harding', 'Warren Gameliel Harding', 'Harding Administration']", The administration of which American President was rocked by the 'Teapot Dome Scandal' of the 1920's? A: Warren G. Harding,0.2792168855667114,1,0,0
8215,"Answer the question concisely. Q: 'Cosy In The Rocket', by the British electronic band 'Psapp' (pron. sap) is the theme tune to which American drama series? A:","[""Gray's Anatomy (TV series)"", ""Grey's Anatomy (TV series)"", ""Grey's Anatomy scrubs"", 'Greys Anatomy', 'Greys Anatmy', ""Grey's Anatomy"", 'Grey′s Anatomy', 'Greys anatomy', 'Seattle Grace Hospital', ""Grey's"", 'Grace and Atomy', 'Seattle Grace Mercy West Hospital', ""Grey's anatomy"", ""'GREY'S ANATOMY'"", 'Grey anatomy', 'Grey’s Anatomy', ""Grey's Anatmy"", 'Grace Anatomy', 'Greysanatomy', ""Grey's Anatomy (tv)"", 'Greys natomy', 'Grey Anatomy']", The Good Wife,0.15378990769386292,1,1,1
8233,"Answer the question concisely. Q: In Rome, who formed the 'First Triumvirate' with Julius Caesar and Crassus? A:","['Gnaeus Pompeius Magnus', 'Pompeius Magnus', 'Gnaeus Pompey Magnus', 'Pompeian', 'Cnaeus Pompeius Magnus', 'POMPEY', 'Pompey the Great', 'CN·POMPEIVS·CN·F·SEX·N·MAGNVS', 'Pompey the Triumvir', 'Cneius Pompeius', 'Pompey', 'Pompey Magnus', 'Cn. Pompeius Magnus', 'Gnaeus Pompey', 'Gnaeus Pompey the Younger', 'Pompay', 'Pompey the great', 'Pompeians']", Pompey,0.8860183358192444,0,0,0
8234,Answer the question concisely. Q: What type of company is 'Dunder Mifflin' in the US version of 'The Office'? A:,"['Loose paper', 'Sheets of paper', 'Granite paper', 'Homemade paper', 'Printer paper', 'Paper sheet', 'Paper', 'PAPER', 'Paper stock', 'Sheet of paper', 'Scratch paper', 'Papper']", paper company,0.338994562625885,1,1,1
8237,Answer the question concisely. Q: In a 1970's safety campaign what did Jimmy Savile advise us to do every car trip? A:,"[""'CLUNK CLICK'"", 'Clunk Click Every Trip', 'Clunk Click']"," Jimmy Savile advised us to ""fasten your seat belts"" every car trip in a 1970's safety campaign",0.18925170600414276,1,1,1
8252,"Answer the question concisely. Q: Who was the mother of 'Samantha Stevens' in the television comedy series, 'Bewitched'? A:","['Endora (disambiguation)', 'Endora', ""'ENDORA'""]", Endora Collins,0.5817540884017944,0,0,1
8260,Answer the question concisely. Q: What is the last year that a car can be described as 'Vintage'? A:,"['one thousand, nine hundred and thirty', '1930']", 1930,0.6474801301956177,0,0,0
8274,Answer the question concisely. Q: As which bird is the ancient Egyptian god Horus represented? A:,"['Falcon (missile)', 'The Falcon', 'The falcon', 'Falcon (rocket)', 'Falcon (disambiguation)', 'Falcon rocket', 'FALCON', 'Falcon missile']", falcon,0.7602667212486267,0,0,0
8285,Answer the question concisely. Q: Pete Sampras won the Men's Singles at Wimbledon every year from 1993 to 2000 except one. Who won in 1996? A:,"['Richard Krajicek', 'RICHARD KRAJICEK']", Andre Agassi,0.15782839059829712,1,1,1
8286,Answer the question concisely. Q: The first was published in 195. Whose series of five novels featured the conman murderer 'Tom Ripley'? A:,"['Mary Patricia Plangman', 'Mary Plangman', 'Patricia Highsmith', 'PATRICIA HIGHSMITH', 'Highsmith, Patricia']", Patricia Highsmith,0.910183846950531,0,0,0
8290,Answer the question concisely. Q: Which now defunct newspaper was originally owned by Eddy Shah? A:,"['Today! (album)', 'Today (disambiguation)', 'To-day', 'Today (newspaper)', 'TODAY Newspaper', 'The Today', 'Today (song)', 'Today (show)', 'Today (single)', 'Today show (disambiguation)', 'Today', 'Today!', 'Today (Album)', 'Today Show', 'Today Show (disambiguation)', 'Today (film)', 'Today (album)', 'TODAY']", The New York Post,0.2804110050201416,1,1,1
8309,Answer the question concisely. Q: Which part of the body is affected by Emphysema? A:,"['Pulmonary surgical procedures', 'Pulmanary', 'Bird lung', 'Pulmo', 'Alveolar sacs', 'Bellows lung', 'Superior lobe of left lung', 'Inferior lobe of left lung', 'Pulmones', 'LUNGS', 'Pulmonarily', 'Avian lungs', 'Lung', 'Pulmonary gas exchange', 'Lungs', 'Pulmo sinister', 'Pulmonary', 'Inferior lobe', 'Nonrespiratory functions of the lungs', 'Lunged', 'Circulatory lung']", lungs,0.7961118221282959,0,0,0
8314,Answer the question concisely. Q: Traditionally with what were the seams of wooden ships caulked? A:,"['Oakum', 'OAKUM']", tar,0.049046166241168976,1,1,1
8317,"Answer the question concisely. Q: Complete the sequence: Johnson, Nixon, Ford....? A:","['James Earl Carter Jr.', 'James Carter, Jr', 'James Earl %22Jimmie%22 Carter Jr.', 'Carter, Jimmy', 'James Earl Carter, Jr', 'Jimmie Carter', 'Jimmie Carter Jr.', 'James Earl %22Jimmie%22 Carter, Junior', 'Jimmy Carter, Jr', 'James Earl %22Jimmie%22 Carter Junior', 'Carter, James Earl', 'James Earl %22Jimmie%22 Carter, Jr', 'James E. Carter, Jr.', 'Jimmy Carter Junior', 'James Earl %22Jimmy%22 Carter, Jr', 'President Carter', 'Jimmy Carter Jr', 'Jimmie Carter, Jr.', 'Carter, James Earl %22Jimmie%22', 'Why not the best', 'James Earl %22Jimmy%22 Carter Jr', 'Jimmie Carter, Junior', 'James Earl %22Jimmie%22 Carter, Jr.', 'James Earl %22Jimmy%22 Carter Jr.', 'Jimmy carter', 'James Earl %22Jimmy%22 Carter, Junior', 'James Earl Carter Jr', 'President carter', 'Jimi Carter', 'Jimmy Earl Carter', 'James Carter, Jr.', 'James Earl Carter Junior', 'Carter, James Earl %22Jimmy%22', 'James Earl %22Jimmy%22 Carter, Jr.', '39th President of the United States', 'President Jimmy Carter', 'James Earl %22Jimmy%22 Carter', 'James Earl Carter', 'James Earl (Jimmy) Carter', 'James Earl %22Jimmie%22 Carter Jr', 'Jimmy Carter', 'James Earl Carter, Junior', 'James Earl %22Jimmy%22 Carter Junior', 'Jimmie Carter Junior', 'Why Not the Best', 'James E. Carter', 'Jimmie Carter, Jr', 'Jimmy Carter, Jr.', 'Jimmy Carter, Junior', 'James Earl Carter, Jr.', 'Jimmie Carter Jr', 'James %22Jimmy%22 Carter', 'Jimmy E. Carter', 'Carter, Jimmie', 'Jimmy Carter Jr.', 'JIMMY CARTER', 'James Earle Carter', 'James E. Carter Jr.']", gerald ford,0.07521149516105652,1,1,1
8331,Answer the question concisely. Q: Mount Ranier is the highest peak of which North American range? A:,"['Cascades', 'The Cascades (disambiguation)', 'Cascades (disambiguation)', 'The Cascades']", Cascade Range,0.5007138252258301,0,0,1
8343,Answer the question concisely. Q: The flag of the Isle of Man is a triskelion on what colour background? A:,"['Red (comics)', 'Red (song)', 'Red (comic)', 'Red (album)', 'Red (film)', 'R.E.D.', 'Red (disambiguation)', 'RED']", red,0.3218109607696533,1,0,0
8345,Answer the question concisely. Q: Which racecourse hosts the Welsh Grand National? A:,"['Chepstowe', 'Cas-gwent', 'Chepstow', 'Cas Gwent', 'CHEPSTOW']", Chepstow Racecourse,0.48148036003112793,1,0,0
8367,"Answer the question concisely. Q: In Greek mythology, which virgin goddess of the hearth, home and cooking gave up her seat as one of the Twelve Olympians to tend to the sacred flame on Mount Olympus, for Dionysus? A:","['HESTIA', 'Hestia']", Hestia,0.960381031036377,0,0,0
8402,Answer the question concisely. Q: Whose 23rd. piano sonata is known as the 'Apassionata'? A:,"['Ludwig van Baytoven', 'L.V. Beethoven', 'Life and Work of Ludwig van Beethoven', 'Beetoven', 'L. van Beethoven', ""Beethoven's hair"", 'Beethowen', 'Life and work of Beethoven', 'Luigi van Beethoven', 'Ludvig van Beethoven', 'Van Beethoven', 'Beethovan', 'Beethoven, Ludwig van', 'Beethoven', 'Beethovenfest', 'Beethoven: life and work', 'Beeethoven', 'Ludwig von Beethoven', 'Ludwig van Beitoven', 'Von Beethoven, Ludwig', 'Beethoven, Ludvig van', 'Beitoven', 'Beethoven, Ludwig von', 'Beitoven, Ludwig van', 'Beethoven, Ludvig von', 'Baytoven, Ludwig van', 'Baytoven', 'Ludwig Van Beethoven', 'Luis de Beethoven', 'Bethovan', 'Beethovens', 'Ludvig von Beethoven', 'Bethoven', ""Ludwig van Beethoven's"", 'Ludwig Von Beethoven', ""BEETHOVEN'S"", 'Ludwig van Beetoven', 'Beetehoven', 'Betoven', 'Beethovenian', ""Ludwig van Beethoven's religious views"", 'Ludwig van', 'The Story of Beethoven', 'Von Beethoven', 'Ballets by Ludwig van Beethoven', 'Beetoven, Ludwig van', 'Louis van Beethoven', 'Ludwig van Beethoven', 'Life and work of Ludwig van Beethoven', ""Beethoven's religious beliefs"", 'Ludvig beethoven', 'Ludwing van Beethoven', ""Beethoven's"", 'Ludwig Beethoven', ""Ludwig van Beethoven's religious beliefs"", 'Van Beethoven, Ludwig']", Ludwig van Beethoven,0.9036165475845337,0,0,0
8405,Answer the question concisely. Q: What is the US term for for an area of land of 160 acres(half a mile square)? A:,"['Quarter section (disambiguation)', ""'QUARTER SECTION'"", 'Quarter section']", Section,0.4172719717025757,1,1,1
8412,Answer the question concisely. Q: Who played the part of 'Jack Sugden' in 'Emmerdale' for 28 years? He died in July of this year (2008). A:,"['CLIVE HORNBY', 'Clive Hornby']", David Troughton,0.2949133515357971,1,1,1
8424,"Answer the question concisely. Q: Known as 'Orator', what was the name of one of the leading speakers at the rally in Manchester in 1819, which led to the 'Peterloo Massacre'? A:","['Hunt, Henry', 'Henry Hunt (disambiguation)', 'Henry Hunt', 'HENRY HUNT']", Henry Hunt,0.8964500427246094,0,0,0
8429,Answer the question concisely. Q: Where in the human body can you find the 'Olfactory Bulb'? A:,"['The Nose (novel)', 'The Nose', 'NOSE', 'Nose (disambiguation)']", brain,0.05406389385461807,1,1,1
8447,Answer the question concisely. Q: What is the family home of Cavendish's (Dukes of Devonshire)? A:,"['Chatsworth', 'Chatsworth (disambiguation)']", Chatsworth House,0.5881552696228027,0,0,0
8448,"Answer the question concisely. Q: ""Which king of the UK had the nickname The Uncle of Europe""""?"" A:","['Eduard VII', 'Prince Albert Edward, Prince of Wales', 'Edward vii', 'Albert Edward, Prince of Wales', 'Prince Albert Edward, Duke of Rothesay', 'Albert, Prince of Wales', 'Albert Edward, Duke of Rothesay', 'Albert Edward, Duke of Cornwall', 'King edward vii', 'Edward VII of the United Kingdom', 'Edward VII', 'Prince Albert Edward, Duke of Cornwall', 'Prince Albert Edward', 'Edward vii of the united kingdom', 'Edward VII of England', 'Edward VII of Great Britain', 'Edward VII of Scotland', 'Edward VII of the UK', 'Edward 7', 'King Edward VII of the United Kingdom', 'Edward VII of Britain', 'Prince Albert Edward of the United Kingdom', 'King Edward VII', 'Edward Vii', 'Albert Edward of the United Kingdom']", George VI,0.5164018869400024,0,1,1
8471,"Answer the question concisely. Q: In the Hindu religion what name is given to the triad of chief gods Brahma, Vishnu and Siva? A:","['Hindu Trinity', 'Three God heads', 'Vedic triad', 'The Trimurti', 'Hindu trinity', 'TRIMURTI', 'Trimurthy', 'Three God Heads', 'Trimurt', 'Three godheads (Ayyavazhi)', 'The Maintainer', 'Three forms', 'Trinity in hinduism', 'Nathan (Ayyavazhi)', 'Trimurti', 'Trimurthi']", Trimurti,0.9995425343513489,0,0,0
8482,Answer the question concisely. Q: Which company produces the video game console 'Xbox 360'? A:,"[""'Microsoft Corp"", 'Microsoft Canada', 'Mircosoft', 'Microsoft Inc', 'Micro soft', 'Microsoat', 'Microsoft corporation', 'MSoft', 'Office Corporation', 'Microsoft Connect', 'Microosft', 'Mickeysoft', 'Microsft', 'Microsoft connect', 'Windows Corporation', 'Microsoft, Inc.', ""Microsoft's"", 'Microsoft', 'MS Corp', 'AS8075', 'Micrasoft', 'Microsoft Inc.', 'MSN Corporation', 'Microcomputer software', 'Microsoft, Incorporated', 'Micro-soft', 'Microsfot', 'Microscam', 'MicroSoft Corporation', 'Microsoft Way', 'Microsoft arc Mouse', 'Microsoft.com', 'Blibbet', 'MICROSOFT', 'Microsoft logos', '.azure', 'Microsoft Corp', 'NASDAQ:MSFT', 'Microsoft Corp.', 'Aorato', 'Micro-Soft', 'Microsoft Incorporated', 'Mikrosoft', 'Micro Soft', 'Microsoft Corporation', 'Microsoft Ltd', 'Microsoft Visitor Center', 'Microsoft Corpration', 'WebsiteSpark', '.bing', 'Www.microsoft.com', 'MSLI', 'MicroSoft']", Microsoft,0.5797989964485168,0,0,0
8484,Answer the question concisely. Q: In which Italian city is the newspaper 'La Stampa' published? A:,"['The Turin', 'TURIN']", Turin,0.6815899610519409,0,0,0
8492,Answer the question concisely. Q: What was the name of painter van Gogh’s brother to whom he wrote many letters? A:,['Theo'], Theo,0.7084256410598755,0,0,0
8515,Answer the question concisely. Q: The Ore Mountains form a border between Germany and which country? A:,"['4esko', 'Ceská republika', 'Czech Republic', 'Tjech republic', 'Republique Tcheque', 'Czech Republik', 'Ceská Republika', 'Czeck Republic', 'ISO 3166-1:CZ', 'The Czech Republic', 'CZR', 'République Tchèque', 'Česko', 'Administrative divisions of the Czech Republic', 'Czecho Republic', 'Winnerland', 'CZECH REPUBLIC', 'Protestantism in the Czech Republic', 'Tschechien', 'Check Republic', 'Czechia', 'Czech Republci', 'Etymology of the Czech Republic', 'Cesko', 'Česká republika', 'Češka', 'Cech Republic', 'Ceska Republic', 'Czech Rep', 'The Czeck Republic', 'Ceska', 'Ceska republika', 'Chez republic', 'Czec Republic', 'Climate of the Czech Republic', 'Csehorszag', 'Tcheque Republique', 'Republica Checa', 'Česká Republika', 'Cehia', 'Czech Rep.', 'Czech republic', 'Czechi', 'Tcheque Republic', 'Ceska Republika', 'Tjech Republic', 'ČR', 'Csehország', 'República Checa', 'Subdivisions of the Czech Republic', 'Bohemia-Moravia']", Czech Republic,0.898615837097168,0,0,0
8517,Answer the question concisely. Q: In the original television series of 'Star Trek' (not the pilot edition) who played the part of 'Scottie'? A:,"['James Montgomery Doohan', 'James Doohan', 'JAMES DOOHAN', 'Jimmy Doohan']", James Doohan,0.9118021726608276,0,0,0
8525,Answer the question concisely. Q: Caroline of Brunswick was the queen of which British king? A:,"['George, Prince Regent', 'King George IV of the United Kingdom', 'GEORGE IV', 'George the Fourth', 'George IV of Great Britain', 'George IV of the UK', 'King George IV', 'George IV of Great Britain and Ireland', 'George IV of the United Kingdom', 'George IV', 'Regency Bill', 'George IV of England', 'George IV of Scotland', 'George IV Hanover', 'George IV of Hanover', 'George iv', 'George iv of the united kingdom', 'George IV of Britain', 'George IV (Hanover)']", George IV,0.9246485233306885,0,0,0
8538,Answer the question concisely. Q: On a clothing label a cross through what shape means 'Do Not Dry Clean'? A:,"['Centre for Innovation Research and Competence in the Learning Economy (CIRCLE)', 'Centre for Innovation, Research and Competence in the Learning Economy', 'Centre for Innovation, Research and Competence in the Learning Economy (CIRCLE)', 'CIRCLE, Lund', 'CIRCLE (research institute)', 'CIRCLE']", triangle,0.06357492506504059,1,1,1
8542,Answer the question concisely. Q: In which year of the 1940's did Al Capone die? A:,"['one thousand, nine hundred and forty-seven', '1947']", 1947,0.6565613746643066,0,0,0
8545,Answer the question concisely. Q: Who won a Best Actress Oscar for the 1940 film 'Kitty Foyle'? A:,"['Virginia Katherine McMath', 'Virginia Katherine Mcmath', 'Ginger Rogers', 'Virginia McMath']", Bette Davis,0.35304754972457886,1,1,1
8556,Answer the question concisely. Q: In which book of the Bible would you find the death of Moses? A:,"['Deu.', 'Book of Dt', 'The Book of Deuteronomy', 'Deuteronomy', 'Book of Deut', 'Deutoronomy', 'Deuteronomic', 'Deut.', 'Book of Deut.', 'Book of Deuteronomy', 'Book Deuteronomy', 'The book of Deuteronomy', 'Duderonomy']", Deuteronomy,0.9456097483634949,0,0,0
8564,Answer the question concisely. Q: The Angostura Bridge crosses the Orinoco River in which country? A:,"['ISO 3166-1:VE', 'Venezula', 'Venezuela, RB', 'Republica de Venezuela', 'Venuzeula', 'The Bolivarian Republic Of Venezuela', 'Venizuela', 'Bolivarian Republic of Venezuela', 'Venezuelan', 'Venezuela', 'Republica Bolivariana de Venezuela', 'Venazeula', 'Bolivaria', 'Republic of Venezuela', 'Venezuala', 'Venecuela', 'Venzuela', 'VENEZULEA', 'República Bolivariana de Venezuela', 'Etymology of Venezuela', 'Benezuela', 'Venzauela', 'VEN', 'Venezeula', 'Republica de venezuela', 'Venezuela (Bolivarian Republic of)', 'BRV', 'Venezuela, Bolivarian Republic of', 'Name of Venezuela', ""V'zuela""]", Venezuela,0.8224755525588989,0,0,0
8573,"Answer the question concisely. Q: In 2006 Orhan Pamuk became the first Nobel Laureate from which country, when he won the literature prize? A:","['Turkey', 'Turkey (country)', 'Türkiye Respublikasi', 'Turky', 'Turkei', 'Tuerkiye Cumhuriyeti', 'Tuerkiye', 'Turquie', 'ISO 3166-1:TR', 'Turquia', 'TurkeY', 'Turkey (Country)', 'Turkiye', 'Turkey (state)', 'Terky', 'Republic of Turkey', 'Türkiye', 'Turkish Republic', 'Republic of Turkiye', 'Turkish republic', 'The Republic of Turkey', 'Turkey (nation)', 'Türkiye Respublikası', 'Türkei', 'Tuerkei', 'Turkiye Cumhuriyeti', 'TURKEY', 'Republic of turkey', 'Etymology of Turkey', 'Turkie', 'Turkia', 'Türkiye Cumhuriyeti']", Turkey,0.6854690313339233,0,0,0
8578,Answer the question concisely. Q: Which animal is the emblem of the USA.'s Republican Party? A:,"['Elephantinely', 'Elephant tusks', 'Rogue Elephant', 'Elephant', '🐘', 'Elephant hunting', 'Elephantineness', 'Elephant hunter', 'Rogue elephant', 'Baby elephants', 'Brown elephants', 'ELEPHANT', 'Elephan', 'פיל', 'Elephant population', 'Elephant evolution', 'Elefonts', 'Evolution of elephants', 'Elephants', 'Mating elephants', 'Elaphant', 'Elephant rage', 'Gestation period for elephants', 'Elephant tusk', 'Sexual behavior of elephants']", elephant,0.7915982007980347,0,0,0
8593,Answer the question concisely. Q: What is the first word at the top of the front cover of a UK passport? A:,"['The European (disambiguation)', 'Europeans (disambiguation)', 'The European', 'Native European', 'European (disambiguation)', 'EUROPEAN', 'European']", Passport.,0.04960544407367706,1,1,1
8603,Answer the question concisely. Q: Which metal is added to steel to produce stainless steel? A:,"['Chromium compounds', 'Chromium(III)', 'Chromium (element)', 'Element 24', 'Dichromium', 'Cromium', 'Chromium', 'Chronium']", chromium,0.8080670833587646,0,0,0
8622,"Answer the question concisely. Q: Which musical instruction or notation indicates a piece should be played with a tempo having slow movement; restful, at ease? A:","['Adagio', 'Adagio (album)', 'Adagio (disambiguation)']", Largo,0.32947206497192383,1,1,1
8625,Answer the question concisely. Q: Which European country has the Cupon as its currency? A:,"['Moldowa', 'Moldova (Republic Of)', 'Architecture of Moldova', 'ISO 3166-1:MD', 'Modolva', 'Ukrainians in Moldova', 'Republica Moldova', 'Etymology of Moldova', 'Republic of Moldova', 'Moldova', 'Moldova in World War II', 'Moldovan (citizen)', 'Republic of Moldavia', 'Moldova (Republic of)', 'The Republic of Moldavia', 'Moldova (republic)', 'Country MDA', 'Moldova, Republic of']", Spain,0.14532628655433655,1,1,1
8627,"Answer the question concisely. Q: ""Which detective is the protagonist of the novels """"Dead Man's Folly"""", """"Cards on the Table"""" and """"Mrs McGinty's Dead""""?"" A:","['Felicity Lemon', '(Hercule) Poirot', 'Hercules Poirot', 'Little grey cells', 'Poirot', 'Hercule poirot', 'Miss Lemon', 'Poriot', 'Hercule Poirot', 'Agatha Christie/Hercule Poirot']", Hercule Poirot,0.9439963102340698,0,0,0
8639,Answer the question concisely. Q: Romansh is a native and official language of which country? A:,"['ISO 3166-1:CH', 'Svissland', 'Etymology of Switzerland', 'Confederation Helvetia', 'Swizerland', 'Confederatio Helvetica', 'Environmental Integrity Group', 'Confoederatio Helvetica', 'Svizra', 'SWITZERLAND', 'Confédération suisse', 'SwissEnergy', 'Schweitz', 'Švýcarsko', 'Die Schweiz', 'Schwitzerland', 'Confederation suisse', 'Der Schweiz', 'Swiss Confederated States', 'Suiza', 'Switz', 'Switzeland', 'Schweiz', 'Confederation Helvetica', 'Switserland', 'Suisse', 'Schweizerische Eidgenossenschaft', 'Switzerland information', 'Confederaziun Svizra', 'Switzer land', 'Switzerland', 'Land of the Switzers', 'Swiss confederation', 'Confœderatio Helvetica', 'Swiss', 'Confederation Suisse', 'Confederation of Helvatia', 'Land of the Swiss', 'Confederaziun svizra', 'Svizzera', 'Swissland', 'Swizterland', 'Confédération Suisse', 'Confederazione Svizzera', 'Swiss Confederation']", Switzerland,0.6798592805862427,0,0,0
8667,Answer the question concisely. Q: Fritz Kreisler (1875-1962) was a virtuoso on which instrument? A:,"['Violinist (disambiguation)', 'Violina', 'Geige', 'FiddleandViolin', 'Violins', 'Violin tuning', 'Fiddle and violin', 'The Violinist', 'Violinist', 'Violon', 'Violin (instrument)', 'Violino', 'Viollon', 'Violin', '🎻', 'Violin player', 'Carnatic Violin']",,0.19526836276054382,1,1,1
8669,"Answer the question concisely. Q: “And Another Thing...” by Eoin Colfer, published in 2009, eight years after the death of the author of the first five, is described as the sixth in which trilogy of books? A:","[""Hitchhiker's Guide to the Galaxy"", 'THHG2TG', ""The Hitch-Hiker's Guide to the Galaxy"", ""The Hitch-hikers' Guide to the Galaxy"", 'Hg2tg', 'The Hitchhikers Guide To The Galaxy', 'Knack of flying', 'HGttG', ""Hitchhiker's guide"", ""Spelling of Hitchhiker's Guide"", 'HHGTG', ""Hitchhikers' Guide to the Galaxy"", ""Hitchikers' Guide to the Galaxy"", 'Frood', ""Hitch-hikers' Guide to the Galaxy"", 'Thhgttg', 'Thermo-Fusion', ""The Ultra-Complete Index to the Hitch Hiker's Guide to the Galaxy"", 'Hitchhikers Guide To The Galaxy', 'Hitch hikers guide to the galaxy', 'The hitchhikers guide to the galaxy', 'The Hitchikers Guide to the Galaxy', 'HG2G', ""Hitch Hiker's Guide to the Galaxy"", 'The Hitch-hikers Guide', 'The Hitch Hikers Guide to the Galaxy', 'Hitchhikers guide to the Galaxy', 'THHGTTG', ""The Hitchhiker's Guide"", ""Hitchhiker's guide to the galaxy"", ""Hitch hiker's guide to the galaxy"", 'The Hitch-hikers guide to the Galaxy', 'HHG2G', ""The Hitch-hiker's Guide"", ""Hitchhiker's guide to the Galaxy"", 'HHGTTG', 'The Hitchhiker’s Guide to the Galaxy', 'THGTTG', ""The Hitch Hiker's Guide to the Galaxy"", 'HHG2TG', 'Hhgttg', ""Hitchhikers' Guide"", ""The Hitchhiker's Guide To The Galaxy"", ""Ultimate hitchhiker's guide to the galaxy"", 'The hitch-hikers guide to the galaxy', 'The Hitch Hikers Guide', ""The complete hitchhiker's guide to the galaxy"", 'Hitchhikers guide', 'Hitchikers guide', 'The Hitchhikers Guide to The Galaxy', 'A Hitchhikers Guide to the Galaxy', ""Hitchhikers' Guide to the Guide"", 'Hitchhiker guide to the galaxy', ""The Hitchhiker's Guide to The Galaxy"", ""The hitch-hiker's guide to the galaxy"", ""Hitchhiker's Guide"", ""The Hitchhikers' Guide to the Galaxy"", 'Hitchhikers Guide to the Galaxy', ""The Hitchhiker's Guide to the Galaxy"", 'Hitchhikers guide to the galaxy', ""Hitchiker's guide to the galaxy"", 'HH2G', 'Hhgg', 'Hitchikers guide to the galaxy', ""Hitchhiker's Guide To the Galaxy"", 'Hg2g', 'HHGttG', ""Hitchhiker's"", 'The Hitch Hikers Guide To The Galaxy', 'Hitch-hikers guide to the galaxy', 'Hhg2g', 'The Hitchhikers Guide to the Galaxy', 'Betelgeusians', 'HGTTG', 'Arcturan mega-donkey', ""The Hitch Hiker's Guide"", 'Hitchhiker guide', '100 more things to do in zero gravity', ""Hitch-hiker's guide to the galaxy"", ""Hitchhiker's Guide To The Galaxy"", 'The Hitchhiker’s Guide To The Galaxy', 'Trilogy in four parts', 'Hitchhiker’s Guide to the Galaxy', 'THHGG', 'Hoopy', 'Resistance is useless!', ""The Ultimate Hitchhiker's Guide"", ""The hitch hiker's guide to the galaxy"", 'Trilogy in five parts', 'Hitch Hikers Guide to the Galaxy', ""Hitchiker's Guide to the Galaxy"", ""The Hitchiker's Guide to the Galaxy"", 'I seem to be having problems with my lifestyle', ""Ultimate Hitchhiker's Guide to the Galaxy"", 'The Hitchhikers Guide', 'Hitchhikers Guide', ""Hitch-Hiker's Guide to the Galaxy"", 'HHGG', 'I seem to be having tremendous difficulty with my lifestyle', 'Hoopy frood']", The Hitchhiker's Guide to the Galaxy,0.9260891675949097,0,0,0
8674,Answer the question concisely. Q: Who was the husband of Rebekah Brooks from 2002 to 2009? A:,['Ross Kemp'], David Cameron,0.18783214688301086,1,1,1
8678,Answer the question concisely. Q: Cholecystectomy is the surgical removal of which small organ of the body? A:,"['Galblader', 'Gal blader', 'Corpus vesicae biliaris', 'Gallbladders', 'Cholecyst', 'Gall-bladder', 'Neck of gallbladder', 'Gallbladder Disease', 'Hartmanns pouch', 'Fundus vesicae biliaris', 'Hartmanns pouches', 'Galbladder', ""Hartmann's pouch"", 'Vesica biliaris', 'Gallbladder disorders', 'Gallbladder fundus', 'Gallbladder diseases', 'Biliary Vesicle', 'Gull bladder', 'Fundus of the gallbladder', 'Gullbladder', 'Gall bladder', 'Collum vesicae', 'Gall blader', 'Gallbladder (Chinese medicine)', 'Vesica fellea', 'Body of gallbladder', 'Fundus of gallbladder', 'Hartmann’s pouch', 'Gallblader', 'Gall bladder (Chinese medicine)', 'Gall-Bladder', 'Collum vesicae biliaris', 'Gal bladder', ""Hartmann's pouches"", 'Gallbladder', 'Gall Bladder', 'Gall bladders']", gallbladder,0.8500176668167114,0,0,0
8699,Answer the question concisely. Q: What is the title of the first number one UK hit single for 'Oasis'? A:,"['Some Might Say', ""'SOME MIGHT SAY'"", 'Headshrinker (Oasis song)']", (What's the Story) Morning Glory?,0.3031168580055237,1,1,1
8716,Answer the question concisely. Q: Complete the name of the Church of England diocese: 'Bath and .....'? A:,"['Wells (disambiguation)', 'Wells (city)', 'WELLS', 'Wells']", Wells,0.6935383081436157,0,0,0
8720,Answer the question concisely. Q: 'London Is The Place For Me' which was sung by Lord Kitchener as he disembarked from the 'MV Empire Windrush' in 1951 is what type of song? A:,"['CALYPSO', 'M/S The Calypso', 'Calypso (cruise ship)', 'The Calypso', 'IMO 6715372', 'The Calypso (cruise ship)', 'MS The Calypso']"," A: 'London Is The Place For Me' is a popular song, specifically a ballad, that was sung by Lord Kitchener upon his arrival in London in 1951",0.16043011844158173,1,1,1
8721,Answer the question concisely. Q: Which station is the Paris terminus of Eurostar? A:,"['Gare du nord', 'GARE DU NORD', 'Paris Nord railway station', 'North Station (Paris)', 'Gare du Nord (SNCF)', 'Gare du Nord', 'Gare de Nord', 'La gare du Nord de Paris', 'Paris Nord', 'Gare du Paris Nord', 'Paris-Nord', 'Paris Gare du Nord', 'Gare de Paris-Nord']", Gare du Nord,0.9209952354431152,0,0,0
8728,"Answer the question concisely. Q: Situated in the West Pennine Moors, what are Turton and Entwistle, Jumbles and Wayoh A:","['Artificial lakes', 'Artificial lake', 'Bankside reservoir', 'Reservoir (water)', 'Headpond', 'Artificial loch', 'Full pool', 'Dam reservoir', 'Man made lake', 'Resevoir', 'Bankside reservoirs', 'Reservoir dam', 'Manmade lake', 'Water reservoir', 'Storage pond', 'Storage reservoir', 'Reservoir', 'Service reservoir', 'Artificial Lake', 'Réservoir', 'Reservoirs', 'Man-made lake']", Pendle Hill,0.21175706386566162,1,1,1
8736,"Answer the question concisely. Q: As Charles Dickens' 'A Christmas Carol' is generally considered to be a short story, what is Dickens' shortest novel? A:","['It was the best of times, it was the worst of times', 'Théophile Gabelle', 'A Tale Of 2 Cities', 'Tale of Two Cities', 'Tale of 2 cities', 'Mrs. Cruncher', 'Tale of Two Cities, A', 'The Mender of Roads', 'Tale of two cities', 'A Tale of Two Cities', 'The Golden Thread', 'A Tale Of Two Cities', 'Roger Cly', 'The Tale of Two Cities', 'Vengeance (A Tale of Two Cities)', 'Tale Of Two Cities', 'It is a far, far better thing that I do', ""'A TALE OF TWO CITIES'"", 'A tale of two cities', 'The Vengeance']", The Chimes,0.203125,1,1,1
8744,Answer the question concisely. Q: In which US city do the Baseball team known as the 'Royals' play their home games? A:,"['Kansas City Metro', 'Kansas city', 'Kansas City Metropolitan Area', 'Metropolitan Kansas City', 'Kansas City metro area', 'Kansas City metropolitan area', 'Greater Kansas City', 'KC Metropolitan Area', 'KANSAS CITY', 'Kansas City', 'Kansas City, Missouri metropolitan area', 'Kansas City metropolitan Area', 'Kansas City-Overland Park-Kansas City, MO-KS CSA', 'Kansas City-Overland Park-Kansas City, MO-KS Combined Statistical Area', 'Kansas City Metro Area', 'K.C. Metropolitan Area', 'Kansas City, MO-KS MSA', 'Kansas City, MO-KS Metropolitan Statistical Area', 'Kansas City, USA']", Kansas City,0.8944236040115356,0,0,0
8751,Answer the question concisely. Q: Which former Taoiseach of the Republic of Ireland died in August A:,"['Reynolds, Albert', 'Albert Reynolds', 'Ailbhe Mac Raghnaill']", Charles J. Haughey,0.271384596824646,1,1,1
8764,Answer the question concisely. Q: Which Nobel Prize did Patrick White win in 1973? A:,"['Ltierature', 'Literatures', 'LiteraryArt', 'LiteraTure', 'Literature', 'Literary art', 'LITERATURE', 'Literary', 'Literary works', 'Literary Art', 'Litterature', 'Literature by region', 'Literary work', 'Prose fiction', 'Literary arts']", Literature,0.7835068702697754,0,0,0
8778,"Answer the question concisely. Q: Which band, formed in Salford in 1976, contained Ian Curtis, Bernard Sumner and Peter Hook? A:","[""'JOY DIVISION'"", 'The Stiff Kittens', 'Joy Division', 'Joy Division song list', 'Joy Division/New Order', 'Warsaw (band)', 'Joy division', 'Joy Division (band)']", Joy Division,0.9226487874984741,0,0,0
8785,Answer the question concisely. Q: What was the first name of the father of the Bronte sisters? A:,"['Patrick (disambiguation)', 'Patrick', 'Patrick (film)', 'PATRICK', 'Patrik', 'Kcirtap']",,0.12435754388570786,1,1,1
8786,Answer the question concisely. Q: Which comic strip is the most famous creation of Scott Adams? A:,"['Ashook', 'Another Day in Cubicle Paradise', 'Fugitive From the Cubicle Police', 'Elbonian', ""Dogbert's Top-Secret Management Handbook"", 'Build a Better Life by Stealing Office Supplies', 'Frooglepoopillion', ""'DILBERT'"", 'Casual Day Has Gone Too Far', 'Journey to Cubeville', 'When Did Ignorance Become A Point Of View%3F', 'The TTP Project', 'Dogbert’s Top Secret Management Handbook', 'Fugitive from the cubicle police', ""Don't Stand Where the Comet is Assumed to Strike Oil"", 'Dilbert gives you the business', 'Always Postpone Meetings with Time-Wasting Morons', 'North Elbonia', 'The Fluorescent Light Glistens Off Your Head', 'Bring Me the Head of Willy the Mailboy!', 'Try Rebooting Yourself', 'Positive Attitude (comics)', ""Dogbert's Clues for the Clueless"", 'Dogbert (comics)', 'ELBONIA', 'Random Acts of Management', 'Dilbertian', 'This is the Part Where You Pretend to Add Value', 'Positive Attitude (book)', 'Dilbert/Induhvidual', 'Dilbert Gives You the Business', 'Dilbert Image Gallery', 'Positive Attitude (Dilbert book)', 'Elbonia', 'Build A Better Life By Stealing Office Supplies', 'The ttp project', 'Dilbert (comic)', 'Thriving on Vague Objectives', 'St. Dogbert', ""It's Obvious You Won't Survive By Your Wits Alone"", ""Words You Don't Want to Hear During Your Annual Performance Review"", ""Don't Step In The Leadership"", 'When Body Language Goes Bad', 'Another Day In Cubicle Paradise', 'Still Pumped from Using the Mouse', ""I'm Not Anti-Business, I'm Anti-Idiot"", 'Dilbert', 'Positive Attitude (comic book)', ""Dogbert's Top Secret Management Handbook"", ""It's Not Funny If I Have To Explain It"", 'Induhvidual', ""Don't Step in the Leadership"", 'Shave the Whales', 'Excuse Me While I Wag', 'Dilbert (comic strip)']", Dilbert,0.8955861330032349,0,0,0
8790,Answer the question concisely. Q: Who presents the BBC quiz show ‘Perfection’? A:,"['Nick Knowles', 'NICK KNOWLES']", Paul Gambaccini,0.15665856003761292,1,1,1
8818,"Answer the question concisely. Q: """"""It was seven o'clock of a very warm evening in the Seeonee hills when father wolf woke up from his day's rest"""" is the first line from which 1894 book?"" A:","['The Jungle Book', 'Jungle Book: Origins (2016)', ""Rudyard Kipling's The Jungle Book"", 'The Jungle Books', 'The White Seal', 'The Two Jungle Books', 'Jungle Book', 'The Jungle Book (2015)']", The Jungle Book,0.9138226509094238,0,0,0
8831,Answer the question concisely. Q: What would a Planganologist collect? A:,"['Doll', 'Toy doll', 'Doll making', 'Doll Hospital', 'Dolls']", fossils,0.07581764459609985,1,1,1
8838,Answer the question concisely. Q: Which Canadian sang Miss Chatelaine in 1993 A:,"['KD Lang', 'K.d. lang', 'K.d. Lang', 'Kathryn Dawn Lang', 'Kd lang & the Reclines', 'Kd lang', 'K.d lang', 'K.d. lang and the Reclines', 'K d lang', 'K.D. Lang and the Reclines', 'KD lang', 'Recollection (k.d. lang album)', 'K.D. lang and the Reclines', 'K.d. lang and The Reclines', 'K.D. Lang', 'Kd Lang', 'K.D.Lang', 'K. D. Lang', 'K D Lang', 'K.D. Lang and The Reclines', 'K. d. lang']", Celine Dion,0.2554541826248169,1,1,1
8869,Answer the question concisely. Q: What is the Japanese martial art using bamboo swords called A:,"['Traditional Kendō', 'Traditional Kendo', 'Japanese swordfighting', 'The Way of the Sword', 'Kendou', 'Classical kendo', 'Kendo', 'Gekiken', 'Kendō', 'Sport kendo', 'Japanese fencing', 'Modern kendo', 'Kendoka', 'Sports kendo']", Kendo,0.9042662382125854,0,0,
8871,Answer the question concisely. Q: What was the former name of The Home Guard A:,"['Local Defence Volunteers', 'Home Guard (United Kingdom)', 'British Home Guard']", Auxiliary Military Service,0.3370248079299927,1,1,1
8889,Answer the question concisely. Q: What is a dish of pickled herring fillets wrapped around an onion or gerkhin called A:,"['Rollmop', 'Roll mop', 'German Sushi', 'Rollmops']", herring,0.10445480793714523,1,1,1
8900,Answer the question concisely. Q: What was the name of the American World War 11 bomber designated the B24 A:,"['The Liberator', 'Liberator', 'Liberators', 'LIBERATORS', 'Liberator (disambiguation)']", Liberator,0.8758574724197388,0,0,0
8920,Answer the question concisely. Q: What is mixed with whisky to make a rusty nail A:,"['Drambuie', 'Drambui', 'Drambooie']", coffee,0.43271511793136597,1,1,1
8924,Answer the question concisely. Q: What was the name of the Prime Minister in the T.V. series Yes Prime Minister A:,"['Jim Hacker', 'James hacker', 'James Hacker']", James Hacker,0.870957612991333,0,0,0
8945,Answer the question concisely. Q: Who did Alan Lake marry in 1968 A:,"['Diana doors', 'Diana Mary Fluck', 'Diana Dors', 'Dors', 'Diana Fluck']", Joan Mond,0.19903506338596344,1,1,1
8947,Answer the question concisely. Q: Which playing card is called the curse of Scotland A:,"['Nine of Diamonds', 'Nine of diamonds', 'Curse of Scotland', 'Curse of scotland']"," The Scottish playing card is called the ""Black Douglas."" It is a card that is often associated with bad luck and is considered a curse in Scottish folklore. The card features a black knight, Sir James Douglas, who was a famous Scottish knight and a close friend of King Robert the Bruce. According to legend, Sir James",0.2897328734397888,1,1,1
8949,Answer the question concisely. Q: What is the subject of the Surgeon's Photograph of 1934 A:,"['Nessy the Dragon', 'The Loch Ness Monster', 'Nessiteras rhombopteryx', 'Nessie the Dragon', 'Loch Ness Investigation Bureau', 'Nessie', 'Lochness Monster', 'Loch ness monster', 'Niseag', 'Nessy the dragon', 'Loch-Ness Monster', 'Nessiteras', 'Operation Deepscan', 'Nessie the dragon', 'Lock ness monster', 'Lochness monster', 'Loch Ness monster', 'Nessie (name)', 'Nessy', ""Surgeon's photograph"", 'LNPIB', 'Nessie the loch ness monster', 'Loch Ness Leviathan', ""Surgeon's photo"", 'Lochness monsters', 'Nessology', 'The Monster of Loch Ness', 'Nessy The Dragon', 'Loche Ness Monster', 'Locless monster', 'Loch Ness Monster', 'Lockness monster']"," The subject of the Surgeon's Photograph of 1934 is a woman named Margaret Ann ""Maggie"" Brown, who was a famous American actress and singer. She was also known as the ""Unsinkable Molly Brown"" because of her bravery during the sinking of of the Titanic",0.28031444549560547,1,1,1
8971,Answer the question concisely. Q: What was the name of Sebastian's teddy bear in Brideshead Revisited A:,"['Aloysius (disambiguation)', 'Aloysius', 'Aloisius']"," Sebastian's teddy bear in Brideshead Revisited was named ""Bunny.""",0.09496454894542694,1,1,1
8972,Answer the question concisely. Q: Who is the subject of London's first nude statue which stands in Hyde Park A:,"['Αχιλλέας', 'Akhilleus Aiakides', 'Achilleus', 'Peleion', 'Achle', 'Ἀχιλλεύς', 'Akhilleus', 'Achillean', 'Akhilles', 'Achillis', 'Akilles', 'Akhilleus Aiákidês', 'Achilles', 'Achillies', 'Akkilles', 'Pelides']", Gertrude Jekyll,0.2289714217185974,1,1,1
8988,"Answer the question concisely. Q: Which American gang of outlaws from the old west had the christian names Robert, Grattan and Emett A:","['Dalton gang', 'Dalton Brothers', 'Dalton Gang', 'Bill Power (outlaw)', 'The Dalton Brothers']", James-Younger Gang,0.36988019943237305,1,1,1
8996,Answer the question concisely. Q: Who was Humphrey Bogart's female co-star in Casablanca A:,"['Ingrid Bergmann', 'Isotta Ingrid Rossellini', 'Ingrid Rossellini', 'Ingrid Bergman', 'Ingrid Berman']", Ingrid Bergman,0.9053736925125122,0,0,0
9000,Answer the question concisely. Q: Who led the quest for the golden fleece A:,"['Iasson', 'Iason', 'Jason', 'Jason and the Golden Fleece', 'Easun', 'Jason (mythology)', 'Jason (Greek mythology)', 'Jason argonaut']", Jason,0.6650913953781128,0,0,0
9015,Answer the question concisely. Q: In which street did the Great Fire of London originate A:,['Pudding Lane'], Pudding Lane,0.9392430782318115,0,0,0
9022,Answer the question concisely. Q: What is the smallest Canadian province A:,"['P.E.I', 'Prince edward island', 'Province of Prince Edward Island', ""Prince Edward's Island"", 'Epekwitk', 'Prince Edward Island, Canada', 'Pince edward island', 'P. E. I.', 'Île-du-Prince-Édouard', 'Colony of Prince Edward Island', 'Prince Edward Island', 'Ile St. Jean', 'P.E.I.', 'Prince Edward island', 'Ile Saint-Jean', 'CA-PE', 'PEI']", Prince Edward Island,0.929648756980896,0,0,0
9041,Answer the question concisely. Q: In which country is Lake Bala A:,"['Welsh nation', 'Climate of Wales', 'Autonomous Province of Wales', 'Cymru / wales', 'Cyrmu', 'Wales', 'WALES', 'Rain in Wales', 'Welsh Nation', 'Welsh Peninsula', 'Wales, UK', 'Etymology of Wales', 'Cymru', 'Wales, United Kingdom', 'Pays de Galles', 'Communications in Wales', 'The Principality of Wales', 'West of the Rhymney', 'Wales, U.K.', 'Cymru am byth', 'Gymru', 'Cymru / Wales', 'Welsh mountains', 'CYMRU']", Wales,0.7356261014938354,0,0,0
9051,Answer the question concisely. Q: What was the first name of the Kray twins' mother A:,"['Violet LP', 'Violets', 'Violet (character)', 'Violet', 'Violet (song)', 'Violet (film)', 'Violet Single', 'Violet (disambiguation)', 'Violet (Character)', 'Violet (album)']", Sad,0.051667988300323486,1,1,1
9079,Answer the question concisely. Q: In which Canadian territory is the Klondike A:,"['Government of the Yukon', 'Yukon Territories', 'Yukon territory', 'CA-YT', 'The Yukon Territory', 'Yukon, Canada', 'Politics of Yukon', 'Census divisions of Yukon', 'Government of Yukon', 'Yukon Territory', 'The Yukon', 'Yukon', 'Yukon Territory, Canada', 'Territoire du Yukon', 'Language demographics of Yukon']", Yukon,0.7985543608665466,0,0,0
9082,Answer the question concisely. Q: Which car company advertises with the slogan The best or nothing A:,"['Mercedes benz', 'Mercedez-Benz', 'Mercedes-Benz CLT-Class', 'Mercedes-Benz GT AMG', 'Mercedes-benz', 'Mercedes Car Group', 'Teleaid', 'Mercedes-Benz Corporation', 'Mercedes Benz', 'Mercedes-Benz CLE-Class', 'Mercedes-Benz GLS-Class', 'BlueHybrid', 'Mercedes-Benz', 'Mercedes Group', 'Mercedes-Benz MLC-Class', 'Mercades Benz', 'M-B']", Mercedes-Benz,0.7797086834907532,0,0,0
9087,Answer the question concisely. Q: In which town is the University of Surrey A:,"['Dennisville', 'Stoke next Guildford', 'Bellfields', 'Guildford', 'Park Barn Estate', 'Holy Trinity Junior School, Guildford', 'Slyfield', 'Guildford (city)', 'UN/LOCODE:GBGDD', 'Guildford, England', 'Northmead Junior School', 'Guildford Park', 'Stoughton, Surrey', 'Guildford Grove School', 'Sandfield Primary School', 'Guildford, Surrey', 'Onslow Village', ""Bellfield's"", 'St Thomas of Canterbury Catholic Primary School, Guildford', 'Holy Trinity School, Guildford']", Guildford,0.8548731207847595,0,0,0
9107,Answer the question concisely. Q: Made in Scotland what type of beverage is Rock Rose A:,"['Mothers ruin', 'List of gins', 'List of gin brands', 'London Dry Gin', 'GIN', 'Gins', 'Gin']", Rock Rose is a type of herbal tea made in Scotland.,0.2386794537305832,1,1,1
9109,Answer the question concisely. Q: What alphabetically is the first station on the London underground A:,"['Acton, United Kingdom', 'Acton', 'Acton (disambiguation)']", Aldgate,0.08607351034879684,1,1,1
9115,Answer the question concisely. Q: In the car insurance business what do the letters TPFT suggest A:,['Third Party Fire and Theft'], third party fire theft,0.6916818618774414,0,0,0
9116,Answer the question concisely. Q: In game of Trivial Pursuit: what category is coloured green A:,"['Science & Nature (Inkubus Sukkubus album)', 'Science & Nature (Inkubus Succubus album)', 'Science and Nature']", Geography,0.22319065034389496,1,1,1
9123,"Answer the question concisely. Q: Who wrote the poems If, Gunga Din, Mandalay, and The Female of the Species A:","['Joseph Rudyard Kipling', 'Kiplingesque', 'Rudyard Kipling', 'Kipling rudyard', 'Rudy Kipling', 'R Kipling', 'Kipling', 'Kipling, Joseph Rudyard', 'Kiplingian', 'R. Kipling', 'Ruyard Kipling', 'Kipling Society', 'Bard of Empire', 'Rudyard Kipling (author)']", Rudyard Kipling,0.9165921211242676,0,0,0
9129,"Answer the question concisely. Q: Kelly Jones, Richard Jones and Richard Cable founded which group A:","['Looks Like Chaplin', 'Stereophonics', 'The Stereophonics']", The Charlatans,0.2944742441177368,1,1,1
9153,Answer the question concisely. Q: Why was the 1967 R.A.C. Rally not staged A:,['Outbreak of foot and mouth disease']," The 1966 R.A.C. Rally was cancelled due to the death of the event's founder, Sir Malcolm Campbell, in a car crash during the 1966 R.A.C. Rally.",0.22672848403453827,1,1,1
9170,Answer the question concisely. Q: What is the capital of Venezuela A:,"['Metropolitan District of Caracas', 'Caraqueno', 'Caracas Metropolitan District', 'Caracas', 'Santiago de León de Caracas', 'Caracas, Venezuela', 'Carcas', 'Caracas, Venezuala', 'Capital of Venezuela', 'Carracas', 'UN/LOCODE:VECCS', 'Santiago de Venezuela', 'America/Caracas', 'Santiago de Leon de Caracas', 'Caraqueño']", Caracas,0.8357137441635132,0,0,0
9182,Answer the question concisely. Q: What is the ancient counting frame using wires and beads called A:,"['Abacus Calculation', 'Russian abacus', 'Abaci', 'Nepohualtzintzin', 'Abacus (Aztec)', 'Cranmer abacus', 'Abacuses', 'Counting frame', 'Abacus', 'Abacist', 'Abacus (mathematics)', 'Abacists', 'Bead frame', 'Abacus arithmetic', 'AbacuS', 'Counting frames', 'Abbacus', 'Reckoning frame']", abacus,0.7983910441398621,0,0,0
9211,"Answer the question concisely. Q: What do antique dealers call old wooden utensils such as soupspoons, bowls etc A:","['Treen', 'Treen (disambiguation)']", Spoons,0.12095019221305847,1,1,1
9218,Answer the question concisely. Q: In which stretch of water did the Mary Rose actually sink A:,"['Solent', 'Solent Valley', 'The Solent', 'Solent River']", Solent,0.8677183389663696,0,0,0
9224,Answer the question concisely. Q: Which song begins If I was a sculptor but then again no A:,"['Your Song', 'Your Song (Ellie Goulding song)', 'Your Song (Ellie Goulding Song)', 'Your song', 'Your Song (song)', ""I hope you don't mind""]"," The song that begins with ""If I was a sculptor but then again no"" is ""If I Was a Sculptor"" by The Beatles",0.3258097767829895,1,1,1
9261,Answer the question concisely. Q: The rivers Trent and Ouse flow into which estuary? A:,"['Humber Estuary', 'Humber', 'Abus (river)', 'Humber River, England', 'River Humber', 'Humber (England)', 'Humber estuary', 'The Humber']", Humber,0.882763147354126,0,0,0
9283,Answer the question concisely. Q: In MASH what was the character Radars full name? A:,"['Colonel Potter', 'Hot Lips Houlihan', 'List of M*A*S*H characters', 'List of characters in MASH', 'Margaret %22Hot Lips%22 Houlihan', 'Captain John Francis Xavier Mcintyre', 'Capt. Hawkeye Pierce', 'Doctor Benjamin Franklin Pierce', 'Dr. Benjamin Franklin Pierce', 'Frank Burns (M*A*S*H character)', 'Capt. B. F. Hawkeye Pierce', 'Major Margaret Houlihan', 'Ugly John', 'Dr. Benjamin Franklin Hawkeye Pierce', 'Maj. Charles Emerson Winchester', 'BJ Hunnicutt', 'Corporal Maxwell Q Klinger', 'Trapper John McIntyre', 'B.j. hunnicut', 'Capt. Pierce', 'Samuel Flagg', 'Capn. Benjamin Franklin Pierce', 'Capt. Benjamin Franklin Pierce', 'Captain Hunnicutt', 'Dr B. F. Hawkeye Pierce', 'Capt. John Francis Xavier Mcintyre', 'Benjamin Franklin Pierce', ""Cap'n Benjamin Franklin Pierce"", 'Corporal O’Reilly', 'Colonel Sam Flagg', 'Capt B. F. Pierce', 'Frank Burns (character)', 'Corporal “Radar” O’Reilly', 'Igor Straminsky', 'Doctor B. F. Hawkeye Pierce', 'Maxwell Klinger', 'Frank Burns', 'Zelmo Zale', ""Cap'n B. F. Pierce"", 'Major Charles Emerson Winchester III', 'Charles Emerson Winchester III', 'Ugly John Black', 'Capt. Benjamin Franklin Hawkeye Pierce', 'Donald Penobscot', 'Charles Winchester', ""Cap'n Hawkeye Pierce"", 'Captain Benjamin Franklin Hawkeye Pierce', 'Charles Emmerson Winchester III', 'Doctor Hawkeye Pierce', 'Ho-jon', 'Spearchucker Jones', 'Donald Penobscott', 'Major Charles Emmerson Winchester III', 'Capn. B. F. Hawkeye Pierce', 'List of recurring characters in M*A*S*H', 'Capt Benjamin Franklin Pierce', 'Capn Pierce', 'Corporal Maxwell Q. Klinger', 'Max Q. Klinger', 'List of MASH characters', '%22Trapper%22 John MacIntyre', 'Hot Lips (M*A*S*H)', 'Capn. Hawkeye Pierce', 'Lt. Col. Henry Blake', ""Cap'n. Pierce"", 'Colonel Sherman Potter', 'Capn B. F. Pierce', 'Capn Benjamin Franklin Pierce', 'Trapper John', 'Frank Burns (fictional character)', 'Doctor Benjamin Franklin Hawkeye Pierce', ""Radar O'Reilly"", 'B. J. Hunnicutt', 'Major Frank Burns', 'Capt Hawkeye Pierce', 'Major Winchester', 'Corporal Maxwell Klinger', 'Corporal Klinger', 'B J Hunnicutt', 'Father Mulcahy', 'Capn B. F. Hawkeye Pierce', 'Lieutenant Dish', ""Walter O'Reilly"", 'Sam Flagg', 'Hojon', 'Ferret Face', 'Colonel Samuel Flagg', ""Margaret O'Houlihan"", 'Father John Patrick Francis Mulcahy', 'Cpt. John Francis Xavier Mcintyre', 'Nurse Kellye', 'Sidney Freedman', 'Captain Hawkeye Pierce', 'Sydney Friedman', 'Dr. Sidney Freedman', 'Capt. B. F. Pierce', 'Lt. Maria %22Dish%22 Schneider', 'Captain B. F. Pierce', ""Capt. John Francis Xavier 'Trapper John' McIntyre"", 'Colonel Flagg', 'List of characters in M*A*S*H', 'Col. Flagg', 'Crabapple Cove, Maine', 'Dr Benjamin Franklin Pierce', 'Crabapple Cove', 'B.J. Hunnicutt', 'Capt Pierce', ""Cap'n B. F. Hawkeye Pierce"", 'Radar Reilly', 'Captain B. F. Hawkeye Pierce', 'Sidney Friedman', 'Lt. Colonel Henry Blake', ""Cap'n Benjamin Franklin Hawkeye Pierce"", 'Max Q Klinger', 'Hotlips Houlihan', 'Dr. %22Spearchucker%22 Jones', 'Major Charles Winchester', ""Corporal Walter (Radar) O'Reilly"", 'Capn. Pierce', 'Capt Benjamin Franklin Hawkeye Pierce', 'Captain B.J. Hunnicutt', 'Captain Pierce', 'Private Igor Straminsky', 'Colonel Blake', 'Capn Hawkeye Pierce', 'Dr. Hawkeye Pierce', 'Luther Rizzo', 'Maxwell Q. Klinger', ""Hot Lips O'Houlihan"", 'Charles Emerson Winchester', ""Corporal Walter O'Reilly"", 'Trapper John MacIntyre', 'Dr Hawkeye Pierce', 'Capn. Benjamin Franklin Hawkeye Pierce', 'Dr Benjamin Franklin Hawkeye Pierce', ""Cap'n. B. F. Pierce"", ""Cap'n. Benjamin Franklin Hawkeye Pierce"", ""Cap'n. B. F. Hawkeye Pierce"", 'Benjamin Franklin %22Hawkeye%22 Pierce', 'Captain Benjamin Franklin Pierce', 'Cpt. Benjamin Franklin Pierce', 'Kim Atwood', 'Capt B. F. Hawkeye Pierce', 'Hawkeye Pierce', 'Colonel Sherman T. Potter', 'Dr. B. F. Hawkeye Pierce', 'Ho Jon', ""Walter (Radar) O'Reilly"", 'Trapper John Mcintyre', ""Cap'n. Hawkeye Pierce"", 'Ho-Jon', 'Major Margaret %22Hot Lips%22 Houlihan', 'Maxwell Q Klinger', 'Major Charles Emerson Winchester', 'Sherman Potter', 'Frank Marion Burns', ""Cpl. Walter O'Reilly"", 'Sydney Freedman', 'Captain McIntyre', ""Cap'n Pierce"", 'Margaret Houlihan', ""Cap'n. Benjamin Franklin Pierce"", 'Capn. B. F. Pierce', 'Sherman T. Potter']", Hawkeye Pierce,0.9372493028640747,0,0,0
9295,Answer the question concisely. Q: Who was the star of the 1940 satirical film 'The Great Dictator'? A:,"['Roy Export Company Establishment', 'Charlie Chaplain', 'Charlie Chaplan', 'Charlie Chaplin', 'Charles chaplin', 'Charles Chaplin', 'Charles Spencer Chaplin', 'CharlieChaplin', 'Sir Charles Spencer Chaplin', 'Sir Charlie Chaplin', 'Sir Charles Chaplin', 'Chaplinian', 'Charile Chaplin', 'Charlie chaplin']", Charlie Chaplin,0.8995037078857422,0,0,0
9302,Answer the question concisely. Q: On the 11th of February 1990 Mike Tyson (and the world!) was stunned when he lost his heavyweight crown in the tenth round to which boxer? A:,"['James %22Buster%22 Douglas', 'James Buster Douglas', 'James Douglas (boxer)', 'Buster Douglas', 'James (Buster) Douglas']", Evander Holyfield,0.160334050655365,1,1,1
9319,Answer the question concisely. Q: What name was given to the eleven states that fought the Union in the US Civil War? A:,"['Confederacies', 'Confederacy (disambiguation)', 'Confederates', 'Confederacy', 'Confederate']", Confederate States of America,0.4625144600868225,1,0,0
9325,Answer the question concisely. Q: How many Von Trapp children were there in the Sound of Music? A:,"['seven', '7']", seven,0.5547650456428528,0,0,0
9327,Answer the question concisely. Q: Who followed Hugh Gaitskell as leader of the labour party? A:,"['A week is a long time in politics', 'Sir Harold Wilson', 'Shadow Cabinet of Harold Wilson', 'Harold Wilson, Baron Wilson of Rievaulx', 'James Harold Wilson', 'First Shadow Cabinet of Harold Wilson', ""Harold Wilson's"", 'Wilson, Harold', 'James Harold Wilson, Baron Wilson of Rievaulx', 'Harold Wilson', 'Baron Wilson of Rievaulx Wilson Harold', 'Baron Wilson of Rievaulx', 'Shadow Cabinet of Harold Wilson I']", Harold Wilson,0.9016218185424805,0,0,0
9361,"Answer the question concisely. Q: What criminal offence took place in Cheddington, Buckinghamshire in August (8th) 1963? A:","['The Great Train Robbery (movie)', 'The Great Train Robbery (disambiguation)', 'The Great Train Robbery (1903 movie)', 'Great Train Robbery', 'The Great Train Robbery (film)', 'The Great Train Robbery', 'Great train robbery']", theft,0.03373703360557556,1,1,1
9388,Answer the question concisely. Q: If a female rabbit is a 'Doe' what is a female ferret? A:,"['Jill', ""A 'Jill'""]", A female ferret is a 'Jill'.,0.39289045333862305,1,0,0
9389,Answer the question concisely. Q: Which French racecourse hosts the 'Prix de l'Arc de Triomphe? A:,"['Longchamps', 'Longchamp', 'Longchamp (disambiguation)']", Longchamp Racecourse,0.37575238943099976,1,1,0
9395,Answer the question concisely. Q: Where would you find 'Harris'; 'Lewis' and 'Benbecular'? A:,"['Na h-Eileanan Siar (council area)', 'Na h-Eileanan Siar', 'Outer Hebrides', 'Eilean Siar', 'Western Isles (island council area)', 'Long Isle', 'Western Isles North', 'The Long Island', 'The Outer Hebrides', 'Na h-Eileanan an lar', 'Na h-Eileanan an Iar', 'Na h-Eileanan Siar (Western Isles)', 'Outer Isles', 'Western Isles (islands council area of Scotland)', 'Western Isles', 'Western isles', 'Western Isles (Hebrides)', 'Eileanan Siar', 'Na h-Eileanan Siar (the Western Isles)', 'Nan Eilean Siar', 'Western Isles (council area)', 'Outer Hebridean', 'Outer-Hebrides', 'Western Isles South']", Scotland,0.23805120587348938,1,1,1
9416,Answer the question concisely. Q: What is the usual colour of an aircrafts Black Box? A:,"['Orange (album)', 'Orangeishness', 'Orange (film)', 'Orangishness', 'Orangeishly', 'Orangishly', 'Orange', 'Oranfe', 'Orange (disambiguation)']", orange,0.6744232773780823,0,0,0
9431,Answer the question concisely. Q: What are listed across the top of the Lincoln Memorial on the back of the $5 bill? A:,['All 50 states']," The words ""IN GOD WE TRUST",0.03579261898994446,1,1,1
9435,Answer the question concisely. Q: What percentage of Mike Tyson's 1995 earnings came from endorsements? A:,"['0', 'Zero', 'zero']", 60%,0.10148876160383224,1,1,1
9438,Answer the question concisely. Q: How many 'Pockets' would you find on a pool table? A:,"['six', '6']", 6,0.46752238273620605,1,0,0
9461,Answer the question concisely. Q: Whose compositions included 'The Firebird' and 'Petrushka'? A:,"['Strawinski', 'Igor Fyodorovich Stravinskij', 'Igor Fydorovich Stravinsky', 'Stravinsky Igor', 'Igor Stravinski', 'Stravinsky, Igor Fedorovich', 'Strawinsky', 'Igor stravinsky', 'Igor Stravinsky', 'Stravinsky', 'Igor Fedorovich Stravinsky', 'Igor Stravinskij', 'Igor Fyodorovitch Stravinsky', 'Stravinski', 'Stravinksy', ""Igor' Fëdorovič Stravinskij"", 'Katerina Nossenko', 'Stravinsky, Igor', 'Игорь Фёдорович Стравинский', 'Igor Fyodorovich Stravinsky', 'Igor Strawinsky', 'Stravinskij']", Igor Stravinsky,0.9203975200653076,0,0,0
9470,Answer the question concisely. Q: Which actor has been portrayed most on screen by other actors? A:,"['Roy Export Company Establishment', 'Charlie Chaplain', 'Charlie Chaplan', 'Charlie Chaplin', 'Charles chaplin', 'Charles Chaplin', 'Charles Spencer Chaplin', 'CharlieChaplin', 'Sir Charles Spencer Chaplin', 'Sir Charlie Chaplin', 'Sir Charles Chaplin', 'Chaplinian', 'Charile Chaplin', 'Charlie chaplin']", Peter Sellers,0.1666710078716278,1,1,1
9471,Answer the question concisely. Q: A Paris grocer was jailed for two years in 1978 stabbing wife what? A:,['A wedge of hard cheese'], to death,0.025165662169456482,1,1,1
9488,Answer the question concisely. Q: Who played 'Peter Pan' in Spielberg's 'Hook'? A:,"['Robin Willaims', 'Robin Williams', 'Susan Schneider', 'Robin williams', 'Cody Alan Williams', 'Marty Fromage', 'Zachary Pym Williams', 'Sudy Nim', 'Zachary Williams', 'Zak Williams', 'Robin Williams: Live on Broadway', 'Pecos Bill (album)', 'Robbin Williams', 'Throbbing Python of Love', 'Robin williams off the wall', 'Robin McLaurin Williams', 'Robin williams live on broadway', 'Valerie Velardi', 'Ray D. Tutto', 'Cody A. Williams', 'Robin McLaurim Williams']", Robin Williams,0.8834801316261292,0,0,0
9489,Answer the question concisely. Q: Who played 'Robert Langdon' in 'The Da Vinci Code'? A:,"['Sandra Hanks Benoiton', 'Tam Honks', 'Samantha Lewes', 'Thomas Hanks', 'Chet Haze', 'Tom Hank', 'Tom Hanks', 'Tom hanks', 'Thomas Jeffrey Hanks', 'Chet Hanks', 'Hanks, Tom']", Tom Hanks,0.8878976106643677,0,0,0
9490,Answer the question concisely. Q: Which former Bond star played the part of Mr. Rochester in a 1983 TV mini series of Jane Eyre? A:,"['Timothy Peter Dalton', 'Tim dalton', 'Timothy Dalton']", Timothy Dalton,0.9070355892181396,0,0,0
9496,Answer the question concisely. Q: Name the British heavyweight Boxing champion who held the title between 1959 and 1969? A:,"['Cooper, Henry', 'Henry Cooper', 'Henry Cooper (boxer)']", Joe Frazier,0.22301992774009705,1,1,1
9499,Answer the question concisely. Q: Which Mediterranean country's orchestra is bigger than its army? A:,"['Principauté de Monaco', 'ISO 3166-1:MC', 'Princedom of Monaco', 'Principat de Mónegue', 'Extreme points of monaco', 'Munegu', 'Geography of monaco', 'Monaco, Principality and Diocese of', 'Extreme points of Monaco', 'Monegasques', 'Climate of Monaco', 'Monocco', 'Sports in Monaco', 'Religion in Monaco', 'Subdivisions of Monaco', 'Monaco/Geography', 'Europe/Monaco', 'Geography of Monaco', 'Culture of Monaco', 'Protestantism in Monaco', 'Monaco/Military', 'Monégasques', 'Capital of Monaco', 'Principaut de Monaco', 'Administrative divisions (Monaco)', 'List of cities in Monaco', 'Monaco', 'Principatu de Múnegu', 'Islam in Monaco', 'The weather in Monaco', 'Principality of Monaco', 'Principato di Monaco', 'Principality and Diocese of Monaco', 'Wards of Monaco', 'Administrative divisions of Monaco', 'Mónegue', 'Quarters of Monaco', 'Monaco/Transnational issues', 'Monacco', 'Sport in Monaco']", Israel,0.1206391304731369,1,1,1
9529,Answer the question concisely. Q: In which London park would you find the Zoological Gardens? A:,"[""Regent's Park"", ""Regent's park"", ""Regent's Park, London"", ""Queen Mary's Gardens"", 'Regents Park', 'Regent’s Park']", Regent's Park,0.8875072002410889,0,0,0
9532,Answer the question concisely. Q: Which American city experienced an earthquake in the early hours of January 17th 1994? A:,"['City of Los Angeles, California', 'Sister cities of Los Angeles', 'L A', 'Loa Angeles, CA', 'The Angels, California', 'El Pueblo de Nuestra Senora la Reina de los Angeles de Porciuncula', 'Los Angeles, United States of America', 'L a', 'Los Angles', 'GEO:USLAX', 'The City of Los Angeles', 'Los Angelos', 'L. A.', 'The city of L A', 'Los Angeles City', 'Englaborg', 'LOC:USLAX', 'LA, CA', 'Los Angeles,CA', 'Brentwood Circle, Los Angeles, CA', 'Nuestra Senora la Reina de los Angeles de Porciuncula', 'The city of L. A.', 'City of Los Angeles', 'Los Angelos, California', 'Los Angeles, Calif.', 'USLAX', 'The city of LA', 'Los angels', 'El Pueblo de Nuestra Señora La Reina de los Ángeles de Porciúncula', 'Los angeles, california', 'El lay', 'Los Angeles', 'L.A.', 'El Pueblo de Nuestra Señora la Reina de los Ángeles del Río de Porciúncula', 'Los angeles ca', 'El Pueblo de Nuestra Senora Reina de los Angeles de la Porciuncula', 'El Pueblo de Nuestra Señora la Reina de los Ángeles de Porciúncula', 'Los Angeles, California, U.S.A.', 'Los Angeles, United States', 'LA, California', 'Los Angeles, Ca.', 'Los Angeles, California, USA', 'Los angeles', 'L.a.', 'Los angeles, ca', '72 suburbs in search of a city', 'Religion in Los Angeles', 'Los Angeles (Calif.)', 'City of L A', 'El Pueblo de la Reina de Los Angeles, CA', 'LA Ca', 'Los Angeles, California, United States', 'La-la land', 'The city of L.A.', 'El Pueblo de Nuestra Señora Reina de los Ángeles de la Porciuncula', 'Los Angeles California', 'Los Angeles, USA', 'City of L.A.', 'L . A .', 'Los Angeles (CA)', 'El Pueblo de Nuestra Señora la Reina de los Angeles del Río de Porciúncula', 'Nuestra Señora la Reina de los Angeles de Porciúncula', 'El Pueblo de Nuestra Senora La Reina de los Angeles de Porciuncula', 'City of los angeles', 'La-la Land', 'Los Angeles.', 'Loa Angeles, California', 'Los Angeles, California, US', 'Los Angeles, California', 'Los Angeles, CA.', 'Lost Angeles, California', 'LA City', 'Los Ángeles, California', 'City of LA', 'El Pueblo de la Reina de Los Angeles, California', 'L.A', 'Brentwood Circle', 'Los Angelas', 'LA', 'Los Angeles, California, U.S.', 'City of L. A.', 'Los Angeles, CA', 'Los angelas', 'Los Angeles (City)', 'L.a., ca', 'Las Angeles', 'Los angeles, calif', 'Geography of Los Angeles', 'Environmental issues in Los Angeles', 'Northern Los Angeles', 'UN/LOCODE:USLAX']", Los Angeles,0.8954550623893738,0,0,0
9536,Answer the question concisely. Q: Who is the author of the 'Harry Potter' books? A:,"['J.K.Rowlings', 'Jkrowling.com', 'Jessica Rowling Arantes', 'Robert Galbraith (pen name)', 'The Elephant House (Edinburgh Café)', 'Joanne K Rowling', 'Jo Murray', 'Joanne K. Rowling', 'J. K. Rowlings', 'J.k. rowling', 'Rowling, J. K.', 'JK Rawling', 'Joanne “Jo” Rowling', 'Jkrowling', 'Robert Galbraith (author)', 'Jk mrowling', 'Harry Potter encyclopaedia', 'J K Rowling', 'Volant Charitable Trust', 'Rowling, J.K.', 'J K. Rowling', 'J.K Rowling', 'Joanne Kathleen Murray', 'List of books by J.K. Rowling', 'J. K Rowling', 'Joanne Murray', 'Mackenzie Jean Rowling Murray', 'J.k.rolwing', 'JK Rowling', 'Very Good Lives', 'JKRowling', 'Jo Rowling', 'Jorge Arantes', 'Robert Galbraith (pseudonym)', 'J. K. Rowling', 'J.K. Rowling', 'Cormoran Strike', 'J.K.R.', 'Joanne Rowling', 'Jk rowling', 'Mackenzie Murray', 'Joanne Kathalene Rowling', 'J.K.Rowling', 'Mackenzie Rowling', 'Harry Potter encyclopedia', 'Joanne Kathleen Rowling', 'Joanne %22Jo%22 Rowling', 'Neil Murray (doctor)']", J.K. Rowling,0.8496437072753906,0,0,0
9544,"Answer the question concisely. Q: According to the Rankin-Bass TV classic of the same name, who brought Frosty the Snowman back to life? A:","['🎅', 'Santa claus rituals', 'Origins of Santa Claus', 'Santy Claus', 'Santa Claus in North American culture', 'Święty Mikołaj', 'Santa klause', 'Santa Claus in North America', 'Santa letters', 'Baba Nuwail', 'Santa Claus rituals', 'Santa Claus On A Fire Truck', 'Santa klaus', 'Santa claus', 'Sanat claus', 'Santa', 'Swiety Mikolaj', 'Santa Claus in Northern American culture', 'Santa Claus Office', 'Christmas grotto', 'American Santa Claus', 'Santa Claus', 'Santa Hat', 'Santa-san', 'Kerstman', 'Santa claus in northern american culture', 'Weihnachtsmann', 'Mall Santa', 'Letters to Santa', 'The Santa', 'بابا نويل']", a magic bro,0.08300639688968658,1,1,1
9550,"Answer the question concisely. Q: What popular opera, penned by George Bizet, is a story about a female cigarette factory worker? A:","['Les tringles des sistres tintaient', 'Carmen opera', 'Escamillo', 'CARMEN', 'Carmen (opera)', 'Carmen', 'Carmen by George Bizet']", Carmen,0.8041356801986694,0,0,0
9552,"Answer the question concisely. Q: The 1947 novel ""I, the Jury"", by New York author Mickey Spillane, was the first to feature which famous detective? A:","['Mike Hammer', 'That Hammer Guy', 'Mayk Hammer']", Mike Hammer,0.872099757194519,0,0,0
9555,Answer the question concisely. Q: By what name are Rontgen rays more commonly known? A:,"['Röntgen field', 'X-ray technology', 'Hard x-ray', 'X-ray generation', 'X-ray radiation', 'X+rays', 'Xray', 'Soft X-rays', 'X wave', 'Rontgen rays', 'X-ray photo', 'X-rays', 'X-radiation', 'X-Ray Spectrum', 'X-waves', 'Frank Austin and the Frost brothers', 'X radiation', 'Roentgen rays', 'X - ray', 'Hard X-rays', 'X-raying', 'X-RAY', 'X ray', 'Rontgen Rays', 'X-Rays', 'HX photons', 'Radio diagnostics', 'Soft x-ray', 'Xrays', 'X-ray safety', 'Röntgen radiation', 'Roentgen radiation', 'X waves', 'Röntgen rays', 'Roentgen Rays', 'X rays', 'Celestial X-ray source', 'X-ray', 'X Ray', 'Roentgen ray', 'Hard X-ray', 'Soft X-ray', 'Röntgen ray', 'XRAY', 'SX photons', 'Rontgen radiation', 'X-ray dye', 'Rontgen ray', 'X-Ray', 'X-rayed']", X-rays,0.87159264087677,0,0,0
9581,"Answer the question concisely. Q: Feb 15, 1564 saw the birth of what famed Italian physicist, mathematician, astronomer, and philosopher, who discovered the first 4 moons of Jupiter? A:","['Galaleo', 'Light of nature', ""Galileo's finger"", 'Father of modern observational astronomy', 'Gailieo Galilei', 'Galileo', 'Galeleo', 'Galileo Galiei', 'Galilei Galileo', 'Il lume naturale', 'Natural light of reason', 'Gallaleo', 'Galilao', 'A Very Brief Summary of the Life of Galileo', 'Galileo galilei', 'G. Galilei', 'Galileo Galilei', 'Galileo Galilaei', 'Galilio', ""Galileo's""]", Galileo Galilei,0.8914878368377686,0,0,0
9594,Answer the question concisely. Q: Rickets is caused by a lack of what essential element? A:,"['Calcium supplements', 'Calcium ion', 'Factor 4', 'Calcium ions', 'Ca(2+)', 'Kalcium', 'Factor IV', 'Calcium', 'Element 20', 'Calium', 'Calcium compounds', 'Calcium Supplement', 'Ca+2', 'H and K lines', 'Calcium supplementation']", A:,0.06411200761795044,1,1,1
9619,Answer the question concisely. Q: An equilateral triangle has all 3 sides of the same length. What type of triangle only has 2 sides of equal length? A:,"['Isosceles triangle', 'Isoceles', 'Isoceles triangle', 'Isosceles triange', 'Isosceles']", Isosceles,0.9554784297943115,0,0,0
9642,"Answer the question concisely. Q: May 4, 1904 saw the US begin construction the Canal, following the creation of the state of Panama from Columbian territory due to the iron backbone and bad-assed support of which US president? A:","['T Ros', 'Feddy Roosevelt', '26th President of the United States', 'Trust Buster', 'The Cowboy President', 'Teddy roosevelt', 'Theodore Roosavelt', 'President Theodore Roosevelt', 'Theodor roosevelt', 'Teddy Rose', 'Teddy Roosevelt', 'Theodore roosevelt', 'T. Roosevelt', 'Teodoro Roosevelt', 'T. Roosevelt Administration', 'Teddy Roosvelt', 'Teddy Rosevelt', 'Roosevelt, Theodore', 'Teddy Roosevelt foreign policy', 'T Roosevelt', 'Cowboy of the Dakotas', 'Teddy Roose', 'Theodore Roosevelt']", Theodore Roosevelt,0.9092167615890503,0,0,0
9647,Answer the question concisely. Q: With what possession can Wonder Woman force people to tell the truth? A:,"['Riata', 'Lassoo', 'Uurga', 'Reata', 'Lasoo', 'Lasso']", Lasso of Truth,0.5444427132606506,0,0,0
9655,"Answer the question concisely. Q: The first US space station was launched on May 14, 1973. What was it called? A:","['Skylab One', 'Skylab A', 'Sky lab', 'Skylab', 'Project Skylab', 'Skylab I', 'SkyLab', 'Skylab 5', 'Skylab 1', 'Skylab program', 'SKYLAB']", Skylab,0.8422849774360657,0,0,0
9658,"Answer the question concisely. Q: What noted film director and producer, born on May 14, 1944, founded the theatre audio company THX, and the visual effects company Industrial Light and Magic, among others? A:","['Tyger (actress)', 'George Walton Lucas Jr.', 'Indiana (dog)', 'George Jr. Lucas', 'G lucas', 'Jett Lucas', 'Lucas, George', ""George Lucas's"", 'George Walton Lucas', 'George lucas', 'Katie lucas', 'George Lucus', 'George Walton Lucas, Jr.', 'George Lucas Jnr', 'Gorge Lucas', 'George W Lucas Jr', 'The Flanneled One', 'George Lucas', 'George Lucas Jr.']", George Lucas,0.8943443298339844,0,0,0
9660,"Answer the question concisely. Q: May 15, 1940 saw what fast food chain get started in San Bernadino, CA? A:","[""Mackey D's"", 'Yum Chums', 'Micky Ds', 'Speedee', 'Mac Donalds', ""McD's"", 'McDonald’s', 'Mcdo', ""Mc Donald's"", ""McDonald's Hamburgers"", 'Macky d', 'MdDonalds', ""Mcdonald's Corp."", 'McDonalds', ""Mickey-D's"", 'Der Schotte', ""McDonald's restaurants"", ""McDonalds's"", ""McDonald's/Archive 1"", ""Criticism of McDonald's"", ""The McDonald's Corporation"", 'McDonalds Corporation', ""MacDonald's"", 'We love to see you smile', ""McDonald's"", 'Aboutmcdonalds.com', ""McDankee's"", 'McDonalds Restaurants', ""List of assets owned by McDonald's"", 'Mcdonalds Corporation', ""McDonald's Restaurant"", 'MankDonalds', 'McHappy Day', 'QSCV', ""McDonald's Corp."", ""McDonald's Corporation"", ""McDonald's Restaraunt"", 'McD', ""McDonald's Singapore"", ""Global impact of McDonald's"", 'Salads Plus', ""Mcdonald's corporation"", 'McDonalds.com', ""Mcdonald's"", 'Mckinley mac', ""McDonald's Restaurants"", 'Mc Donalds', 'MacDonalds', ""Placcy D's"", ""Hankook McDonald's"", ""McDonald's Corp"", 'Mickey d', 'Mcdonalds Corp', 'McDonald’s Corporation', 'MacDoh', 'Double Beef and Bacon', 'Maccas', ""Placcy-D's"", ""Macca's"", ""McDonald's Drive-In"", ""Macky d's"", 'Mc.donalds', ""Maccy d's"", ""Criticisms of McDonald's"", 'Mc donalds', ""Micky D's"", 'McDo', ""Mackey-D's"", ""McDonald/'s Corporation"", 'Mcdonalds', 'McDonals', ""Macdonald's"", ""Mickey D's"", 'Mcmichigan.com']", Inburger,0.12872174382209778,1,1,1
9670,Answer the question concisely. Q: The ESRB provides ratings for what? A:,"['Benefits of video games', 'Video gaming', 'VideoGame', 'Video Games', 'Core games', 'Video game software', 'Computer and video game', 'Video-game', 'Video and computer games', 'Video game demographics', 'Life (computer and video games)', 'VIDEO GAME', 'Leisure software', 'Video-games', 'Games/Computer', 'Videogame', 'Electronic entertainment', 'Interactive games', 'Computer video game', 'Graphical games', 'Graphenspiele', 'Videogames', 'Interactive game', 'Video Game', 'Videogaming', 'Video-Games', 'Game trading', 'Video gamez', 'Video game platform', 'Video games', 'PCDVD game', 'Computer or video game', 'Computer and video game distinction', 'Video game', 'Game deck', 'Vid game', '3D computer game', 'Vidoe game', 'Video Gaming', 'Video-Game', 'Videogame type', 'Video game platforms', 'Computer and console games', 'Gra wideo', 'Computer or video games', 'Video game hardware', 'Vidya gaem', 'Video and computer game']", video games,0.8050476312637329,0,0,0
9671,Answer the question concisely. Q: We know it as Myanmar today. By what name was it known before 1989? A:,"['Economic sanctions against Myanmar', 'Economic sanctions against Burma', 'ISO 3166-1:MM', 'Birman Empire', 'Etymology of Burma', 'Republic of The Union of Myanmar', 'Pyidaunzu Thanmăda Myăma Nainngandaw', 'Mianmar', 'Borders of Burma', 'Myanmar (Burma)', 'Mayanmar', 'မြန်မာပြည်', 'Pyi-daung-zu Myan-ma Naing-ngan-daw', 'Myammar', 'Burma/Myanmar', 'Burmese Republic', 'Burma-Myanmar', 'Burma (Myanmar)', 'Union of Myanmar', 'ပြည်ထောင်စု သမ္မတ မြန်မာနိုင်ငံတော်', 'Sanctions against Burma', 'Myanmar (formerly Burma)', 'Birma', 'ပြည်ထောင်စု သမ္မတ မြန်မာနိုင်ငံတော', 'Birmanie', 'Myanmar/(Burma)', 'Burma', 'Myanmar/Burma', 'Myanmar', 'Myanmer', 'Socialist Republic of the Union of Burma', 'Republic of the Union of Myanmar', 'Eastern Burma', 'Union of burma', 'Myanma', 'Birmania']",,0.42205971479415894,1,1,1
9677,"Answer the question concisely. Q: First debuting in the cartoon Mickey's Review, what classic turtle neck wearing cartoon character had the original name of Dippy Dog? A:","['Goofy holler', 'Goofey', 'Gawrsh!', 'Goofy Jr.', 'George Geef', 'Max Goofy', 'Goofy yell', 'Ah-Hyuck', 'Goofy', 'Ah-hyuck', 'A-Hyuck', 'Goofy Goof', 'Goofy Sr.', 'Dippy Dawg', 'Super Goofy', 'Super Goof', 'Goofy filmography', 'List of Goofy Cartoons', 'A-hyuck', 'List of Donald Duck & Goofy Cartoons']", Goofy,0.9311777353286743,0,0,0
9682,"Answer the question concisely. Q: Portrayed by James Doohan, what was the actual name of the engineer on the starship Enterprise, who was commonly called Scotty? A:","['Montgomery Scott', 'Scotty (Star Trek)', 'Pulling a Scotty', 'Pulling a Scottie', 'Scotty factor', 'Mr. Scott']", Montgomery Scott,0.9152135848999023,0,0,0
9686,"Answer the question concisely. Q: What long running public radio program, and short lived TV series, debuted in 1995 as Your Radio Playhouse? A:","['That American Life', 'Your Radio Playhouse', 'This american life', 'This American Life']", The Public Radio Playhouse,0.5342256426811218,0,1,1
9726,"Answer the question concisely. Q: July 2, 1961 saw what Nobel Prize winning author take his own life in Ketchum, Idaho, who once stated that every boy must Plant a tree, Fight a bull, Write a novel, and Father a son in order to be a man? A:","['Famous at Twenty-Five Thirty a Master', 'E. M. Hemmingway', 'From Boy to Man Hemingways First World War', 'Clarence Edmonds Hemingway', 'ErnestHemingway/TheDownwardSpiral', 'Earnest Hemmingway', 'Ernest Heminway', 'ErnestHemingway/ViolenceandRedemption', 'Ernest M. Hemingway', 'Ernest Hemingway/The Downward Spiral', 'Hemingway ernest', 'From Reality to Fiction A Farewell to Arms', 'ErnestHemingway/FromRealitytoFictionAFarewelltoArms', 'ErnestHemingway/TheTimeinBetween', 'ErnestHemingway', 'ErnestHemingway/BibliographY', 'E. M. Hemingway', 'Ernest Hemingway', 'ErnestHemingway/SureShotsTheSecondWorldWar', 'Sure Shots The Second World War', 'Ernest Hemingway/Violence and Redemption', 'Ernest Hemingway/The Time in Between', 'Ernest Hemingway/Bibliography', 'Hemingway, Ernest', 'ErnestHemingway/FamousatTwentyFiveThirtyaMaster', 'Things Turn Sour', 'Ernesthemingway', 'Ernest Hemingway/Famous at Twenty-Five Thirty a Master', 'Ernest Hemmingway', 'ErnestHemingway/FromBoytoManHemingwaysFirstWorldWar', 'Ernest Miller Hemmingway', 'Hemingwayesque', 'E. Hemmingway', 'E. Hemingway', 'Why It Went Wrong', 'Violence and Redemption', 'ErnestHemingway/TheEndlessDarkNothingness', 'The Endless Dark Nothingness', 'Ernest Hemingway/Things Turn Sour', 'Ernest Hemingway/Young and Innocent', 'Ernest M. Hemmingway', 'Hemmingway', 'ErnestHemingway/YoungandInnocent', 'ErnestHemingway/ThingsTurnSour', 'Ernest Hemingway/The Endless Dark Nothingness', 'Ernest Hemingway/From Boy to Man Hemingways First World War', 'Hemingway', 'Ernest Hemingway/Sure Shots The Second World War', 'Ernest Hemingway/From Reality to Fiction A Farewell to Arms', 'ErnestHemingway/WhyItWentWrong', 'Ernest Miller Hemingway', 'Ernest Hemingway/Why It Went Wrong', 'Hemingwayan']", Ernest Hemingway,0.9015225172042847,0,0,0
9730,Answer the question concisely. Q: The carotid arteries supply blood from the heart to what part of the human body? A:,"['Head and neck anatomy', 'The head and neck', 'Head and neck']", neck,0.3889999985694885,1,1,0
9735,"Answer the question concisely. Q: Proclaiming himself ""the luckiest man on the face of the earth"", what baseball legend announced his retirement from the New York Yankees on July 4, 1939, following an amazing streak of 2130 straight games? A:","['%22Buster%22 Gehrig', ""Henry Louis 'Buster' Gehrig"", 'Luckiest man on the face of the earth', 'Gehrig', 'Biscuit pants', 'Lou Gehrig', 'The luckiest man on the face of the earth', '%22Lou%22 Gehrig', 'Henry Louis %22Lou%22 Gehrig', 'Lou Gehrig Appreciation Day', ""Lou 'Buster' Gehrig"", 'Henry Louis Gehrig', 'Ludwig Heinrich Gehrig', 'Lou %22Buster%22 Gehrig', 'Lou Gherig', ""'Buster' Gehrig"", 'Henry Louis %22Buster%22 Gehrig', 'Lou Gerhig', 'Louis Gehrig', ""Henry Louis 'Lou' Gehrig"", 'Lou gehrig', 'Buster Gehrig', ""'Lou' Gehrig"", 'Biscuit Pants', 'Lou gerhig']", Lou Gehrig,0.9306477308273315,0,0,0
9744,"Answer the question concisely. Q: The oldest known American cocktail, what whiskey forms the base of the cocktail known as a Sazerac? A:","['Centeio', 'Winter rye', 'Rye', 'Ryep', 'Secale cereale', 'Rye (botany)', 'Rye (grain)', 'Rye Extract', 'Oralmat']", rye,0.7357248663902283,0,0,0
9754,Answer the question concisely. Q: What is the physics term for mass times velocity? A:,"['Momentum (physics)', 'Momentum vector', 'Conservation of impulse', 'Kinetic momentum', 'Law of conservation of momentum', 'Linear Momentum', 'Law of conservation of linear momentum', 'Relativistic Momentum', 'P=mv', 'Conservation of Momentum', 'Linear momentum', 'Momentum conservation', 'Linear momenta', 'Potential momentum', 'Relativistic momentum', 'Conservation of linear momentum', 'Conservation of momentum', 'Momenta', 'Momentum', 'Force summation']", Momentum,0.9031699299812317,0,0,0
9761,"Answer the question concisely. Q: What is the lowest level of the atmosphere, which lies below the stratosphere, called? A:","['Tropospherics', 'The Troposphere', 'Troposhere', 'Trophosphere', 'Tropospheres', 'Tropospherical', 'Tropospheric', 'Troposphere', 'Epitroposphere', 'Tropospherically']", troposphere,0.8332698345184326,0,0,0
9783,"Answer the question concisely. Q: The official beverage of Puerto Rico since 1978, what drink consists of rum, coconut cream, and pineapple juice? A:","['Piña Colada', 'Piña colada', 'Virgin Piña Colada', 'Pina colada', 'Peanut Colada', 'Pina coladas', 'Virgin Pina Colada', 'Pinacolada', 'Virgin pina colada', 'Pina colata', 'Pina collada', 'Pina Colada', 'Piña coladas']", Piña colada,0.9961420297622681,0,0,0
9803,"Answer the question concisely. Q: For a point each, name the 4 countries surrounding Belgium. A:","['France, Germany, Luxembourg, and the Netherlands']"," Netherlands, Germany, France, and Luxembourg",0.7407764196395874,0,0,0
9804,"Answer the question concisely. Q: Portrayed by Fess Parker on TV, what frontier legend, born on August 17, 1786, represented the state of Tennessee as a representative for 6 years, and lost his life at the Alamo? A:","['Davey crocket', 'Davy Crockett', 'David Crockett', 'Davey Crockett', 'Davy crocket', 'Crockett, Davy', 'David Crockett (politician)', 'Davy crockett', 'Davy Crocket', 'King of the Wild Frontier']", Davy Crockett,0.9322824478149414,0,0,0
9818,"Answer the question concisely. Q: According to Sammy Haggar, what can't he drive? A:","['55', 'fifty-five']", a car,0.04544834792613983,1,1,1
9833,"Answer the question concisely. Q: A. M. Best, Moodys, and Standard & Poors are all examples of what? A:","['Rating agency', 'Credit Rating Agency', 'List of international credit ratings agencies', 'Credit agency', 'Credit rating firms', 'Credit reporting agencies', 'Rating agencies', 'External Credit Assessment Institutions', 'Credit rating agencies', 'Ratings agencies', 'Credit ratings agencies', 'Credit ratings industry', 'A credit rating agency (CRA)', 'Credit Reporting Agencies', 'Credit rating industry', 'Credit rating agency', 'List of credit ratings agencies', 'Ratings agency']", credit rating agencies,0.8216376304626465,0,0,0
9858,Answer the question concisely. Q: The ancient city of Troy is located in what modern country? A:,"['Turkey', 'Turkey (country)', 'Türkiye Respublikasi', 'Turky', 'Turkei', 'Tuerkiye Cumhuriyeti', 'Tuerkiye', 'Turquie', 'ISO 3166-1:TR', 'Turquia', 'TurkeY', 'Turkey (Country)', 'Turkiye', 'Turkey (state)', 'Terky', 'Republic of Turkey', 'Türkiye', 'Turkish Republic', 'Republic of Turkiye', 'Turkish republic', 'The Republic of Turkey', 'Turkey (nation)', 'Türkiye Respublikası', 'Türkei', 'Tuerkei', 'Turkiye Cumhuriyeti', 'TURKEY', 'Republic of turkey', 'Etymology of Turkey', 'Turkie', 'Turkia', 'Türkiye Cumhuriyeti']", Turkey,0.6854690313339233,0,0,0
9920,Answer the question concisely. Q: What is the name of pigment that gives plants and leaves their colors and also absorbs light in the blue and red portions of the spectrum? A:,"['C55H70O6N4Mg', 'Chlorophyll', 'Chorophyll', 'C55H72O5N4Mg', 'Chlorophyl', 'Chlorophylls', 'Chlorophyllose', 'Chlorafil', 'E140 (E number)', 'Chlorophyllous', 'C35H30O5N4Mg', 'Leaf-green', 'Clorophyl', 'C54H70O6N4Mg', 'Chlorophil', 'Clorofill', 'Leafgreen', 'Cholorophyll', 'Cholorophyl', 'Leaf green', 'C35H28O5N4Mg']", chlorophyll,0.8503873348236084,0,0,0
9921,"Answer the question concisely. Q: The excellent cut of beef known as ""hanger steak"" is taken from what part of the animal? A:","['Diafram', 'Diaphram', 'Diaphragm', 'Diapragm', 'Diafragm', 'Diaphragm (disambiguation)']", diaphragm,0.8919153809547424,0,0,0
9939,Answer the question concisely. Q: What radio station do you find at 90.3 on your FM dial? A:,"['KCMU', 'KEXP', 'KCMU-FM', 'KBTC-FM', 'KEXP-FM']", WUOG,0.12556569278240204,1,1,1
9955,Answer the question concisely. Q: How many are in a gross? A:,"['144', 'one hundred and forty-four']", 144,0.6808407306671143,0,0,0
9957,"Answer the question concisely. Q: What in law, does the term consanguinity mean? A:",['RELATED BY BLOOD'], blood relationship,0.020479068160057068,1,0,0
9959,Answer the question concisely. Q: Who was the Roman goddess of Death? A:,"['LIBITINA', 'Libitina']", Charon,0.05017869174480438,1,1,1
