idx,prompt,gold,generated_response,bleurt_score,hallucination_label,small_llm,large_llm
3,Answer the question concisely. Q: Who had a 70s No 1 hit with Kiss You All Over? A:,"['Internal exile', 'Exiles', 'Transported for life', 'Exile (politics and government)', 'Voluntary exile', 'Sent into exile', 'Exile and Banishment', 'Self-exile', 'Forced exile', 'Exile', 'Exile in Greek tragedy', 'Banish', 'Banishment']", The Bee Gees,0.1600140482187271,1,1,1
4,Answer the question concisely. Q: What claimed the life of singer Kathleen Ferrier? A:,"['Cancer pathology', 'Deaths by cancer', 'Anti-cancer', 'Cancer (disease)', 'Cancerophobia', 'Malignant lesion', 'Cancer medication', 'Malignant tumors', 'Cancer signs', 'Malignant neoplasm', 'Invasive (cancer)', 'Malignant Neoplasms', 'Malignant growth', 'Sporadic cancer', 'Malignant cancer', 'Tumour virus', 'Cancer en cuirasse', 'Microtumor', 'Malignant neoplasms', 'Malignant tumour', 'Carcinophobia', 'Malignacy', 'Cancer patient', 'Epithelial cancers', 'Solid cancer', 'Cancers', 'Tumor medication', 'Malignant neoplastic disease', 'AIDS-related cancer', 'Invasive cancer', 'Cancer therapy', 'Cancerous tumor', 'Cancer', 'Financial toxicity', 'Cancer diagnosis', 'Cancer (medicine)', 'Malignant tumor', 'Cancerous', 'Borderline (cancer)', 'Signs of cancer', 'Malignancies', 'Cancer aromatase']", Her own stupidity,0.14671805500984192,1,1,1
18,Answer the question concisely. Q: Who had an 80s No 1 hit with Hold On To The Nights? A:,"['Richard Noel Marx', 'Richard Marx']", The Police,0.056581027805805206,1,1,1
25,Answer the question concisely. Q: Men Against the Sea and Pitcairn's Island were two sequels to what famous novel? A:,"['HMS Bounty mutineers', 'Mutiny on the Bounty', 'Mutiny on Bounty', 'Mutiny On The Bounty', 'Mutiny on the Bounty (history)', 'Mutiny on the bounty', 'Bounty (vessel)', 'Thomas Ledward']", The Adventures of Huckleberry Finn,0.20651361346244812,1,1,1
40,Answer the question concisely. Q: Otis Barton was a pioneer in exploring where? A:,"['Underwater', 'Under water', 'Underwater life', 'Undersea']", The Arctic,0.4659540057182312,1,1,1
43,"Answer the question concisely. Q: In Greek mythology, who were Arges, Brontes and Steropes? A:","['Cyclopes (disambiguation)', 'Cyclopes']", The three daughters of Zeus and Hera,0.1364452987909317,1,1,1
64,Answer the question concisely. Q: Who was the first US-born winner of golf's British Open? A:,"['Walter Hagen', 'Hagen, Walter', 'Walter Charles Hagen']", Ben Hogan,0.19378912448883057,1,1,1
74,Answer the question concisely. Q: Who or what was Gentle Ben in the 60s TV series? A:,"['Ursine', 'Ursoidea', 'Honey pig', 'Bears', 'Arctos', 'Ursidae', 'BEAR', 'Mating bears', 'Bear cub', 'Reproductive behavior of bears', 'Ursoid', 'Cub (bear)', 'Bear', '🐻', 'Bear (zoology)', 'Sexual behavior of bears', 'Bear hibernation']", A man who was a friend of the family,0.17895162105560303,1,1,1
82,Answer the question concisely. Q: Who was the Georgia Peach? A:,"['Cobb, Ty', 'Ty Cobb', 'The Georgia Peach', 'Tyrus Raymond Cobb', 'Tyrus Cobb']", The Georgia Peach was a man who was born in Georgia,0.5230621099472046,0,0,0
84,Answer the question concisely. Q: Della Street was whose secretary? A:,"['Perry Mason (film)', 'Perry mason', 'Perry Mason: The Case of the Defiant Daughter', 'Perry Mason']", Della Street was the secretary of the Department of the Interior.,0.10341399908065796,1,1,1
91,Answer the question concisely. Q: Which Star Trek star directed Three Men and a Baby? A:,"['Leonard nimoy', 'Leonard Nimoy', 'LEONARD NIMOY', 'Leonard Nemoy', 'Leonard Simon Nimoy']", George Takei,0.1689460724592209,1,1,1
104,Answer the question concisely. Q: What was the name of the brothel in The Best Little Whorehouse in Texas? A:,"['Chicken Ranch', 'Chicken Ranch (disambiguation)', 'The Chicken Ranch']", The Best Little Whorehouse in Texas,0.19872736930847168,1,1,1
107,Answer the question concisely. Q: Melanie Molitor is the mom of which tennis world NO 1? A:,"['The Swiss Miss', 'Martina hingis', 'Martina Hingisová', 'Martina Hingis', 'MartinaHingis', 'Martina Hingisova', 'Hingis']", Roger Federer,0.1751249134540558,1,1,1
126,"Answer the question concisely. Q: ""Which boxer famously said,"""" If I can't beat this bum take my name off the record books?"""""" A:","['Rocco Marchegiano', 'Rocky Marciano', 'The Brockton Blockbuster', 'Brockton Bomber', 'Marciano, Rocky', 'Rocco francis marchegiano', 'The Brockton Bomber', 'Brockton Blockbuster', 'Rocco Francis Marchegiano']"," ""Muhammad Ali",0.07058783620595932,1,1,1
159,Answer the question concisely. Q: Which Palestinian co-founded al Fatah in 1957? A:,"['Yasir Arafat', ""Yasir 'Arafat"", 'Jassir Arafat', 'Abu Ammar', ""Yasser 'Arafat"", 'محمد عبد الرحمن عبد الرؤوف عرفات القدوة الحسيني', 'Abū %60ammār', 'Mohammed Abdel Rahman Abdel Raouf Arafat Al Qudua Al Husseini', 'Yaser Arafat', 'Mohammed Abdel Rahman Abdel Raouf Arafat al-Qudwa al-Husseini', 'Ashraf al-Kurdi', 'Muhammad Abd ar-Rauf al-Qudwah al-Husayni', 'Abu Amar', 'Mohammed Abdel-Raouf Arafat As Qudwa al-Hussaeini', 'Death of yasser arafat', 'Yasser Arafet', 'Yasser Arafat', 'Death Of Yasser Arafat', 'Yassir Arafat', 'Death of Arafat', 'Muhammed al-Qudwa al-Husseini', 'Yasir Arafat (Disambiguation)', 'Illness of Yasser Arafat', 'Yassar Arafat']", Yasser Arafat,0.9499902129173279,0,0,0
164,"Answer the question concisely. Q: In La Cage Aux Folles, what was La Cage Aux Folles? A:","['Discotheque', 'Night clubs', 'Diskotek', 'Dance club', 'Clubbers', 'Night club', 'Discothèque', 'Nightclubs', 'Clubber', 'Theque', 'Discoteck', 'Dance Club', 'Discotech', 'Discothèques', 'Clubgoer', 'Nightclub culture', 'List of nightclubs', 'Nightclub', 'Discoteque', 'Discotheques', 'Discothek', 'History of discotheques', 'Disco Bar', 'Dance clubs', 'Night Clubs', 'Disco pub', 'Discotek', 'Discotheke', 'Club scene', 'Night-club', 'Club night', 'History of nightclubs']", A play about a gay man and his two drag queens,0.1875668615102768,1,1,1
196,Answer the question concisely. Q: In which city was John Lennon murdered? A:,"['New Yourk State', 'State of N.Y.', 'US-NY', 'N Y', 'The state of NY', 'NewYork', 'NYS', 'Neo York', 'NY state', 'Nova York', 'State of new york', 'Ny', 'New york', 'Nueva York (estado)', 'N Y state', 'New York (state)', 'U.S. state of New York', 'New York state', 'New York, U.S.', 'State New York', 'Nýja-Jórvík', 'Newyork', 'NEW YORK', 'State of N. Y.', 'N. Y. state', 'NY', 'The state of N.Y.', 'NY (state)', ""New York's"", 'N.Y. (U.S. state)', 'State of new yourk', 'New York State', 'New York (U.S. state)', 'New york state', 'New Yrok', '11th State', 'New York (USA State)', 'State of N Y', 'New-York', 'The State of New York', 'State of New York', 'US state of New York', 'N Y (U.S. state)', 'N.Y. state', 'N.Y.', 'The state of N. Y.', 'N. Y. (state)', 'The state of N Y', 'New York, US', 'N.Y. (state)', 'Nyja-Jorvik', 'Religion in New York', 'New Yourk', 'N. Y.', ""New York State's"", 'Estado Nueva York', 'New York (USA state)', 'New york population', 'New York, U.S.A', 'New York', 'NY (U.S. state)', 'Estado de Nueva York', 'N. Y. (U.S. state)', 'Eleventh State', 'N Y (state)', 'State of NY', 'New York (State)', 'New York (U.S. state']", In New York City,0.5549870133399963,0,1,0
209,Answer the question concisely. Q: Which Syrian city is said to be the oldest continually inhabited city in the world? A:,"['Damascuc', 'Damascos', 'Emirate of Damascus', 'Damascus', 'City of jasmin', 'Asia/Damascus', 'Damaskos', 'City of Jasmin', 'Al Shamie', 'Ash-Shām', 'دمشق', 'الشام', 'Sultanate of Damascus', 'Demographics of Damascus', 'History of Damascus', 'Ancient City of Damascus', 'Al-Shami', 'Damascus, SY', 'Damascus in the middle ages', 'Dimashq', 'Damascus, Syria', 'Ancient damascus', 'Medieval damascus', 'Classical damascus', 'Capital of Syria', 'Damaskus']", Damascus,0.7978610992431641,0,0,0
228,Answer the question concisely. Q: What raw material is used for making glass? A:,"['Sandiest', 'Coversand', 'Desert sand', 'Psammophilous', 'Psammophile', 'Sand', 'Floor sugar', 'Sand-grain', 'Floor-sugar', 'Sand grain', 'Grains of sand']", Glass is made from sand,0.6164154410362244,0,1,1
231,Answer the question concisely. Q: What name is given to the change of state from liquid to gas? A:,"['Evaporating', 'Vapourization', 'Evapouration', 'Verdunstung', 'Vaporized', 'Évaporation', 'Evaporates', 'Evapourate', 'Evaporation', 'Vaporizing', 'Vaporise', 'Evaporate', 'Vapourise', 'Evaporated', 'Vaporizes']", Liquefaction,0.3862954378128052,1,1,1
251,Answer the question concisely. Q: What is the name of the large buttock and thigh muscle? A:,"['Gluteus maximus muscles', 'Glutei maximi', 'Gluteus maximus', 'Gluteaus maximus', 'Glutaeus maximus muscle', 'Musculus glutaeus maximus', 'Glute', 'Glutius maximus', 'Gluteus Maximus', 'Musculus gluteus maximus', 'Glutes', 'Glutis maximus', 'Gluteus maximus muscle', 'Glutæus maximus', 'Glutaeus maximus', 'Glutæus maximus muscle']", Gluteus maximus,0.9842356443405151,0,0,0
252,"Answer the question concisely. Q: When the egg is released from the ovary, what is left behind? A:","['Corpora lutea', 'Lutein cyst', 'Corpus luetum', 'Corpus luteum', 'Yellow body', 'Corpus albicantia', 'Corpora luteum', 'Corpus luteum hormones', 'Corpus leteum', 'Granulosa lutein cell', 'Corpus lutea', 'Corpora albicantia', 'Theca lutein cell', 'Luteal cells', 'Corpus luteum graviditatis', 'Luteal cell', 'Luteal', 'Corpus Luteum', 'Corpus luteum cell', 'Yellow bodies']", The egg,0.1218336820602417,1,1,1
253,Answer the question concisely. Q: What is the scientific name for the heart's pacemaker? A:,"['Sinoatrial', 'Sa node', 'The sinoatrial node', 'Sinuatrial mode', 'SA Node', 'Sinoastrial node', 'Sinu-atrial node', 'Sinus Node', 'SA node', 'Sinoatrial Node', 'Nodus sinuatrialis', 'Sinoatrial cell', 'Sinuatrial node', 'Sinus node', 'Atrial sinus', 'Sino-atrial node', 'Sino atrial node', 'Sinoatrial node']", The sinoatrial node,0.9470621347427368,0,0,0
263,Answer the question concisely. Q: Who was the first man to walk on the Moon? A:,"[""That's one small step for a man one giant leap for mankind"", 'Neil Armstrong', 'First man on moon', 'One small step for man', ""That's one small step for a man, one giant leap for mankind"", 'Niel Armstrong', ""That's one small step for man, one giant leap for mankind"", 'Neal armstrong', 'First man on the moon', 'Astronaut Armstrong', 'Neil armstrong', 'Neil Alden Armstrong', 'Neal Armstrong', 'First man on the Moon', ""That's one small step for a man"", 'Neil armstorng', 'Armstrong, Neil Alden', 'Neil A. Armstrong']", Neil Armstrong,0.8941417336463928,0,0,0
281,Answer the question concisely. Q: What is the most popular natural attraction in Alaska? A:,"['Denali North Peak', 'Mount McKinley', 'Mount McKinley North Peak', 'Mt McKinley (Denali)', 'Churchill peaks', 'Mount McKinley South Buttress', 'Highest mountain in North America', 'Большая Гора', 'Mount Mckinley', 'Mt. Denali', 'Mount mckinley', 'Mt McKinley', 'Mount McKinely', 'Mount McKinley East Buttress', 'Mt. McKinley', 'Mt. mckinley', 'Mount Denali', 'Denali East Buttress', 'Mount McKinley (Alaska)', 'Denali', 'Denali South Buttress', 'Mt mckinley']", The aurora borealis,0.26021504402160645,1,1,1
291,Answer the question concisely. Q: Taphephobia is the fear of losing your teeth? A:,"['False (disambiguation)', 'Falsehood', 'False']", Yes,0.06250914931297302,1,1,1
295,Answer the question concisely. Q: What is the only letter of the alphabet which does not appear in any of the names of the 50 American states? A:,"['ⓠ', '🅠', 'Q (alphabet)', 'Ⓠ', '⒬', '🅀', 'Ｑ', '🄠', 'Q', 'Q (letter)', '🆀', 'Q.']",,0.2382059246301651,1,1,0
298,"Answer the question concisely. Q: From which country do French fries originate? France, Belgium or Switzerland? A:","['ISO 3166-1:CH', 'Svissland', 'Etymology of Switzerland', 'Confederation Helvetia', 'Swizerland', 'Confederatio Helvetica', 'Environmental Integrity Group', 'Confoederatio Helvetica', 'Svizra', 'SWITZERLAND', 'Confédération suisse', 'SwissEnergy', 'Schweitz', 'Švýcarsko', 'Die Schweiz', 'Schwitzerland', 'Confederation suisse', 'Der Schweiz', 'Swiss Confederated States', 'Suiza', 'Switz', 'Switzeland', 'Schweiz', 'Confederation Helvetica', 'Switserland', 'Suisse', 'Schweizerische Eidgenossenschaft', 'Switzerland information', 'Confederaziun Svizra', 'Switzer land', 'Switzerland', 'Land of the Switzers', 'Swiss confederation', 'Confœderatio Helvetica', 'Swiss', 'Confederation Suisse', 'Confederation of Helvatia', 'Land of the Swiss', 'Confederaziun svizra', 'Svizzera', 'Swissland', 'Swizterland', 'Confédération Suisse', 'Confederazione Svizzera', 'Swiss Confederation']", France,0.3426755666732788,1,1,1
320,Answer the question concisely. Q: The melody for which famous song was written by sisters and school teachers Patty and Mildred Hill in Kentucky in 1893? A:,"['Happy Birthday (song)', 'Happy Birthday (disambiguation)', 'Hapy birthday', 'Happy birthday', 'Happy Birthday (album)', 'Happy Birthday (film)', 'Happy Birthday']"," ""The Battle Hymn of the Republic",0.1444515734910965,1,1,1
329,Answer the question concisely. Q: How many episodes of Prisoner: Cell Block H were made? A:,"['692', 'six hundred and ninety-two']", 1,0.0849417895078659,1,1,1
340,Answer the question concisely. Q: Which P is the correct technical term for the art of making and displaying fireworks? A:,"['Pyrotecnics', 'Pyrotechnics', 'Pyro Technic', 'Puff pot', 'Flash Pot', 'Pyrotechnical', 'Pyrotechnic device', 'Flash pot', 'Pyrotechnic', 'Pytrotechny']", Pyrotechnics,0.9070285558700562,0,0,0
354,"Answer the question concisely. Q: In a standard deck of cards, how many Kings have a moustache? A:","['3', 'Three', 'three']", None,0.07345036417245865,1,1,1
357,Answer the question concisely. Q: In which capital city would you find Charles Bridge and Wenceslas Square? A:,"['City of Prague', 'Prauge', 'Wards of Prague', 'Prague, Czechoslovakia', 'Prahou', 'Prague ,Czech Republic', 'Prague, Bohemia', 'Prague (Czech Republic)', 'Prague, Czechia', 'NUTS Prague', 'Praha, Czech Republic', 'Praha', 'Capital city of the Czech Republic', 'UN/LOCODE:CZPRG', 'Capital of the Czech Republic', 'Europe/Prague', 'Praque', 'Prague tourism', 'Prague, Bohemia, Czech Republic', 'Greater Prague', 'NUTS Praha', 'Prague', 'Prahy', 'Historic Centre of Prague', 'Hlavní město Praha', 'Capital of Czech Republic', 'Prague, Czech Republic', 'CZPRG']", Prague,0.7001643776893616,0,0,0
361,Answer the question concisely. Q: What is the largest city in Turkey? A:,"['Stambulu', 'Istanbul (Turkey)', 'Istanbul', 'UN/LOCODE:TRIST', 'Kushta', 'Historic Areas of İstanbul', 'Easthambull', 'Istanbul Metropolitan Municipality', 'Konstantiniye', 'Istamboul', 'Instanbul', 'Stambol', 'City of Istanbul', 'Micklegard', 'Lygos', 'Islambol', 'East Ham Bull', 'Istambul', 'İstanbul', 'Stambul', 'Dersaâdet', 'Instabul', 'Constantinople (Turkey)', 'Istanbull', 'Ligos', 'Tzarigrad', 'Constantinopole, Turkey', 'Constantinople (modern city)', 'Topboğazi', 'Istanbul, Turkey', 'İstanbul, Turkey', 'Istanbuler']", Istanbul,0.7160617113113403,0,0,0
370,Answer the question concisely. Q: Which animal has the longest gestation period at around 22 months? A:,"['Elephant (disambiguation)', 'The Elephant', 'Elephant (film)', 'Elephant (song)', 'The elephant', ""L'Elephant""]", The giraffe,0.34731942415237427,1,1,1
373,Answer the question concisely. Q: Who dated actress Elizabeth Hurley between 2000 and 2001 and denied he was the father of her son born in 2002 before a DNA test proved otherwise? A:,"['Steve bing', 'Steve Bing', 'Shangri-La Entertainment', 'Steven Bing', 'Stephen Bing']", Hugh Grant,0.20934835076332092,1,1,1
375,Answer the question concisely. Q: Author Dick Francis is famous for writing novels based around which sport? A:,"['Scratch sheet', 'Race horse', 'Pony racing', 'Horse Racing', 'Racing horse', 'Racing industry', 'Horse racing in Japan', 'Horse-racing', 'Keiba', '🏇', 'Horse racing', 'Horse racing venue', 'Racing on horseback', 'Quarter-Horse Racing', 'Horse race', 'Horse races', 'Racehorses', 'Horse-race', 'Racehorse', 'Turf patron', 'Horserace', 'Horseracing']", Cricket,0.34801578521728516,1,1,1
390,"Answer the question concisely. Q: Apart from being warm blooded and giving birth to live young, what do mammals produce to differentiate them from other families of animals? A:","['Whole Milk', 'Dudh', 'Reduced fat milk', 'Cow milk', 'Homogenized Milk', 'Cows’ milk', 'Bovine milk', 'Liquid Milk', 'Sweet milk', 'Dairy milk', 'Low fat milk', 'Milk proteins', 'Milker', 'Whole milk', 'Homo milk', 'Milk solids', 'Milk jugs', 'Breakfast milk', 'Cow’s milk', 'Milk protein', 'Milk (drink)', 'Benefits of Drinking Milk', 'Walrus milk', 'Sterilized milk', 'Milk jug', 'Food milk', 'Lowfat milk', 'Gyunyu', 'Homogenized milk', 'Mammal milk', 'Low-fat milk', ""Cow's milk"", 'Liquid milk', 'Milk (beverage)', 'Reduced-fat milk', 'Milk']", Milk,0.7309080362319946,0,0,0
392,"Answer the question concisely. Q: Which scientist was Time magazine's ""Person of the 20th Century""? A:","['Albert Enstien', 'A Tribute to Einstein', 'Albert Einstien', 'Einstein (physicist)', 'Einsetein', 'Albert Einstin', 'Einstien', 'Albert Eienstein', 'Albert Einstein', 'Einstein, Albert', 'Albert Enstein', 'Einsteinian', 'Alber Enstien', ""Albert Einstein's"", 'Einstein', 'Einstien, Albert', 'A. Einstein', 'Al Einstein', 'Albert einstein', 'Alber Einstein']", Albert Einstein,0.8711592555046082,0,0,0
409,Answer the question concisely. Q: The river Danube flows into which sea? A:,"['Marea Neagră', 'Black Sea shelf', 'Black Sea littoral', 'Черноморский', 'Black sea', 'შავი ზღვის', 'შავი ზღვა', 'Euxine', 'Чорноморський', 'The Black Sea', 'Black seas', 'Schwarzes Meer', 'Pontus Euxinus', 'Pontus Euxinos', 'Euxine Sea', 'Black Sea', 'Kara Deniz', 'Черно море']", The Black Sea,0.9221388101577759,0,0,0
432,Answer the question concisely. Q: On Red Nose Day 2001 who won Celebrity Big Brother? A:,"['Dee, Jack', ""Jack Dee's Sunday Service"", ""Jack Dee's Saturday Night"", 'James Andrew Innes %22Jack%22 Dee', 'Jack Dee', 'James Andrew Innes Dee']", The Queen,0.09237151592969894,1,1,1
454,"Answer the question concisely. Q: The 1955 comedy movie We're No Angels centred on three escaped convicts. Peter Ustinov and Aldo Ray were two, but who played the third? A:","['Humphrey boggart', 'Stephen Bogart', 'Humphrey bogart', 'Humphry Bogart', 'Humphrey DeForest Bogart', 'Tennis anyone', 'Bogart', 'Humphrey Bogart', 'Humprey Bogart']", The third convict was played by,0.031486302614212036,1,1,1
461,"Answer the question concisely. Q: Which serial killer hanged himself in Wakefield Prison in January 2004, four years after being found guilty of 15 murders? A:","['Doctor shipman', 'Dr. Harold Shipman', 'Dr Harold Shipman', 'Dr Shipman', 'Primrose Shipman', 'Dr. Shipman', 'Harold Shipman', 'Fred Shipman', 'Dr. Harold Frederick SHIPMAN', 'Harold shipman', 'Dr. death (harold shipman)', 'Harold Frederick Shipman']", Albert Fish,0.2065267264842987,1,1,1
472,Answer the question concisely. Q: Who killed Jean Paul Marat? A:,"['Corday, Charlotte', 'Charlotte Corday', 'Charlotte la Cordé', ""Marie Anne Charlotte Corday D'Armont"", 'Marie Anne Charlotte Corday Darmont', ""Marie-Anne Charlotte de Corday d'Armont""]", The Marquis de Sade,0.18181216716766357,1,1,1
473,Answer the question concisely. Q: What was the name of the kangaroo often mistaken by Sylvester the cat to be a giant mouse? A:,"['Hippety Hopper', 'Hippity Hopper', 'Giant Mouse']", Roo,0.11566750705242157,1,1,1
501,Answer the question concisely. Q: Which Canadian born  actress was the star in the movie Barb Wire? A:,"['Pamela Anderson', 'Pamela Lee', 'Pamula Anderson', 'Pam anderson', 'Pam Anderson', 'Pamela Denise Anderson', 'Pamela Anderson Lee', 'Pam Andreson', 'Pamala anderson', 'Pamela Lee Anderson', 'Pamela anderson', 'Pamela Anderson House', 'Miss february 1990', 'Pamela andersson']", Sandra Bullock,0.285897433757782,1,1,1
517,Answer the question concisely. Q: How many times did Steffi Graf win the Ladies Singles at Wimbledon? A:,"['seven', '7']", 4,0.15613913536071777,1,1,1
525,Answer the question concisely. Q: Which actress left Eastenders for Hollywood only to flop as The Bionic Woman? A:,"['Michelle Ryan', 'Michelle Ryans', 'Michele ryan']", Linda Thorson,0.4239903688430786,1,1,1
527,"Answer the question concisely. Q: How were Dr Stantz, Dr Spengler and Dr Venkman better known in the 1980's? A:","['Ivo Shandor', 'Ghost buster', 'Dana Barrett', 'Walter Peck', 'Zuul', 'Ghostbusters Trivia', 'Ghostbusters I', 'Who you gonna call%3F', 'Ghostbusters (film)', 'Peter Vankman', 'Keymaster', 'Vinz Clortho', ""I ain't afraid of no ghosts"", 'Ghostbusters', 'GB1', 'Evo Shandor', 'Ghost Busters', 'Ghost busters', 'Ghostbuster']", They were the Ghostbusters,0.5856258273124695,0,0,0
528,Answer the question concisely. Q: General Charles de Gaulle was French President 1959 to 1969. Who succeeded him? A:,"['Georges Jean Raymond Pompidou', 'Georges Pompidou', 'George Pompidou']", General Charles de Gaulle was French President 1959 to 1969. Who succeeded him,0.11028378456830978,1,1,1
543,Answer the question concisely. Q: How many female P.Ms have there been? A:,"['1', 'one', 'One']", None,0.08474075049161911,1,1,1
546,"Answer the question concisely. Q: Which American female rap artist, film & television actress release a song called Paper in 1998 A:","['Dana Owens', 'Lancelot H. Owens', ""List of Queen Latifah's awards and nominations"", 'Rita Owens', 'Queen Latifah', 'Latifah', 'Dana Elaine Owens', 'Queen Latifa']", The late great Tupac Shak,0.1020519882440567,1,1,1
553,Answer the question concisely. Q: Which sea lies between Italy and the former Yugoslavia? A:,"['Adriatic sea', 'Jadransko morje', 'Jadransko more', 'Adriatic Sea', 'Adriatic Coast', 'Mare hadriaticum', 'Adriatic', 'Adriatic coast', 'Pollution of the Adriatic Sea']", The Adriatic Sea,0.7277191281318665,0,0,0
555,Answer the question concisely. Q: Who was known as the Great Lover of the Silent Screen? A:,"['Rudolph Valentino', 'Rudy Valentino', 'Rudolph valentino', 'Rodolph Valentino', 'Rodolfo Alfonso Raffaello Piero Filiberto Guglielmi', 'Rodolfo Valentino', 'Rudolf Valentino']", Buster Keaton,0.22691459953784943,1,1,1
592,Answer the question concisely. Q: How many avenues radiate from the Arc de Triomphe? A:,"['twelve', '12']", One,0.06182442605495453,1,1,1
594,"Answer the question concisely. Q: The Dakar Rally (previously known as the Paris Dakar rally) is an annual event, but of which country is Dakar the capital city? A:","['Republic of Sénégal', 'Sengal', 'Sport in Senegal', 'ISO 3166-1:SN', 'Indigenous cultures, kingdoms and ethnic groups of Senegal', 'Culture of Senegal', 'Republic of Senegal', 'Senegal', 'Senegalese', 'République du Sénégal', 'Sénégal', 'Indigenous Cultures, Kingdoms and Ethnic Groups of Senegal', 'Etymology of Senegal']"," The Dakar Rally is an annual event, but of which country is Dakar the capital city",0.2545103430747986,1,1,1
600,"Answer the question concisely. Q: Produced between 1970 and 1974, what is a Bond Bug? A:","['Automotive vehicle', 'Ottomobile', 'Automobile', 'Environmental impact of cars', 'Self-rolling carriage', '🚗', 'Motorcar', '🚘', 'M1 vehicle', 'Cardoor', 'Motorization', 'Automobil', 'Automobiles', 'Self-propelling carriage', 'Passenger Vehicle', 'Automobilism', 'A car', 'Car', 'Motor car', 'Passenger vehicles', 'Motorisation', 'Autos', 'Automobles', 'The Automobile', 'Environmental impact of automobiles', 'Motor-car', 'Motor Car', 'Car Automobile', 'Cars', 'Passenger vehicle']", A car that was produced by the Bond Bug Company,0.3208230137825012,1,1,1
602,Answer the question concisely. Q: What is the name of the helicopter used to transport the President of the United States A:,"['Marine Two', 'Marine Corps One', 'Marine One', 'Marine I', 'Marine one', 'Marine 1', 'Marine Corps 1', 'Marine-One']", The helicopter is called Air Force One,0.3731381595134735,1,1,1
603,Answer the question concisely. Q: Which queen consort of England is associated with Hever Castle in Kent? A:,"['Anne Boylen', 'Anne Bullen', 'Anne boelyn', 'Anne Boullant', 'Ann Boleyn', 'Anne Boleyn, 1st Marchioness of Pembroke', 'Anne Boelyn', 'Ann Bullen', 'Anne Boleyn', 'Anna Bollina', 'Queen Anne Boleyn', 'Anne Bolyn', 'Anne boleyn', 'Anne bolyn']", Anne Boleyn,0.928625226020813,0,0,0
645,Answer the question concisely. Q: In which TV series would you find an Eagle Transporter A:,"['Alpha1999', 'Space:1999', 'Space 1999', 'The Woodgrove Trilogy', 'Space1999', 'Alpha 1999', 'Space: 1999']", The X-Files,0.1745704710483551,1,1,1
663,"Answer the question concisely. Q: Which Shakespeare play tells the story of Prospero, the rightful Duke of Milan? A:","['Van Eck radiation', 'EMSEC', 'Tempest attack', 'Emissions security', 'Emission security', 'The TEMPEST', 'Tempest (codename)', 'TEMPEST']", The Tempest,0.38096851110458374,1,0,0
667,Answer the question concisely. Q: In which film series would you expect to film Katniss Everdeen and Peeta Malark? A:,"['The Hunger games', 'Hunger Games trilogy', 'Hunger Games', 'Hunger Games (franchise)', 'The Hunger Games', 'Hunger Games Trilogy', 'The Hunger Games trilogy', 'The hunger games', 'Hunger Games franchise', 'The Hunger Games franchise', 'Hunger games trilogy', 'The hunger games.', 'Hunger games', 'Hunger game', 'The hunger games trilogy', 'The Hunger Games (franchise)']", The Hunger Games,0.9059029221534729,0,0,0
671,Answer the question concisely. Q: What animal did Reggie Perrin think of every time his Mother-in-law was mentioned? A:,"['The Hippopotamus', 'A Hippopotamus.']", A: A: A: A: A: A: A: A: A: A: A: A: A: A: A: A: A: A: A: A: A: A: A: A: A: A: A: A: A: A: A: A:,0.22587095201015472,1,1,1
674,Answer the question concisely. Q: What song was a hit for Tom Jones and Cerys Matthews in 1999? A:,"[""It's Cold Outside"", ""Baby, It's Cold Outside (song)"", ""Baby, It's Cold Outside"", ""Baby it's cold outside"", 'Baby its cold outside', ""Baby It's Cold Outside""]"," ""It's Not Unusual",0.22206494212150574,1,1,1
681,Answer the question concisely. Q: What was the first Beatles film? A:,"[""A hard day's night"", ""Hard Day's Night"", 'Hard days night', ""A Hard Day's Night (disambiguation)"", 'A hard days night', ""A Hard Day's Night"", 'A Hard Day’s Night', ""Hard day's night""]", Help,0.06375734508037567,1,1,1
689,Answer the question concisely. Q: Which ‘A’ is a calculating frame with sliding balls on wires? A:,"['Abacus Calculation', 'Russian abacus', 'Abaci', 'Nepohualtzintzin', 'Abacus (Aztec)', 'Cranmer abacus', 'Abacuses', 'Counting frame', 'Abacus', 'Abacist', 'Abacus (mathematics)', 'Abacists', 'Bead frame', 'Abacus arithmetic', 'AbacuS', 'Counting frames', 'Abbacus', 'Reckoning frame']", A is a calculating frame with sliding balls on wires,0.2313290536403656,1,0,0
690,Answer the question concisely. Q: The rowan tree is also known as the Mountain ‘what’? A:,"['Ash (disambiguation)', 'Ash']", The Mountain ‘what’,0.07320039719343185,1,1,1
695,Answer the question concisely. Q: Which vegetable was the first to be canned? A:,"['Pisum sativum', 'Pea plant', 'Garden pea', 'Green peas', 'P. sativum', 'Peas', 'Pea', 'Peascods', 'Green pea', 'Green Pea', 'Field peas', 'Pea Plants', 'Pea pod', 'Pisum sativus', 'Petit pois']", Cucumber,0.23676449060440063,1,1,1
699,Answer the question concisely. Q: The town of Tobermory is on which Scottish island? A:,"['Isle of mull scotland', 'Mull', 'Island of Mull', 'Malaeus', 'Muile', 'Glenforsa', 'Isle of Mull']", The Isle of Mull,0.7766439914703369,0,0,0
716,Answer the question concisely. Q: Who was the first Hanover King of England? A:,"['George the First', 'George I', 'King George I', 'George 1', 'George I (disambiguation)']", Henry VII,0.20305731892585754,1,1,1
722,Answer the question concisely. Q: Which British singer played Jareth the Goblin King in the 1986 film ‘Labyrinth’? A:,"['Hermione Farthingale', 'Ziggy Stardust (persona)', 'The Berlin Trilogy', 'Berlin Trilogy', 'Bowiesque', 'David Bowie', 'David bowie filmography', 'Davie Jones and the King Bees', 'Bowiean', 'David bowie', 'Tao Jones Index', 'Bowie, David', 'The Konrads', 'Davie Jones with the King Bees', ""David Bowie's"", 'David Bowi', 'Davis bowie', 'The Manish Boys', 'David Robert Hayward-Jones', 'Ziggy stardust (persona)', 'The King of Glitter Rock', 'David Hayward-Jones', 'The Lower Third', 'Davy Jones and the Lower Third']", David Bowie,0.8329982757568359,0,0,0
725,Answer the question concisely. Q: The 1987 film ‘Cry Freedom’ is a biographical drama about which South African civil rights leader? A:,"['Steve Biko', 'Steve Bantu Biko', 'Bantu Steven Biko', 'Steven Biko', 'Stephen Bantu Biko', 'Stephen Biko', 'Gerhardus Hattingh']", Nelson Mandela,0.14322662353515625,1,1,1
751,Answer the question concisely. Q: Mearth was the name of the child of which US tv characters? A:,"['Shazbot!', 'Nanu nanu', 'Shazbot', 'Nanoo nanoo', 'Mork from Ork', 'Nanu Nanu', 'Na-Nu Na-Nu', 'Exidor', 'Mork & Mindy', 'Mork and Mindy', 'Mork And Mindy', 'Mindy McConnell']", The Brady Bunch,0.2361220121383667,1,1,1
760,Answer the question concisely. Q: Sadler’s Wells Ballet and the Vic-Wells Ballet were the previous names of which British ballet company? A:,"['Royal Ballet dancers', 'Royal Ballet principal dancers', 'Vic wells ballet', 'Dancers of The Royal Ballet', 'Sadlers wells ballet', 'Vic-Wells', 'Royal Ballet, London', 'Vic-Wells Ballet', 'Royal Opera House, Manchester', 'Sadlers Wells ballet', 'Principal dancers of The Royal Ballet', 'Royal Ballet', 'The Royal Ballet', ""Sadler's Wells Ballet"", 'Vic-Wells Ballet Company', 'Eric Underwood (dancer)', 'Sadlers Wells Ballet']", Sadler’s Wells Ballet and the Vic-Wells Ballet were the previous names of which British ballet company,0.4004502296447754,1,0,0
791,"Answer the question concisely. Q: Composite, Shield and Cinder Cone are all types of what? A:","['Volcanic vents', '🌋', 'Most-active volcanoes', 'Most active volcano', 'Active Volcano', 'Volcanicity', 'Volcanic vent', 'Crater Row', 'Volcano (geological landform)', 'Last eruption', 'Valcano', 'Active volcano', 'Rift volcano', 'Volcanoe facts', 'Volcanic mountains', 'Extinct Volcano', 'Volcanoes', 'Volcano eruption', 'Potentially active volcano', 'Dormant volcano', 'Erupt', 'Volcano', 'Extinct volcanoes', 'Most-active volcano', 'Extinct volcano', 'Volcanos', 'Volcanic', 'Erupting volcano', 'Volcanic mountain', 'Inactive volcano', 'Active worlds in the Solar System', 'Volcanic activity', 'Volcanic aerosols', 'Dormant volcanoes', 'All about Volcanos', 'Valcanos', 'Volcanoe']", Shield,0.1825253665447235,1,1,1
807,Answer the question concisely. Q: Apimania is an obsession with which creatures? A:,"['Anthophila', 'Apiformes', 'Ground bee', 'Bee flight', 'Solitary bees', 'Bee', 'Bees', 'Ground bees', 'Apiforme', 'Solitary bee']", All of them,0.17127999663352966,1,1,1
811,Answer the question concisely. Q: The Free Officers Movement was composed of young junior army officers committed to unseating the monarchy of which African country? A:,"['EGY', 'Arab Republic of Egypt', 'A .R . EGYPT', 'The Arab Republic of Egypt', 'Eygpt', 'Etymology of Egypt', 'مصر', 'Kemmet', 'Gift of the Nile', 'Arab Republic Of Egypt', 'Names of Egypt', 'Miṣr', 'A .R . Egypt', 'Eytp', 'National identity of Egyptians', ""Jumhuriyat Misr al'Arabiyah"", 'Eypt', 'Egyptian Republic', 'Ejipt', 'Name of Egypt', 'Egipto', 'Kimet', 'جمهوريّة مصرالعربيّة', 'Egypte', 'Egypt (name)', 'Egypt', 'جمهورية مصرالعربية', 'A.R. Egypt', 'Republic of Eygpt', 'Égypte', 'Second Egyptian Republic', 'Egipt', 'ISO 3166-1:EG', 'Egypt info']", The Free Officers Movement was composed of young junior army officers committed to unseating the monarchy of which African country,0.28204381465911865,1,1,1
812,"Answer the question concisely. Q: In which year was the storming of the Bastille, which started the French Revolution? A:","['1789', 'one thousand, seven hundred and eighty-nine']", 1789,0.7036986947059631,0,0,0
821,Answer the question concisely. Q: Who does the commentary in the UK tv programme ‘Come Dine With Me’? A:,"['Dave Lamb', 'Dave lamb']", The contestants,0.03548503667116165,1,1,1
823,Answer the question concisely. Q: The town of Honiton in Devon is famous for producing what? A:,"['Lace', 'Lace-making', 'Real lace', 'Lacework', 'Lace making']", The world's largest collection of what,0.05402940511703491,1,1,1
828,Answer the question concisely. Q: The Euro is divided into how many cents? A:,"['100', 'one hundred']", The Euro is divided into 100 cents,0.27945926785469055,1,0,0
830,Answer the question concisely. Q: Which former RAF pilot wrote the novel ‘Airport’? A:,['Arthur Hailey'], John Buchan,0.202243372797966,1,1,1
831,Answer the question concisely. Q: A creance is the name of the long fine cord used in which sport? A:,"['Austringer', 'Day-old cockerel', 'Hawking (falconry)', 'Falconeering', 'Imping', 'Telwah', 'Falconry']", Tennis,0.11908305436372757,1,1,1
836,Answer the question concisely. Q: The Oroville Dam is in which US state? A:,"['Taxifornia', 'Califronia', 'State of California', 'California, USA', 'California, United States of America', 'Charlie Alpha', 'California (state)', '31st State', 'California, usa', 'Calif.', 'CA (state)', 'Kalifòni', 'California, United States America', 'Thirty-first State', 'Kalifornija', 'California, United States', 'State of California, United States', 'Califórnia', 'California State', 'California', 'California (State)', 'Kalifoni', 'California, US', 'City (California)', 'Californiay', 'Christianity in California', 'Thirty-First State', 'California(U.S. state)', 'Kalifornía', 'Calfornia', 'California, U.S.A.', 'California’s', 'The State of California', 'Californny', 'California (province)', 'California (U.S. state)', 'CA, US', 'State of california', ""California's"", 'Califnornia', 'The golden state', 'US-CA', 'California Chronic', 'California, united states of america', 'CA state']", California,0.7897385954856873,0,0,0
837,Answer the question concisely. Q: What was the name of the Prime Minister of Egypt who was assassinated in 1910? A:,"['Boutros Ghali', 'Boutros Ghali Pasha', 'Boutros, Pasha Ghali']", Talaat Pasha,0.39346200227737427,1,1,1
848,Answer the question concisely. Q: Astrakhan is the curly hair of which young animal? A:,"['Lamb', 'LAMB', 'Lamb (disambiguation)', 'The Lamb (film)', 'The Lamb (disambiguation)', 'LAMB.', 'Lamb (film)', 'Lamb (2015 film)', 'Lambs']", A young horse,0.10792440176010132,1,1,1
851,Answer the question concisely. Q: What type of creature is a Dog Face? A:,"['Butterfly', 'Butterflys', 'Buttetrfly', 'Butterfly life cycle', 'Rhopalocera', 'Butterflies']", A Dog Face is a creature that has a face that looks like a dog,0.342762291431427,1,1,1
857,"Answer the question concisely. Q: In Greek mythology, who was the first wife of Aegeus? A:","['Metadistro', 'Meta-', 'Meta-level', 'Meta', 'META', 'The Metacorder', 'Meta (prefix)']", Helen,0.0370095893740654,1,1,1
874,Answer the question concisely. Q: Who wrote the poem ‘The Lady of the Lake’? A:,"[""Sir Walter Scotts's"", 'Minstrel of the Border', 'Doctor Jonas Dryasdust', 'Wizard of the North', 'Malachi Malasgrowther', 'Sir Walter Scott, 1st Baronet', 'Scott, Walter', 'Walter Scott, 1st Baronet', 'Walter Scott', 'Border Minstrel', 'The Caledonian Comet', 'The Aristo of the North', 'Great Magician', 'Sir Walter Scott', 'Scott, Sir Walter', 'Sir W. Scott', 'Malachi Malgrowther', 'And come he slow or come he fast it is but death who comes at last']", Arthur Conan Doyle,0.2631462514400482,1,1,1
876,Answer the question concisely. Q: ‘Obey your thirst’ is the advertising slogan for which soft drink? A:,"['Sprite (comics)', 'Sprite (disambiguation)', 'Sprite', 'Sprites']", Coca-Cola,0.09944558888673782,1,1,1
881,Answer the question concisely. Q: What did fictional detective Sherlock Holmes keep in the toe of his Persian slipper? A:,"['Smoking blend', 'Tobacco', 'Tobacco Extracts', 'Tobbaco', 'Leaf tobacco', 'Usages of tobacco', 'Smoking blends', 'Tobacco leaves', 'Tobacco cultivation', 'Tobacco leaf', 'Tobacco (agriculture)', 'Tobacco gum']", His cocaine,0.2283927947282791,1,1,1
883,Answer the question concisely. Q: Which Spanish artist painted the series known as ‘Fantasy and Invention’ in the 18th century? A:,"['Francisco José Goya y Lucientes', 'Francisco Jose de Goya y Lucientes', 'José Luján', 'Francisco Jose de Goya', 'Francisco Goya Y Lucientes', 'Goya (artist)', 'Franciso de Goya', 'Francisco José de Goya', 'De Goya', 'Goya y Lucientes', 'Goya y Lucientes, Francisco José de', 'Francisco De Goya', 'Francisco Jose De Goya Y Lucientes', 'Francisco de Goya', 'Francisco de Goya y Lucientes', 'Francesco José de Goya y Lucientes', 'Goya y Lucientes, Francisco Jose de', 'Fransisco Goya', 'Jose Lujan', 'Francisco Goya', 'Goya', 'Francesco Jose de Goya y Lucientes', 'Francisco Jose Goya y Lucientes', 'Francisco Goya y Lucientes', 'Francisco José de Goya y Lucientes', 'Francisco goya']", Francisco Goya,0.9374649524688721,0,0,0
885,"Answer the question concisely. Q: Comedian, actor and director Melvin Kaminsky is better known by what name? A:","['Mel Brookes', 'Melvin James Kaminsky', 'Brooksfilms', 'Melvin Kaminsky', 'Melvyn James Kaminsky', 'Mel Brooks', 'Melvyn Kaminsky']", Melvin Kaminsky,0.9228059649467468,0,0,0
910,Answer the question concisely. Q: What type of animal is Baloo in the novel ‘The Jungle Book’ by Rudyard Kipling? A:,"['Ursine', 'Ursoidea', 'Honey pig', 'Bears', 'Arctos', 'Ursidae', 'BEAR', 'Mating bears', 'Bear cub', 'Reproductive behavior of bears', 'Ursoid', 'Cub (bear)', 'Bear', '🐻', 'Bear (zoology)', 'Sexual behavior of bears', 'Bear hibernation']", A bear,0.39287763833999634,1,0,0
912,"Answer the question concisely. Q: In our solar system, which is the sixth planet from the sun? A:","['Saturn (astronomy)', ""Saturn's"", '♄', 'Sol-6', 'Saturno (planet)', 'Sol 6', 'Planet Saturn', 'Saturnus (planet)', '6th planet', 'Saturn (Planet)', 'Atmosphere of Saturn', 'Weather of Saturn', 'Sixth planet', 'Sol VI', 'Sun g', 'Saturn', 'Sol g', 'Saturn (planet)', 'Astronomy Saturn']", Mercury,0.3666924834251404,1,1,1
950,Answer the question concisely. Q: Which clothing chain was founded by brothers Clemens and August Brenninkmeijer in 1841? A:,"['C & A', 'C and a', 'C & a', 'C&A Brenninkmeijer', 'C and A', 'C&A', 'C&A Brenninkmeyer']", J.C. Penney,0.1304416060447693,1,1,1
962,Answer the question concisely. Q: In which London street does fictional character Sweeney Todd have his barber shop? A:,"['Fleet Street', 'Fleet Street, London']", Fleet Street,0.8633114099502563,0,0,0
968,"Answer the question concisely. Q: Marie Antoinette, Queen of France and Navarre, was born in which country? A:","['The Republic of Austria', 'Oesterreich', 'Eastreach', 'Österrike', 'Easterrealm', 'Austurriki', 'Republik Österreich', 'Osterreich', 'Austurríki', 'Austrian Republic', 'Republik Osterreich', 'Avstria', 'Österreich', 'Republik Oesterreich', 'Administrative divisions of Austria', 'Ostria', 'ISO 3166-1:AT', 'Alpine Deutschen', 'Austria', 'Oostenrijk', 'Architecture of Austria', 'Republic of Austria', 'Etymology of Austria', 'Autriche', 'Austrian architecture']", France,0.22166994214057922,1,1,1
972,Answer the question concisely. Q: A craniotomy is the surgical removal of a portion of which part of the human body? A:,"['Quadratojugal fenestrae', 'Temporal fenstra', 'Supratemporal', 'Post-temporal fenestrae', 'Postfrontal', 'Skull (anatomy)', 'Temporal fenestrae', 'Quadratojugal fenestra', 'Skulled', 'Cranial ridges', 'Symplectic bone', 'Temporal fenestra', 'Mandibular fenestra', 'Temporal fenestræ', 'Supratemporal fenestra', 'Crania', 'Skull fenestra', 'Cranial bone', 'Mandibular fenestrae', 'Skull', 'Animal skulls', 'Cranium (anatomy)', 'Post-temporal fenestra', 'Cranial ridge', 'Temporal Fenestra', 'Temporal opening', 'Orbital fenestra', 'Palatal fenestrae', 'Palatal fenestra', 'Fenestra pseudorotunda', 'Animal skull', 'Intertemporal', 'Skull bones', 'Skull bone', 'Skulle', 'Nasal fenestra', 'Cranium', 'Skull fenestrae', 'Skulls', 'Orbital fenestrae']", The skull,0.5343755483627319,0,0,0
976,Answer the question concisely. Q: What is the International Vehicle Registration for Cambodia? A:,"['🄚', '🄺', '⒦', 'Kay (letter)', 'ⓚ', 'Ｋ', '🅺', 'K (letter)', '🅚', 'K']", The International Vehicle Registration for Cambodia is a vehicle registration system that is used by the Cambodian government to track vehicles,0.2387385070323944,1,1,1
999,Answer the question concisely. Q: The 1981 film ‘Chariots of Fire’ was based on the stories of which two British athletes? A:,['Harold Abrahams and Eric Liddell'], Eric Liddell and Harold Abrahams,0.8511413931846619,0,0,0
1004,Answer the question concisely. Q: In which English cathedral is the tomb of King John? A:,"['Manufacturing in Worcester', 'Worchester', 'The weather in Worcester', 'Worcester, Great Britain', 'Worcester, United Kingdom', 'Mayor of Worcester', 'Worcester/Archive', 'Weorgoranceastre', 'Worcester, Worcestershire', 'Worcester', 'County Borough of Worcester', 'Worcester, England', 'City of Worcester', 'Worcester City Council', 'Worcester, UK']", Canterbury Cathedral,0.18428781628608704,1,1,1
1010,Answer the question concisely. Q: Who wrote the 1968 novel ‘2001: A Space Odyssey’? A:,"['Arthur C. Clarke', 'Clarke, Arthur C.', 'Arthur C. Clarke Challenge Trophy Inter School Astronomy Quiz Competition', 'Ac clarke', 'Profiles of the Future', 'Arthur Charles Clarke', 'Arthur C Clarke', 'A C Clarke', 'A. C. Clarke', 'Arthur C Clark', 'Sir Arthur C Clarke', 'Arthur C. Clark', 'Arthur Clarke', 'Sir Arthur C. Clarke', ""E. G. O'Brien"", 'Sir Arthur C. Clarke Memorial Trophy Inter School Astronomy Quiz Competition', 'A.C. Clarke']", Arthur C. Clarke,0.8936920166015625,0,0,0
1034,Answer the question concisely. Q: Who became US President John Kennedy’s Vice President in 1961? A:,"['Rebekah Baines', 'President Lyndon B Johnson', 'President Lyndon Baines Johnson', 'Presidency of Lyndon Baines Johnson', 'All I have I would have given gladly...', 'President Lyndon B. Johnson', 'Lyndon b. johnson', 'L. Johnson Administration', 'Johnson, Lyndon Baines', 'President lbj', 'Lyndon Johnson Administration', 'Lindon B. Johnson', 'L. B. J.', 'Lyndon b johnson', 'Lyndon B. Johnson Administration', 'LBJ', 'L.B.J.', 'President LBJ', 'Lyndon Johnson', '36th President of the United States', 'L B J', 'Lindon Johnson', 'Howard University Speech', 'Lyndon Banes Johnson', 'Lyndon Baines Johnson Administration', 'Lyndon B. Johnson', 'President Lyndon Johnson', 'Lyndon Baynes Johnson', 'Lyndon johnson', 'L. B. Johnson Administration', 'Lyndon B Johnson', 'Rebekah Baines Johnson', 'Lyndon Baines Johnson', 'Lbj', 'Presidency of Lyndon B. Johnson']", Lyndon B. Johnson,0.9107288122177124,0,0,0
1038,Answer the question concisely. Q: Shashlik is what type of food dish? A:,"['Chenjeh Kebab', 'Kebob', 'Chapli kebab', 'Testi Kebab', 'Kakori Kebab', 'Burrah Kebab', 'Kababs', 'Shish-kebab', 'Kalmi Kebab', ""Sultan's Feast"", 'Kalmi', 'Kebabs', 'Shish kebob', 'Shishkabob', 'Shishkebab', 'Chapli Kebab', 'Kabab', 'Kabab Bakhtiari', 'Qabab', 'Kalmi kebab', 'Kebab Kenjeh کباب کنجه', 'Chelow Kebab', 'Testi', 'Iranian kabab', 'Kabob', 'Burrah', 'Kabaab', 'Bihari kebab', 'Chapli kabab', 'Sheesh kebab', 'Steam kebab', 'Shish kabob', 'Shish-kabob', 'Kebab', 'Galouti', 'Kebap', 'Chapli Kabab', 'Galouti Kebab', 'Kebab restaurant']", It is a type of meat dish,0.30895668268203735,1,1,0
1047,Answer the question concisely. Q: Inspector Bucket is a character in which novel by Charles Dickens? A:,"['Reverend Chadband', 'Rev Mr Chadband', 'John Jarndyce', 'Bleakhouse', 'Nemo (Bleak House)', 'Mademoiselle Hortense', 'Chesney Wold', 'Honoria, Lady Dedlock', 'Bleak House', 'Richard Carstone', 'Miss Barbary', 'Lady Honoria Dedlock', 'Lady Dedlock', 'Harold Skimpole']", The Pickwick Papers,0.12728279829025269,1,1,1
1056,Answer the question concisely. Q: Who is universally accepted to be the first Roman Emperor? A:,"['GAIVS•IVLIVS•CAESAR•OCTAVIANVS', 'Julius Caesar Octavianus', 'Gaius Julius Caesar Octavianus', 'GAIVS*IVLIVS*CAESAR*OCTAVIANVS', 'Ceasar Augustus', 'Gaius Octavius Thurinus', 'Augustus Octavian Caesar', 'Octavious', 'Agustus', 'Augustus', 'Octavian Caesar', 'Caesar Octavian', 'IMPERATOR•CAESAR•DIVI•FILIVS•AVGVSTVS', 'Avgvstvs', 'Octavianus', 'Octavian Augustus', 'Augustus Ceasar', 'Augusts Caesar', 'Coinage reform of Augustus', 'Augustus Caesar', 'Emperor Augustus', 'Emperor Augustus of Rome', 'Gaius Julius Caesar Augustus', 'IMPERATOR*CAESAR*DIVI*FILIVS*AVGVSTVS', 'Octavius Caesar', 'Roman Emperor Augustus', 'Augustus, Emperor of Rome', 'Octavius', 'Octavian', 'Gaius Julius Caesar Octavanius Augustus', 'Augustan reform', 'Caesar Octavianus', 'Gaius Octavius Augustus', 'Octavianus Augustus', 'Cæsar Augustus', 'Octavian Augustus Caesar', 'Caesar Augustus']", Augustus,0.774777889251709,0,0,0
1062,Answer the question concisely. Q: Armistice Day (or Remembrance Day) takes place during which month of the year? A:,"['The month of November', 'Novemeber', 'Noviembre', 'November 31', '㋊', '9ber', '31 November', 'Coyovembyote', 'November', 'Nobember']", November 11th,0.5068169236183167,0,1,1
1069,Answer the question concisely. Q: Who wrote the book of verses ‘Now We Are Six’? A:,"['A a milne', 'A. A. Milne', 'A Milne', 'Dorothy Milne', 'Alan Alexander Milne', 'AA Milne', 'Alan Milne', 'Daphne de Sélincourt', 'A A Milne', 'A.A. Milne', 'Daphne Milne', 'Dorothy de Sélincourt']", The Prophet Muhammad (peace be upon him,0.10219501703977585,1,1,1
1116,Answer the question concisely. Q: ‘Corylus’ is the Latin name for which plant? A:,"['Hazel', 'Hazel tree', 'Lopima', 'Corylus', 'Hazel (Corylus)', 'Hazelbush']"," ‘Corylus’ is the Latin name for the tree, Corylus avellana",0.3370087742805481,1,0,0
1133,"Answer the question concisely. Q: In the Bible, how many psalms make up the Book of Psalms? A:","['150', 'one hundred and fifty']", There are 513 psalms in the Bible,0.233612522482872,1,1,1
1139,Answer the question concisely. Q: What was the only film directed by Cecil B DeMille in which actor John Wayne appeared? A:,"['Reap the Wild Wind', 'Reap The Wild Wind']", The Searchers,0.10847440361976624,1,1,1
1143,"Answer the question concisely. Q: Rialto, Scalzi and Constitution are all bridges in which European city? A:","['Sestiere (Venice)', 'Venice', 'Venedig', 'Districts of Venice', 'Venesia', 'Venice, Italy', 'Venice subsidence', 'Venices', 'Venezia', 'Venice (Italy)', 'UN/LOCODE:ITVCE', 'The weather in Venice', 'Vinegia']", Venice,0.7947646975517273,0,0,0
1149,Answer the question concisely. Q: Which 18th Century composer wrote ‘The Four Seasons’? A:,"['Vivaldi', 'A.Vivaldi', 'Antonio Lucio Vivaldi', 'The Red Priest', 'A. Vivaldi', 'Prete Rosso', 'Antonio Vivaldi', 'Il Prete Rosso']", Mozart,0.12090982496738434,1,1,1
1152,Answer the question concisely. Q: A throw of which number on each of a pair of dice is known as Snake Eyes? A:,"['1', 'one', 'One']", The number on the dice that is the sum of the numbers on the dice,0.3610161542892456,1,1,1
1155,"Answer the question concisely. Q: Bearoff, Nullo Play and Quadrant are all terms used in which board game? A:","['Crawford rule', 'Doubling cube', 'Nackgammon', 'Backgammon', 'Backgamon', 'Longgammon', 'Shesh besh', 'Russian Backgammon', 'Nardshir', 'Blackgammon', 'Portes (game)', 'Doubling (backgammon)']", The game of life,0.17734864354133606,1,1,1
1160,"Answer the question concisely. Q: ‘My heart aches, and a drowsy numbness pains, My sense, as though of hemlock I had drunk’ are the opening lines of which poem? A:","['Ode to a nightingale', 'Ode to a Nightingale', 'Ode To A Nightingale']", ‘The Rime of the Ancient Mariner’ by Samuel Taylor Coleridge,0.20603393018245697,1,1,1
1193,"Answer the question concisely. Q: In 1784, who designed the first power loom? A:",['Edmund Cartwright'], The first power loom was designed by Joseph Bramah,0.18028411269187927,1,1,1
1197,"Answer the question concisely. Q: How many feathers, traditionally, form the cone of a badminton shuttlecock? A:","['sixteen', '16']", The answer is: 1,0.13475513458251953,1,1,1
1209,Answer the question concisely. Q: Which English football club play their home games at Craven Cottage? A:,"['Fulham FC', 'Fulham Football Club', 'Fulham Football Club/2001 Squad', 'The Fulham Football Club', 'Fulham F.C', 'Fulham F.C.', 'Fulhamerica', 'Fulham F C', 'Fulham fc', 'Billy the Badger', 'Fulham F. C.', 'Fulham f.c.']", Fulham,0.4659377932548523,1,0,0
1217,Answer the question concisely. Q: St Joseph’s Day is celebrated during which month of the year? A:,"['19 March', 'Mar 19', 'March 19', 'March -19th', '19th March', 'March 19th']", March,0.43463802337646484,1,1,1
1218,Answer the question concisely. Q: Dmitri Mendeleev is credited with the first version of which ‘table’? A:,"['Periodic chart', 'Periodic table elements', 'Periodic Chart', 'Periodic table', 'How elements are arranged in the Periodic Table', ""Mendeleyev's periodic law"", 'Group 2A', 'The periodic table of the chemical elements', 'PeriodicTable', 'Peroidic table', 'Mendeleyev table', 'Periodic patterns', 'Periodic Chart of the elements', ""Mendeleev's table"", 'Chemical family', 'Periodic tables', 'Periodic table of the chemical elements', 'Categorisation of the periodic table', 'Periodicity of the elements', 'Placement of lanthinides and actinides in the periodic table', 'Periodic system of elements', 'Standard periodic table', 'Periodic chart of the elements', 'Periodic Properties', 'The Periodic table', 'Mendeleev table', 'Elements (table)', 'Placement of hydrogen in the periodic table', 'Periodic table of Elements', 'Periodic table (standard)', 'Placement of lanthanides and actinides in the periodic table', 'Periodic Table of the Elements', 'Table of elements', 'Periodic properties', 'Compound of elements', 'Peroidic table of elements', 'The Periodic Table of Elements', 'Periodic table of elements', 'Periodic Table', 'Mendeleev periodic table', 'Piriodic table', 'Natural elements', 'Periodic system', 'Organization of the periodic table', 'Mendeleev periodic chart', 'Periodic table of the elements', 'Periodic table of chemical elements', 'Table of Elements', ""Mendeleev's periodic table"", 'The periodic table of the elements']", The Periodic Table of Elements,0.9300580024719238,0,0,0
1230,"Answer the question concisely. Q: Cut, colour, clarity and carat are all considered when purchasing what? A:","['Diamond', ""4-C's of Diamond Grading"", ""The 4 C's Of Diamonds"", 'Polished diamond', 'Diamonds', 'Natural diamond', 'Diamond industry', 'Mitre-crozier applique', 'Diamond powder', 'Bortz', 'Industrial diamonds', 'Type-II diamond', 'Daimonds', 'Mitre-crozier appliqué', 'Impact diamonds', 'Diamonad', 'Industrial diamond', 'Industrial Diamond']", Diamonds,0.8104606866836548,0,0,0
1238,Answer the question concisely. Q: Who published a 1754 book of his designs entitled ‘The Gentleman and Cabinet-Maker’s Director’? A:,"['Thomas Chippendale', ""The Gentleman and Cabinet Maker's Director"", 'Chippendale, Thomas', 'Chinese Chippendale', 'Chippendale furniture', 'Chippendale chair']", John Wilkes,0.22175857424736023,1,1,1
1247,Answer the question concisely. Q: Which Greek philosopher was said to have lived inside a barrel? A:,"['Diogenes', 'Diogenes the Cynic', 'Diogenes of sinope', 'Diogenes the dog', 'Diogenes of Sinope', 'Diogenean']", Socrates,0.16789278388023376,1,1,1
1262,Answer the question concisely. Q: Which British monarch was the first Head of the Commonwealth? A:,"['Albert, Duke of York', 'HM King George VI', 'Prince Albert of Cornwall and York', 'George VI, King of England', 'Albert of York', 'George VI of Scotland', 'George VI of Britain', 'GVIR', 'Prince Albert of Wales', 'George VI of the United Kingdom', 'George VI of Great Britain and Ireland', 'George VI of England', 'Albert of Cornwall', 'King George VI', 'George vi', 'George VI of Ireland', 'Albert Frederick Arthur George', 'King george the 6th', 'George VI of the UK', 'Albert of Cornwall and York', 'George vi of the united kingdom', 'George VI of India', 'George VI of Great Britain', 'George VI, Emperor', 'George Vi', 'King George V1', 'George the Sixth', 'Albert of Wales', 'George VI', 'Prince Albert of York', 'George VI of Canada', 'King George VI of the United Kingdom', 'Prince Albert, Duke of York', 'Prince Albert of Cornwall']", Queen Victoria,0.2937629818916321,1,1,1
1266,"Answer the question concisely. Q: Nani, Cobra Bubbles and Captain Gantu are all characters in which Disney film? A:","['Lilo and Stich', 'Lilo & Stitch', 'Lilo and stitch', ""Lilo & Stitch: Collected Stories From the Film's Creators"", 'Stitch & Lilo', 'Lilo and Stitch', 'Lilo & stitch', 'Lilo and Stitch 4', 'He Mele No Lilo', 'Find Stitch', 'Lilo & Stitch (soundtrack)', ""Disney's Lilo & Stitch""]", The Lion King,0.18021145462989807,1,1,1
1271,Answer the question concisely. Q: What is footballer Ryan Giggs real surname? A:,"['Wilsons', 'Wilson', ""Wilson's"", 'Wilson (disambiguation)']", Giggs,0.1042545959353447,1,1,1
1278,Answer the question concisely. Q: Which 2008 musical film is set on the fictional Greek island of Kalokairi? A:,"['Mamamia', 'Momy Mia', 'Mumma Mia', 'Momma Mia', 'Mama Mia', 'Moma Mia', 'Mamma Mia', 'Mamma Mia (disambiguation)', 'Mommy Mia', 'Mom Mia', 'Mamma mia (disambiguation)', 'Muma Mia', 'Mother Mia', 'Mum Mia', 'MAMMA MIA', 'Ma Mia', 'Mamy Mia', 'Mamma mia', 'Mumy Mia', 'Mammy Mia']", The Producers,0.08530665189027786,1,1,1
1287,Answer the question concisely. Q: Giugno is Italian for which month of the year? A:,"['㋅', 'Jun.', 'JUNE', 'June 31', 'June', 'Junes', 'Juno (German)', 'June 31st']", June,0.6639531254768372,0,0,0
1309,Answer the question concisely. Q: The Suez Canal joins the Red Sea and which other body of water? A:,"['Mediterranian', 'Meditiranean', 'West Mediterranean', 'Mare internum', 'Pollution of the Mediterranean Sea', 'Mediteranean', 'Mediterranean sea', 'Mediterannean Sea', 'Mediterranian Sea', 'Miditerranean', 'Medaterain', 'Western Mediterranean', 'Meditaranian', 'The Med', 'Meditterranean sea', 'Mediterrannean Sea', 'Mediterranean coast', 'Mediterannean', 'Mediteranian', 'Mediterranium sea', 'Meditarranean', 'Mediterain', 'Med sea', 'Mediterraenian', 'Overfishing in the Mediterranean Sea', 'Mediteranean sea', 'Mediterranea', 'Mediterranean Countries', 'Roman Sea', 'Méditerranean Sea', 'Tourism in the Mediterranean region', 'البحر الأبيض المتوسط', 'البحر المتوسط', 'Mediteranean Sea', 'Sea of Mediterranea', 'Mediterranean', 'Medditeranean', 'Medeterain', 'Mediterranean Sea', 'Mediterrannean', 'Mediterranean Ocean', 'Roman Mediterranean']", The Mediterranean Sea,0.7232127785682678,0,0,0
1318,"Answer the question concisely. Q: Blaze, Bubble and Shootout are all terms used in which card game? A:","['Poker books', 'Rules of poker', 'Poker', 'Straight poker', 'Home Poker', 'Limit Rules', 'Poker (card game)', 'Poker rule', 'Spokepoker', 'Poker Supplies', 'Poker game play', 'Longhanded Poker', 'Poker book', 'Poker clubs', 'Poker player', 'Revolving Poker', 'Poker Rules', 'Live poker', 'Shorthanded Poker', 'Poker (game)', 'Free poker']", None of the above,0.13869495689868927,1,1,1
1321,Answer the question concisely. Q: What number shirt did England rugby union player Jonny Wilkinson wear in the 2011 World Cup? A:,"['10', 'ten']", 7,0.11629961431026459,1,1,1
1328,"Answer the question concisely. Q: A Caduceus, a staff with two serpents twined around it, is associated with which profession? A:","['Doctor behaviour', 'Physician', 'Registered medical practitioner', 'Physicians', 'Medical doctor', 'Medical Officer', 'Mediziner', 'Phyſician', 'Medical Doctor', 'Healthcareers', 'Phyſicians', 'Medical profession', 'Doctor (medicine)', 'Medical officer']", Medicine,0.34804606437683105,1,0,0
1339,Answer the question concisely. Q: Who was declared Model of the Millennium by Vogue editor Anna Wintour? A:,"['Gisele Buendchen', 'Gisele Caroline Nonnenmacher Bündchen', 'Olivia Palito', 'Gisele Buendchen Stock Index', 'Gisele Bundchen', 'Gisele Caroline Nonnenmacher Bundchen', 'Gisele Bündchen Stock Index', 'Olívia Palito', 'Bundchen', 'Gisele bündchen', 'Vida (dog)', 'Gisele Caroline Nonnenmacher Buendchen', 'Gisele Bundchen Stock Index', 'Gisele Bündchen', 'Gisele (singer)', 'Giselle Bundchen']", The Dalai Lama,0.16748642921447754,1,1,1
1342,"Answer the question concisely. Q: Which word can go before Hammer, Knife and Boot to make three other words? A:","['Jack (fish)', 'Jack', 'Jack (disambiguation)', 'Jack (zoology)', 'Jackfish', 'JACK', 'Jack (novel)', 'Jack (film)', 'Jack (fish disambiguation)', 'JacK']"," Hammer, Knife and Boot",0.14029467105865479,1,1,1
1351,Answer the question concisely. Q: Who became the host of the BBC Radio 1 weekday breakfast show in September 2012? A:,['Nick Grimshaw'], Chris Moyles,0.21873021125793457,1,1,1
1355,Answer the question concisely. Q: A turophile is a lover of which foodstuff? A:,"['Cheeses', 'Chese', 'Coagulated milk curd', 'CHEESE', 'Mouldy cheese', 'Cheese wheel', 'Cheese', '🧀', 'Chees', 'Cheeze', 'Cheese powder']", TUROPHILES,0.15089651942253113,1,1,1
1372,Answer the question concisely. Q: Which land mammal has the longest tail? A:,"['Giraffes mating', 'Giraffa camelopardalis', 'Camelleopard', 'Giraffes', 'Adaptations of a giraffe', 'Stereotpyic behaviour in giraffes', 'Giraffe fighting', 'Stereotypic behaviour in giraffes', 'Girrafe', 'Guraffe', 'Giraffe', 'Girafe', 'Camelopard', 'Cameleopard', 'Giraff', 'Mating giraffes']", The elephant,0.13949225842952728,1,1,1
1373,Answer the question concisely. Q: The World Bog Snorkelling Championships are held annually in which European country? A:,"['Welsh nation', 'Climate of Wales', 'Autonomous Province of Wales', 'Cymru / wales', 'Cyrmu', 'Wales', 'WALES', 'Rain in Wales', 'Welsh Nation', 'Welsh Peninsula', 'Wales, UK', 'Etymology of Wales', 'Cymru', 'Wales, United Kingdom', 'Pays de Galles', 'Communications in Wales', 'The Principality of Wales', 'West of the Rhymney', 'Wales, U.K.', 'Cymru am byth', 'Gymru', 'Cymru / Wales', 'Welsh mountains', 'CYMRU']", The World Bog Snorkelling Championships are held annually in which European country,0.20427466928958893,1,1,1
1377,Answer the question concisely. Q: How many double-word score squares are there on a standard Scrabble board? A:,"['seventeen', '17']", Fourteen,0.46382200717926025,1,1,1
1406,"Answer the question concisely. Q: In medicine, Epistaxiophobia is the fear of what? A:","['Nosebleeding', 'Blood nose', 'Nasal bleeding', 'Noseblood', 'Bloody noses', 'Nosebleed (redirect)', 'Nosebleed', 'Epistaxis', 'Nasal hemorrhage', 'Bloody nose', 'Nosebleeds', 'Rhinorrhagia', 'Nose bleeding', 'Nose bleed', 'Idiopathic Epistaxis', 'Anterior nasal packing', 'Bleeding nose', 'Epistaris', 'Nasal haemorrhage']", The knowledge that you don't know,0.14484182000160217,1,1,1
1407,Answer the question concisely. Q: The 2002 film ‘We Were Soldiers’ is set in which war? A:,"['Vietnam war', 'Vietnam War', 'The Vietnam War', 'Viet-Nam War', 'United States invasion of Vietnam', 'Resistance War Against America', 'Vietnam War operations and battles', 'Second Indo-Chinese War', 'Viet Nam War', ""'Nam"", 'US War in Vietnam', 'War in vietnam', 'Chiến tranh Việt Nam', 'Vietnam War, 1961-1975', 'United States war crimes in Vietnam', 'American war crimes in Vietnam', 'American invasion of South Vietnam', 'Vientam War', 'War Against the Americans to Save the Nation', '2nd Indochina War', 'American War in Vietnam', 'Vietnamese-American War', 'Vietnam Conflict', 'Second Indochinese War', 'The war of Vietnam', 'Chien tranh Viet Nam', 'Allied war crimes during the Vietnam War', 'War in Vietnam', 'The American War', 'Nam (war)', 'Vietnam Wars', 'Vietnamese War', 'American invasion of Vietnam', 'War of vietnam', 'Indochina conflict', 'Vietnam-American War', 'Vietnam conflict', 'Background to the Vietnam War', 'Aftermath of the Vietnam War', 'VietNam War', 'Vietnamese–American War', 'Foreign Involvement in the Vietnam War', 'The War in Vietnam', 'Vietnamwar', 'Second Indochina War', 'THE FORGOTTEN WAR OF VIETNAM', ""'nam"", 'Vietnam (war)', 'Veitnam war']", The Vietnam War,0.925798237323761,0,0,0
1409,Answer the question concisely. Q: ‘La Marcha Real’ (The Royal march) is the national anthem of which country? A:,"['Islands of Spain', 'España', 'Reino de España', 'Name of Spain', 'Espagna', 'Espańa', 'Reino de Espana', 'Espana', 'Kingdom of the Spains', 'The Spanish Society', 'Espainia', 'Mountains of Spain', ""Regne d'Espanya"", 'The kingdom of Spain', 'SPAIN', ""Regne d'Espanha"", 'Espanya', 'Espainiako Erresuma', 'Etymology of Spain', 'Spane', 'ISO 3166-1:ES', 'Spain', 'Spanish Kingdom', 'Kingdom of Spain', 'El Reino de España', 'El Reino de Espana']", Spain,0.7450352907180786,0,0,0
1424,Answer the question concisely. Q: Rower Alex Partridge and hockey player Hannah Macleod had what stolen from a nightclub in October 2012? A:,['Olympic Bronze Medals']," A laptop, a mobile phone and a wallet",0.11254529654979706,1,1,1
1425,Answer the question concisely. Q: Rolf Harris recorded a 1964 single calling for which member of The Beatles ‘For President’? A:,"['RINGO', 'Starr, Ringo', 'Richard Starkey, Jr.', 'Beatle Ringo', 'Ringo Star', 'Richie Snare', 'Ringo starkey', 'Ringo Starr', 'Ringo Starkey', 'Ringo', 'Richard Starkey', '%22Ringo%22', 'Richard Starky', 'Richard Starrkey', 'Ringo (film)', 'Richard Starkey Jr.', 'Ringo starr', 'Richard Henry Parkin Starkey Jr.']", John Lennon,0.17139193415641785,1,1,1
1427,Answer the question concisely. Q: Which English peer and courtier has been the most popular candidate proposed for the authorship of Shakespeare’s works? A:,"['De Vere, Edward, 17th Earl of Oxford', 'Edward de vere', 'Edward devere', 'Edward de Vere 17th Earl of Oxford', '17th Earl of Oxford', 'Edward Oxenford', '17th Earl of Oxford, Lord Bulbeck', 'Oxford, Edward de Vere, 17th earl of', 'Edward de Vere, 17th Earl of Oxford', 'Edward Vere, Earl of Oxford', 'Edward de Vere']"," William Cecil, Earl of Salisbury",0.3360081911087036,1,1,1
1468,"Answer the question concisely. Q: In the US television show ‘The Sopranos’, what is the name of Tony Soprano’s psychiatrist? A:","['Dr. Jennifer Melfi', 'Jennifer Melfi', 'Dr. Melfi']", Dr. Melfi,0.9091397523880005,0,0,0
1476,Answer the question concisely. Q: Who played Thelma in the UK television series ‘The Likely Lads’? A:,"['Brigit Forsyth', 'Bridget Forsyth']", Thelma Todd,0.1720571517944336,1,1,1
1479,Answer the question concisely. Q: The Royal Shakespeare Company is based in which British town? A:,"['Stratford-Upon-Avon', 'Henley Street', 'Stratford-upon-Avon chain ferry', 'Stratford Upon Avon', 'Stratford-upon-Avon, Warwickshire', 'Stratford-upon-Avon (England)', 'Stratford-upon-Avon', 'Croft Preparatory School', 'Stratford-upon-Avon, United Kingdom', 'Stratford upon Avon', 'Wimpstone', 'Stratford-on-Avon', 'Stratford on Avon', 'The Croft Preparatory School', 'Stratford on avon']", Stratford-upon-Avon,0.9337564706802368,0,0,0
1484,Answer the question concisely. Q: ‘The history of all the hitherto existing society is the history of class struggles’ is part of the first chapter of which publication? A:,"['Kommunist manifest', 'The communist manifesto', 'Communist manifesto', 'The Communist Manifesto/Proletarians and Communists', 'Communist manifest', 'Manifest der Kommunistischen Partei', 'Kommunist manifesto', 'The Communist Manifesto', 'Manifesto of Communism', 'Communistic manifest', 'The Manifesto of the Communist Party', 'Communist Manifesto', 'The Communist Manifesto/Opening', '10 Planks of the Communist Manifesto', 'The Communist Manifesto/Bourgoise and Proletarians', 'Manifesto of the Communist Party']", The Communist Manifesto,0.9417116641998291,0,0,0
1488,"Answer the question concisely. Q: Steve Jobs, Ronald Wayne and Steve Wozniak founded which company in 1976? A:","['Apple Computer Co.', 'Apple Computers Incorporated', 'Apple (computers)', 'Apple®', 'Apple, Inc', 'Apple inc', 'Jobs and Wozniak', 'Apple computers', 'Apple computer Inc', 'Apple Corporation', 'Apple Computer Inc.', 'Apple computer', 'AppleComputer', 'Apple logo', 'Apple Company', ""Apple's"", 'Apple, Inc.', 'Apple (company)', 'Apple Computer Inc', 'Www.apple.com', 'Apple (Computers)', 'Apple.com', '\uf8ff Inc', 'Apple pc', 'Apple Inc', 'Apple Computer Incorporated', 'Apple incoporated', 'Apple, inc.', 'Apple comp', 'Apple Incorporated', 'Apple (Company)', 'Apple,inc.', 'Apple Computers', 'Apple Computer, Inc', 'Apple Inc.', 'Spruce Technologies', 'Spruce Text List', 'List of Apple Computer CEOs', 'Apple (computer)', 'Inc. Apple Computer', 'Apple Fellow', 'Apple compputer', 'Apple incorporated', 'Apple Computer, Inc.', 'Apple inc.', 'Apple Computer', 'Apple (technology company)', 'Apple Incorporate', '\uf8ff Inc.']"," Apple Computer, Inc",0.9077255725860596,0,0,0
1489,"Answer the question concisely. Q: In Greek mythology, who did flute playing shepherd Marsyas challenge to a music contest, the winner of which flayed Marsyas to death for his presumption? A:","['Apollo Culicarius', 'Musagetes', 'Phévos', 'Apollo Iatrus', 'Actiacus Apollo', 'Phoibos', 'Lukeios', 'Apellon', 'Apollo Coelispex', 'Helius Apollo', 'Apollo Delphinios', 'Apollo Iatromantis', 'Apollo Lycoctonus', 'Apollo Nomius', 'Apollo Cynthius', 'Culicarius', 'Delphinius', 'Apollo Nymphegetes', 'Apollo Parnopius', 'Apollo Leschenorius', 'Hecaërgus Apollo', 'Apollo Sosianus', 'Apollo Delphinius', 'Apollo Apotropaeus', 'Apollo Cynthogenes', 'Didymeus', 'Acraephius', 'Apollo Averruncus', 'Birth of Hermes', 'Apollo Acestor', 'Apollo Articenens', 'Cynthius', 'ApollO', 'Apóllōn', 'Apollo in popular culture', 'Acrephieus', 'Phœbus', 'Apollo Lycegenes', 'Apollo', 'Apollo (god)', 'Archigetes', 'Apollo Patroüs', 'Apollo Leschenorios', 'Acraephiaeus Apollo', 'Apollo Hecebolus', 'Loxias', 'Pythian Apollo', 'Delphinios', 'Apollo Helius', 'Smintheus', 'Aegletes', 'Loxian Apollo', 'Apotropaeus', 'Apollo Pythius', 'Απόλλων', 'Apollo Roman God', 'Shining-one', 'Shining one', 'Apollo Medicus', 'Apollo Ismenius', 'Cult of Apollo', 'Apollo Phanaeus', 'Apollo Paean', 'Apollo Acesius', 'Phevos', 'Apollo Lyceios', 'Apellōn', 'Cynthogenes', 'Lycoctonus', 'Phanaeus (epithet)', 'Phoibus', 'Apollo Genetor', 'Apollo Phoebus', 'Apollo Delius', 'Phoebus', 'Apollo Didymaeus', 'Aigletes', 'Acraephius Apollo', 'Phivos', 'Aphetorius Apollo', 'Phoebos Apollo', 'Apollon Delphinios', 'Acrephius', 'Phoibos Apollo', 'Actiacus', 'Apollo Agyieus', 'Delius Apollo', 'Parnopius', 'Apollo Loxias', 'Argyrotoxus Apollo', 'Apollo (mythology)', 'Phaneus', 'Manticus Apollo', 'Delian Apollo', 'Aphetor Apollo', 'Apóllon', 'Apolllo', 'Apollo Actiacus', 'Lycegenes', 'Apollo Phoebos', 'Apollo Clarius', 'Apollo Epicurius', 'Apollo Aegletes', 'Pythius Apollo', 'Acraephiaeus', 'Apollo Galaxius', 'Didymaeus', 'Apollo Archegetes']", The winner of the contest was Apollo,0.37841254472732544,1,1,0
1527,Answer the question concisely. Q: What is the currency of Lithuania? A:,"['Litai', 'Lithuanian centas', 'Lithuanian Litas', 'Ltl', 'Lithuanian lita', 'Lithuanian litas', 'Litas', 'LTL']", Lietuva,0.40920525789260864,1,1,1
1533,Answer the question concisely. Q: What is the name of the official British coronation crown? A:,"['St. Edward′s Crown', ""Saint Edward's Crown"", 'St. Edward’s Crown', 'Crown of St. Edward', 'St Edward’s Crown', ""St. Edward's Crown"", ""St. Edward's crown"", ""St Edward's Crown"", 'St Edward′s Crown', ""St Edward's crown"", 'St Edwards crown', 'Crown of Saint Edward']", The Queen's crown,0.37928587198257446,1,1,1
1545,"Answer the question concisely. Q: In the UK television series ‘Doctor Who’, what is the name of the leader of the underground-dwelling race ‘Tractators’? A:","['Tractator', 'Tractators', 'The Gravis', 'Frontios', 'Frontios (Doctor Who)']"," The Tractators are a race of underground-dwelling creatures who are ruled by a single leader, known as the ‘Tractator’",0.39334791898727417,1,0,0
1550,Answer the question concisely. Q: Which cartoon character is mentioned in the single ‘Life on Mars’ by David Bowie? A:,"['Mickey Mouse Operation', 'Electoral career of Mickey Mouse', 'Mickey Mouse operations', 'Micky Mouse', 'Mickey Mouse', 'Mickey the mouse', 'Miki mouse', 'Mickey mouse', 'Mickey Mouse operation']", The character is named ‘Bugs Bunny’,0.5158212184906006,0,1,1
1552,"Answer the question concisely. Q: Who designed the red telephone box, which first appeared in London in 1926? A:","['Sir Giles Gilbert Scott, OM, FRIBA', 'Giles Gilbert Scott', 'Sir Giles Gilbert Scott']", Sir Giles Gilbert Scott,0.9360173940658569,0,0,0
1563,Answer the question concisely. Q: ‘Ball tampering’ is an illegal activity associated with which sport? A:,"['Cricket games', 'Cricketeer', 'Wicketkeeping', 'Sport cricket', 'Cricket team', 'Cricket', 'Cricket Clubs', 'Cricketer', 'Spirit of cricket', 'Spirit of Cricket', 'Amature cricket', 'World Richest Cricketers', 'Cricketed', 'Coin toss (cricket)', 'Scorecard (cricket)', 'Cricket player', 'Cricketplayer', 'Cricket (sport)', 'Kricket', 'Sports cricket', '🏏', 'The toss', 'Criket', 'Cricketing', 'Cricket club', 'Amateur cricket', 'Cricket as a social event', 'Not in the spirit of cricket', 'Creag', 'Cricket (game)', 'Cricketers']", Cricket,0.7434152960777283,0,0,0
1569,"Answer the question concisely. Q: In humans, the medical condition prepatellar bursitis affects which part of the body? A:","['Knees', 'Knee surgery', 'Patellofemoral joint', 'Bum knee', 'Knee injury', 'Medial patellar retinaculum', 'KNIE', 'Articulatio genu', 'Knee joints', 'Congenital knee dislocation', 'Knee', 'Knee-joint', 'Congenital patellar dislocation', 'Knee joint', 'Articulatio genus', 'Knee cartilage', 'NKIE', 'Tibiofemoral joint', 'Tibiofemoral']", The knee,0.3527766466140747,1,0,0
1572,"Answer the question concisely. Q: Saint Fidelis Church, otherwise known as The Cathedral of the Plains, is located in which US state? A:","['Kans.', 'Demographics of Kansas', 'Economy of Kansas', 'Kansasanian Soviet Socialist Republic', 'Politics of Kansas', 'Law of Kansas', 'Climate of Kansas', 'Kan.', 'Cansas', 'Kansas', 'State of Kansas', 'Geography of Kansas', 'Culture of Kansas', 'Transportation in Kansas', 'KS, USA', 'Thirty-fourth State', 'Brownbackistan', 'Sunflower State', 'Transport in Kansas', 'Religion in Kansas', 'The Sunflower State', 'Kansas (State)', 'Sports in Kansas', 'Thirty-Fourth State', 'Kansas (U.S. state)', 'Kansas, United States', '34th State', 'Kansas (state)']",,0.3742690682411194,1,1,1
1583,Answer the question concisely. Q: The White Rose Shopping Centre is in which English city? A:,"['Leeds, UK', ""St Margaret's Primary School, Horsforth"", 'ST Margarets Primary School', 'St Margarets Primary School', 'St margarets school', 'City of leeds transport area', 'The weather in Leeds', 'Leeds, Yorkshire', 'Knightsbridge of the North', 'Shakespeare Primary School', 'Higher Education in Leeds', 'Leeds, England', 'Leeds, West Yorkshire', 'Leeds', 'Leodis', 'LEEDS', 'Leeds – Bradford, UK', 'Leodensian', 'UN/LOCODE:GBLBA']", London,0.35278886556625366,1,1,1
1616,Answer the question concisely. Q: Atychiphobia is the irrational fear of what? A:,"['Major flops', 'Unsuccess', 'List of product failures', 'Failboat', 'Failed', 'Fail (meme)', 'Phail', 'Fail pictures', 'Commercial failures', 'Failure', 'Epic fail', 'Fail (internet meme)', 'FAIL', 'Fail picture', 'Epic Fail', 'Commercial failure', 'EPIC FAIL', 'Failures', 'Fail (Internet meme)', 'PHAIL', 'Epic failure', 'Mitt Romney presidential campaign 2008', 'Fail']", The number four,0.060141824185848236,1,1,1
1617,Answer the question concisely. Q: ‘The Way I Am’ is a 2008 autobiography by which US singer? A:,"['8 Mile Style', 'Eminem Controversies', 'Marshall B. Mathers III', 'Live at Comerica Park (Eminem album)', 'Marshall Mathers', 'EMINEM', 'Deborah Mathers', 'Soul intent (band)', 'Marshall Bruce Mathers III', 'Enimem', 'Straight from the Vault', 'Debbie Mathers', 'Eminem controversies', 'Eminen', 'Eminem', 'Shady LTD', 'Hailie Scott', 'Debbie mathers', 'Kimberley Anne Scott Mathers', 'Fucking Backstabber', 'Evil (Bad Meets Evil)', 'Kimberley Anne Scott', 'MNM (rapper)', 'Emenem', 'Lose Yourself Tour', 'Soul Intent (Rap Group)', 'Marshall Mathers III', 'Marshal Mathers III', 'The Slim Shady Show', 'Eminem (Marshall Bruce Mathers III)', 'James Deel', 'Marshall Bruce Mathers', 'Eminem filmography', 'Hailie Jade Mathers', 'Hailie Jade', 'Soul intent/Eminem', 'M&M (rapper)', 'Diss Me, Diss You', 'EMIN∃M', 'Bruce Mathers', 'Eminem videography', 'Emimem', 'Shady Ltd.', 'Eight Mile Style', 'Hailey Jade', 'Hailie Jade Scott Mathers', 'Hailie Scott Mathers', 'Slim Shady Show', 'Kim Mathers', 'EMINƎM', 'Eminem, Marshall Bruce Mathers III', 'Kimberley Ann Scott Mathers', 'Kimberly Mathers', 'Deborah Mathers-Briggs', 'Syllables (Eminem song)', 'Marshall B. Mathers', 'John Guerrera', 'Marshall Bruce Mathers lll', 'EMIN3M', 'Marshal Mathers', 'EMINIEM', 'Mmathers', 'Marshall mathers', 'Bassmint', ""Steppin' on to the Scene"", 'M and M (rapper)', 'Soul intent', 'Eminiem', 'Slim Shady', 'Soul Intent (album)', 'Haile Jade Mathers', 'Sshady', 'Deborah Nelson Mathers-Briggs', 'Marshal Bruce Mathers', 'Slim shady', 'Ronnie Polkingharn', 'Hailie Jade Scott', 'Kimberly Anne Scott', 'M. Mathers', 'Kim mathers', 'Shade 45', 'Emminim', ""F***in' Backstabber / Biterphobia"", 'Slimshady', 'Straight From The Vault EP', 'Hailie Mathers', 'Ken Kaniff', 'Straight From The Vault (EP)', 'Emienem']", Whitney Houston,0.22415055334568024,1,1,1
1629,Answer the question concisely. Q: What colour ink was traditionally used by Roman emperors to sign important documents? A:,"['Purplingly', 'Purple (colour)', 'Purplishness', 'Purple', 'Purpled', 'Purplest', 'Northwestern Purple (color)', 'Heather Purple', 'Words which rhyme with Purple', 'Purpleish', 'Purple flowers', 'Purplishly', 'Purpling', 'Purple (color)', 'List of terms associated with the color purple', 'Purple vs. violet', 'Purples', 'Purpler']", Black,0.384330689907074,1,1,1
1631,Answer the question concisely. Q: What is the first name of Ragnor’s brother in the historical drama television series ‘Vikings’? A:,"['Gångerolf', 'Rollo', 'Rollo Ragnavaldson', 'Rollo of Rouen', 'Gongu-Hrolfr', 'Ganger Hrolf', 'Ganger Rolf', 'Rollo Rognvaldsson', 'Goengu-Hrolfr', 'Hrolf the ganger', 'Robert Rognvaldsson', 'Rollo, Count (or Duke) of Normandy', 'Rollo of Normandy', 'Göngu-Hrólfr', 'Gangerolf', 'Hrolf Ganger', 'Rolf the Granger', 'Rollo the Viking']", Ragnar,0.4709910750389099,1,1,1
1633,Answer the question concisely. Q: Marble Arch in London was once the ceremonial entrance to which British palace? A:,"['Buckigham palace', 'Buckingham Palace', 'The Queens Private Apartments.', 'Buck House', 'Buckhingam Palace', 'Buckingham palace', 'Buckingham Palace Act 1832', 'The Queens Private Apartments', 'Goring House']", Buckingham Palace,0.8906447887420654,0,0,0
1651,Answer the question concisely. Q: Which US actor played the title role in the television police drama ‘T J Hooker’? A:,"['Gloria Rabinowitz', 'Star Trek (Shatnerverse Novels)', 'Shatastic', 'William Shatner', 'A Twist in the Tale (1998 TV series)', 'Shatneresque', 'The Shat', 'Bill Shatner', 'Shatnerian', 'Nerine Kidd', 'The Shatters', 'Gloria Rand', 'Willem shatner', 'William Alan Shatner', 'Shatner, William', 'Will Shatner', 'Shatnernator', 'William Shatner SciFi DVD of the Month Club']", Dennis Farina,0.3667333722114563,1,1,1
1665,Answer the question concisely. Q: What Greek mythological horse sprang from the blood of Medusa? A:,"['Pegases', 'Pégasos', 'Pegasis', 'Pegasus (mythology)', 'Πήγασος', 'Winged equine', 'Winged horse', 'Winged Horse', 'Winged Horses', 'Pegasus', 'Pegasus (Greek mythology)', 'Pegasi', 'Pterippus', 'Flying horse', 'Pegasas']", Pegasus,0.9487738609313965,0,0,0
1695,Answer the question concisely. Q: Which Shaw play is set during the 1885 Serbo-Bulgarian War? A:,"['Arms & the Man', 'Arms and the man', 'Arms and the Man', 'Arms and The Man', 'Arms And The Man']"," The Shaw Festival's production of The Caucasian Chalk Circle, which opens this week",0.15429341793060303,1,1,1
1708,Answer the question concisely. Q: What do 4 roods equal? A:,"['Action with Communities in Rural England', 'ACRE', 'An Acre', 'Action with communities in rural england']", 4 roods,0.061008259654045105,1,1,1
1714,"Answer the question concisely. Q: Which Thornbridge beer, gravity 5.9%, is named after an Indian city? A:","['Pink City', 'Evergreen School , Jaipur', 'Jaipur', 'Jaipur, Rajasthan', 'जयपुर', 'JAIPUR', 'Pink city', 'Pinkcity', 'Jaipur, India', 'Evergreen School (Jaipur, Rajasthan, India)']"," The City of Joy, Bangalore",0.39124059677124023,1,1,1
1715,"Answer the question concisely. Q: What was the name of Matilda’s teacher, who adopted her at the end of the book? A:","['Mr. Wormwood', 'Matilda (Roald Dahl book)', 'Lavender (Matilda character)', 'Matilda (novel)', 'Matilda (character)', 'Zinnia Wormwood', 'Miss Honey', 'Jennifer Honey', 'Agatha Trunchbull', 'Lavender (character)', 'Matilda (book)', ""Matilda (children's literature)"", 'Bruce Bogtrotter', 'The Chokey', 'Harry Wormwood', 'Michael Wormwood', 'MISS HONEY', 'Mrs. Wormwood (Matilda)', 'Lavender Brown (Matilda)', 'Lavender Brown (Matilda character)']", Miss Honey,0.8967511653900146,0,0,0
1745,Answer the question concisely. Q: Pulex irritans is the Latin name for which insect? A:,"['3,4-methylenedioxyhydroxymethylamphetamine', '3,4-Methylenedioxyhydroxylmethamphetamine', '3,4-Methylenedioxy-N-methyl-N-hydroxylamphetamine', '3,4-Methylenedioxy-N-methyl-N-hydroxyamphetamine', '3,4-methylenedioxy-N-hydroxy-N-methylamphetamine', '3,4-Methylenedioxy-N-hydroxyl-N-methylamphetamine', 'flea', 'FLEA (psychedelics)', '3,4-Methylenedioxyhydroxymethylamphetamine', 'MDMOHA', 'Methylenedioxyhydroxylmethamphetamine', 'MDMHA', '3,4-Methylenedioxy-N-hydroxy-N-methylamphetamine', 'MDOHMA', 'Methylenedioxymethylhydroxyamphetamine', '3,4-methylenedioxy-N-hydroxylmethamphetamine', '3,4-methylenedioxy-N-methyl-N-hydroxyamphetamine', 'Methylenedioxyhydroxylmethylamphetamine', '3,4-methylenedioxyhydroxylmethylamphetamine', 'MDHMA', '3,4-Methylenedioxy-N-hydroxymethamphetamine', 'FLEA', 'Methylenedioxyhydroxymethylamphetamine', '3,4-methylenedioxyhydroxylmethamphetamine', '3,4-methylenedioxy-N-methyl-N-hydroxylamphetamine', '3,4-methylenedioxy-N-hydroxyl-N-methylamphetamine', 'FLEA (psychedelic)', '3,4-methylenedioxy-N-hydroxymethamphetamine', 'Methylenedioxyhydroxymethamphetamine', '3,4-Methylenedioxy-N-hydroxylmethamphetamine', '3,4-Methylenedioxyhydroxylmethylamphetamine']", The common housefly,0.16307154297828674,1,1,1
1792,Answer the question concisely. Q: Who painted Luncheon of the Boating Party? A:,"['Pierre Auguste Renoir', 'Firmin Auguste Renoir', 'Renoir', 'Pierre August Renoir', 'Pierre-August Renoir', 'Pierre-Auguste Renoir', 'Auguste Renoir', 'Renoir, Pierre Auguste']", Van Gogh,0.0738106369972229,1,1,1
1793,Answer the question concisely. Q: Which London residential suburb is the site of Lord’s Cricket Ground? A:,"[""St. John's Wood"", 'St John’s Wood', ""St John's Wood"", ""St John's Wood, London, England"", ""St John's Wood, London"", 'St Johns Wood']", Hampstead,0.12064903229475021,1,1,1
1800,Answer the question concisely. Q: The cover of which of Pink Floyd’s LP covers features Battersea Power Station? A:,"['Animal Phylogeny', 'ANIMALS', 'Basal metazoan', 'Animal types', 'Animalia Kingdom', 'Anamalia', 'Animal', 'New animal phylogeny', 'Animalia', 'Non-human animal', 'Kingdom Animal', 'Kingdom animal', 'Basal metazoa', 'KingdomAnimalia', 'Animal reproduction', 'Animal Characteristics', 'Metazoan', 'Animals', 'Animal phylum', 'Metazoon', 'Animal (Metazoan) Evolution', 'Classification of animals', 'Metazoic', 'Anumal', 'Metazoans', 'Animal life', 'Kingdom Animalia', 'Kingdom animalia', 'New Animal Phylogeny', 'Metazoa', 'ANIMAL', 'Nonhuman animal', 'Water animal', 'Animal body']", The cover of the album “The Dark Side of the Moon”,0.18824708461761475,1,1,1
1808,Answer the question concisely. Q: Clyde Tombaugh discovered which celestial object in our solar system in 1930? A:,"['Operation PLUTO', 'P.L.U.T.O.', 'Pipe Lines Under The Ocean', 'PLUTO', 'Pipe-Lines Under The Ocean', 'Pipeline Under The Ocean', 'Pipelines Under The Ocean', 'Operation Pluto', 'Pipe Line Under The Ocean', 'Operation pluto']", Pluto,0.3766974210739136,1,0,0
1849,Answer the question concisely. Q: Which now obsolete unit originated as the distance a person could walk in an hour? A:,"['League', 'League (disambiguation)', 'Leagues', 'Legua', 'League (politics)', 'Chuulghan', 'Chuulgan']", The mile,0.04715949296951294,1,1,1
1864,Answer the question concisely. Q: In which of Shakespeare’s plays does the fool Feste appear? A:,"['Twelth Night', 'Twelfth Night; or, What You Will', 'Twelfth Night (play)', 'Curio (Twelfth Night)', '12th night', 'Twelfth night', 'Twelfth-Night', 'Twelfth Night: Or What You Will', '12th Night, or What You Will', 'Twelfth Nights', 'Twelfe Night', 'Twelf Night', 'Twelfth Night, Or What You Will', '12th Night or What You Will', 'Twelfth Knight', 'The Twelfth Night', 'Twelfth Night', 'Twelfth Night, or What You Will']", All of them,0.13140952587127686,1,1,1
1867,Answer the question concisely. Q: What construction of nature inspired a 1960s women’s hairdo? A:,"['Bee hives', 'Bee colonies', 'Bee colony', 'Bee hive', 'WBC hives', 'Beehive symbolism', 'Skep', 'WBC hive', 'Beehive', 'Utah state emblem', 'Beehive (beekeeping)', 'Log gum', 'Beehives', 'Box hive']", The “bob”,0.18263640999794006,1,1,1
1872,Answer the question concisely. Q: Who was the Beano’s Redskin Chum? A:,['Little Plum'], The Beano’s Redskin Chum was a character called “The Beano’s Redskin Chum”,0.4064919352531433,1,1,1
1893,Answer the question concisely. Q: What shape is the pasta known as ‘conchiglie’? A:,['Sea Shells']," A long, thin, flat, circular pasta",0.11793771386146545,1,1,1
1897,Answer the question concisely. Q: Which prophet secretly anointed David as King of Israel? A:,"['שְׁמוּאֵל', 'An-Nabi Samwil', 'Samuel (bible)', 'Samuel (Bible)', 'Samuel the Prophet', 'Schmuel', 'Samuel', 'Samuel (Biblical figure)', 'Samuel (biblical figure)', 'Deir Nabi Samwil', 'Samuel in Islam', 'Shmueil', 'Samuel (Biblical figure & a Prophet)', ""Shmu'el"", ""Shemu'el"", 'Samuel (The Prophet,Biblical figure)']", Solomon,0.28257429599761963,1,1,1
1900,Answer the question concisely. Q: Which magazine is produced and sold for the benefit of homeless people? A:,"['The Big Issue in The North', 'The Big Issue in the North', 'The Big Issue Australia', 'The Big Issue in Scotland', 'The Big Issue Company', 'The Big Issue', 'Big Issue', 'The Big Issue in Australia']", The National Homeless Persons' Memorial,0.1453617960214615,1,1,1
1912,"Answer the question concisely. Q: What is the symbol for the chemical element protactinium, atomic number 91? A:","['(Pa.)', 'Pa', 'P. A.', 'PA (disambiguation)', 'P.a.', 'Pa (disambiguation)', 'P A', 'PA', 'P-A', 'P.A.', 'Pa.']", P                                                               ,0.3613872528076172,1,1,1
1915,"Answer the question concisely. Q: The Greek goddess Aphrodite loved which beautiful youth, the son of Myrrha? A:","['ESO 3.6 m telescope', 'ADONIS: ADaptive Optics Near Infrared System', 'Adaptive Optics Near Infrared System', 'ESO 3.6 Telescope', 'ADONIS', 'ESO 3.6m Telescope', 'ESO 3.6 m Telescope', 'ESO 3.6m telescope']", Herself,0.061315715312957764,1,1,1
1918,Answer the question concisely. Q: 'Nobody puts Baby in a corner.' is a line from which 1987 film? A:,"['Jimmy Castle', 'Dirty Dancing (1987 film)', 'Dirty dancing', 'Dirty Dancing (2014 film)', 'Dirty Dancing (film)', 'Dirty Dancing (2013 film)', 'Dirty Dancing']", 'The Shining,0.11365365982055664,1,1,1
1935,"Answer the question concisely. Q: In 1968, which group recorded the L.P. ‘The Village Green Preservation Society’? A:","['The Kinks', 'John Gosling (The Kinks musician)', 'Gordon John Edwards', 'The Ray Davies Quartet', 'Kinks', 'The Kinks (band)', 'Kinks, The', 'THE KINKS']", The Beatles,0.24774658679962158,1,1,1
1945,"Answer the question concisely. Q: In 1934, local miners in Ashington, Northumberland, formed a group to study what? A:","['ART (disambiguation)', 'ART', 'A.R.T.']", The formation of the British Coal Board,0.2099052518606186,1,1,1
1946,Answer the question concisely. Q: With what area of expertise do you associate the name of Annie Leibovitz? A:,"['Pet photography', 'Pet Photography', 'Photography as an art form', 'Photographing', 'Commercial photography', 'Photography', 'Fotografy', 'Art Photography', 'Print finishing', 'Commercial Photography', 'Photographic', 'Early photography', 'Photographic technique', 'Still photographers', 'Commercial photographer', 'Photography, History of', 'Photography techniques', 'Photography business', 'Photographics', 'Technology of Photography', 'Photo picture', ""Photo's"", 'PHOTOGRAPHY', 'Yachting photography']", I associate the name of Annie Leibovitz with the work of Annie Leibovitz,0.3111671209335327,1,1,1
1952,Answer the question concisely. Q: The town of Vittoria and the city of Ragusa can be found on which island? A:,"['Trinacrian', 'Jewel of the Mediterranean', 'Sicily, Italy', 'Sicily', 'Sicilia', 'SICILY', 'Sicilly', 'Island of Sicily', 'Sicily (Italy)']", The island of Sicily,0.7892320156097412,0,0,0
1957,Answer the question concisely. Q: Which UK band had 2 top ten singles in the same week in 2001? A:,"['Manic Street Preachers', '70 Songs of Hatred and Failure', 'Manic street preachers', '70 Songs Of Hatred And Failure', 'The Manics', 'Jenny Watkins-Isnardi', 'The manics', 'Flicker (musician)', 'Manics', 'I Know I Believe In Nothing But It Is My Nothing', 'The Manic Street Preachers']", The Verve,0.13551564514636993,1,1,1
1967,Answer the question concisely. Q: Which Italian demonstrated the first modern electric battery? A:,"['Alessandro, Count Volta', 'Alexander Volta', 'Alessandra Volta', 'Alessandro Volta', 'Alessandro Giuseppe Antonio Anastasio Volta', 'Allesandro volta', 'Alessandro Count Volta', 'Count Volta Alessandro', 'Alessandro Giuseppe Antonio Anastasio Gerolamo Umberto Volta', 'Alessandrino Volta']", Alessandro Volta,0.9403942227363586,0,0,0
1972,Answer the question concisely. Q: In which county would you find Chesil Beach? A:,"['County of Dorset', 'Dorset, England', 'Dorcet', 'Dorsetshire', 'Dorset', 'Dorset (England)']", I would find it in the county of Dorset,0.5022236704826355,0,0,0
1973,Answer the question concisely. Q: Who was the first person in the bible to get drunk? A:,"['Noah (Hebrew Bible)', 'Noah', ""No'ah"", 'Nuach', 'Nooh', 'Noahian', ""No'a"", 'Noah and the Ark', 'Noahtic', 'Flood (Bible)', 'נוֹחַ']", Noah,0.7345372438430786,0,0,0
1975,Answer the question concisely. Q: What provoked the war between Honduras and El Salvador in 1969? A:,['A Football Match'], The Salvadoran government was overthrown by a military coup,0.13015209138393402,1,1,1
1979,Answer the question concisely. Q: Which duo are associated with the classic comedy routine “Who’s on First”? A:,"['Abbott and costello', 'Aboott & Costello', 'Abbot and Costello', 'Abbott and Castella', 'Babbat', ""I'm a baaaad boy"", 'Abbot and costello', 'Bud; and Costello, Lou Abbott', 'Abbott, Bud; and Costello, Lou', 'Abbott & Costello', 'Abbott and Costello']", The Marx Brothers,0.17127874493598938,1,1,1
1991,"Answer the question concisely. Q: In ‘Othello’, what is the name of Iago’s wife? A:","['Emilia', 'EMILIA', 'Emilia (disambiguation)', 'Emília', 'Emilia (singer)']", Desdemona,0.19373071193695068,1,1,1
2029,Answer the question concisely. Q: The musical ‘Half a Sixpence’ was based on which 1905 novel? A:,"['KIPPS', 'Kipps']", ‘The Half-Moon’ by George Meredith,0.21089893579483032,1,1,1
2046,Answer the question concisely. Q: What is nicknamed 'The Cathedral of the Railways'? A:,"['St. Pancras', 'Saint Pancras', 'St Pancreas', 'St Pancras Church', 'Pangratios', 'St Pancras (disambiguation)', 'St pancras', 'St Pancras', 'St PANCRAS', 'Pankratios', 'St. Pancras (disambiguation)']", The Great Eastern Railway Station,0.18613296747207642,1,1,1
2068,Answer the question concisely. Q: In which country could you drive along the 1700 kilometre Bruce Highway? A:,"['Australia (Commonwealth realm)', 'AustraliA', 'Continental Australia', 'Australias', 'Peace of Australia', 'Australian city life', 'City life in Australia', 'Australocentrist', 'Mainland Australia', 'Australiia', 'Straya', 'Australia (commonwealth)', 'Austraila', 'Ausrtalia', 'Australia (nation)', 'Australien', 'New Australian', 'Australia (dominion)', 'Australia (federation)', 'Australia (country)', 'Aussieland', 'Federal Australia', 'Country life in Australia', 'Orstraya', 'Australia (nation state)', 'Australia (commonwealth realm)', 'Australia', 'Australocentrism', 'Austraya', 'Australie', 'AUSTRALIA', 'Geopolitics of Australia', 'Australia (nation-state)', ""Australia's"", 'Australian mainland', 'Australian country life', ""Australian Woman's Day"", 'Imperial Australia', 'United States of Australia', 'Australia (realm)', 'Australia (constitutional monarchy)', 'Austalia', 'Etymology of Australia', 'Philosophy in Australia', 'Commonwealth of Australia', 'Australija', 'Australia (monarchy)', 'Dominion of Australia', 'Empire of Australia', 'Ostralia', 'Modern Australia', 'Commonwealth of australia', 'Australia (empire)', 'Australo', 'The Commonwealth of Australia', 'Australia.', 'Austrlia', 'Australlia', 'AUSTRALIAN', 'Australia (state)', 'ISO 3166-1:AU', 'Austrailia', 'Commonwealth Australia', 'Pax Australiana', 'Australian Commonwealth', 'Australocentric', 'Austrlaia', 'Technology in Australia', 'Australia (Commonwealth)', 'Australai', 'Australian geopolitics', 'Asutralia', 'Australo-', ""Australian's"", 'Science in Australia']", Australia,0.7347337007522583,0,0,0
2081,"Answer the question concisely. Q: In October 2015, which city was named by VisitEngland as the ‘Home of English Sport’? A:","['County Borough of Nottingham', 'Cookie Club', 'Nottingham, Nottinghamshire', 'Nottm', 'City of Nottingham', 'Nottingham, East Midlands', 'Coppice Farm Primary School', 'Nottingham, England', 'Snotingaham', 'Shottingham', 'The Creative Quarter Nottingham', 'Nottingham, UK', 'Nottingham', 'Nottingham Enterprise Zone', 'Tigguo Cobauc', 'Creative Quarter, Nottingham', 'Nottingham, United Kingdom', 'Poultry Walk, Nottingham', 'Nottingham UA']", Manchester,0.1754973828792572,1,1,1
2103,Answer the question concisely. Q: Who finished bottom of County Cricket’s Division One this year? A:,"['Worcestershire county', 'Worcestershire County', 'Worcs', 'County of Worcester', 'Worcestershire, England', 'Wigorn', 'Wribbenhall', 'Worcestershire', 'Worchestershire']", Notts County,0.25704362988471985,1,1,1
2117,Answer the question concisely. Q: Which is the most southerly of the Canadian provinces? A:,"['Ontario (canada)', 'Ontario', 'Ontario Canada', 'ON, Canada', 'Canada Ontario', 'Ontairo', 'Ontarian', 'Climate of Ontario', 'Ontario, Canada', 'Province of Ontario', 'CA-ON', 'Ontario (Canada)']", Newfoundland,0.2908179759979248,1,1,1
2127,Answer the question concisely. Q: Lloret de Mar lies on which Spanish costa? A:,"['Costa Brava', 'Costa brava']", The Costa Brava,0.7392116785049438,0,0,0
2134,Answer the question concisely. Q: What trade did both Dick Turpin and Butch Cassidy follow? A:,"['Butchers', 'The butcher', 'Boning', 'Butchers shop', 'Butchering', 'Butchers shops', 'Secondary butchery', 'The Butcher', 'Butcher shops', 'Butcher', ""Butcher's shops"", 'Secondary butchering', 'Butcher shop', ""Butchers' shop"", ""Butchers' shops"", 'Butchered', 'Boucherie', 'Butchery', ""Butcher's shop""]", The trade of a lifetime,0.13397666811943054,1,1,1
2135,"Answer the question concisely. Q: In humans ribs are divided into three types. True, False and which other? A:","['Floating (song)', 'Floating', 'Floating (album)', 'Floating (disambiguation)']", True,0.03667464107275009,1,1,1
2143,Answer the question concisely. Q: The eyes of Dr. T. J. Eckleberg are a dominant symbol in which 1925 novel and later films? A:,"['George Wilson (Gatsby)', 'Nick Carroway', 'Dr. T.J. Eckleburg', 'Meyer Wolfsheim', 'Wolfshiem', 'The Great Gatsby', 'Trimalchio (book)', 'Tom Buchanan', 'Great Gatsby', 'Jordan Baker (The Great Gatsby)', 'T.J. Eckelburg', 'Nick Carraway', 'The Great gatsby', 'Daisy Fay', 'Meyer Wolfshiem', 'Myrtle Wilson', 'Nick Caraway', 'George Wilson (The Great Gatsby)', 'The great gatsby', 'Dr. T. J. Eckleberg', 'Trimalchio (novel)', 'The Rise of the Colored Empires', 'Dr. T. J. Eckleburg', 'THE GREAT GATSBY', 'So we beat on, boats against the current, borne back ceaselessly into the past', 'Oggsford', 'Tom Buchanan (The Great Gatsby)']", The Eyes of Dr. T. J. Eckleberg is a novel by John Steinbeck. The film adaptation was directed by John Huston and starred Humphrey Bogart and Lauren Bacall,0.3513216972351074,1,1,1
2152,Answer the question concisely. Q: Which supermarket chain started selling straight croissants in its stores in February? A:,"['Tesco direct', 'Tesco Express', 'Tesco Value', 'Tesco Plc', 'Tesco Metro', ""Tesco's"", 'Kx (energy drink)', 'Tesco plc', 'Tesco Advertising', 'Tesco Stores', 'One Stop', 'Every little helps', 'Tesco Phoneshop', ""Stewart's Supermarket's Limited"", 'One Stop (disambiguation)', 'TESCO - Hypermarket', 'Tesco PLC', 'Technika (brand)', 'Tesco', ""Stewart's Supermarkets Limited"", 'TSCO', 'Tesco Hypermarket', 'TESCO', 'Tesco Tech Support', 'One Stop (Tesco)', 'Vin Plus', 'T&S Stores', 'Stewarts supermarkets', 'Tesco Vin Plus', 'Tescos', 'Tesco Direct', 'Stewarts Supermarket Limited', 'Tesco DVD Rental', 'Tesco Homeplus', 'Stewarts Supermarkets', 'Tesco HSC', 'Stewarts Supermarkets Limited', 'Tesco Stores Limited']", Tesco,0.8719701766967773,0,0,0
2189,Answer the question concisely. Q: Thomas the Tank Engine pulled two coaches. One was Clarabel. What was the other? A:,"['Annie (film)', 'Annie (disambiguation)', 'Annie (singer)', 'Annie']", The other was a red one,0.026418596506118774,1,1,1
2192,"Answer the question concisely. Q: Created in 1662, In which city is Phoenix Park? A:","['UN/LOCODE:IEDUB', 'Dublin city center', 'City Centre, Dublin', 'Dublin, Ireland', 'BÁC', 'Baile Atha Cliath', 'Baile átha Cliath', 'Dublin City Center', 'Central Dublin', 'Dublin Culture', 'Dublin (Ireland)', 'The weather in Dublin', 'Dubh Linn', 'Dublin', 'Dublin City, Ireland', 'Dublin City Centre', 'Capital of Republic of Ireland', 'Dublin city centre', 'Capital of Ireland', 'City Center, Dublin', 'Europe/Dublin', 'Dyflin', 'City of Dublin', 'Visitor Information for Dublin, Ireland', 'Capital of the Republic of Ireland', 'Dublin, County Dublin', 'Dublín', 'West Dublin', 'Dublin (city)', 'Dublin, Republic of Ireland', 'Baile Átha Cliath']"," Dublin, Ireland",0.9051625728607178,0,0,0
2218,Answer the question concisely. Q: Films. Which Dominic starred as Merry (Meriadoc) in ‘The Lord of the Rings’? A:,"['Monaghan Urban Council', 'Monaghan town', 'Monaghan Town', 'Monaghan', 'Monaghan, County Monaghan', 'Rossmore Memorial, Monaghan', 'Old Cross, Monaghan', 'Muineachán', 'MONAGHAN', 'Monghan']", The Hobbit,0.14090654253959656,1,1,1
2269,Answer the question concisely. Q: In which decade was the BBC's current affairs programme Panorama first broadcast? A:,"['The Fifties', '1950s', '1950-1959', ""50's"", '1950’s', '1950–1959', 'Nineteen-fifties', '1950s (decade)', '1950ies', ""1950's"", ""'50s"", '195%3F', 'Fifties']", 1970,0.23805344104766846,1,1,1
2271,Answer the question concisely. Q: Over how many complete furlongs is the Chester Cup now run? A:,"['18', 'EIGHTEEN', 'eighteen']", The Chester Cup is now run over a distance of 2 miles and 5 furlongs,0.14075538516044617,1,1,1
2272,Answer the question concisely. Q: Rugby League - which country are the current holders of the European Cup? A:,"['Welsh nation', 'Climate of Wales', 'Autonomous Province of Wales', 'Cymru / wales', 'Cyrmu', 'Wales', 'WALES', 'Rain in Wales', 'Welsh Nation', 'Welsh Peninsula', 'Wales, UK', 'Etymology of Wales', 'Cymru', 'Wales, United Kingdom', 'Pays de Galles', 'Communications in Wales', 'The Principality of Wales', 'West of the Rhymney', 'Wales, U.K.', 'Cymru am byth', 'Gymru', 'Cymru / Wales', 'Welsh mountains', 'CYMRU']", England,0.40729600191116333,1,1,1
2274,"Answer the question concisely. Q: ""Which Coronation Street character, who """"died"""" in 2006, apparently had 25 girlfriends at various times and four wives?"" A:","['Mike Baldwin', 'Mike Baldwin (disambiguation)', 'MIKE BALDWIN']"," ""The character was called Ken Barlow",0.27383705973625183,1,1,1
2289,Answer the question concisely. Q: Where exactly is the tallest habitable building located in the UK? It is 50 stories high with a height of 235 metres (771 feet) and was completed in 1991? A:,"['Canary Wharf, London', 'Canary Wharf', 'CANARY WHARF', 'Canary wharf', 'Canary warf']"," The Shard, London, UK",0.30194103717803955,1,1,1
2291,"Answer the question concisely. Q: """"""The Great Gate of Kiev"""" and """"Catacombs"""" are two sections of which musical work by Mussorgsky?"" A:","['Bilder einer Ausstellung', 'The Great Gate of Kiev', 'Pictures at an Exhibition', 'Pictures from an Exhibition', 'Pictures At An Exhibition', 'The great gate of kiev', 'PICTURES AT AN EXHIBITION', 'Kartinkis Vistavski', 'Promenade (Pictures at an Exhibition)', 'Great Gate of Kiev', 'Pictures at an exhibition']"," """"The Night on Bald Mountain"""" and """"The Catacombs"""" are two sections of """"The Night on Bald Mountain"""" by Mussorgsky",0.32894688844680786,1,1,1
2295,"Answer the question concisely. Q: Which is the most northerly of the islands of Japan? Its capital, Sapporo, has hosted the Winter Olympics. A:","['Hokkaidou prefecture', '北海道', 'Hokkaido region', 'Bilkalberta', 'Mosir', 'Hokkaidō Prefecture', 'Hokkaido Prefecture', 'Hokkaidou', 'JP-01', 'Hokkaido Japan', 'HOKKAIDO', 'Hokkaidō, Japan', 'Hokkaidoh prefecture', 'Hokkaidoo', 'Ezochi', 'Hokkaidô, Japan', 'Hokkaido, Japan', 'Hokkaidoo prefecture', 'Hokkai', 'Hokkai-do', 'Hokkaidoo region', 'Beihaidao', 'Hokkaidō region', 'Bilk (drink)', 'Hokaido', 'Hokkaidō', 'Hokkaido (Japan)', 'Hokkaidou Prefecture', 'Hokkaidô Prefecture', 'Hokkaidô', 'Hokkaido Island', 'Hokkaidoh', 'Jesso', 'Hokkaidō prefecture', 'Hokkaido', 'Hokkaido prefecture']", Hokkaido,0.8725335001945496,0,0,0
2297,Answer the question concisely. Q: What is the traditional name for a 40th wedding anniversary? A:,"['RUBY', 'Ruby']", A: A: A: A: A: A: A: A: A: A: A: A: A: A: A: A: A: A: A: A: A: A: A: A: A: A: A: A: A: A: A: A:,0.3049161434173584,1,1,1
2305,"Answer the question concisely. Q: Which Italian liqueur is a key ingredient of the well known cocktail, Harvey Wallbanger? A:","['Galliano', 'Galliano (disambiguation)', 'GALLIANO']", Campari,0.06271021068096161,1,1,1
2320,"Answer the question concisely. Q: Sharing his surname with a biblical character, which footballer scored the deciding goal in the 1967 FA Cup Final? A:","['Frank Saul (disambiguation)', 'Frank Saul', 'FRANK SAUL']", Peter Crouch,0.18123900890350342,1,1,1
2334,Answer the question concisely. Q: Which opera by Borodin features the Polovtsian Dances? A:,"['Prince Igor', 'PRINCE IGOR']", The Prince Igor,0.6835405826568604,0,0,0
2353,"Answer the question concisely. Q: ""Which """"Carry On"""" film contained the line 'Oh yes colonel, many times, but never with a daffodil'?"" A:","['Carry On Nurse', 'CARRY ON NURSE', 'Carry on Nurse']"," ""The one with the daffodil",0.0804438441991806,1,1,1
2363,Answer the question concisely. Q: The upper house of the Canadian parliament is known as the Senate; what is the lower house called? A:,"['HOUSE OF COMMONS', 'House of commons', 'House of Commons', 'House Of Commons']", The House of Commons,0.7451167702674866,0,0,0
2375,"Answer the question concisely. Q: ""Used to describe insects such as the Mayfly that only live for a short time, what word derives from the Greek for """"living a day""""?"" A:","['Ephemeralities', 'Ephemeral creek', 'Ephemoral', 'Ephemerality', 'EPHEMERAL', 'Ephemeral river', 'Ephemeral', 'Ephemeral waterbody', 'Ephemeral channel', 'Ephemerally', 'Ephemeralness']"," ""Dayfly",0.09239789098501205,1,1,1
2377,"Answer the question concisely. Q: Which Dutch govenor, in 1664, tried to resist the British seizure of New York? A:","['PETER STUYVESANT', 'Petrus Stuyvesant', 'Peter Stuyvesant', 'Pieter Stuyvesant']", William Penn,0.14727872610092163,1,1,1
2380,Answer the question concisely. Q: Who has recently overtaken Brian O'Driscoll to become Ireland's most capped player? A:,"[""RONAN O'GARA"", ""O'Gara"", ""Ronan O'Gara"", 'Ronan O’Gara']", Paul O'Connell,0.45967555046081543,1,1,1
2385,"Answer the question concisely. Q: What exactly was 'Rob Roy' built at Dumbarton, Scotland in 1818? A:","['Steam ships', 'Steamships', 'Steam ship', 'STEAMSHIP', 'Steamship']", A steam-powered screw steamer,0.33068108558654785,1,0,0
2403,Answer the question concisely. Q: Which British king married Mary of Teck? A:,"['George V of Great Britain and Ireland', 'George V of Great Britain', 'Cultural depictions of George V of the United Kingdom', 'George V of Scotland', 'King George V of the United Kingdom', 'King George V of Great Britain', 'George Frederick Ernest Albert', 'George V of the United Kingdom', 'George V', 'George the Fifth', 'George v of the united kingdom', 'King George V', 'George V of the UK', 'GEORGE V', 'George 5', 'George V, Emperor', 'King George the Fifth', 'George V of Britain', 'George V, King of Great Britain', 'King George V of England', ""King George V's Silver Jubilee"", 'George V of England', 'Duke of Cornwall and York', 'George V, Emperor of India', 'Coronation of King George V']", Henry VIII,0.3340415358543396,1,1,1
2413,"Answer the question concisely. Q: ""Published in 1900, who was the author of the children's book """"The Wonderful Wizard of Oz""""?"" A:","['Floyd Akens', 'Frank L. Baum', 'John Estes Cooke', 'Schuyler Staunton', 'Lyman Baum', 'Capt. Hugh Fitzgerald', 'Baum, L. Frank', 'L Frank BAUM', 'Baum, Lyman', 'Baum, Frank', 'Edith Van Dyne', 'Laura Bancroft', 'L.Frank Baum', 'Floyd Akers', 'Suzanne Metcalf', 'Lyman Frank Baum', 'L Frank Baum', 'Captain Hugh Fitzgerald', 'L. Frank Baum']"," ""L. Frank Baum",0.8743983507156372,0,0,0
2430,Answer the question concisely. Q: Which famous London events which occurred between April 10th and April 12th 1981 were dealt with in the Scarman report? A:,"['BRIXTON RIOTS', 'Brixton Riots (disambiguation)', 'Brixton Riot', 'Brixton riot', 'Brixton riots (disambiguation)', 'Brixton Riots', 'Brixton riots']", The London bombings of April 7th and 8th 1981,0.17782524228096008,1,1,1
2437,"Answer the question concisely. Q: ""Which Scottish actor, born in Paisley, starred in the movies """"300"""", """"Law Abiding Citizen"""" and """"P.S. I love you"""" ?"" A:","['The Bricklayer (2014 film)', 'Dynamo (2015 film)', 'Gerard Butler', 'Gerard butler', 'GERARD BUTLER', 'The Bricklayer', 'Gerrard Butler', 'Dynamo (2014 film)', 'The Bricklayer (film)', 'Gerry Butler', 'Dynamo (film)', 'Gerry butler']"," ""Hugh Jackman""                                                          ",0.28490129113197327,1,1,1
2492,"Answer the question concisely. Q: Which boy's name, according to website BabyCenter, is the most globally popular for the eigth year in a row? A:","['Troy Wambold', 'Aiden', 'Aiden (band)', 'Angel I.', 'Jake W.', 'William Francis (vocalist)', 'Jake D.', 'Troy W.', 'Jake Wambold', 'Jake D', 'AIDEN']", Oliver,0.09315616637468338,1,1,1
2499,Answer the question concisely. Q: What type of beverage does a barista prepare and serve ? A:,"['COFFEE', 'Coffee (disambiguation)']", Coffee,0.363966703414917,1,0,0
2500,Answer the question concisely. Q: What colour are Hydrangea flowers in acidic soil ? A:,"['BLUE', 'Gauss-Markov assumptions', 'Best Linear Unbiased Estimator', 'Gauss-Markov theorem', 'Linear estimator', 'Gauss–Markov assumptions', 'Gauss-Markow least squares theorem', 'Best linear unbiased estimator', 'Gauss–Markov–Aitken theorem', 'Gauss-Markov model', 'Gauss-Markov-Aitken theorem', 'Gauss markov theorem', 'Gauss–Markov model', 'Gauss–Markov theorem', 'Blue (statistics)']", White,0.11000408232212067,1,1,1
2505,Answer the question concisely. Q: Which Scottish University was established as the world's first Mechanics Institute in 1821 ? A:,"['Heriot–Watt University', 'Edinburgh School of Arts', 'Heriot-Watt College', 'Watt Institution and School of Arts', 'Heriot watt university', 'Heriot Watt', 'Heriot Watt University', 'HERIOT-WATT', 'Heriot-Watt', 'Herriot Watt University', 'Heriot-Watt University', 'Heriot-Watt Institution', 'Heriot-watt university']", Edinburgh University,0.42994171380996704,1,1,1
2509,"Answer the question concisely. Q: In the fairy tale Thumbelina, what creature wants the miniature girl to marry her son ? A:","['TOAD', 'Tool for Oracle Application Developers', 'Toad (software)', 'Toad for MySQL', 'TOAD (software)']", The mouse,0.05257071554660797,1,1,1
2514,Answer the question concisely. Q: The Uffizi and the Bargello are among the museums of art in which European city ? A:,"['UN/LOCODE:ITFLR', 'Folrenz', 'Firenze, Italy', 'פירנצה', 'Montughi', 'Firenze', 'Gualfonda', 'FLORENCE', 'Florentine', 'Frorence', 'Florence (Italy)', 'Florence', 'Florence, Italy']", Florence,0.791063129901886,0,0,0
2519,Answer the question concisely. Q: Which entertainer was known as ' The Brazilian Bombshell ' ? A:,"['Carmen Miranda', 'CARMEN MIRANDA', 'Maria do Carmo Miranda da Cunha', 'Maria de Carmo Miranda de Cunha', 'Maria Do Carmo Miranda Da Cuhna', 'David Alfred Sebastian']", Carmen Electra,0.4947202205657959,1,1,1
2525,Answer the question concisely. Q: In which city was the rock star Michael Hutchence found dead in 1997 ? A:,"['Sydney, New South Wales, Australia', 'Sydneian', 'UN/LOCODE:AUSYD', 'Sydney Australia', 'Sydney (N.S.W.)', 'Sydney', 'Sydneians', 'Sydney, NSW, Australia', 'Sydney, New South Wales', 'Sydney, AU-NSW', 'Sidney, Australia', 'Syndey', 'Sydney, NSW', 'Capital of New South Wales', 'SYDNEY', 'Sydneysider', 'Sydney metropolitan area', 'Ysdney', 'Sydney (Australia)', 'Sydneysiders', 'Greater Sydney', 'Sydney (N.S.W.), Australia', 'Sydney, Australia']"," Sydney, Australia",0.9136900901794434,0,0,0
2527,Answer the question concisely. Q: Which type of hat takes its name from an 1894 novel by George Du Maurier where the title character has the surname O'Ferrall ? A:,"['Trilby', 'TRILBY', 'Trilby Hat', 'Trilby (hat)', 'Trilby hat']", The straw hat,0.34386852383613586,1,1,1
2532,"Answer the question concisely. Q: Which Spanish soup containing onions, tomatoes, peppers and cucumbers and traditionally thickened with stale breadcrumbs is always served cold ? A:","['Gazpacho', 'GAZPACHO', 'Gazpacho soup', 'Gaspacho', 'Gazpacho Soup']"," Tomate, Tomate, Tomate, Tomate, Tomate, Tomate, Tomate, Tomate, Tomate, Tomate, Tomate, Tomate, Tomate, Tomate, Tomate, Tomate, Tomate, Tomate, Tomate, Tomate, Tomate, Tom",0.28752845525741577,1,1,1
2536,"Answer the question concisely. Q: Which political party, founded in 1967, has its headquarters in London and currently has the leader Ian Edward ? A:","['NATIONAL FRONT', 'Front National (disambiguation)', 'Front national', 'National front', 'National Front', 'National Front (Germany)', 'National Front (disambiguation)']", The Labour Party,0.15165729820728302,1,1,1
2537,Answer the question concisely. Q: Darwin is the capital of which Australian state ? A:,"['Northern Territory', 'Northern territory', 'NORTHERN TERRITORY', 'North Territory', 'The Northern Territory', 'NorthernTerritory', 'Northern Territory of Australia', 'AU-NT', 'Northern Territory, Australia', 'South Australia (Northern Territory)', 'Local government in the Northern Territory', 'Northern Territorian', 'Northern Territories, Australia', 'North territory']", Queensland,0.3399062752723694,1,1,1
2543,"Answer the question concisely. Q: Which film of 1988 sees the lead male character, named Dan Gallagher, terrorised by an obsessed woman named Alex Forest, an editor for a publishing company? A:","['Fatal attraction (interpersonal communication)', 'Fatal Attraction (interpersonal communication)', 'Fatal attraction', 'FATAL ATTRACTION']", The Big Chill,0.09889277070760727,1,1,1
2544,"Answer the question concisely. Q: Irish writer and poet Oscar Wilde, who died in 1900, is buried in which European country? A:","['La Republique francaise', 'Franciaország', 'La Republique française', 'Belle France', 'FRANCE', 'Republique française', 'France', 'Ranska', 'Franciaorszag', 'French Republic', 'République francaise', 'République française', 'ISO 3166-1:FR', 'Frankreich', 'France (country)', 'Etymology of France', 'FrancE', 'La République française', 'People of France', 'Republic of France', 'Fracne', 'Le France', 'The French Republic', 'Republique francaise', 'The Republic of France', 'La République francaise', 'La France', 'Rain in France', 'Republic of france', 'FRance', 'Frakkland', 'Climate of France', 'Franse']", France,0.5582054853439331,0,0,0
2558,Answer the question concisely. Q: The town of Keswick in Cumbria lies just north of which body of water? A:,"['Derwentwater', 'Derwent Water', 'Derwent water', 'DERWENT WATER']", Lake Windermere,0.2882051467895508,1,1,1
2559,"Answer the question concisely. Q: With a population of almost 930,000 inhabitants, what is the capital city of Nicaragua? A:","['Leal Villa de Santiago de Managua', 'Managua, Managua', 'Managua', 'Capital of Nicaragua', 'Managua, Nicaragua', 'America/Managua', 'UN/LOCODE:NIMGA', 'MANAGUA']", Managua,0.9169204235076904,0,0,0
2592,Answer the question concisely. Q: Which was the only team that England did not beat in their qualifying campaign for the 2014 Soccer World Cup ? A:,"['UKRAINE', 'Ukrainian territory', 'Ukraˈjina', 'Ukraine during World War II', 'UKR', 'Ukrayina', 'Ukarine', 'Ukraien', 'The ukrane', 'Ukrania', ""Ukra'jina"", 'Kiev compromise', 'Ucraine', 'Ukraine', 'Ukraina', 'Ukrainia', 'Ukrajina', 'ISO 3166-1:UA', 'Ukrane', 'Ykpaiha', 'Ukriane', 'Украина', 'The Ukraine', 'Ukraïne', 'Україна']", Germany,0.2685299515724182,1,1,1
2602,Answer the question concisely. Q: What is the name of the island that separates the two largest waterfalls at Niagara ? A:,"['GOAT ISLAND', 'Goat Island (disambiguation)', 'Goat Island', 'Goat Islands']", Goat Island,0.9294642210006714,0,0,0
2605,Answer the question concisely. Q: By what name is the tree Fraxinus excelsior more commonly known ? A:,"['ASH (disambiguation)', 'ASH']", The English name is the common name. The Latin name is the scientific name,0.2956477403640747,1,1,1
2606,Answer the question concisely. Q: What is the surname of singer Florence of 'Florence and the Machine' ? A:,"['Welsh Regiment', 'The Welsh Regiment', 'Royal Glamorgan Militia', 'Welch Regiment', 'The Welch', 'WELCH', 'The Welch Regiment']", Florence Welch,0.38652655482292175,1,1,1
2610,Answer the question concisely. Q: Some Americans claim to have seen a Sasquatch; by what name is it better known ? A:,"['Rickmat', 'Bigsquatch', 'Big foot', 'Barden booger', 'The Sasquatch', 'Sésquac', 'The Bigfoot', 'Pitt Lake giant', 'Sésq̓əc', 'Formal studies of bigfoot', 'Evidence regarding Bigfoot', 'Pennsylvania Creature', 'Neo-Giant', 'Jacobs Creature', 'Sasquach', 'Formal Scientific Studies of Bigfoot or Sasquatch', 'List of Notable Bigfoot sightings', 'Chiye-tanka', 'Misinkhalikan', 'Big Muddy Monster', 'Sasquatch', 'Formal studies of Bigfoot', 'Matt Whitton', 'Evidence regarding bigfoot', 'Neogiant', 'Jacobs photos', 'Scientific studies of sasquatch', 'Bigfoot the bigfooted', 'Etymology of the words Bigfoot and Sasquatch', ""Ts'emekwes"", 'Nalusa falaya', 'Tsemekwes', 'Scientific studies of bigfoot or sasquatch', 'Pennsylvania creature', 'The masked being', 'Bigfoot hoaxes', 'Matthew Whitton', 'The Jacobs Creature', 'Oh-mah', 'BIGFOOT', 'Neo giant', 'Pitt Lake Giant', 'Sesquac', 'Bigfoot']", Bigfoot,0.8588532209396362,0,0,0
2614,Answer the question concisely. Q: What was the surname of the 19th president of the USA who had the first christian name Rutherford ? A:,"['The Hayes', 'HAYES', 'Café Quarter']", Rutherford B. Hayes,0.26402193307876587,1,1,1
2621,Answer the question concisely. Q: Which letter of the Greek alphabet when written looks like a capital P ? A:,"['Ρ', 'Rho (subclass)', 'RHO', '%5Crho', 'Rho (letter)', 'Ρώ', 'Rho', 'Rho (Greek)', 'ϼ']",,0.19526836276054382,1,1,1
2628,"Answer the question concisely. Q: """"""Serpula Lacrymans"""" is the technical name for which decay of seasoned timber caused by a fungi that consume the cellulose of wood, leaving a soft skeleton which is readily reduced to powder ?"" A:","['Dryrot', 'Dry-rot', 'DRY ROT', 'Dry Rot Treatment', 'Dry Rot', 'Dry rot']"," ""The decay of seasoned timber caused by a fungi that consume the cellulose of wood, leaving a soft skeleton which is readily reduced to powder",0.1910277009010315,1,1,1
2629,Answer the question concisely. Q: Which English producer and screenwriter is responsible for the creation of the fictional school Grange Hill ? A:,"['Phil REDMOND', 'Phillip redmond', 'Phil Redmond']", Alan Bleasdale,0.28800320625305176,1,1,1
2654,Answer the question concisely. Q: Of which organ is otitis an inflammation ? A:,"['Ear (disambiguation)', 'EAR']", The ear,0.12393545359373093,1,0,0
2660,"Answer the question concisely. Q: According to the Old Testament, who was the wife of Abraham and the mother of Isaac ? A:","['Colonel Briggs (Eureka character)', 'Jo Lupo (Eureka character)', 'Briggs (Eureka character)', 'William Cobb (Eureka)', 'Jim Taggart (Eureka)', 'Jack Carter (Eureka)', 'List of Eureka characters', 'Beverly Barlowe (Eureka character)', 'Jack Carter (Eureka character)', 'Douglas Fargo', 'Nathan Stark (Eureka character)', 'Zoe Carter', 'SARAH', 'Allison Blake (Eureka character)', 'William Cobb (Eureka character)', ""List of ''Eureka'' characters"", 'Henry Deacon (TV character)', 'Allison Blake (Eureka)', 'Beverly Barlowe', 'Jo Lupo', 'Beverly Barlowe (Eureka)', 'Henry Deacon (Eureka)', 'Jim Taggart (Eureka character)', 'Douglas Fargo (Eureka character)', 'Allison Blake', 'Henry Deacon (Eureka character)', 'Briggs (Eureka)', 'Nathan Stark', 'Joe Lupo (Eureka character)', 'Zoe Carter (Eureka character)', 'Zane Donovan']", Sarah,0.09227660298347473,1,0,0
2662,Answer the question concisely. Q: Which national anthem was originally called the 'War Song for the Rhine Army'? A:,['MARSELLAISE'], The German national anthem,0.08218270540237427,1,1,1
2678,"Answer the question concisely. Q: Arctic King, Saladin and Tom Thumb are which types of vegetable? A:","['L. sativa', '生菜', 'Iceburg lettuce', 'Iceberg lettuce', 'Lettus', 'Lollo rossa', 'Winter density', 'Crisphead', 'Lollo rosso', 'Garden lettuce', 'Lettuce', 'Boston lettuce', 'Butter lettuce', 'Lettuces', 'Sheng cai', 'Shengcai', 'Lollo rosa', 'Lettace', 'Lactuca sativa']"," Arctic King, Saladin and Tom Thumb are which types of vegetable",0.13139045238494873,1,1,1
2710,Answer the question concisely. Q: Vermillion is a shade of which colour? A:,"['Red (colour)', 'Rgb(255, 0, 0)', 'Incarnadining', 'Rauður', 'Incarnadine', 'Red (political adjective)', 'FF0000', 'Red Movement', 'Red', 'Red (Colour)', 'Reddeners', 'Reddest', 'Reddened', 'Redishly', 'Firebrick red', 'Reddens', 'Reddener', 'Color red', 'Reddishness', 'Redly', 'Aztec red', 'Red (color)', '(255, 0, 0)', 'Raudur', 'Color/red', 'Redest', 'Redishness', 'Incarnadined', 'Incarnadines', 'Reddishly', 'List of terms associated with the color red', 'Redness']", Red,0.6624004244804382,0,0,0
2713,Answer the question concisely. Q: What number has the square root (to the nearest four decimal places) of 1.4142? 1; 2; 3; or 4? A:,"['2', 'two']", 4,0.17064924538135529,1,1,1
2715,Answer the question concisely. Q: How many pennies were in a British pre-decimal pound? 120; 200; 204; or 240? A:,"['two hundred and forty', '240']", 120,0.1529170572757721,1,1,1
2726,"Answer the question concisely. Q: Considered unlucky in Italy, probably because its Roman numerals are an anagram of a Latin word which can mean loosely 'I have lived', implying 'I am dead' ? A:","['seventeen', '17']"," No, it is because the number 13 is considered unlucky in Italy",0.11618760228157043,1,1,1
2727,"Answer the question concisely. Q: At the 2010 MTV Video Music Awards, Lady Gaga wore a controversial dress made of what? A:",['Raw meat'], A meat dress,0.32925277948379517,1,1,1
2736,"Answer the question concisely. Q: What gas, symbol F, is the most reactive of all chemical elements? A:","['Floreen', 'Ftor', 'Fluorinated', 'Quartz Fluorine Tube', 'Difluorine', 'Hydrocarbons, fluorinated', 'Fluoro', 'Flourine', 'Atomic number 9', 'Fluorine gas', 'Fluorine compounds', 'Fluorine']", F,0.19747042655944824,1,0,0
2764,"Answer the question concisely. Q: In Mexico, it is said that wearing what colour/color underwear on New Year's Eve ensures finding new love the following year? A:","['Red (colour)', 'Rgb(255, 0, 0)', 'Incarnadining', 'Rauður', 'Incarnadine', 'Red (political adjective)', 'FF0000', 'Red Movement', 'Red', 'Red (Colour)', 'Reddeners', 'Reddest', 'Reddened', 'Redishly', 'Firebrick red', 'Reddens', 'Reddener', 'Color red', 'Reddishness', 'Redly', 'Aztec red', 'Red (color)', '(255, 0, 0)', 'Raudur', 'Color/red', 'Redest', 'Redishness', 'Incarnadined', 'Incarnadines', 'Reddishly', 'List of terms associated with the color red', 'Redness']", I don't know,0.10002845525741577,1,1,1
2770,Answer the question concisely. Q: In what European city was snooker player John Higgins stung by the News of the World newspaper relating to an alleged betting fix? A:,"['Kyiv, Ukraine', 'Koenugard', 'Kiev', 'UAIEV', 'Kiïv', 'Kiyeff Kiev', 'Kiev Municipality', 'Kievan', 'Kieff', 'Kyiv', 'Kiow', 'Kiov', 'Konugard', 'Kyyiv', 'Capital city of Ukraine', 'Kiyev', 'Ки́ев', 'Left-bank (Kiev)', 'Kyïv', 'Kiev, Misto Kyyiv', 'Kiyiv', 'Keiv', 'Kijevas', 'M. Kyiv', 'Kyiv/Kiev', 'Kyiv (Koncha Zaspa)', 'Kiiow', 'Kijiv', 'Kiyv', 'Kÿowia', 'Kieff,', 'Capital of Ukraine', 'Kiovia', 'КИЇВ', 'Kiev (Kyiv)', 'Kiev (Ukraine)', 'Kiev, Ukraine', 'Kyjiv', 'Left Bank (Kiev)', 'Київ', 'Kyowia', 'Kiev, USSR', 'Kyev, Ukraine', 'Киев', 'Kyev', 'Kyjev', 'Kiyeff', 'Kijev', 'UN/LOCODE:UAIEV']", London,0.21554401516914368,1,1,1
2790,Answer the question concisely. Q: Mount Lascar is in which South American country? A:,"['ISO 3166-1:CL', 'Cxilio', 'Cile', 'Etymology of Chile', 'Republic of Chile', 'Chilean Republic', 'State of Chile', 'Chile', 'Name of Chile', 'República de Chile', 'Chilé']", Brazil,0.18296131491661072,1,1,1
2792,Answer the question concisely. Q: Which element is mixed with gold to make red gold? A:,"['Copper', 'Copper metabolism', 'Copper bracelet', 'Copper history', 'Cuprum', 'Element XXIX', 'Copper sheet', 'Cuprous', 'Copper band', 'Copper (element)', 'Element 29', '1S2 2S2 2P6 3S2 3P6 3D10 4S', 'Cupreous', 'Copper sheet metal', 'Copper fittings', 'Cu2+', 'Tommie Copper', 'Cupric', 'Red metal', 'Utah state mineral']", Mercury,0.1904410719871521,1,1,1
2797,"Answer the question concisely. Q: The Qur'an (or Quran, Kuran, Koran, Coran or al-Qur'an - literally 'the recitation') is the religious text of which religion? A:","['Islami', 'الإسلام', 'Followers of the Prophet Muhammed', 'Islamo', 'Islaam', 'Sulh-e-Kul', 'Islam (Concept)', 'Al Islam', 'Muhammadry', 'Islamry', 'Islamic', 'Islam religion', 'Muslimanity', 'Submission to God', 'Islamick', 'Islam today', 'Musliminity', 'إسلام', 'Al-Islam', ""Al-'islām"", 'Isalm', 'Islām', 'Islam (religion)', 'Islamic religion', 'Islaamic', 'Īslam', 'Islamity', 'ئیسلام', 'Dietary Laws In Islam', 'ISLAM', 'Islamic faith', 'The Religion of Islam', 'Islam']", Islam,0.694723904132843,0,0,0
2803,Answer the question concisely. Q: Who is the nude bow-carrying statue in London's Piccadilly Circus? A:,['Anteros'], A statue of a nude woman,0.08659543097019196,1,1,1
2807,"Answer the question concisely. Q: Which country suspended its annual Antarctic Whale Hunt in February 2011, after activists from a US-based environmental group chased the mother ship? A:","['日本國', 'State of Japan', 'Ja-pan', 'Nihon', 'Nippon', 'Japang', 'Modern–era Japan', 'Etymology of Japan', 'Japan (country)', 'Republic of Japan', 'Japanese financial sector', 'Nihon-koku', 'ISO 3166-1:JP', '日本', 'Japian', 'Japan', 'JapaN', 'The State of Japan', 'Riben', 'Nippon-koku', 'JPN', 'Jpan', 'Rìběn', '日本国', 'Japao', 'JAPAN', 'Japoa', '🗾']", Japan,0.7419753670692444,0,0,0
2808,"Answer the question concisely. Q: At which English racecourse did two horses collapse and die in the parade ring due to electrocution, in February 2011? A:","['Newbury', 'Newbury (disambiguation)']", Epsom,0.08137665688991547,1,1,1
2823,"Answer the question concisely. Q: A banderillero is a member of a team called a cuadrilla, in which controversial activity? A:","['Bullfighting and animal rights', 'Bullfights', 'Bullfight', 'Spanish Bull-Fight', 'La fiesta brava', 'Corrida de toros', 'Tauromachy', 'Bull fighting', 'Bull fights', 'Tauromachia', 'Criticisms of bullfighting', 'Course camarguaise', 'Bull fight', 'Bull-fighting', 'The History And Origins Of Bullfighting', 'Bullfighting', 'Bull-Fighting']"," The banderillero is a member of a team called a cuadrilla, in which controversial activity",0.18776467442512512,1,0,1
2830,Answer the question concisely. Q: What ancient African nation is (at 2011) the most populated landlocked country of the world? A:,"['Ethiopean', 'Ethiopai', 'Ityoṗṗya', 'Æthiopia', 'AEthiopia', 'Etiopia', 'The Democratic Republic Of Ethiopia', ""Ityop'pya"", 'Ītyōṗṗyā', ""Ityop'ia"", 'Ethopian', 'Ethiop', 'Federal Democratic Republic of Ethiopia', 'Etheopia', 'Abbysinnia', 'Abysinna', ""Ityop'iya"", 'Abissinia', 'Habeshistan', 'Prehistory of Ethiopia', 'Names of Ethiopia', 'Ityoppya', 'Ethiopia', 'ISO 3166-1:ET', 'ʾĪtyōṗṗyā', 'Ethiopian', 'Ethiopioa', 'Name of Ethiopia', 'FDRE', 'Etymology of Ethiopia', 'Federal Republic of Ethiopia', 'ኢትዮጵያ']", Ethiopia,0.832973837852478,0,0,0
2835,Answer the question concisely. Q: Which author created the character Moll Flanders? A:,"['Daniel the Prophet', 'Captain Tom', 'Daniel Defoe', 'Daniel Dafoe', 'Danial Defoe', 'One of the People called Quakers', 'Daniel Defore', 'DEFOE DANIEL', 'Daniel Foe', 'A Scots Gentleman in the Swedish Service', 'A British Officer In The Service Of The Czar', 'Captain George Carleton', 'Daniel foe']", Mark Twain,0.18144164979457855,1,1,1
2846,"Answer the question concisely. Q: What is the common name of the cooking ingredient from the hard fat of kidneys and loins of oxen, famously sold under the Atora brand? A:","['Beef suet', 'Suet', 'Suets']", Atora,0.0925590842962265,1,1,1
2849,Answer the question concisely. Q: What island is noted for its biodiversity and 80% unique wildlife due to more than 80 million years' isolation from continental land mass? A:,"['Island of the moon', 'Health in Madagascar', 'Madagascar', 'Health care in Madagascar', 'Island of the Moon', 'ISO 3166-1:MG', 'Madegasgar', 'Madagasgar', 'Madgascar', 'Etymology of Madagascar', 'Sport in Madagascar', 'Republic of Madagascar', 'Island of Madagascar', 'The Republic of Madagascar', 'Administrative divisions of madagascar', 'Madigascar', 'First Republic of Madagascar', 'Madagaskar', 'Madegascar']", The Galapagos Islands,0.5758261680603027,0,1,1
2858,Answer the question concisely. Q: The Picts were an ancient tribe of people occupying what country in Roman times? A:,"['The Scottish Nation', 'Scotlander', 'Scotland', 'Northern Great Britain', 'Scot Land', 'Scottland', 'Scotlanders', 'Scotland, UK', ""Scotland's"", 'Scottish nation', 'North Great Britain', 'Autonomous Province of Scotland', 'Scottish Nation', 'Communications in Scotland', 'Maps of scotland', 'North of Great Britain', 'Scotia minor', 'Auld Country', 'Scotchland', 'H-Alba', 'SCOTLAND', 'East coast of Scotland']", Scotland,0.674086332321167,0,0,0
2870,"Answer the question concisely. Q: What is the old name (Latin, meaning 'strong water') for a solution of nitric acid in water, used in alchemy and other ancient processes? A:","['Aqua Fortis', 'Aquafortis', 'Aqua fortis', '🜅', 'Aqua sortis']", Aqua vitae,0.6083868145942688,0,1,1
2872,Answer the question concisely. Q: Name the successful travel and 'e-tailer' website founded Martha Lane Fox and Brent Hoberman in 1998? A:,['Lastminute.com'], Kayak.,0.05345805734395981,1,1,1
2885,Answer the question concisely. Q: What is the darkly common name for the plague which killed 30-50% of Europe between 1347-52? A:,"['Black death', 'Great Mortality', 'Blackdeath', 'Black Death', 'Black DEATH', 'The Black Plague', 'The medieval plague', 'Black death cures', 'Black Plague', 'The black death', 'The Black Death', 'Black plague']", Black Death,0.9067855477333069,0,0,0
2892,"Answer the question concisely. Q: Ameliorate means to make something that was bad, what? A:","['Better', 'Betterer', 'Better (disambiguation)', 'Better (song)']", Better,0.645658016204834,0,0,0
2899,Answer the question concisely. Q: The word husband is derived from the ancient Old Norse meanings of 'house' and what activity? A:,"['Farm', 'Farms', 'Farming', 'Croplands', 'Farmsteads']", The activity of a husband,0.07425074279308319,1,1,1
2909,"Answer the question concisely. Q: Frenchman Maurice André, who attributed his stamina and breath control to his teenage years as a coal miner, was a famous virtuoso player of what instrument? A:","['Trumpet.', '🎺', 'Trumpeter', 'Trumpet player', 'Trumpet (Bach)', 'Trumpets', 'Tromba', 'Trompete', 'Jazz trumpeter', 'Trumpeters', 'Soprano bugle', 'Herald trumpet', 'Alto trumpet', 'Trumpet', 'Lead Trumpet', 'Super C trumpet']", The accordion,0.15426266193389893,1,1,1
2914,"Answer the question concisely. Q: What is the Japanese word for the sash worn as a belt in traditional dress (kimonos and martial arts uniforms, etc)? A:","['Obi', 'Obi (disambiguation)', 'OBI']", Kote,0.10163791477680206,1,1,1
2921,Answer the question concisely. Q: Name the new French president of 2012? A:,"['Francois Hollande', 'Francois Holland', 'François Hollande', 'François Holland', 'Francois hollande', 'Hollande', 'François Gérard Georges Nicolas Hollande', 'Francis Holland']", Nicolas Sarkozy,0.14154890179634094,1,1,1
2923,Answer the question concisely. Q: Trumpets and trombones are most commonly pitched at? A:,"['B-B', 'Bb.', 'Bb (disambiguation)', 'B.B.', 'BB', 'Bb', 'BB (disambiguation)', 'B B', 'B. B.', 'B.b.']", C,0.30511021614074707,1,1,1
2926,Answer the question concisely. Q: The Japanese condiment wasabi is produced from what part of the the wasabi plant? A:,"['Root (botany)', 'Rooted', 'Peg root', 'Adventitious Root', 'Plant roots', 'Shallow-rooted', 'Adventitious Roots', 'Shallow rooted', 'Deep-rooted', 'Roots', 'Tree root', 'Plant root', 'Root', 'Adventitious roots', 'Deep rooted']", The root,0.5268058180809021,0,0,0
2939,"Answer the question concisely. Q: Which politician, in his previous work, set a world record in Florence in 1981 which endured for 16 years? A:","['Sebastian Coe, Baron Coe', 'Seb Coe', 'Sebastian Newbold Coe', 'Sebastian Coe', 'Sebastien Coe', 'Sebastian Newbold Coe, Baron Coe', 'Lord Sebastian Newbold Coe', 'Lord Coe', 'Lord Sebastian Coe', 'Baron Coe']"," The Italian politician, who was also a member of the European Parliament, was the first to set a world record in Florence in 1981",0.11983871459960938,1,1,1
2947,"Answer the question concisely. Q: What corporation pioneered the use of coupons in consumer marketing, beginning in 1887, so that by 1913 over eight million Americans had sampled its product for free? A:","['Coca-Cola (soft drink)', 'Minute Maid Light Lemonade', 'Passover Coca-Cola', 'Coka cola', 'Coke-Cola', 'History of Coca-Cola', 'Coca Cola', 'Coca-Cola bottle', 'Coke Bottle', 'Coke Classic', 'CocaCola', 'Co-cola', 'Classic Coke', 'Coca-colas', 'Coco cola', 'Coke bottles', 'Coca-Cola 1', 'Coca-Cola', 'Coca cola', 'Coca Cola Classic', 'Great Plains Coca Cola', 'Contour bottle', 'Classic coke', 'Coca -cola', 'Large coke', 'Production of Coca-Cola', 'Coke (drink)', 'Cocacola.com', 'Coca-Cola Classic', 'Passover Coca Cola', 'Ke Kou Ke Le', 'Coca cola christmas advert', 'Coca Cola Canada', 'Cocacola', 'Coca-Cola M5', 'Minute Maid Lemonade', 'Coke bottle', 'Coke mini', 'CocaCola.com', 'Coca-cola', 'Coca-Cola Australia Foundation']", Procter & Gamble,0.3927861452102661,1,1,1
2956,Answer the question concisely. Q: Lysergic Acid Diethylamide is better known by what abbreviated name? A:,"['LSD 25', 'Lsd25', 'Dropping acid', 'Tabnet', 'Sunshine acid', 'Acid (drug)', 'Delysid', 'Microdot acid', 'LSD', 'L. S. D.', 'Adverse effects of LSD', 'Bike day', '(+)-Lysergide', 'Lysergic acid diethylamide', 'Acid baby', 'Lsd 25', 'Alice d', 'L S D', 'Blotter acid', 'L.S.D', 'C20H25N3O', 'Lsd', 'Acid flashback', 'L.S.D.', 'Lysergic Acid Diethylamide', 'LSD-25', 'Lysergide']", LSD,0.8424487113952637,0,0,0
2963,"Answer the question concisely. Q: ""What event in the 2012 Olympics saw eight competitors disqualified for """"not using best efforts""""?"" A:","['Rules of badminton', 'Badders', 'Badmitton', 'Shuttler', 'Badminton 1000 bc', 'Badmington', 'Badmitten', 'Badminton players', 'Badminton', 'Badminton racquet', '🏸', 'Badmiton', 'History of badminton']"," ""The 2012 Olympics saw eight competitors disqualified for """"not using best efforts""""",0.10557016730308533,1,1,1
2969,"Answer the question concisely. Q: What cartoon character featured on a $100,000 auctioned poster in Texas, Nov 2012? A:","['Mickey Mouse Operation', 'Electoral career of Mickey Mouse', 'Mickey Mouse operations', 'Micky Mouse', 'Mickey Mouse', 'Mickey the mouse', 'Miki mouse', 'Mickey mouse', 'Mickey Mouse operation']", The Simpsons,0.13653303682804108,1,1,1
2974,Answer the question concisely. Q: Scrying commonly entails the use of a? A:,"['Crystal ball', 'Show stone', 'Crystal Ball', '🔮', 'Crystal balls', 'Shew stone']", A mirror,0.05974389612674713,1,1,1
2984,Answer the question concisely. Q: What caused a 34 minute suspension of play in the 2013 Superbowl? A:,"['Power failure', 'Power outage', 'Under-voltage (brownout)', 'Power Failure', 'Electric shutdown', 'Power blackout', 'Power cut', 'Power Outage Crisis', 'Power crisis', 'Electricity outage', 'Power cuts', 'Power fialure', 'Power loss', 'Powercut', 'Energy outage', 'Power outages', 'Electrical power cut', 'Electrical outage', 'Power-cut']", The Patriots were caught cheating,0.157423198223114,1,1,1
2988,Answer the question concisely. Q: Hydrogen Peroxide (H2O2) is one of several different forms of what commonly named chemical agent? A:,"['Bleaching powder', 'Bowking', 'Bleach (chemical)', 'Household bleach', 'Bleeching', 'Bleaching agent', 'Blanqueador', 'Bleached', 'Javex', 'Bleach (brand)', 'Chlorinated lime', 'Bleaching', 'Bleach', 'Discolouration', 'Bleach agent', 'Chlorine bleach', 'Discoloration']", A chemical compound that is a strong oxidizing agent,0.334661066532135,1,1,1
2995,Answer the question concisely. Q: In music theory what is the relative minor chord of C major? A:,"['G-double-sharp minor', 'A minor', 'Key of A minor', 'B-double-flat minor', 'A Minor', 'A-minor']", C minor,0.5746257305145264,0,1,1
3000,Answer the question concisely. Q: What is the traditional Italian name for the text of an opera or musical? A:,"['Lobretto', 'Libretist', 'Lobreto', 'Libretto', 'Librettist', 'Libretti', 'Librettos']", The libretto,0.5953553915023804,0,0,0
3010,Answer the question concisely. Q: What homonymic word refers both to a pit and a hunted animal? A:,"['Marble quarry', 'Quarry process', 'Quarries', 'Quarry', 'Stone pit', 'Superquarry', 'Quarryman', 'Rock quarries', 'Quarrying', 'Quarried', 'Quarrys', 'Rock quarry', 'Quarry and Quarrying', 'Super quarry', 'Quary', 'Stone quarry']", A: A: A: A: A: A: A: A: A: A: A: A: A: A: A: A: A: A: A: A: A: A: A: A: A: A: A: A: A: A: A: A:,0.2884087562561035,1,1,1
3013,Answer the question concisely. Q: What Olympic event entails disqualification if both feet of a competitor are seen to be off the ground at the same time? A:,"['5000 m walk', 'Run-walking', 'Walking (sport)', '3000 metres walk', '5000 metres track walk', 'Speedwalking', 'Walk race', '100-mile walk', '50 kilometre walk', '4000 metres track walk', 'Racewalking', '10,000 metres race walk', 'Racewalker', 'Walking race', '3000 metres race walk', '5000 metres race walk', '3000 m walk', 'Race walking', '5000 metres walk', 'Race walk', 'Run-walk', '10,000 metres track walk', 'Race-walking', '10km walk', 'Walking-Races', '20000 m walk', '15 kilometres race walk', 'Race Walking', 'Olympic walking', '30000 m walk', '10000 m walk', '20,000 metres track walk', '10,000 metres walk', 'Race walker', 'Racewalk', '50000 m walk', '50 kilometres walk']"," The event is called ""The Diving",0.20950841903686523,1,1,1
3044,Answer the question concisely. Q: What holds the greatest volume of fresh water on Earth? A:,"['Glaciar', 'Glacier', 'Continental glacier', 'Glacial deposition', 'Fluvio-glacial deposition', 'Tidewater glaciers', 'Alpine glaciers', 'Glaciated', 'Glaciers', 'Unglaciated', 'Glaciate', 'Glacial formation', 'Ice river', 'Warm-based glacier', 'Glaciars', 'Gletscher', 'Glacial trough', 'Glacially', 'GLACIER', 'Ogive (glacier)', 'Cold-based glacier', 'Glacitectonism', 'Channel glacier', 'Glacial Trough', 'Ogives (glaciers)', 'Receding glacier', 'Glacitectronism', 'Polythermal glacier', 'Basal ice', 'Alpine glacier', 'Ablation till', 'Mountain glacier', 'Glacial ice']", The Great Lakes,0.21785295009613037,1,1,1
3049,Answer the question concisely. Q: In which modern country is St Nicholas's birthplace and hometown? A:,"['Turkey', 'Turkey (country)', 'Türkiye Respublikasi', 'Turky', 'Turkei', 'Tuerkiye Cumhuriyeti', 'Tuerkiye', 'Turquie', 'ISO 3166-1:TR', 'Turquia', 'TurkeY', 'Turkey (Country)', 'Turkiye', 'Turkey (state)', 'Terky', 'Republic of Turkey', 'Türkiye', 'Turkish Republic', 'Republic of Turkiye', 'Turkish republic', 'The Republic of Turkey', 'Turkey (nation)', 'Türkiye Respublikası', 'Türkei', 'Tuerkei', 'Turkiye Cumhuriyeti', 'TURKEY', 'Republic of turkey', 'Etymology of Turkey', 'Turkie', 'Turkia', 'Türkiye Cumhuriyeti']", Turkey,0.6854690313339233,0,0,0
3108,"Answer the question concisely. Q: What London medicinal water site, later a music hall, was the birthplace of the Royal Ballet and English National Opera? A:","[""Sadler's Wells"", ""New Sadler's Wells Opera"", 'Sadler’s Wells', ""Sadler's-Wells"", 'Lilian Baylis Theatre', ""New Sadler's Wells Opera Company"", 'Sadlers Wells', 'Sadler’s Wells Theatre', ""Sadler's Wells Theatre""]"," The Royal Opera House, Covent Garden",0.21133874356746674,1,1,1
3113,Answer the question concisely. Q: Latin 'collum' refers to which part of the human body? A:,"['Necke', 'Collum (anatomy)', 'Neck', 'Human neck', 'Nuchal']", The head,0.11714281141757965,1,1,1
3121,Answer the question concisely. Q: Which nation in 2014 saw the abdication of Juan Carlos and the ascension of Felipe VI? A:,"['Islands of Spain', 'España', 'Reino de España', 'Name of Spain', 'Espagna', 'Espańa', 'Reino de Espana', 'Espana', 'Kingdom of the Spains', 'The Spanish Society', 'Espainia', 'Mountains of Spain', ""Regne d'Espanya"", 'The kingdom of Spain', 'SPAIN', ""Regne d'Espanha"", 'Espanya', 'Espainiako Erresuma', 'Etymology of Spain', 'Spane', 'ISO 3166-1:ES', 'Spain', 'Spanish Kingdom', 'Kingdom of Spain', 'El Reino de España', 'El Reino de Espana']", Spain,0.7450352907180786,0,0,0
3123,"Answer the question concisely. Q: Toot, Percy, Charlie, ching and chang all refer informally to what? A:","['Cocaine trade', 'Coke (drug)', 'ATCvet code QS02DA02', 'Crack+cocaine', 'Freebase cocaine', 'Kilogram of cocaine', 'Benzoylmethylecgonine', 'Powdered cocaine', 'Llello', 'Methylbenzoylecgonine', 'ATC code S02DA02', 'Crackpipe', 'Crack overdose', 'Nose Candy', 'Cocaine HCl', 'Ye yo', 'Methyl benzoylecgonine', 'ATC code S01HA01', 'Cocoaine', 'Cocaine trafficking', 'Benzoyl methyl ecgonine', 'Nose candy', 'ATCvet code QN01BC01', 'ATC code N01BC01', 'Gaggas', 'Cocain', 'Crack heads', 'Bolivian marching powder', 'ATC code R02AD03', 'Synthetic cocaine', 'Prohibition of cocaine in the United States', 'Cocaine Abuse', 'Erythroxyline', 'Yeyo', 'Cocaine hydrochloride', 'Cocaine-related disorders', 'ATCvet code QR02AD03', 'Effects of cocaine', 'Columbian marching powder', 'Cocaine', 'Cocaine hydro-chloride', 'Farlopa', 'ATCvet code QS01HA01']", A group of people,0.11631713807582855,1,1,1
3126,"Answer the question concisely. Q: The equatorial Republic of Kiribati's 'Kiritimati' (Christmas) Island, among the first land to see each new day/year, is in which ocean? A:","['Pacific Basin', 'Oceanum pacificum', 'Sea of Magellan', 'Pacific region', 'PAcific', 'North Pacific Ocean', 'Peaceful sea', 'Eastern Pacific Ocean', 'Mar del Sur', 'South-Western Pacific', 'West Pacific', 'Eastern Pacific', 'South Pacific Ocean', 'North Pacific ocean', 'South-western Pacific', 'Pacific Ocean', 'North Pacific fisheries', 'Western Pacific Ocean', 'Southern Pacific Ocean', 'Pacific (ocean)', 'Pacific basin', 'Pacific Oceans', 'North Pacific', 'Pacific ocean', 'Mid-Pacific', 'Great South Sea', 'Pacific', 'Tepre Pacificum', 'East Pacific']", The Pacific Ocean,0.736958384513855,0,0,0
3132,Answer the question concisely. Q: What Latin-languages term informally refers to a chaplain in the armed services? A:,"['Padre (disambiguation)', 'Padre']", Chaplain,0.2962701916694641,1,0,1
3139,"Answer the question concisely. Q: US veterinary pathologist Daniel Salmon (1850-1914) oversaw the discovery of what, named eponymously? A:","['Soul manela', 'Soulmanila', 'Salmanilla', 'Salmonilla', 'Salmonella Panama', 'Sourmanila', 'Soul manilla', 'Salmanila', 'Solmanilla', 'Saulmanella', 'Sour manella', 'Samonella', 'Saulmanela', 'Sal manela', 'Sourmanilla', 'Saurmanilla', 'Soul manila', 'Saul manella', 'Sol manella', 'Salmanela', 'Saulmanilla', 'Salmonella', 'Solmanila', 'Sourmanela', 'Soulmanela', 'Soulmanella', 'Sourmanella', 'Sal manella', 'Saul manela', 'Saurmanila', 'Sour manilla', 'Saulmanila', 'Sol manela', 'Solmanella', 'Salmonella tryphimurium', 'Solmanela', 'Saur manila', 'Saul manila', 'Saurmanela', 'Salmanella', 'Salmonela', 'Salmonella phages', 'Saur manella', 'Soulmanilla', 'Sour manila', 'Sal manilla', 'Sal manila', 'Saur manela', 'Salmonellae', 'Saur manilla', 'Saul manilla', 'Sour manela', 'Sol manilla', 'Saurmanella', 'Soul manella']", The eponym of the eponym of the eponym of the eponym of the eponym of the eponym of the eponym of the eponym of the eponym of the eponym of the eponym of the eponym of the eponym of the eponym of the eponym of the eponym of,0.3335280418395996,1,1,1
3146,"Answer the question concisely. Q: Proposed in 1776, 'E pluribus unum' ('One from many'), is on the national seal and banknotes of which nation? A:","['The United States of America', 'United States Of Amerca', 'Us of a', 'U.–S.–A.', 'Americaland', 'United States (U.S.A.)', 'Amurika', 'Unite states of america', 'United States of America (redirect)', 'The U S A', 'Unietd States', 'EE UU', 'The U.S.A.', 'U.-S.-A.', 'Usa', 'United Staets of America', 'Unites States', ""États-Unis d'Amérique"", 'Verenigde State', 'U.–S.', 'The United States of America.', 'The U-S-A', 'EEUU', 'U. S. A.', 'Nagkaisang mga Estado', 'The U. S. of America', 'The USA', 'America (United States)', 'The U. S. A.', 'U S of America', 'UNITED STATES', 'Estados Unidos', 'The U–S', 'American United States', 'US and A', 'Unitd states', 'The US of A', 'EE.UU.', 'U-S', 'The U-S', 'Etymology of the United States', 'U.S.A.)', 'EE. UU.', 'United states of america', 'US of america', 'Verenigde State van Amerika', 'Nited States', 'United-States', 'Unite States', 'Estados Unidos de América', 'UnitedStates', 'Estaos Unios', 'US of America', 'The Usa', 'United states of America', 'Untied States of America', 'The U S of America', 'THE AMERICAN UNITED STATES', 'The United-States', 'U S A', 'AmericA', 'Estados Unidos de America', 'United states', 'The U.S. of America', 'Amerka', 'United–States', 'U.s.a.', 'United States of America', 'United State of America', 'United States (US)', 'The U.S. of A', 'America', 'Amercia', ""Stati Uniti d'America"", 'Los Estados Unidos de America', 'United Stated', 'U.S.', 'United States (of America)', 'United States', 'States of America', 'America-class', 'Los Estados Unidos', 'U,S,', 'United States (country)', 'Federal United States', 'ISO 3166-1:US', 'Untied States', 'The U.–S.–A.', 'VS America', 'Amurica', ""Etats-Unis d'Amerique"", 'US', 'U.S. OF A', 'USofA', 'Etats-Unis', 'U.S. of A', 'United States of America (U.S.A.)', 'Amarica', 'The United States', 'U-S-A', 'United States/Introduction', 'The Us', 'Unitesd states', 'The U S of A', 'America class', 'America magazine', 'الولايات المتحدة الأمريكية', 'The U. S. of A', 'U S', '(USA)', 'The United–States', 'United States (U.S.)', 'U.-S.', 'United States of America (USA)', ""'merica"", 'The US', 'United States of America.', 'UNited States', 'The U.S.', 'AMERICA', 'United States of America/OldPage', 'United+States', 'The U S', 'United Sates', 'THE UNITED STATES OF AMERICA', 'U–S–A', 'United States Of America', 'U.S. of America', 'U–S', 'Los Estados Unidos de América', 'The U.-S.', 'United sates', 'The United States Of America', 'America (country)', 'United States of American', 'United state of america', 'The U.–S.', 'Amurka', 'U. S. of A', 'The U. S.', 'United States America', 'US of A', 'États-Unis', 'USoA', 'USA', 'Estaos Uníos', 'America, United States of', 'U. S. of America', 'U.S.American', '(US)', 'The U–S–A', 'U. S.', 'U.S. America', 'U.S. A', 'Yankee land', 'America (US)', 'U.S', 'America (United States of)', 'US (country)', 'UNITED STATES OF AMERICA', 'U.S.A', 'Estados unidos', 'Americia', 'The US of america', 'Vereinigte Staaten', 'US America', 'These United States of America', 'VS Amerika', 'Name of the United States', 'The united states of america', 'Estatos Unitos', 'America (USA)', 'The U.-S.-A.', 'United States of America/Introduction', 'The US of America', 'Americophile', 'V.S. America', 'U.S.A.', 'U S of A', 'V.S. Amerika', 'United+States+of+America', 'The Unites States of America']", The United States,0.9118161201477051,0,0,0
3148,Answer the question concisely. Q: In 2015 artist Oscar Santillan controversially removed and exhibited the top inch of? A:,"['Little Narrowcove', 'Middleboot Knotts', 'Pikes of Sca Fell', 'Scarfell pike', 'Highest point in England', 'Scafell Pike']", The head of a statue of Jesus Christ from the top of a church in Mexico City,0.19024133682250977,1,1,1
3153,"Answer the question concisely. Q: The first independent credit payment card, inspired in 1949 by a particular service, was called '(What?) Club International'? A:","['Dinor', 'American diner', 'Diners', 'Diner']", The first credit card was called 'Club International' and was issued by the Bank of America in 1949,0.17039170861244202,1,1,1
3156,Answer the question concisely. Q: Which famous employee-owned UK retailer's slogan is 'Never Knowingly Undersold'? A:,"['John Lewis', 'Lewis, John', 'John Lewis (priest)', 'John Lewis (footballer)', 'John Lewis (disambiguation)']", Tesco,0.08360658586025238,1,1,1
3158,Answer the question concisely. Q: What instrument was originally called the trompette-saicueboute? A:,"['Harmonic glissando', 'Zugposaune', 'Trombone (instrument)', 'Inverted glissando', 'False glissando', 'Trombone slide', 'Trombones', 'Trombonist', 'Trombone position', 'Trombone smear', 'Slide trombone', 'Posaune', 'Trombone', 'Broken glissando', 'Slide position', 'Valve trombonist', 'The Trombone', 'Tromboner']", The trompette-saicueboute is a French instrument that is used to play the trombone,0.3364793658256531,1,1,1
3160,Answer the question concisely. Q: To what does the portmanteau word Grexit refer? A:,['Greece Exit'], The Greek exit from the Eurozone,0.4089827537536621,1,0,0
3162,Answer the question concisely. Q: Aberdeen in Scotland is known as the (Which rock?) City? A:,"['Granites', 'Granitization', 'Granitization theory', 'Magmatic theory', 'Hammer granite', 'Pink granite', 'Granite biotite', 'Granite block', 'Granite blocks', 'Granite', 'Porphyritic granite', 'Granitic']", The (Which rock?) City,0.0492670014500618,1,1,1
3163,"Answer the question concisely. Q: Introduced in 1894 and one of the world's oldest trademarks, Bibendum is better known as what? A:","['Bibendum', 'Michelin Man', 'The Michelin Man', 'Michelin man']", A French restaurant in London,0.13329669833183289,1,1,1
3167,Answer the question concisely. Q: Name the pioneering Game Theory US mathematician featured in the film A Beautiful Mind? A:,"['John Nash (disambiguation)', 'Johnny Nash (disambiguation)', 'John nash', 'John Nash', 'Nash, John']", John Nash,0.892259955406189,0,0,0
3174,Answer the question concisely. Q: Amal Clooney is an internationally renowned? A:,"['Human rights law', 'International Human Rights Law', 'Constitutional Human Rights Law', 'International human rights', 'International human rights law', 'Human Rights Law', 'Human rights lawyer']", Yes,0.07661960273981094,1,1,1
3180,Answer the question concisely. Q: Dageurreotype/dageurrotype is a mid-1800s form of? A:,"['Photographs', 'Photograph', 'Photo stills', 'Archival digital print', 'Foto', 'Photographic image', 'Photos', 'Photo', 'Still photo', 'Still photograph', 'Photograoh', 'Fotograf', 'Photographed']", A type of portrait painting that was popular in the United States during the mid-1800s,0.2609623670578003,1,1,1
3186,Answer the question concisely. Q: The Hindi/Sanskrit 'kotwal' refers to what profession in India? A:,"['Police agent', 'Police-men', 'Police-man', 'Police men', 'Police officer', 'Police-officers', 'Police man', 'Officer of the law', 'Police-women', 'Special officer', 'Police agents', 'Sbirro', 'Police-woman', 'Policeofficers', 'Motorcycle cop', 'Police Officer', 'Policewomen', 'Motor Officer', 'Freezer-duty', 'Freezer duty', 'Policeman', 'Policemen', 'Special Officer', 'Police-officer', 'Becoming a Police Officer', 'Policewoman', 'Police women', 'Zaptiah', '👮', 'Police woman', 'Bobby (police)', 'Law enforcement personnel', 'Policeofficer', 'Police officers']", A person who is a member of the police force,0.5799945592880249,0,0,0
3188,Answer the question concisely. Q: Five ninths of three fifths is a? A:,"['Third (music) (disambiguation)', 'Third', '3rd', '0.33', '3rd (album)', 'Third (music)', '3rds', 'Third (album)', 'Third (disambiguation)', 'Thirds']", A fifth,0.19945243000984192,1,1,1
3192,"Answer the question concisely. Q: Bedrock is the home city of which eponymous 1960s cartoon show/family, the most successful adult TV franchise for three decades prior to The Simpsons? A:","['The Flinstones', 'Yaba Daba Doo', 'Loyal Order of Water Buffaloes Lodge No. 26', 'Flintstones', 'The Flintstones Fox', 'Flinstones', 'The Flinstones (2013 TV series)', 'Loyal Order of Water Buffaloes', 'The Flintstones (1980)', 'Hoppy (The Flintstones)', 'The Flintstones (Fox television series)', 'The Flagstones', 'List of The Flintstones characters', 'Hollyrock', 'Yabadabadoo', 'The Flintstones (2013)', 'The Flintstones (Fox TV series)', 'Baby Puss (The Flintstones)', 'The Flintstone', 'Flintstones, The', 'The Flintstones', 'Overview of The Flintstones', 'Mr. Slate']", The Flintstones,0.9175224900245667,0,0,0
3198,"Answer the question concisely. Q: What is O3 (O followed by the number 3, usually shown in sub-script)? A:","['Ozone generator', 'Smell of electricity', 'Electricity smell', 'O₃', 'Electric smell', 'Ozone', 'Ozone in water', 'Activated Oxygen', 'Ozonator', 'Ozonation', 'Ozonizer', 'Activated oxygen', 'Ozoneator', 'Oxygen 3', 'Triatomic oxygen', 'Ozone Chemical', 'Trioxygen']", Oxygen,0.5952872633934021,0,1,1
3211,"Answer the question concisely. Q: What often poisonous compound, CN, found in fruit seeds and stones, named from Greek for dark blue, comprises Carbon and Nitrogen? A:","['CN-', 'Cyanides', 'Inorganic Cyanides', 'Inorganic cyanides', 'Cyanogenesis', '(CN)-', 'Cyanide Group', 'Cyanide', 'Cyanide ion', 'Cyanide anion', 'Cyadine', 'Cyano', 'Chemical test for cyanide']", Cyanide,0.9614865779876709,0,0,0
3220,Answer the question concisely. Q: According to 2015 survey what fruit was most popular among USA children? A:,"['Apple Blossom', 'Appleblossom', 'Green Apples', 'Malus domesticus', 'Appleblossoms', 'Culture of apple', 'Malus domestica', 'Apple blossom', 'Apple/Nutritional information', 'Nutritional information about the apple', 'Apple production', 'Apple-blossoms', 'Apple blossoms', 'Apple peel', 'An apple a day', 'Apple (fruit)', 'Apple trees', 'Malus pumila', 'Malus communis', 'Pyrus malus', 'Apple tree', '🍏', '🍎', 'Apple Popularity', 'Apples', 'Dried apple', 'سێو', 'Apple (Fruit)', 'Green Apple', 'Apple-tree', 'Green apples', 'Apple', 'Apples and teachers', 'Aplle', 'Apple-blossom', 'Apple (tree)']", Strawberries,0.2205989509820938,1,1,1
3228,Answer the question concisely. Q: Who wrote/directed the movies The Hateful Eight and Inglourious Basterds? A:,"['Quinten Tarintino', 'Quintin Tarantino', 'Q. Tarantino', 'Quentin Tarentino', 'Red Apple Cigarettes', 'Quentin tarantino', 'Quinten Tarantino', 'Killer Crow (2015 film)', 'Tarantinoesque', 'Killer Crow', 'Quinton Tarantino', 'List of awards and nominations received by Quentin Tarantino', 'Quentin Tarantino', 'The Vega Brothers', 'Killer Crow (film)', 'Quinton Terrantino', 'Quintin Terantino', 'Q. Tarentino', 'Quentin Tarrantino', 'QuentinTarrantino', 'Quentin Jerome Tarantino', 'Quentin Tarintino']", Quentin Tarantino,0.9447542428970337,0,0,0
3250,"Answer the question concisely. Q: Which country occupying 47% of South America has states including Amazonas, Sao Paulo, Bahia and Para? A:","['Brazil', 'Etymology of Brazil', 'Federal Republic of Brazil', 'Brasil', 'Barzil', 'Federative Republic of Brazil', 'Brazil (country)', 'Brassil', 'Republic of Brazil', 'Brésil', 'Brzil', 'Brazilian Federative Republic', 'Republica Federativa do Brasil', 'Bresil', 'Brazilian Republic', 'ISO 3166-1:BR', 'República Federativa do Brasil', 'Brazilo']", Brazil,0.7232822179794312,0,0,0
3252,"Answer the question concisely. Q: What regal name is capital of Seychelles, and British Columbia (Canada), and is an Australian state? A:","['Victoria (genus)', 'Victoria (beer)', 'Victoria ward', 'Victoria City (disambiguation)', 'Victoria (ward)', 'Victoria (disambiguation)', 'Victoria (geographical disambiguation)', 'Victoria, England', 'Victoria', 'Victoria city (disambiguation)', 'Victoria (transportation)', 'Victoria City', 'City of Victoria', 'Victoria (film)', 'SS Victoria']"," Victoria, and Queensland",0.3567642569541931,1,1,1
3280,Answer the question concisely. Q: In the Bible to whom did God give the Ten Commandments? A:,"['Moshe Rabeinu', 'מֹשֶׁה רַבֵּנוּ', 'موسىٰ', 'Moshe Rabbeinu', 'Moses our Teacher', 'Moses', 'Names of Moses', 'Mozes', 'Móshe', 'Mōšé', 'موسى', 'Saint Moses', 'Moses our Rabbi', 'Religion of Moses and Israel', 'Criticism of Moses', 'Israelite Moses', 'Mosaic law (disambiguation)', 'Moses in Christianity', 'Mosus', 'Mosheh', 'Moshe Rabbenu', 'מֹשֶׁה']", Moses,0.7512403726577759,0,0,0
3286,Answer the question concisely. Q: Which huge global communications brand is derived from a local word for a marten? A:,"['Nokia Corporation', 'Nokia Oy', 'Nokia', 'Nokia corporation', 'Nokia, Inc.', 'Nokialand', 'Nokia Pakistan', 'C7-00', 'NOKIA', 'Nokia.com', 'NokiaLaptop', 'The Nokia Corporation', 'Nokia phone', 'Mobira', 'Nokia Aero', 'Nokia India', 'C5-03', 'Nokia Oyj', 'Nokia World 2011', 'Nokia Corp.']", Google,0.11052583158016205,1,1,1
3288,Answer the question concisely. Q: Tallinn is the capital of which country? A:,"['Republic of Estonia (1918-1940)', 'Estonie', 'Administrative divisions of Estonia', 'Republic of Estonia (1918–1940)', 'Estonia', 'Eesti Vabariik', 'Igaunija', 'Eestimaa', 'Republic of Estonia', 'Subdivisions of Estonia', 'Esthonia', 'Etymology of Estonia', 'Estija', 'ISO 3166-1:EE', 'Name of Estonia', 'Эстония']", Estonia,0.8008559346199036,0,0,0
3305,Answer the question concisely. Q: Faye Turney became famous as a member of which of the services? A:,"['Commonwealth Navy', 'British fleet', 'Royal English Navy', 'British Navy', 'Navy of Bermuda', 'Navy of the United Kingdom', 'U.K. Navy', 'Retired Officer of The Royal Navy', 'Uk navy', 'Serving Officer of the Royal Navy', 'Royal Navy of England', 'British Fleet', 'UK Royal Navy', 'The Royal Navy', 'England Navy', 'Great Britain Navy', 'Royal navy', 'Retired Officer of the Royal Navy', 'Serving Officer of The Royal Navy', 'Senior Service', 'British Patrol Ship', 'English Navy', 'English navy', 'British naval supremacy', 'United Kingdom Navy', 'Royal British Navy', 'Royal Navy of the United Kingdom', 'Royal Navy (UK)', 'United Kingdom Royal Navy', 'British Royal Navy', 'Britain Navy', 'British navy', 'Royal Navy (United Kingdom)', 'English Royal Navy', 'Royal Navy']", The Royal Air Force,0.4821386933326721,1,1,1
3321,Answer the question concisely. Q: Glen Moy and Autumn Bliss are varieties of which fruit? A:,"['Hindberries', 'Culture of raspberry', 'Blue raspberry', 'Raspberries', 'Hindberry', 'Raspberry', 'Rasberries', 'Bababerry', 'Gold raspberry']", The answer is: apple,0.08011189103126526,1,1,1
3322,Answer the question concisely. Q: Which singer held a gladiolus in his first appearance on BBC TV's Top of the Pops in 1983? A:,"['Tina Dehgani', 'Stephen Morrissey', 'Steven+Patrick+Morrissey', 'Mozzer', 'Morrissey', 'Steven Morissey', 'Steven Morrissey', 'Steven Patrick Morrissey', 'Morissey', 'Stephen Patrick Morrissey', 'Morrisey', 'Morrissy', 'Jake Walters']", David Bowie,0.3545321822166443,1,1,1
3323,Answer the question concisely. Q: What did Manchester United footballer Carlos Tevez put in his mouth in celebrating a goal at Christmas 2007? A:,"['Adult pacifier', 'Pacifiers', 'Soother', 'Dodie', 'Pacifers', ""Baby's dummy"", 'Pacifier clip', 'Pacifier', ""A baby's dummy"", 'Comforter (nipple)', 'Teething coral']", A piece of a Christmas pudding,0.2686481475830078,1,1,1
3328,Answer the question concisely. Q: What is the name of the assembly of cardinals for the election of a pope? A:,"['Election of the Pope', 'Papal conclave', 'Sacred Conclave', 'Election of the Popes', 'Papal succession', 'Fumata bianca', 'Consistory, Papal', 'Conclave', 'Papal Election', 'Papal election', 'Election of the Bishop of Rome', 'Eligo in Summum Pontificem', 'Who elects the new pope', 'The process of selecting a Pope', 'Conclaves', 'Papal selection', 'White smoke', 'Papal Elections', 'Election of pope', 'Election of the bishop of Rome', 'Elections in Vatican City', 'Room of Tears', 'Election of a new pope', 'Next pope', 'Fumata nera', 'Election of the pope', 'Papal elections', 'Papal Conclave', 'New pope', 'Fumata nera and fumata bianca']", The College of Cardinals,0.3465043902397156,1,1,0
3329,Answer the question concisely. Q: What is the parrot's name in Enid Blyton's 'Adventure' series of books? A:,"['Kiki (disambiguation)', 'Kiki (film)', 'KIKI (Radio station)', 'Kiki']", The parrot's name is 'Toby,0.09878261387348175,1,1,1
3335,Answer the question concisely. Q: Chrometophobia is an irrational fear of what? A:,"['Monetary items', 'Real world money', 'Pecuniary', 'Concept of money', 'Functions of money', 'Monetary', 'Hard dollar', 'Monies', 'Money', 'Commercial bank money', 'Pelf']", Chromes,0.10726003348827362,1,1,1
3336,Answer the question concisely. Q: In which year did Captain Scott reach the South Pole? A:,"['one thousand, nine hundred and twelve', '1912']", 1912,0.6480420231819153,0,0,0
3356,Answer the question concisely. Q: In the human body what is the Axilla commonly known as? A:,"['Underarm', 'Axillae', 'Underarms', 'Axilla', 'Arm pit', 'Armpits', 'Axillary region', 'Posterior axillary fold', 'Hairy Armpits', 'Armpit', 'The armpit', 'Oxter', 'Anterior axillary fold']", The arm pit,0.7261876463890076,0,0,0
3360,Answer the question concisely. Q: What film was the first sequel to win a Best Picture Oscar? A:,"['The Godfather Part 2', 'The Godfather: Part II', 'Don Francesco Ciccio', 'TGP2', 'Godfather Part II', 'The Godfather Part II', 'Godfather Part 2', 'The Godfather II', 'The Godfather pt 2', 'Godfather part ii', 'The Godfather Part Two', 'The Godfather 2', 'Godfather 2', 'The godfather part ii', 'Godfather pt ii', 'Godfather II', 'The Godfather, Part II', 'Tony Rosato (The Godfather)', 'The godfather 2', 'Don Ciccio', 'THE GODFATHER PART II', 'Antonio %22Tony%22 Rosato']", The Godfather Part II,0.9397003650665283,0,0,0
3367,Answer the question concisely. Q: In which year was the Berlin Wall built? A:,"['one thousand, nine hundred and sixty-one', '1961']", 1961,0.6634117364883423,0,0,0
3375,"Answer the question concisely. Q: In Switzerland, 1978, the corpse of which entertainer was reburied in concrete after it was recovered from extortionists? A:","['Roy Export Company Establishment', 'Charlie Chaplain', 'Charlie Chaplan', 'Charlie Chaplin', 'Charles chaplin', 'Charles Chaplin', 'Charles Spencer Chaplin', 'CharlieChaplin', 'Sir Charles Spencer Chaplin', 'Sir Charlie Chaplin', 'Sir Charles Chaplin', 'Chaplinian', 'Charile Chaplin', 'Charlie chaplin']", Elvis Presley,0.17017851769924164,1,1,1
3401,"Answer the question concisely. Q: Who aged 65 became the oldest Britain to climb Mount Everest, as at 2009? A:","['Ran Fiennes', 'Sir Ranulph Twisleton-Wykeham-Fiennes, 3rd Baronet, OBE', 'Ranulph Fiennes', 'Ranulph Twistleton-Wykeham Fiennes', 'Randolf Vines', 'Ranulph Twisleton-Wykeham-Fiennes', 'Randolph Vines', 'Sir Ranulph Fiennes', 'Sir Ranulph Twisleton-Wykeham-Fiennes, 3rd Baronet']"," Sir Edmund Hillary, who was born in 1874",0.23123839497566223,1,1,1
3413,"Answer the question concisely. Q: According to UK research in 2009 on average how many TV ads do viewers see each day, 25; 43; 105 or 207? A:","['forty-three', '43']", 25,0.07651596516370773,1,1,1
3416,Answer the question concisely. Q: What US corporation sold Hummer to the Chinese in 2009? A:,"['General motors', 'Detroit GM', 'Vehicle Acquisition Holdings', 'New GM', 'General Motors 50th Anniversary Show', 'GM Motors', 'General Motors Corp.', 'General Motors Company LLC', 'Micky Bly', 'Vehicle Acquisition Holdings LLC', 'GM Powertrain', 'The GM Company', 'General Motors Corporation LLC', 'General Moters', 'General Motors', 'General Motors Corporation', 'General Motors Company']", GM,0.45415401458740234,1,0,0
3436,Answer the question concisely. Q: Who wept on the shoulder of the Duchess of Kent after losing the Wimbledon Women's Singles Final against Steffi Graf in 1993? A:,"['Jana Novotná', 'Jana Novotna']", The Duchess of Kent,0.11966662108898163,1,1,1
3468,Answer the question concisely. Q: How many triangles are on a backgammon board? A:,"['24', 'twenty-four', 'Twenty-four']", 3,0.1428445428609848,1,1,1
3473,"Answer the question concisely. Q: Loosely translated, Aleph Beth Gimel Daleth are the first four letters of what alphabet? A:","['Hebraic language', 'Hebrew Language and Literature', 'Lashon ha-Kodesh', 'Idioma hebrew', 'Hebrew Language', 'Liturgical Hebrew', 'Hebrew language/Introduction and History', 'עברית', 'Hebrew language/Phonetics', 'ISO 639:heb', 'Hebraica', 'History of the Hebrew language', 'Hebrew text', 'Hebrew language', ""'Ivrit"", 'Hebrew pronounciation', 'Hebraicizes', 'Hebrew languages', 'Hebr.', 'Iwrit', 'Hebrew language/Grammar', 'Hebraic', 'Hebrew-language', 'History of Hebrew', 'Standard Hebrew language', 'Hebrew language/Morphology', 'עִבְרִית', 'Hebrew morphology', 'Standard Hebrew', 'ISO 639:he', 'Hebrew', 'Hebrew (language)']", Hebrew,0.7691913843154907,0,0,0
3498,Answer the question concisely. Q: The film actor Marion Michael Morrison is better known by what name? A:,"['Michael Morris (John Wayne)', 'Marion Morrison', 'Marion Robert Morrison', 'List of John Wayne films', 'Marion Mitchell Morrison', 'Michael Morrison (John Wayne)', 'Marion Michael Morrison', 'John wayne', 'List of awards and nominations received by John Wayne', 'List of John Wayne Films', 'John Wayne']", His stage name is John Wayne,0.5639440417289734,0,0,0
3503,"Answer the question concisely. Q: In the US election held on 7 November 2000, court cases over the results from which state delayed the announcement of results for over a month? A:","['Floreda', 'Twenty-Seventh State', 'Sunshine State (US)', 'Religion in Florida', 'Flórida', 'Florida, United States', 'Sports in Florida', 'Flordida', 'Florida Redbacks', 'Florida (US state)', 'Florida, USA', '27th State', 'Economy of Florida', 'Florida (U.S. state)', 'US-FL', 'Agriculture in Florida', 'Flordia', 'Florida', 'Florida (State)', 'Floridian Peninsula', 'Tourism in Florida', 'State of Florida', 'Flawda', 'FL (state)', 'Twenty-seventh State', ""Florida's"", 'Flowery Easter', 'Florida (state)', 'Peninsular State', 'Florida map', 'Fla.']", Florida,0.7925678491592407,0,0,0
3507,Answer the question concisely. Q: Which country used to be called Southern Rhodesia? A:,"['Zimbobwe', 'Health care in Zimbabwe', 'Zimbabwean cultural practices', 'People of Zimbabwe', 'Republic of Zimbabwe', 'Zimbabwean legends', 'Zimbabwae', 'Zimbabwian', 'Republic Of Zimbabwe', 'Cuisine of Zimbabwe', 'Zimbabwean cuisine', 'ZWE', 'Zimbabwei', 'Zimbabwe', 'Etymology of Zimbabwe', 'ISO 3166-1:ZW', 'Republic Zimbabwe', 'Zimbawean', 'Zimbabwean', 'Name of Zimbabwe', 'Chimpabwe']", Zimbabwe,0.8247771859169006,0,0,0
3515,Answer the question concisely. Q: What was the title of George Washingtons pronouncement in 1793 that provided a basis for the USA to avoid any involvement in foreign conflicts? A:,"['Proclamation of Neutrality', 'The Proclamation of Neutrality', 'Neutrality Proclamation']"," The United States has no permanent enemies, and no permanent friends, only permanent interests",0.19152365624904633,1,1,1
3518,Answer the question concisely. Q: What is a nervous disorder whereby a person suddenly falls asleep? A:,"['Narcelepsy', 'Narcolepsie', 'Narcolepsy without cataplexy', 'Nacrolepsy', 'Hypnolepsy', 'Narcalepsy', 'Narcoleptic', 'Narcolepsy', 'Narcaleptic', 'Gelineau disease', 'Always sleeping (narcolepsy)', 'Narcolepsy-Cataplexy', 'Paroxysmal sleep']", Insomnia,0.2637031674385071,1,1,1
3529,"Answer the question concisely. Q: ""What latin phrase means """"unaccompanied"""" when applied to music?"" A:","['Acappella', 'Acapella', ""A'cappella"", 'A cappela', 'A Cappella', 'A-capella', 'Contemporary a cappella', 'A-Capela', 'A capella', 'Capella music', 'Recorded A Cappella Review Board', 'ACappela', 'A Cappela', 'Arcapella', 'A-capela', 'Accapella', 'A Capella', 'Acappela', 'A cappellas', 'A capela', 'A-cappella', 'A-Cappella', 'A-Cappela', 'In the church style', 'ACappella', ""A'capella"", 'ACapella', 'Unaccompanied', 'A cappella', 'A-Capella', 'A-cappela']"," ""Unaccompanied",0.8090612292289734,0,0,0
3539,"Answer the question concisely. Q: The Sandinista National Liberation Front ruled from 1979 to 1990, initially as part of a Junta of National Reconstruction, in which country? A:","['Nicarugua', 'Nicuragua', 'Administrative divisions of Nicaragua', 'Bibliography of nicaragua', 'Subdivisions of Nicaragua', 'Health in Nicaragua', 'Republica De Nicaragua', 'Etymology of Nicaragua', 'República de Nicaragua', 'Sport in Nicaragua', 'ISO 3166-1:NI', 'Republic of Nicaragua', 'The Republic of Nicaragua', 'Nicaraguan', 'Nicaragua', 'Nicaragua, Central America']", Nicaragua,0.8265788555145264,0,0,0
3541,Answer the question concisely. Q: The Reign Of Terror was a period in the revolution of which country? A:,"['La Republique francaise', 'Franciaország', 'La Republique française', 'Belle France', 'FRANCE', 'Republique française', 'France', 'Ranska', 'Franciaorszag', 'French Republic', 'République francaise', 'République française', 'ISO 3166-1:FR', 'Frankreich', 'France (country)', 'Etymology of France', 'FrancE', 'La République française', 'People of France', 'Republic of France', 'Fracne', 'Le France', 'The French Republic', 'Republique francaise', 'The Republic of France', 'La République francaise', 'La France', 'Rain in France', 'Republic of france', 'FRance', 'Frakkland', 'Climate of France', 'Franse']", France,0.5582054853439331,0,0,0
3553,Answer the question concisely. Q: What is the name of the note that is 1/8 the length of a semi-breve? A:,"['Eighth-part-note', 'Attondelsnot', 'Åttondelsnot', 'Quaver', '♫', '♪', 'Eighth notes', '8th note', 'Eighth-note', 'Demi-soupir', 'Corchea', 'Eighth note', 'Achtel-Note', 'Croche', '𝄾']", The name of the note is the same as the name of the note that is 1/8 the length of a semi-breve,0.3488004803657532,1,0,1
3558,Answer the question concisely. Q: By what name is Siddhartha Gautama better known? A:,"['Siddhattha Gotama', 'Buhda', 'Shakyamuni Gautama', 'The life of the Buddha', 'Gotama Buddha', 'Sakyamuni', 'Buddha and Vishnu', 'Shijiamounifo', 'Shakhyamuni', 'Sakayamuni', 'Shakamuni', 'The Budda', 'Siddhārtha Gautama', 'Buddha - God or Man', 'Buhhda', 'Thus-come-one', 'Budda', 'Phật', 'Siddhartha Gautam Buddha', 'The story of buddha', 'Buddah', 'Śākyamuni', 'Buddha Shakyamuni', 'Shakymuni Buddha', 'Siddhartha Gautama', 'Buddha', 'Shakyamuni Buddha', 'Recluse Gotama', 'BuddHa', 'Sidarta Guatema', 'Lord Buddha', 'Nepal buddha', 'Gautama', 'Enlightened One', 'Shijiamouni', 'बुद्ध', 'Gautama buddha', 'Gautam Buddha', 'Guatama', 'Enlightenment of Buddha', 'Birthplace of Gautama Buddha', 'Siddhartha Gotoma', 'Shaka Nyorai', 'Gautama Siddhartha', 'Sakyamuni Buddha', 'Enlightened one', 'The Enlightened One', 'Gautama Siddartha', 'Prince Siddhartha', 'Sage of the Shakyas', 'Shakyamuni', 'Siddartha Gautama', 'The Buddha', 'Буда', 'Siddharta Gautama', 'Buddha, the Enlightened', 'Gautama Buddha', 'Shijia Mouni', 'Buddha Gautama', 'Thus-gone-one', 'Siddharta Guatama', 'Gotama buddha', 'Gowthama Buddha', 'Siddhartha gotama', 'Butsu', 'Buddha – God or Man', 'Siddhartha Gautam', 'Shri Buddha', 'Awakened One', 'Śākyamuni Buddha', 'Goutham', 'Siddhartha Buddha', 'Sage of the Sakyas', 'The Awakened One', 'Siddhartha Gutama', 'Sakhyamuni Buddha', 'Siddhartha Guatama', 'Śakyamuni Buddha']", Buddha,0.7033658027648926,0,0,0
3562,"Answer the question concisely. Q: The 1812 Fire of Moscow, on 14 September 14 1812, broke out after most residents and Russian troops had abandoned the city, and whose troops had entered it? A:","['Napoleon Buonaparte', 'Napolean bonapart', 'Bonaparte', 'Napoleonist', 'Napoleon Boneparte', 'Le petit caporal', 'Napoleaon', ""Napolen's coup"", 'Napoleone Bonaparte', 'Age of Napoleon', 'Napoléon Buonaparte', 'Napoleón', 'Emperor Napoleon', 'Napoleon the Great', 'Napoleon I of France', 'Napoleon I of France bibliography', 'Napoléon', 'Napolean Bonapart', 'Napoléon I, Emperor of the French', 'Napolean Bonaparte', 'Napoleon Bonapart', 'Napeoleon', 'Napolean bonarparte', 'Emperor Napoleon I', 'Napolean', 'Napoleon Bonaparte', 'Napoloen', 'Emperor of France Napoleon I', 'Napoleon I Bonaparte', 'Napoleone Buonaparte', 'Napoleon bonaparte', 'Napolian', 'Napoléon Bonaparte', ""Napoleon's"", 'Napoleonic', 'Napoleon I, Emperor of the French', 'Jupiter Scapin', 'Nepolian', 'Napoleon I of the French', 'Little Corporal', 'Napoleon I of Italy', 'Napoleon bonepart', 'Napoléon I', 'Armed Soldier of Democracy', 'Napoleon I the Great of the French bibliography', 'Napoleon i of france', 'Napoleon i of france bibliography', 'Napoléon I of France', ""Napoleon's height"", 'Napoleon Ier', 'Napoleon I', 'General Bonaparte', 'Napoleone di Buonaparte', 'Napoleón Bonaparte', 'Général Bonaparte', ""Jean d'Epee"", 'Napoleon', 'Napoleon I of the French bibliography', 'Napoleon Emperor of France', 'Boneparte', 'Napoleon of France', 'Napoléon Ier', 'Napoléon I Bonaparte']", The troops of Napoleon Bonaparte,0.5640460848808289,0,0,0
3563,Answer the question concisely. Q: Which 2007 Italian drama film directed by Daniele Luchetti is based on Antonio Pennacchi's novel? A:,"['Mio fratello è figlio unico (film)', 'My Brother Is An Only Child', 'Mio fratello e figlio unico', 'Mio fratello è figlio unico', 'My Brother is an Only Child', 'My Brother Is an Only Child']", The Secret of the Grain,0.16018173098564148,1,1,1
3579,"Answer the question concisely. Q: ""In the 1956 film """"The Ten Commandments"""", who played Moses?"" A:","['Holly Heston Rochell', 'John Charles Carter', 'Charleton Heston', 'Charleston Heston', 'Holly Rochell', 'Chuck Heston', 'Heston, Charlton', 'Carlton Heston', 'Holly Heston', 'Charlton heston', 'Charlton Heston']", Charlton Heston,0.9062286615371704,0,0,0
3580,"Answer the question concisely. Q: Who won the World Individual Championship Speedway title four times in 1957, 1958, 1964 and 1966? A:","['Barry briggs', 'Barry Briggs']", Barry Sheene,0.39733055233955383,1,1,1
3590,"Answer the question concisely. Q: The War of the Triple Alliance (1864 - 1870) was fought between the allied countries of Argentina, Brazil, and Uruguay and which other country? A:","['Administrative divisions of Paraguay', 'Culture of Paraguay', 'Paraguayans', 'Paraguayan literature', 'Culture of paraguay', 'Paragauy', 'Teta Paraguai', 'Etymology of Paraguay', 'Paraguayan', 'Tetã Paraguái', 'Republic of Paraguay', 'Paraguai', 'Paruaguayan', 'Paraguay', 'Republic Paraguay', 'ISO 3166-1:PY', 'Name of Paraguay', 'República del Paraguay']", Paraguay,0.8058716058731079,0,0,0
3594,Answer the question concisely. Q: Charles Lindbergh became famous by flying which aeroplane? A:,"['Spirit of Saint Louis', 'Spirit of St. Louis', 'NX211', 'Spirit of st louis', 'N-X-211', 'NX 211', 'Ryan NYP', 'The Spirit of St Louis', 'Ryan NYP Spirit of St. Louis', 'The Spirit of St. Louis']", The Spirit of St. Louis,0.9166642427444458,0,0,0
3596,"Answer the question concisely. Q: ""Which group had hits with """"You Really Got Me"""", """"All Day And All Of The Night"""", """"Waterloo Sunset"""" and """"Lola""""?"" A:","['The Kinks', 'John Gosling (The Kinks musician)', 'Gordon John Edwards', 'The Ray Davies Quartet', 'Kinks', 'The Kinks (band)', 'Kinks, The']", The Beatles,0.24774658679962158,1,1,1
3600,Answer the question concisely. Q: What is the Scottish word that applies to New Year's Eve? A:,"['Hogmanay', ""Edinburgh's Hogmanay"", 'Hogmany']", Hogmanay,0.9596118927001953,0,0,0
3603,"Answer the question concisely. Q: What is the former name of Helsingor, Denmark? A:",['Elsinor']," Helsingor, Denmark",0.4840487241744995,1,0,1
3609,"Answer the question concisely. Q: What is the standard length of the bars in the uneven parallel bars or asymmetric bars, an artistic gymnastics apparatus used only by female gymnasts? A:","['240 distance', '240 cm', 'two hundred and forty  distance']", The bars are 16 feet long,0.31001758575439453,1,1,1
3617,Answer the question concisely. Q: Which US TV series is set in the Princeton-Plainsboro Teaching Hospital? A:,"['🏠', 'House (architecture)', 'Dwellinghouse', 'Hous', 'Domestic architecture', 'HOUSE', 'History of houses', 'House', 'Houses', 'Houseing', 'Houes', 'Independent house']", The West Wing,0.09399043023586273,1,1,1
3633,Answer the question concisely. Q: What is the name for the point in the lunar orbit when the moon is nearest to the earth? A:,"['Apihelion', 'Aposelene', 'Perihadion', 'Apomelasma', 'Pericytherion', 'Apogeum', 'Apastron', 'Pericenter', 'Aphadion', 'Apoapsis', 'Apuranion', 'Apoareion', 'Periapsis distance', 'Periuranion', 'Perijove', 'Apogee', 'Perizene', 'Perikrone', 'Apojove', 'Perigee', 'Apsides', 'Apses', 'Apogalactic', 'Apoapse', 'Periapse', 'Periselene', 'Perigalacticon', 'Perimelasma', 'Apsis', 'Apocenter', 'Perinigricon', 'Apo-apsis', 'Perihelion distance', 'Apolune', 'Perigeum', 'Periastron', 'Periapsis', 'Perigalactic', 'Apocytherion', 'Closest Approach', 'Perihermion', 'Apoposeidion', 'Apapsis', 'Aphermion', 'Apozene', 'Perihelia', 'Apokrone', 'Perigree', 'Galacticon', 'Apoapsis distance', 'Perilune', 'Periareion', 'Periphelion', 'Periposeidion', 'Apocynthion', 'Apoastron', 'Aponigricon']", The perigee,0.6745436787605286,0,0,0
3642,"Answer the question concisely. Q: What remake of a British science-fiction serial broadcast by BBC Television in the summer of 1953 was staged live by BBC Four in 2005 with actors Jason Flemyng, Mark Gatiss, Andrew Tiernan, Indira Varma, David Tennant and Adrian Bower? A:","['Quatermass experiment', 'The Quatermass Experiment']", The Prisoner,0.12316946685314178,1,1,1
3657,"Answer the question concisely. Q: On British television, John Steed and Emma Peel were known collectively as what? A:","['Avengers (cartoon)', 'The Avengers', 'The Avengers (film)', 'The Avengers Movie', 'Avengers, The', 'The Avengerse', 'Avengers', 'The Avengers (disambiguation)', 'Avengers (film)']", The Avengers,0.8979052901268005,0,0,0
3663,"Answer the question concisely. Q: Which series ended on UK television in 1989 after a 26 year run, and returned in 2005? A:","['Dr Who', 'Doctor Who Legacy', 'Anna Zhou', 'Nightmare child', 'Doctor Who New Series', 'Doc. Who', 'Dr.Who', 'Doctor Who', 'The Doctor and Rose', 'The Doctor (nickname)', 'DoctorWho', 'Dr who', 'Doc Who', 'Doctor Who%3F', 'Doctor Who: Legacy', 'Doctor Who classic series', 'Who doctor', 'Doc who characters', 'Doctor Who series', 'Doctor Who – The New Series', 'Doctorwho', 'Dr w', 'Doctor Roo', 'Docter Who', 'Dr. Who Novels', 'Brian Minchin', 'Drwho', 'Dr. Who', 'Dr Who%3F', 'Doctor Who new series', 'Class (2016 TV series)', 'New Who', 'Doctor Who Glossary of Terms and Names', 'Dr. Who Books', 'DrWho', 'Doctor who characters', 'Doctor Who - The New Series', 'Doctor Who (new series)', 'Doctor who', 'The doctor and Rose', 'Archangel Network', 'The Child (Doctor Who audio)', 'Doctor Who (TV series)']", The Prisoner,0.2698116898536682,1,1,1
3682,Answer the question concisely. Q: Which planet weighs more than all the other planets of our solar system combined? A:,"['Physical characteristics of Jupiter', 'Sol 5', 'Jupiter (astronomy)', 'Weight of Jupiter', 'Life on Jupiter', 'Jupitor', 'Planet Jupiter', 'Wood Star', 'Jupiter (Planet)', 'Jovian diameter', 'Jupiter!', 'Mass of Jupiter', 'Astronomy Jupiter', 'Zenography', 'Jupiter (planet)', ""Jupiter's"", '♃', 'Sol-5', 'Jovian orbit', 'The mass of Jupiter', 'Sun f', 'Sol f', 'Jupiter weight', 'Jupiter(planet)', 'The weight of Jupiter', 'Sol V', ""Jupiter's radio emissions"", 'Jupiter', 'Jupiter radius', 'Jupitero']", Pluto,0.3950737714767456,1,1,1
3707,"Answer the question concisely. Q: On 12 September 1995, the Belarusian air force shot down a gas balloon, killing two Americans, during a race for which trophy? A:","['Gordon Bennett Trophy', 'Gordon Bennett Cup (disambiguation)', 'Gordon Bennett Cup']"," The ""World's Fastest Man"" trophy",0.3010252118110657,1,1,1
3715,"Answer the question concisely. Q: ""The X-Files spawned two theatrical movies, """"The X-Files"""" and """"I Want To Believe"""", and which spin-off TV series?"" A:","['Lone gunmen trio', 'Richard %22Ringo%22 Langly', 'Lord Manhammer', 'Yves Adele Harlow', 'John Fitzgerald Byers', 'Melvin Frohike', 'Lois Runtz', 'Lone Gunmen', 'Lone gunmen', 'Richard Langly', 'The lone gunmen', 'The Lone Gunmen', 'Susanne Modeski']"," ""The X-Files"" and ""I Want To Believe",0.17526821792125702,1,1,1
3726,"Answer the question concisely. Q: What is the third largest port of Belgium, accessed by a canal 200 metres (660 feet) wide and 32 kilometres (20 miles) long, which ends near the Dutch port of Terneuzen? A:","['UN/LOCODE:BEGNE', 'Ghent', 'Belgium Ghent', 'Gent, Belgium', 'Ghent, Belgium']", Antwerp,0.5223150849342346,0,1,1
3731,"Answer the question concisely. Q: During his visit in May 2009, the Pope was urged to complain about the state of what landmark between Israel and Jordan? A:","['Nahr Al-Urdun', 'Yardein', 'Jordan River (symbolic)', 'Jordan River', 'Jordan River Valley', 'The Jordan', 'Jordan river', 'River jordon', 'Ha-Yarden', 'Jordan (river)', 'River Jordan', 'The River Jordan', 'Jordan river Valley', 'Jordan River (symbolism)']", The Church of the Nativity,0.1530182659626007,1,1,1
3743,Answer the question concisely. Q: What is the name of the strait between New Guinea and the Australian mainland? A:,"['Strait of Torres', 'Torres Straits', 'Torres Strait']", The Great Barrier Reef,0.2627860903739929,1,1,1
3756,"Answer the question concisely. Q: ""What was special about """"The Daily Courant"""" that appeared in the early 18th century?"" A:",['First daily newspaper']," ""The Daily Courant was the first newspaper in the United States",0.45969003438949585,1,1,1
3762,"Answer the question concisely. Q: Which group of around 200 Greek islands in the Aegean Sea includes Andros, Naxos, Paros and Milos? A:","['Cyclades Prefecture', 'Kyklades Prefecture', 'Kikladhes', 'Kyklades', 'Cyclades', 'List of municipalities in the Cyclades and the Dodecanese', 'Cycladic', 'Cyclodes', 'ΚΥΚΛΑΔΕΣ', 'Κυκλάς', 'Κυκλάδες', 'Kykládes', 'Cyclades islands', 'Cyclades Islands', 'Cycladic Islands']", The Cyclades,0.6919251680374146,0,0,0
3782,Answer the question concisely. Q: What was the name of Canada's first woman Prime Minister? A:,"['Kim Campbell', 'Campbell, Avril Phaedra', 'Avril Campbell', 'Kim Campbel', 'Kim cambell', 'Avril Phaedra Douglas Campbell', 'A. Kim Campbell', 'Avril Kim Campbell', 'Avril Phaedra Campbell']", Margaret Thatcher,0.15066415071487427,1,1,1
3784,Answer the question concisely. Q: The Webb Ellis Cup is presented to the winners of the World Cup in what sport? A:,"['Rugby (disambiguation)', 'Rugby', 'Rubgy']", Rugby Union,0.44929516315460205,1,0,1
3785,"Answer the question concisely. Q: The borders of which European country, that were set under the reign of Afonso III (1248 to 1279), are the same today? A:","['Portogało', 'Republic of Portugal', 'PORTUGAL', 'Portekiz', 'Portugallu', 'O Papagaio', 'ISO 3166-1:PT', 'Portunga', 'Phu-to-ga', 'Potigal', 'Portûnga', 'Portugul', 'An Phortaingéil', 'Portugāle', 'Portugale', 'Portingale', 'Potiti', 'Portugali', 'Portugall', 'Portekîz', 'Bo Dao Nha', 'Portuguese Republic', 'Portogallo', 'Portugaul', 'Portogalo', 'Portyngal', 'Yn Phortiugal', 'Portugalio', 'Portugál', 'Portugual', 'Portuga', 'Portgual', 'Portugalsko', 'Portugaleje', 'Phû-tô-gâ', 'Portugalujo', 'Portugalija', 'Pertual', 'Pòtigal', 'Portugal', 'Bồ Đào Nha', 'Portugalska', 'República Portuguesa', 'Portiwgal', 'Portugalėjė', 'Portúgal', 'Portegal', 'An Phortaingeil', 'Republica Portuguesa']", Portugal,0.7584513425827026,0,0,0
3787,Answer the question concisely. Q: Which half of a comedy duo was born in Lancashire in 1895? A:,"['Arthur Stanley Jefferson', 'Stan Laurel', 'Stanley Laurel', 'Arthur Jefferson']", The other half,0.0646427571773529,1,1,1
3793,"Answer the question concisely. Q: """"""84 Charing Cross Road"""" is a book based on 20 years of correspondence between which New York writer and Frank Doel, an antiquarian bookseller in London?"" A:","['Helene Hanff', 'Herman Knight']"," ""Frank Doel, an antiquarian bookseller in London",0.11922943592071533,1,1,1
3803,Answer the question concisely. Q: What sport is the concern of the PGA? A:,"['Scramble (golf)', 'GOLF', 'Golf Conditioning', ""Men's Golf"", '🏌', 'Golf Tournament', 'Golf', 'Duffed', 'Scotch foursomes', 'Texas scramble', 'Golfing', 'Golf tournament', 'Golf (Sport)', 'Golf technology', 'Golfer', 'Golf conditioning', 'The Development of Golf Technology', 'Duffs']", Golf,0.7455689907073975,0,0,0
3811,Answer the question concisely. Q: Who played Inspector Clouseau in the films made from 1963 to 1978? A:,"['FIlmography of Peter Sellers', 'Monty casino', 'Peter Sellers', 'Filmography of Peter Sellers', 'Richard Henry Sellers', 'List of Peter Sellers films', 'Monty Casino']", Roger Moore,0.16908924281597137,1,1,1
3821,"Answer the question concisely. Q: Which British comedy-drama series (1979 to 1994) starred George Cole as Arthur Daley, an unscrupulous importer-exporter, wholesaler, and used-car salesman and Dennis Waterman as Terry McCann, his bodyguard? A:",['Minder'], The Office,0.02264346182346344,1,1,1
3822,"Answer the question concisely. Q: Prince Philip, Duke of Edinburgh, was born on which island? A:","['Corcyra', 'Corfu', 'Kerkira', 'Corfou', 'Corfiote', 'Kerkyra', 'The corfu incident', 'Kerkira Island, Greece', 'Island of Corfu', 'Corfù', 'Kérkira', 'Corcyraean', 'Korfu', 'Ancient Corcyra', 'Corfu, Greece']", Greece,0.44174158573150635,1,1,1
3843,Answer the question concisely. Q: What is the thick watery substance filling the space between the lens and the retina of the eye? A:,"['Vitrious humor', 'Vitreous Humour', 'Vitreous humour', 'Vitrious humour', 'Vitreous humor', 'Vitreous fluid', 'Vitreous body']", The vitreous humor,0.7270323634147644,0,0,0
3851,"Answer the question concisely. Q: Generals Gallieni, Manoury, Joffre, French, von Kluck, von Blow and von Moltke were involved in which battle that stopped the German advance in 1914 during World War I? A:","['Battle Of The Marne', 'Battle of the marne', 'Battle of the Marne', 'The Battle Of The Marne', 'Marne, Battle of the', 'Battles of the Marne', 'Battle of the Marne (disambiguation)', 'Battles of the Marne (disambiguation)', 'Battle of Marne']", The Battle of the Marne,0.8351351022720337,0,0,0
3887,Answer the question concisely. Q: What international organisation was created in 1958 to bring about economic integration between European nations? A:,"['The European Community within the Union', 'Communauté Economique Européenne', 'Common Market', 'The European Community', 'Common Europe', 'E.E.C.', 'Community Pillar', 'EEC', 'European Economic Community', 'Community pillar', 'European Common Market', 'European community', 'European Community pillar of the European Union', 'European Community', 'Eec']", The European Economic Community (EEC,0.6766154170036316,0,0,0
3889,"Answer the question concisely. Q: Quantrill's Raiders, a loosely organised force of Partisan rangers under the leadership of William Clarke Quantril, fought in which war? A:","['Civil War in the United States', 'USA civil war', 'United States civil war', 'Recent Unpleasantness', 'Civil war usa', 'Civil War (US)', 'Upcountry Unionist', 'Secession winter', 'War of the States', 'Civil War (U.S. history)', 'Us Civil war', 'The War of Northern Agression', 'American Civil War', 'The Recent Unpleasantness', ""Buchanan's War"", 'Civil War (American)', 'American Secession War', 'Secession War', 'U.S. Civil War', 'Civil War (United States)', 'The us civil war', 'Us civil war', 'Civil War Era', 'The American Civil War', 'American Civil war', 'The U.S. Civil War', 'United States Civil War', 'The War Between the States', 'U.S. Civil war', 'The Late Unpleasantness', 'Us Civil War', 'Conservative Rebellion', 'Secession, War of', 'Civil War States', 'Civil War of the United States', 'US civil war', 'American civil war', 'American States Secession War', 'United states civil war', 'Civil War, American', 'Military history of the Confederate States', 'Civil War (U.S.)', 'Civil war of the us', 'The War of the Rebellion', 'American sivil war', 'U S Civil War', 'US Civil war', 'U. S. Civil War', 'US Civil War']", The American Civil War,0.9314678311347961,0,0,0
3896,"Answer the question concisely. Q: ""The names of how many states of the USA start and end with the letter """"a""""?"" A:","['3', 'three']"," ""A",0.050138868391513824,1,1,1
3922,Answer the question concisely. Q: What is the name for the act of murdering of one's own sister? A:,['Sororicide'], The act of murdering of one's own sister,0.13602599501609802,1,0,0
3925,"Answer the question concisely. Q: ""The """"Hall of Mirrors"""" is in which building?"" A:","['Palais de Versailles', 'Palace of versailles', 'Musee national du chateau de Versailles et des Trianons', 'Palace and Park of Versailles', 'Chateau of Versailles', 'Versailles', 'Museum of the History of France, Versailles', 'City of Versailles', 'Palace of Versailles', 'Musée de Versailles', 'Musée national du Château de Versailles', 'Versailles Castle', 'Musée d’Histoire de France', 'Palais Versailles', 'Château de Versailles', 'Residence of Versailles', 'Schloss Versailles', 'Musée national du château de Versailles et des Trianons', 'Versailles Museum', 'Galerie de Versailles', 'Chateau de Versailles', 'Château of Versailles', 'PalaceofVersailles', 'Musée national du château et des Trianons', ""Musée d'Histoire de France"", 'Chateau Versailles', 'Versailles Palace', 'The Palace of Versailles', 'Musée historique de Versailles']"," ""The building with the mirrors",0.25445646047592163,1,1,1
3946,Answer the question concisely. Q: Which horse race is held at Churchill Downs? A:,"['The Kentucky Derby', 'KY Derby', 'The Run for the Roses', 'Kentucky Derby', 'Kentucky derby']", The Kentucky Derby,0.9122167825698853,0,0,0
3947,"Answer the question concisely. Q: Geoff Capes, twice the world's strongest man, won 2 Olympic Games gold medals in which sport? A:","['Shotputter', 'Shot putter', 'Shot Putt', 'Shot-put', 'Shot Put', 'Shot putt', 'Shot put', 'Shotput', 'Shot putting']", Weightlifting,0.34443238377571106,1,1,1
3954,Answer the question concisely. Q: What was the Mississippi State Penitentiary formerly called? A:,"['MSP Fire Department', 'Mississippi State Prison', 'Parchman Farm', 'Parchman Plantation', 'Mississippi State Penal Farm', 'State Penal Farm at Parchman', 'Parchman penal farm', 'Parchman penitentiary', 'Parchman, Miss.', 'Parchman prison', 'State penitentiary in Parchman', 'Parchman State Penitentiary', 'Ms. State Penitentiary', 'Parchman Farm State Penitentiary', 'Mississippi penitentiary at Parchman', 'Parchman', 'Mississippi State Penitentiary Fire Department', 'Sunflower farm', 'Mississippi penal farm', 'Mississippi State Prison at Parchman', 'Mississippi State prison', 'Mississippi Sate Penitentiary', 'Parchman, ms', 'Mississippi Sate Peniteniary', 'Parchman, Mississippi', 'Parchaman, Mississippi', 'Mississippi State Peniteniary', 'Parchman Plantation prison', 'Mississippi State Penitentiary at Parchman', 'Mississippi State Pentientiary', 'Parchment State Penitentiary', 'Parchman State Prison', 'Sunflower Farm', 'MS State Penitentiary', 'State Penitentiary Prison Farm at Parchman', 'Parchman Place', 'Parchman Penal Farm', 'Mississippi State Pen', 'Parchman Penitentiary', 'Parchman Plantation Prison', 'Parchman Fire Department', 'Parchman MS', 'Parchman Farm, MS.', 'Parchman Farm penitentiary', 'Mississippi Penal Farm', 'Mississippi state farm at Parchman', 'Miss. State Penitentiary', 'Parchman Prison Farm', 'State Penitentiary at Parchman', 'Parchman prison farm', 'Parchman, MS', 'Parchman Farm, MS', 'Mississippi State Penitentiary Hospital', 'Parchment prison', 'Parchman State Penal Farm', 'Parchman, Ms.', 'Miss State Prison Farms', 'Parchman Prison', 'Mississippi State Penitentiary', 'Unit 32', 'State penitentiary prison farm at Parchman', 'Parchman Prison Camp', 'Mississippi State Farm at Parchman', 'Parchman State Prison Farm', 'Parchman State Farm', 'Parchman plantation']", The Mississippi State Penitentiary,0.7717959880828857,0,0,0
3980,"Answer the question concisely. Q: The Ironman World Championship, which has been held annually in Hawaii since 1978, with an additional race in 1982, involves which sport? A:","['Triathlon', 'Triathlon Distance', 'Triathlete', 'Sprint Distance Triathlon', 'Long Distance Triathlon', 'Beginner triathlon training', 'Olympic Distance Triathlon', 'Full Distance Triathlon', 'Beginner Triathlon Training', 'Triathalon', 'Long distance triathlon', 'Triathlons', 'Full distance triathlon', 'Tri-athlete', 'Triathlon training', 'Triathletes', 'Iron distance triathlon']", Triathlon,0.8324332237243652,0,0,0
3982,"Answer the question concisely. Q: ""In the James Bond film """"Goldfinger"""" who played Bond girl Pussy Galore?"" A:",['Honor Blackman']," ""Pussy Galore",0.08531525731086731,1,1,1
3994,Answer the question concisely. Q: The Rio Grande forms the border of Texas with what other area? A:,"['Mexican Republic', 'MEXICO', 'Estados Unidos de México', 'Sierra de la Estrella', 'Mexico (country)', 'Mexicó', 'The United Mexican States', 'Estados Unidos de Mexico', 'Central Mexico', 'ISO 3166-1:MX', 'Mexiko', 'Méjico', 'Mexique', 'Mexican United States', ""Mexican'"", 'The United State of Mexico', 'Mountains of Mexico', 'Old Mexico', 'United states of mexico', 'EUM', 'Messico', 'Mejico', 'The United States of Mexicans', 'Untied Mexican States', 'México', 'Etymology of Mexico', 'Meixcan', 'Estados Unidos Mexicanos', 'Mexic', 'Mexxico', 'Mexican Union', 'The United States of Mexico', 'United State of Mexico', 'Mexico', 'Republic of Mexico', 'Mexican Federal Republic', 'United Mexican States', 'Mexican coast', 'Mehico', 'United States of Mexicans', 'United States of Mexico']", Mexico,0.7500271201133728,0,0,0
4011,"Answer the question concisely. Q: Cricketer W G Grace, who played first-class cricket from 1865 to 1908, also captained England from 1903 to 1908 in what other sport? A:","['Crown-green bowls', 'Lawn Bowls', 'Lawn bowls classification', 'Crown bowls', 'Lawn bowler', 'Lawn bowls', 'Flat-green bowls', 'Bowls', 'Lawn bowl', 'Jeu de boules', 'Bowling club', 'Bowls (sport)', 'Lawn bowling', 'Lawn Bowler']", Cricket,0.28439271450042725,1,1,1
4013,"Answer the question concisely. Q: In the 16th century, which explorer began and led the first known successful circumnavigation of the earth? A:","['Fernão de Magalhães', 'Magellan, Ferdinand', 'Fernao de Magalhaes', 'Ferdinand mangellan', 'Martino de Judicibus', 'Ferdinand magellasn', 'Fernao Magalhaes', 'Fernao de Magelhaens', 'Ferdinand magellan', 'Fernando Magallanes', 'Ferdinand Magellen', ""Magellan's voyage"", 'Ferdinand Magellan', 'Hernando de Magallanes', 'Fernando de Magallanes']", Christopher Columbus,0.2738564610481262,1,1,1
4019,Answer the question concisely. Q: The Grand Old Party or GOP is the name for which political party in the USA? A:,"['The Republican (disambiguation)', 'Republican (disambiguation)', 'Republicans', 'The Republican', 'Republican']", The Republican Party,0.6208803653717041,0,0,0
4024,Answer the question concisely. Q: Whose armies were defeated at the Battle of Waterloo in 1815? A:,"['Napoleon Buonaparte', 'Napolean bonapart', 'Bonaparte', 'Napoleonist', 'Napoleon Boneparte', 'Le petit caporal', 'Napoleaon', ""Napolen's coup"", 'Napoleone Bonaparte', 'Age of Napoleon', 'Napoléon Buonaparte', 'Napoleón', 'Emperor Napoleon', 'Napoleon the Great', 'Napoleon I of France', 'Napoleon I of France bibliography', 'Napoléon', 'Napolean Bonapart', 'Napoléon I, Emperor of the French', 'Napolean Bonaparte', 'Napoleon Bonapart', 'Napeoleon', 'Napolean bonarparte', 'Emperor Napoleon I', 'Napolean', 'Napoleon Bonaparte', 'Napoloen', 'Emperor of France Napoleon I', 'Napoleon I Bonaparte', 'Napoleone Buonaparte', 'Napoleon bonaparte', 'Napolian', 'Napoléon Bonaparte', ""Napoleon's"", 'Napoleonic', 'Napoleon I, Emperor of the French', 'Jupiter Scapin', 'Nepolian', 'Napoleon I of the French', 'Little Corporal', 'Napoleon I of Italy', 'Napoleon bonepart', 'Napoléon I', 'Armed Soldier of Democracy', 'Napoleon I the Great of the French bibliography', 'Napoleon i of france', 'Napoleon i of france bibliography', 'Napoléon I of France', ""Napoleon's height"", 'Napoleon Ier', 'Napoleon I', 'General Bonaparte', 'Napoleone di Buonaparte', 'Napoleón Bonaparte', 'Général Bonaparte', ""Jean d'Epee"", 'Napoleon', 'Napoleon I of the French bibliography', 'Napoleon Emperor of France', 'Boneparte', 'Napoleon of France', 'Napoléon Ier', 'Napoléon I Bonaparte']", The French and the Prussians,0.3383259177207947,1,1,1
4039,"Answer the question concisely. Q: ""A 1993 film starring Tom Hanks was """"Sleepless in ... """" where?"" A:","['Seattle, Washington.', 'Seattle Weekly news', 'Jet City', 'Seattle, Washington, USA', 'Seattle WA', 'Seattle, United States of America', '舍路', 'City of Seattle', 'Seattle Washington', 'Seattle, US-WA', 'Seattle (WA)', 'Seattle, Wa', 'Seattle, WA', 'Seattle, Washington', 'St. Anne Seattle', 'Seattle (Wash.)', 'The weather in Seattle', 'Seattle, Washington (State)', 'Emerald City, Washington', 'Seattleans', ""Seattle's"", 'Seattle, Wash.', 'Duwamps', 'St. Anne School, Seattle, Washington', 'Seattle, wa', 'Seattleites', 'Seattle, Washington Territory', 'Seattle, United States', 'Seatle', 'Seattle, USA', 'UN/LOCODE:USSEA', 'St. Anne School (Seattle, Washington)', 'Seattle', 'Seattle, WA, USA']"," ""Sleepless in Seattle",0.382729172706604,1,1,1
4051,"Answer the question concisely. Q: Who was the first female prime minister of the Republic of India, who served for three consecutive terms from 1966 to 1977 and then from 1980 until her assassination in 1984? A:","['Gandhi, Indira', 'Smt Indira Gandhi', 'इंदिरा प्रियदर्शिनी गांधी', 'Indira Ghandi', 'Indira Gandhi', 'Smt. Indira Gandhi', 'Indira gandhi', 'Gandhi, Indira Priyadarshini', 'Summary of indira gandhi as prime minister', 'Indira Priyadarshini Gandhi', 'Indira Nehru', 'Premiership of Indira Gandhi', 'Mrs. Gandhi', 'Indira Nehru Gandhi', 'Indira Bundghi', 'Indira ghandi']", Indira Gandhi,0.9317958950996399,0,0,0
4053,Answer the question concisely. Q: What is the longest time that there can be between General Elections in the UK? A:,"['5 years', 'five  time', '5 time']", There can be no more than 5 years between General Elections,0.25776875019073486,1,0,0
4069,"Answer the question concisely. Q: ""What word refers to the period before """"The Great Flood"""" as described in the Old Testament of the Bible?"" A:","['Antediluvian', 'Preflood earth', 'Antediluvians', 'Ante-diluvian', 'Antedeluvian']"," ""Pre-Flood",0.41766637563705444,1,0,0
4088,"Answer the question concisely. Q: ""What profession requires the artist to know about """"F stops""""?"" A:","['Pet photography', 'Pet Photography', 'Photography as an art form', 'Photographing', 'Commercial photography', 'Photography', 'Fotografy', 'Art Photography', 'Print finishing', 'Commercial Photography', 'Photographic', 'Early photography', 'Photographic technique', 'Still photographers', 'Commercial photographer', 'Photography, History of', 'Photography techniques', 'Photography business', 'Photographics', 'Technology of Photography', 'Photo picture', ""Photo's"", 'Yachting photography']"," ""Photography",0.6751112937927246,0,0,0
4089,"Answer the question concisely. Q: ""In which song does the singer sing about """"the way you wear your hat, the way you sip your tea"""", and """"the way you hold your knife, the way we danced till three""""?"" A:","['They cant take that away from me', ""They Can't Take That Away From Me"", ""They Can't Take That Away from Me"", ""They Can't Take that Away from Me""]"," ""The Way You Wear Your Hat",0.19758114218711853,1,1,1
4106,"Answer the question concisely. Q: In 2006, who became the second basketball player to score over 80 points in an NBA game? A:","['Kobe (C) Bryant', 'KB24', 'Nba allstar 2007 mvp', 'Kobe time', 'Kobe Bean Bryant', 'Kobe Bryant', 'Kobe Byrant', 'Kobe b', 'Bryant, Kobe', ""Kobe Bryant's 81-point game"", 'Kode bryant', 'Coby Bryant', 'Vanessa Laine Bryant', 'Vanessa Laine', 'Kobe bryant philanthropy', 'Gianna Bryant', 'Kobe bryant', ""Kobe Bryant's 81 point game"", 'Kobe Bryant(song)', 'Kobe Bryant (song)']", Wilt Chamberlain,0.37209057807922363,1,1,1
4116,Answer the question concisely. Q: What is the favourite drink of a vampire? A:,"['Oxygen capacity', 'Hemochrome', 'Blood physiology', 'Human Blood', 'Oxygen consumption', 'Bloed', 'Oxygenated blood', 'Blude', 'Blood oxygen-carrying capacity', 'Blood', 'Oxygen delivery', 'Haemochrome', 'BLOOD', 'Oxygen-carrying capacity', 'Blood oxygen capacity', 'Blood composition', 'Transporting oxygen', 'Hemic', 'Blood stream', 'Bloodiness', 'Oxygen transport', 'The hematologic system', 'Blood-forming', 'Bl00d', 'Hematological', 'Human blood', 'DoolB']", Blood,0.6694545149803162,0,0,0
4118,Answer the question concisely. Q: What type of building is likely to have a minaret? A:,"['Mosqu', 'Masjids', 'مسجد', 'Masajid', '🕌', 'Islamic Center', 'Mosque/to do', 'Mosques', 'Mosque', 'Masǧid', 'Masgid', 'Mousqes', 'Mosgid', 'Masjid', 'Masajids', 'Masjed', 'Mosjid']", A mosque,0.48663419485092163,1,0,0
4125,"Answer the question concisely. Q: What are the tetrahedron, cube, octahedron, dodecahedron and icosahedron known as? A:","['Pythagorean solids', 'Regular solid', 'Regular solids', 'Regular Solids', 'Five regular solids', 'Platonic polyhedron', 'Platonic solids', 'Platonic Solids', 'Platonic body', 'Pythagorean solid', 'Platonic Solid', 'Convex regular polyhedron', 'Platonic solid']", The Platonic solids,0.7826245427131653,0,0,0
4130,"Answer the question concisely. Q: ""How is the title of Rossini's opera """"La Gazza Ladra"""" usually translated into English?"" A:","['The theivish magpie', 'La Gazza ladra', 'Thieving Magpie', 'Die diebische Elster', 'The thievish magpie', 'Giannetto', 'La gazza ladra', 'The Thieving Magpie', 'La pie voleuse', 'La Gazza Ladra', 'Gazza ladra']"," ""The Thief",0.253956139087677,1,1,1
4131,Answer the question concisely. Q: Horatio was a legendary Roman hero who defended a bridge against which army? A:,"['Etruscan (disambiguation)', 'Etruscan']", The Carthaginians,0.14347296953201294,1,1,1
4161,Answer the question concisely. Q: What was named after American frontiersman James Bowie? A:,"['Ansall', 'Knifes', 'Cable sheath splitting knife', 'Knive', 'Knives', 'Fish knife', 'Sheath knives', 'Long knife', 'Knife']", The Bowie knife,0.3451853096485138,1,1,1
4171,"Answer the question concisely. Q: ""Who wrote the piece of music recognised in much of the Western world as """"The Wedding March"""" (or as """"Here Comes The Bride"""")?"" A:","['Jacob Ludwig Felix Mendelssohn Bartholdy', 'Mendelssohn-Bartholdy', 'Felix Mendelssohn Bartholdy', 'Mendelsson Bartholdy', 'Mendelson', 'Mendellson', 'Felix Mendelsohn-Bartoldy', 'Felix Mendelssohn-Bartholdy', 'Jakob Ludwig Felix Mendelssohn-Bartholdy', 'Mendelssohnian', 'Mendelsson', 'Felix mandelssohn-bartholdy', 'Felix Mendelssohn Bartoldy', 'Ludwig Felix Mendelssohn Bartholdy', 'Felix Mendelson', 'Mendelssohn Bartholdy', 'Jakob Ludwig Felix Mendelssohn Bartholdy', 'Mendelssohn', 'Felix Mendelsohn', 'Felix Mendelssohn']", Mozart,0.19466878473758698,1,1,1
4172,Answer the question concisely. Q: Tanzania was renamed in 1964. What was it previously called? A:,"['Tanzanian', 'United Republic of Tanzania', 'Tanzania, United Republic of', 'Jamhuri ya Muungano wa Tanzania', 'Tanzania', 'Tansania', 'Tanzanie', 'United Republic of Tanganyika and Zanzibar', 'ISO 3166-1:TZ', 'Republic of Tanzania', 'Tanganyika and Zanzibar', 'The United Republic of Tanzania', 'TNZ', 'Tanznia']", Zanzibar,0.7143734693527222,0,1,1
4184,Answer the question concisely. Q: What is the name for the pieces of wood that sit on top of cricket wickets? A:,"['Posting bail', 'Skipping bail', 'Bail surety', 'Bail schedule', 'Bails', 'Right to bail', 'Jump bail', 'Pre-trial release program', 'Go bail', 'Skipped bail', 'Return to custody', 'Bailable', 'Bail jumping', 'Jumped bail', 'Posted bail', 'Bail hearing', 'Jumping bail', 'Unsecured bail', 'Police bail', 'Bail bond', 'Bail in the Czech Republic', 'Pretrial release', 'Admission to bail', 'Post bail', 'Bail in the United States', 'Bail (law)', 'Bail', 'Skip bail']", Bails,0.8892049789428711,0,0,0
4190,Answer the question concisely. Q: In which sea is the The Grenadines island chain? A:,"['Carribean Islands', 'Caribbean', 'The Carribbean', 'Carribbean', 'Caribbean integration', 'The Caribean', 'The West Indies', 'Caribbean island', 'Countries of the Carribean', 'The Carribean', 'Carribeans', 'Western Indies', 'Caribbee Islands', 'West Indes', 'Geography of the Caribbean', 'Carribean', 'Carribian', 'Carribean islands', 'West Indies Islands', 'The Caribbean', 'Caribean Islands', 'Caribean', 'West Indian Islands', 'Carribbean Islands', 'Caribbean nation', 'Caribbean region']", The Atlantic Ocean,0.33885473012924194,1,1,1
4231,Answer the question concisely. Q: What was the name of two tyrants who ruled Syracuse in the 2nd century BC? A:,"['Dionysios', 'Dionysius', 'Dionisios', 'Dionisis', 'Dionysius (disambiguation)']", Antony and Cleopatra,0.28973037004470825,1,1,1
4239,"Answer the question concisely. Q: """"""M"""", """"Luscious Pink"""" and """"Forever"""" are women's fragrances from Elizabeth Arden, endorsed by whom?"" A:","['Mariah carey', 'Mariah Cannon', 'Time of Your Life (ring tone)', 'Mariah Cary', 'Mariah Carey discography (disambiguation)', 'Mariah Carey Music Videos Videography', 'Automatic Princess', 'Mariah Zinfandel', 'Mariah Carey discography', 'Moriah Carey', 'Maria Carey', 'Mariah Carrey', 'MariahCarey', 'Mariah Karey', 'Album Chart Statistics', 'List of songs by Mariah Carey', 'Time of Your Life Mariah', 'Time of Your Life (Mariah Carey song)', 'Maria Carrey', 'Mariah Carey', 'Mariah carrey', 'Mariah Carey Discography', 'List of music videos for Mariah Carey singles', 'Time of Your Life (Mariah Carey)', 'List Of Songs By Mariah Carey', 'Mariah Carey albums']", Elizabeth Arden,0.24612998962402344,1,1,1
4241,Answer the question concisely. Q: What is the nickname of the Australian national rugby union team? A:,"['Wallabies Rugby Team', 'Australia rugby union team', 'Australia national rugby union team', 'Qantas Wallabies', 'The Australian national rugby union team', 'The Wallabies', 'Australian National Rugby Union Team', 'Australia national rugby union side', 'Wallabies', 'Australian rugby union team', 'Australia National Rugby Union Team', 'Australian Wallabies', 'Australian national rugby union team']", The Wallabies,0.9161988496780396,0,0,0
4242,Answer the question concisely. Q: John and David Lloyd represented Great Britain in the early 1970s at what sport? A:,"['Lawn tennis', 'Tenniz', 'TenniS', 'Tenis', 'Lawn-Tennis', 'Professional tennis player', 'Break point', 'Tennis', 'Tennis player', 'Big tennis', 'Lawn Tennis', 'Match point (tennis)', 'Game point', 'Set point (tennis)', 'Tennis coaching', 'Match tiebreak', 'Championship point', '🎾']", Cricket,0.5055191516876221,0,1,1
4243,Answer the question concisely. Q: A doping scandal in 2012 involving Lance Armstrong relates to which sport? A:,"['Cyclist', 'Cycling', 'Bike rider', 'Bicycling', 'Bike riding', 'Bicyclist', 'Cyclists', 'Bicycle riding', 'Bikeriding', 'Bicyclists', 'Bicycle user', 'Bicycle uses', 'Cyclism', 'Biking', 'Pedal cyclist', '🚴']", Cycling,0.7329010963439941,0,0,0
4256,"Answer the question concisely. Q: Since 1951, what is the maximum number of full consecutive terms to be filled by one US president? A:","['2', 'two']", 12,0.0860515832901001,1,1,1
4262,Answer the question concisely. Q: Which river flows through Cologne? A:,"['Rhine', 'Alpenrhein River', 'Rhinen', 'Rhine Estuary', 'Rhinewater', 'River Rhein', 'The Rhine', 'Upper Rhine River Plains', 'Rhein River', 'Rhine river', 'Rhine basin', 'Rhine River', 'Rhine (river)', 'Rhein (river)', 'Rhine mouth', 'Rijn', 'River Rhine Pollution: November 1986', 'Length of the Rhine', 'Rayn', 'River Rhine']", The Rhine,0.9143159985542297,0,0,0
4287,Answer the question concisely. Q: What was the scene of the final defeat of the Jacobites under Charles Edward by forces under the command of the Duke of Cumberland on 16 April 1746? A:,"['Culloden', 'Culloden (disambiguation)']", The Jacobites were defeated at Culloden,0.33692383766174316,1,0,0
4293,"Answer the question concisely. Q: ""The song """"I Could Be So Good For You"""" was from which British TV series?"" A:",['Minder']," ""The Office",0.018596559762954712,1,1,1
4303,"Answer the question concisely. Q: What links the US, 2 May 2011 and Abottabad in Pakistan? A:","['Burial of Osama bin Laden', 'Geronimo EKIA', 'Sohiab', 'Funeral of Osama bin Laden', 'Operation Neptune Spear', 'Death of Usama bin Ladin', 'Critiques of Osama bin Laden burial at sea', 'Death of Obama bin Laden', 'Execution of Osama bin Laden', 'Death of Osama', 'Assassination of Usama bin Laden', 'Sohaib Athar', 'Killing of Osama bin Laden', 'Murder of Osama bin Laden', 'Osama bin Laden Assassination', '2011 Abottabad raid', 'Killing of bin Laden', 'Osama bin laden killing', 'Athar Sohaib', 'Kill Osama bin Laden', 'May 2, 2011', 'The death of Osama bin Laden', ""Operation Neptune's Spear"", 'Death of Osama bin Laden', 'Osama bin Laden Capture', 'Death of osama', 'Osama bin Laden death', 'Cairo (dog)', 'Sohaib athar', 'Legal debate over the killing of Osama bin Laden', 'Osama bin Laden assassination', 'Assassination of Osama bin Laden', 'Death of Osama bin Ladin', 'Death of Usama bin Laden', 'Death of Osama Bin Laden', 'History of Osama bin Laden death reports', 'Death of bin Laden', 'Osama bin Laden killed', 'Abbotabad Operation', 'Death of OBL', 'Assassination attempts on Osama bin Laden', 'Abbottabad Operation', 'Osama bin Laden dead', 'Death of osama bin laden', ""Neptune's spear"", 'Death of Bin Laden', ""Osama bin Laden's death"", 'Coffity', 'Assassination attempts against Osama bin Laden']", The US is a country that has been involved in the war on terror for a long time. The US has been involved in the war on terror for a long time,0.7047783136367798,0,1,1
4306,"Answer the question concisely. Q: Which mythological lumberjack, usually believed to be a giant, was first documented in the work of US journalist James MacGillivray in 1910? A:","['Paul Bunyan', 'Babe the blue ox', 'Paul Bunyon', 'Babe the Blue Ox', 'Paul Bunyan (lumberjack)', 'Babe, the Blue Ox', 'Babe the Ox', 'Blue ox']"," The giant lumberjack, who was first documented in the work of US journalist James MacGillivray in 1910",0.2573743164539337,1,1,1
4325,Answer the question concisely. Q: What is the opposite side from starboard on a ship? A:,"['Sea port', 'Seaport', 'Fishing port', 'Shipping port', 'Deep water port', 'Ice-free port', 'Ice free port', 'Deepwater port', 'Ports (disambiguation)', 'Sea ports', 'Port of discharge', 'Ferry port', 'Deepwater pier', 'Fishing Port', 'Fluvial port', 'Deep-water port', 'Warm-water port', 'Ice-free harbor', 'Sea-port', 'Warm water port', 'Ice free harbour', 'Port city', 'Ports', 'Seaports of Japan', 'Seaports', 'Ice-free harbour', 'Port town', 'Commercial port', 'Port']", Port,0.6859617829322815,0,0,0
4331,"Answer the question concisely. Q: ""What kind of ship was the Japanese """"Hsh"""", commissioned on 27 December 1922, the first purpose-designed ship of its kind to be commissioned anywhere in the world?"" A:","['Hangarfartyg', 'Attack aircraft carrier', 'Aircraft carriers', 'Aircraft-carrier', 'Air craft carrier', 'Aircraft Carriers', 'Carrier Vessel', 'Aircraft Carrier', 'Carrierborne aircraft', 'Carrier-borne', 'Aircraft carrier']"," ""The """"Hsh"""" was a light cruiser, the first purpose-designed ship of its kind to be commissioned anywhere in the world",0.20626020431518555,1,1,1
4346,Answer the question concisely. Q: Where is the Arafura Sea? A:,['Between Australia and New Guinea'], It is located in the north-west of Australia,0.2785490155220032,1,1,1
4349,Answer the question concisely. Q: What is an alternative name for members of the Church of Jesus Christ of Latter Day Saints? A:,"['Mormons', 'Mormon', 'Liberal Mormon', 'Mormon population statistics', 'Utah Mormon']", Mormons,0.8310004472732544,0,0,0
4381,Answer the question concisely. Q: In January 2013 Novak Djokovi and Victoria Azarenka won the respective men's and women's titles in which Championship? A:,"['Australian Open - Main Draw Wildcard Entries', 'Australasian champion', 'The Grand Slam of Asia/Pacific', 'Australasian Championships', 'Australian Championships (tennis)', 'Australian Open – Main Draw Wildcard Entries', 'Australian Open', 'Ozzy open', 'Australian open', 'Australian Open (December)', 'Australian Open - Qualifiers', 'Australian Championships', 'Aussie open', 'Australian Tennis Open', 'Australian Open (tennis)', 'Australasian Championships (tennis)', 'Australia Open', 'Australian Open (January)', 'Australian Open - Wildcards', 'Australian Open Juniors', 'Aus open']", Australian Open,0.8788130879402161,0,0,0
4388,"Answer the question concisely. Q: Which 1944 musical film, directed by Vincente Minnelli, starred Judy Garland, Mary Astor, Leon Ames, Marjorie Main and Margaret O'Brien who were going to the Louisianna Purchase Exposition of 1904? A:","['Meet Me In St. Louis', 'Meet Me in St Louis', 'Meet Me in St. Louis (film)', 'Meet Me in St. Louis']", The Wizard of Oz,0.21231511235237122,1,1,
4392,Answer the question concisely. Q: Who was the first woman to fly solo from England to Australia? A:,"['Amy Johnston', 'Amy Johnson', 'Amy Mollison', 'Amy Johnson CBE']", Amelia Earhart,0.3097460865974426,1,1,1
4405,"Answer the question concisely. Q: Quadrille, a popular card game in the 18th century, is for four players with a deck of how many? A:","['forty', '40']", Four,0.09099020063877106,1,1,1
4408,Answer the question concisely. Q: Kelly Slater is an American professional sportsman in what field? A:,"['Cutback (surfing move)', 'Surfing', '🏄', 'Boardwear', 'Surf camp', 'Surfers', 'Surfboarding', 'Physics of surfing', 'Surf wave', 'Hawaiian surfing', 'Barreling wave', 'Barreling waves', 'Surfboarder', 'Surfer']", Surfing,0.8411796689033508,0,0,0
4422,"Answer the question concisely. Q: ""What relation was Marlin to Nemo in the film """"Finding Nemo""""?"" A:","['Dad', 'Biological father', 'Fathership', 'Father', 'Fathers', 'Non-human fatherhood', 'Fatherhoods', 'Natural father', 'Fathering', 'Dads', 'Fatherhood', 'Paternity (biology and medicine)', 'Daddie', 'Paternity (Biology and Medicine)']"," ""Marlin was the father of Nemo",0.19846111536026,1,0,0
4424,Answer the question concisely. Q: The Australian Tennis Open is played in what city? A:,"['Melbourne, AU-VIC', 'Melbourne australia', 'Melb', 'UN/LOCODE:AUMEL', 'Melbourne City', 'Melbourne, Australia.', 'Greater Melbourne', 'Melben', 'Melbourne city', 'Melbourne (Vic.)', 'Melbourne (Victoria)', 'Economy of Melbourne', 'Melbourne', 'Melbourne, Australia', 'Menbourne', 'Melborne', 'Melbourne, VIC', 'Mlebourne', 'Melbourne (Vic.), Australia', 'Melbourne, Victoria', 'Melbourne, Victoria, Australia', 'Melbourne Australia', 'Melbourne (Australia)', 'Melbouren', 'Melbournian', 'Mlbourne', 'Marvellous melbourne']", Melbourne,0.7625512480735779,0,0,0
4426,Answer the question concisely. Q: The game Ticket to Ride involves what kind of transport? A:,"['Rail (disambiguation)', 'Rails (disambiguation)', 'Rail', 'Rails']", Trains,0.5306110978126526,0,1,1
4431,"Answer the question concisely. Q: ""What were the last words of Romeo in Shakespeare's """"Romeo and Juliet""""?"" A:",['Thus with a kiss I die']," ""I'll be there",0.13068833947181702,1,1,1
4432,"Answer the question concisely. Q: ""In the sentence """"Wherever he went, he carried the scratching cat, his eyes red."""", what part of speech is """"his eyes red""""?"" A:","['Word-group', 'Phrase (linguistics)', 'Aspect phrase', 'Functional phrase', 'Phrases', 'Complex phrase', 'Tense phrase', 'Phrase', 'Southern Phrases', 'Topic phrase', 'Phrasal', 'Phrase (grammar)']"," ""Verb",0.13640457391738892,1,1,1
4454,"Answer the question concisely. Q: When the 1992 Maastricht Treaty established the European Union and led to a common currency in Europe, what was the currency called? A:","['Euros', 'Pros and Cons of the Euro', 'Currency of Cyprus', 'Currency of Monaco', 'EUUR', '€uro', 'Currency of San Marino', 'European Union Euro', 'Euro-Cent', 'Euro currency', 'K€', 'Currency of Belgium', 'BAFFLING PIGS', 'Currency of Ireland', 'Eur', 'Evro', 'Eouro', 'Currency of Latvia', 'EURO', 'European Union euro', 'Eiro', 'Currency of Slovakia', 'Currency of Spain', 'Single European currency', 'E.U.R', 'European euro', 'Currency of the Netherlands', 'Euro', 'Currency of Finland', 'Ευρώ', 'Currency of Andorra', 'Euro (currency)', 'Fixed exchange rates between the euro and old european currencies', 'Currency of Malta', 'Currency of the European Union', 'Currency of Austria', 'Євро', 'Currency of France', 'Euro (EUR)', 'European Euro', 'Евро', 'EUR', '€UR', 'EUuro', 'Currency of Luxembourg', 'Currency of Greece', 'Currency of Italy', 'The Euro', 'Teuro', 'European evro', 'Currency of Portugal', 'Baffling pigs']", The euro,0.8013672828674316,0,0,0
4485,Answer the question concisely. Q: What is in a human's thoracic cavity? A:,"['Pulmonary surgical procedures', 'Pulmanary', 'Bird lung', 'Pulmo', 'Alveolar sacs', 'Bellows lung', 'Superior lobe of left lung', 'Inferior lobe of left lung', 'Pulmones', 'Pulmonarily', 'Avian lungs', 'Lung', 'Pulmonary gas exchange', 'Lungs', 'Pulmo sinister', 'Pulmonary', 'Inferior lobe', 'Nonrespiratory functions of the lungs', 'Lunged', 'Circulatory lung']"," The heart, lungs, and diaphragm",0.32417333126068115,1,1,1
4489,"Answer the question concisely. Q: The December 21, 1988, Pan Am Flight 103 en route from London to New York and at the time over Lockerbie, Scotland, is recorded as having been blown up by whom? A:",['A Libyan national'], The Libyan government,0.4759291410446167,1,1,1
4498,Answer the question concisely. Q: Yelena Isinbayeva broke her first World record in 2003 and continued to break records until 2009 in what sport? A:,"[""Women's Pole Vault""]", Track and field,0.03584419935941696,1,0,0
4533,"Answer the question concisely. Q: Dragon boat racing, as part of a complex of ceremonies, is thought to have originated where? A:","[""Chinese People's Republic"", 'China (Peking)', 'The prc', 'Socialist China', 'Chinese PR', 'PRoC', 'PRC', ""China's"", 'P. R. of China', ""People's Republic Of China"", ""The People's Republic of China"", 'China', 'Territorial disputes of China', 'China PRC', ""People's repuublic of china"", 'China (PRC)', ""China (People's Republic)"", ""People's Republic of China (Mainland China)"", 'Zhonghua Renmin Gonghe Guo', ""People' Republic of China"", 'Prc', ""People's republic of china"", ""People' s Republic of China"", 'P.R. of China', ""China, People's Republic of"", 'Chung-Kuo', 'P.R.C.', ""The people's republic of china"", 'Zhong Guo', 'Peoples republic of China', 'Red China (modern)', 'Chung-kuo', 'The PRC', 'Zhonghuarenmingongheguo', 'State of China', 'Zhonghuá rénmín gònghéguó', '中国', 'Peoples republic of china', 'P.R.China', ""People's Republic or China"", 'Zhonghua Renmin Gongheguo', ""China, the People's Republic of"", 'Nation of China', 'People’s Republic of China', 'China, PRC', 'Zhōnghuá Rénmín Gònghéguó', 'Modern day China', 'Peoples Republic of China', 'PROC', '中华', 'Chaina', 'Zhongguo', 'Homes in china', ""People's republic of China"", 'Zhōngguó', 'Sinic', 'China PR', 'PRC (China)', '中國', 'Jhongguó', 'Red Chinese', ""(The People's Republic of) China"", 'The People’s Republic of China', 'China (Republic : 1949- )', 'CHINA', ""China People's Republic"", 'Pr china', 'P.r. of china', 'Chungkuo', 'ISO 3166-1:CN', 'Land of China', 'Zhonghua renmin gongheguo', 'P.R. China', 'Zhongguó', '中华人民共和国', 'PRChina', '中華', 'PR of China', '中華人民共和國', 'Pr of c', 'Cihna', 'Communist China (modern)', 'P. R. China', ""People's Republic of China (PRC)"", ""Peoples' Republic of China"", 'The Peoples Republic of China', ""People's Republic of China"", 'Pr of china', 'PR China', 'P.R. of CHINA']", China,0.7289910912513733,0,0,0
4540,Answer the question concisely. Q: What word is traditionally applied to clothes and linen collected by a woman before her marriage? A:,"['Trousseau', 'Wedding trousseau', 'Trousseau (disambiguation)']", Bride's clothes,0.2469051033258438,1,0,0
4544,"Answer the question concisely. Q: This 1993 film won Oscars, Bafta and Golden Globe Awards despite its sometimes harrowing portrayal of hardships and stress, including the butchering of its heroine's hand; which film was it? A:","['The Piano (film)', 'The Piano']", The Silence of the Lambs,0.19948074221611023,1,1,1
4553,Answer the question concisely. Q: Redfoo and Sky Blu were members of which electronic rock band? A:,"['I AM NOT A WHORE', 'Redfoo & SkyBlu', 'Redfoo (LMFAO)', 'LMFAO (rap group)', 'Lmfao band', 'Lmfao group', 'Party Rock Business', 'LMFAO (Group)', 'Lmfao', 'LMFAO (band)', 'LMMFAO', 'L.M.F.A.O.', 'LMFAO', 'Shuffle Bot', 'Redfoo & Sky Blu', 'With You (LMFAO song)', 'LM*AO', 'LMFAO (group)']", LMFAO,0.9518420696258545,0,0,0
4602,"Answer the question concisely. Q: Where is Petra, an archaeological site with rock-cut architecture and designated a World Heritage Site 1985, that was built by the Nabataeans as their capital city around 100 BC? A:","['Jordan (country)', 'Al-Urdunn', 'أردنّ', 'JOrdan', 'Urdun', 'Hashemite Kingdom of Transjordan', 'Urdunn', 'The Hashemite Kingdom of Jordan', 'Administrative divisions of Jordan', 'HKJ', 'State of Jordan', 'Jordan', 'Jordanian Kingdom', 'Languages of Jordan', 'Hashemite Kingdom of the Jordan', 'Jordanie', 'Al-Mamlakah al', ""Al-'Urdun"", 'Hashemite Kingdom of Jordan', 'ISO 3166-1:JO', 'الأردن', 'Kingdom of the Jordan', 'Ottoman Jordon', 'Al-Urdun', 'H.K of Jordan', 'Etymology of Jordan', 'المملكة الأردنّيّة الهاشميّة', 'Kingdom of Jordan']"," Petra, Jordan",0.3822629451751709,1,1,0
4606,Answer the question concisely. Q: John F Kennedy suffered from chronic back complaints and what other medical problem? A:,"['Autoimmune adrenalitis', 'Addisons Disease', 'Morbus addisoni', ""Addison's"", ""Addison's Disease"", 'Hypoadrenocorticism', 'Addisons', ""Edison's disesase"", 'Addison Disease', 'Cortisol replacement', ""Cutaneous signs due to addison's disease"", 'Addisonian', 'Addison’s disease', 'Chronic adrenal insufficiency', 'Edison disease', 'Addison’s Disease', 'Addison disease', ""Addison's disease""]", He had a herniated disc,0.10389949381351471,1,1,1
4607,Answer the question concisely. Q: What system was added in 1858 to boost communication via the transatlantic telegraph cable between the USA and the UK? A:,"['Marine galvanometer', 'Spot galvanometer', 'Speaking galvanometer', 'Light spot galvanometer', 'Mirror galvanometer']", The Morse code,0.13863982260227203,1,1,1
4610,"Answer the question concisely. Q: ""Under what name did Mrs. Middleton Murray publish works such as """"The Garden Party"""", """"The Dove's Nest"""" and """"Something Childish""""?"" A:","['Katherine Middleton Murry', 'Katherine Mansfield', 'Kathleen Mansfield Murry', 'Kate Mansfield', 'Katherine Mansfield Beauchamp', 'Kathleen Murry', 'Katherine Mansfield Murry', 'Kathleen Mansfield Bowden', 'Katherine Mansfield Beauchamp Murry', 'Katharine Mansfield', 'Matilda Berry', 'Kathleen Mansfield Beauchamp', 'Kathleen Beauchamp', 'Catherine Mansfield']"," ""Under the name of Mrs. Middleton Murray",0.3440406918525696,1,1,1
4615,Answer the question concisely. Q: What year did the cable television network ESPN made its debut broadcasting and producing sports-related programming 24 hours a day? A:,"['one thousand, nine hundred and seventy-nine', '1979']", 1996,0.0637495368719101,1,1,1
4616,"Answer the question concisely. Q: ""The American film made at the very start of the sound film era, """"All Quiet on the Western Front"""" (1930), on the grimness of warfare in WWI was banned in Germany (after a brief run in 1930) not unexpectedly, but also where?"" A:","['Australia (Commonwealth realm)', 'AustraliA', 'Continental Australia', 'Australias', 'Peace of Australia', 'Australian city life', 'City life in Australia', 'Australocentrist', 'Mainland Australia', 'Australiia', 'Straya', 'Australia (commonwealth)', 'Austraila', 'Ausrtalia', 'Australia (nation)', 'Australien', 'New Australian', 'Australia (dominion)', 'Australia (federation)', 'Australia (country)', 'Aussieland', 'Federal Australia', 'Country life in Australia', 'Orstraya', 'Australia (nation state)', 'Australia (commonwealth realm)', 'Australia', 'Australocentrism', 'Austraya', 'Australie', 'AUSTRALIA', 'Geopolitics of Australia', 'Australia (nation-state)', ""Australia's"", 'Australian mainland', 'Australian country life', ""Australian Woman's Day"", 'Imperial Australia', 'United States of Australia', 'Australia (realm)', 'Australia (constitutional monarchy)', 'Austalia', 'Etymology of Australia', 'Philosophy in Australia', 'Commonwealth of Australia', 'Australija', 'Australia (monarchy)', 'Dominion of Australia', 'Empire of Australia', 'Ostralia', 'Modern Australia', 'Commonwealth of australia', 'Australia (empire)', 'Australo', 'The Commonwealth of Australia', 'Australia.', 'Austrlia', 'Australlia', 'AUSTRALIAN', 'Australia (state)', 'ISO 3166-1:AU', 'Austrailia', 'Commonwealth Australia', 'Pax Australiana', 'Australian Commonwealth', 'Australocentric', 'Austrlaia', 'Technology in Australia', 'Australia (Commonwealth)', 'Australai', 'Australian geopolitics', 'Asutralia', 'Australo-', ""Australian's"", 'Science in Australia']"," ""Germany, where it was banned in 1930, and where it was banned again in 1933",0.16381517052650452,1,1,1
4630,"Answer the question concisely. Q: Pistol and Boo, who became internationally famous in 2015, were what? A:","['Chocolate Yorkshire Terrier', 'Scottish broken-haired terrier', 'Yorkie Terrier', 'Red Yorkshire Terrier', 'Biewer Terrier', 'Yorkshire terrier', 'Biewer', 'Red Yorkie', 'Yorkshire terrior', 'Yorkshire terriers', 'Chocolate yorkie', 'Yorkshire terrirs', 'Yorkshire Terriers', 'Yorkshi terrier', 'Yorkie Terriers', 'Yorkshire Terrier', 'Barking scarf', 'Brown Yorkie', 'Scottish Broken-haired Terrier', 'Brown Yorkshire Terrier']", A pair of identical twins who were born in the United States and raised in the United States,0.21211916208267212,1,1,1
4637,Answer the question concisely. Q: James A Michener wrote the stories upon which musical was based? A:,"['South Pacific (disambiguation)', 'South pacific', 'South Pacific (film)', 'The South Pacific', 'South Pacific']", Yes,0.07157143205404282,1,1,1
4655,Answer the question concisely. Q: Which was the first year in which the football World Cup final was broadcast on television in colour? A:,"['one thousand, nine hundred and seventy', '1970']", 1954,0.05762963742017746,1,1,1
4661,"Answer the question concisely. Q: In which country was Saddam Hussein President 1979-2003, being deposed and then hanged in 2006? A:","['Eragh', 'South Iraq', ""A'raq"", 'ISO 3166-1:IQ', 'عيَراق', 'Iraqi Republic', 'كۆماری عێراق', 'Iraqê', 'Komara Iraqe', 'Central Iraq', 'Irāq', 'Komara Iraqê', 'Iraqe', 'Irak', 'Itaq', 'الجمهورية العراقية', 'Name of Iraq', 'Iraq', 'Iraq (name)', 'Iraw', ""Al-'Iraq"", 'Iraqui', 'Jumhūriyyat ul-ʿIrāq', 'State of Iraq', 'Jumhūriyyat al-‘Irāq', 'العراق', 'IRAQ', 'The Iraq', 'Etymology of Iraq', ""Aj-Jumhuriyah Al-'Iraqiyah"", 'Republic of Iraq', 'Islamic Republic of Iraq', 'Al-‘Irāq', 'Irak-Arabi', 'Eraq', 'Jumhuriyyat ul-ʿIraq']", Iraq,0.7542866468429565,0,0,0
4663,"Answer the question concisely. Q: Who was Chief Justice of the USA from 1969 to 1986, the longest serving of any other appointed in the 20th century, who delivered controversial decisions on abortion, capital punishment, religious establishment , and school desegregation? A:","['Warren Berger', 'Justice Burger', 'Burger Court', 'Warren Burger', 'Burger court', 'Chief Justice Burger', 'Warren Earl Burger', 'Warren E. Burger']", William Rehnquist,0.2721557319164276,1,1,1
4665,Answer the question concisely. Q: Which military powers fought the Punic Wars? A:,['Rome and Carthage']," Rome, Carthage, and the Carthaginians",0.6055395603179932,0,0,0
4667,Answer the question concisely. Q: Which three times Formula One champion was burnt in a crash in the 1976 F1 World Championship? A:,"['Nikolaus Lauda', 'Nicky lauda', 'Nikki Lauda', 'Niki lauda', 'Lukas Lauda', 'Niki Lauda']"," Niki Lauda, James Hunt and Alain Prost",0.4328434467315674,1,0,1
4687,Answer the question concisely. Q: What general landed at Inchon? A:,"['MacArthur Memorial', 'Old soldiers never die; they just fade away', 'Doughlas mcarthur', 'Douglas Macarthur', 'Gen. MacArthur', 'General McArthur', 'Gen. Douglas MacArthur', 'General MacArthur', 'Bataan Gang', 'General Douglas MacArthur', 'General macarthur', 'Douglas macarthur', 'Douglar MacArthur', 'Douglas MacAuthur', 'Gen. Douglas McArthur', 'Douglas McArthur', 'General of the Army Douglas MacArthur', 'General Douglas Macarthur', 'Gaijin Shogun', 'Doug MacArthur', 'Big Daddy Mac', 'Douglas McAuthur', 'MacArthur, Douglas', 'Douglas mcarthur', 'Douglas B. MacArthur', 'Douglass MacArthur', 'Douglass macarthur', 'Douglas MacArthur', 'Douglas MacAurthur', 'MacArthur (WW2 general)']", MacArthur,0.5185858011245728,0,0,0
4720,Answer the question concisely. Q: Who is Darth Vader's son? A:,"['Star Wars/Luke Skywalker', 'Luke skywalker', 'Luke Skywalker', 'TK-421', 'Luke Skywlker', 'Luke Starkiller', 'Sir Luke']", Luke Skywalker,0.8955709338188171,0,0,0
4743,Answer the question concisely. Q: What age came after the Bronze Age? A:,"['First Iron Age', 'Iron Age I', 'Early Iron Age', 'Late Iron Age', 'Iron Age', 'Iron Age II', 'Iron age', 'Iron Age III', 'European Iron Age', 'Iron-Age', 'Iron Age Japan', 'Celto-Roman Iron Age', 'Iron age Europe', 'African Iron Age', 'Middle Iron Age']", The Iron Age,0.7059500217437744,0,0,0
4756,"Answer the question concisely. Q: ""What play is about """"star-crossed lovers""""?"" A:","['The Tragedy of Romeo and Juliet', 'Juliet and Romeo (opera)', 'The Most Excellent and Lamentable Tragedy of Romeo and Juliet', 'Romeo and Juliet', 'Romeo and Iuliet', 'Romeo and juilet', 'The most excellent and lamentable tragedie, of Romeo and Iuliet', 'A plague on both your houses', 'Escalus', 'Romeo And Juliet', 'Romeo & juliet act 5', 'The Tragedy Of Romeo And Juliet', 'Romeo and Julia', 'Romeo & Juliette', 'Romeo and Juilet', 'The Tragedy of Romeo & Juliet', 'Romeo Juliet', 'Romeo and Juliet Conflicts', 'Romeo and Julet', 'Romeo and juliet', 'Romio and Julliet', 'Romeo and Juliet (play)', 'The Tragedy Romeo and Juliet', 'Romeo & Juliet', 'Montague and Capulet', 'Romeo and Juiliet', 'Romeo and Juliette']"," ""The Taming of the Shrew",0.1969665288925171,1,1,1
4758,Answer the question concisely. Q: What city do Brummies come from? A:,"['County Borough of Birmingham', 'Birmingham overspill', 'Metropolitan Borough of Birmingham', ""B'Ham"", 'Great Barr Primary School', 'City of Birmingham', 'City of a thousand and one trades', 'Birmingham, UK', 'Birminghamian', 'Birmingham (borough)', 'City of a thousand trades', 'Nelson Mandela Primary School', 'Crime and policing in Birmingham', 'Birmingham, United Kingdom', 'The weather in Birmingham', 'Bournville Junior School', 'Birmingham Corporation', 'Birmingham Heritage Festival', 'Bimringham', ""B'ham"", 'Birmingham artistic figures', 'City of birmingham', 'Beormingham', 'Birmingham', 'Birmingham, West Midlands', 'England Birmingham', 'Birmingham, England', 'UN/LOCODE:GBBHM']", Birmingham,0.7576284408569336,0,0,0
4787,Answer the question concisely. Q: What type of rock is formed from lava? A:,"['Instrusive Rock', 'Magmatic rock', 'Igneous rocks', 'Igneous rock', 'Igneous', 'Decompression melting', 'Igneus rock', 'Igneous Rock', 'Acidic Rock', 'Igneous Rocks', 'Igneous deposition', 'Magmatic rocks']", Lava rock,0.5472039580345154,0,0,1
4825,Answer the question concisely. Q: What magazine was started by Hugh Hefner? A:,"['Playboy Cybergirl', 'Playboy cybergirl', 'French Playboy', 'PlayBoy', 'Playboy Press', 'Playboy magazine', 'Rabbit logo', 'Play boy', 'Rock the Rabbit', 'Cybergirl of the Week', 'Rock the rabbit', 'Playboy Magazine', 'Playboy advisor', 'Playboy', 'Greek Playboy', 'Playboy Interview', 'Playboy (magazine)', 'Playboy rabbit', 'Cyber Club', 'Bunny logo']", Playboy,0.7598376870155334,0,0,0
4829,Answer the question concisely. Q: What movie starred Michael Jordan? A:,"['Monstars', 'Space Jam 2', 'TuneSquad', 'Space Jam']", Space Jam,0.9092063307762146,0,0,0
4832,Answer the question concisely. Q: Stalactites grow down from the top of cave. What grows up from the floor of a cave? A:,"['Stalagmite', 'Stalagmitic', 'Stalagmites']", stalagmites,0.8479204773902893,0,0,0
4851,Answer the question concisely. Q: What TV show featured the Holodeck? A:,"['Star Trek: The Next Generation', 'ST TNG', 'Star Trek the Next Generation', 'Star trek next generation', 'Ultritium', 'Sttng', 'Star Trek: the Next Generation', 'Star trek: TNG', 'Star Trek: Next generation', 'Star Trek - The Next Generation', 'Star trek: tng', 'Star trek, the next generation', 'Star Trek: TNG', 'Star Trek New Generation', 'Star Trek TNG', 'Star trek:tng', 'Star Trek-TNG', 'STNG', 'STTNG', 'Star Trek The Next Generation', 'Star Trek/Star Trek TNG', 'Star trek tng', 'Star Trek Next Generation', 'Star Trek:The Next Generation']", Star Trek,0.4942017197608948,1,1,1
4852,Answer the question concisely. Q: What King was beheaded during the English Civil War? A:,"['Charles the First', 'King Charles I', 'Charles I', 'Charles 1st', 'Charles 1', 'Charles First', 'Charles I (disambiguation)']", Richard III,0.36847788095474243,1,1,1
4857,Answer the question concisely. Q: What U.S. state holds the first presidential primary? A:,"['State of New Hampshire', '9th State', 'New Hampshire, United States', 'US-NH', 'Ninth State', 'New Hampster', 'NewHampshire', 'Culture of New Hampshire', 'Geography of New Hampshire', 'New Hampsh', 'New Hampshire', 'Transportation in New Hampshire', 'Sports in New Hampshire', 'Climate of New Hampshire', 'Transport in New Hampshire', 'Education in New Hampshire', 'New hampshire', 'The Granite State', 'The State of New Hampshire', 'Demographics of New Hampshire', 'Religion in New Hampshire', 'New Hampshire (state)', 'New Hampshre', 'Economy of New Hampshire', 'New Hampshire (U.S. state)']", New Hampshire,0.8822199106216431,0,0,0
4876,Answer the question concisely. Q: What company is the world's largest private employer? A:,"['Wall mart', 'Wal-Mart Brasil', 'Wal * Mart', 'Wal-Mart Associates, Inc.', 'Walmart Latinoamérica', 'Walmart Connect', 'Wallmart', 'WAL★MART', ""Walmart's"", 'Walmart Supercenter', 'Walmart supercentre', 'Walmart Latinoamerica', 'Wal-Mart Family Moments', 'Wal☆Mart', 'Wal-Mart Music', 'Wal-Mart Stores Incorporated', 'WalMart', 'Wal-Mart Stores USA', 'India walmart', 'Walmart Express', 'Wall Mart', 'Wal-Mart Stores Inc', 'Wal-Mart Stores. Inc.', 'Wal-Mart Stores Division U.S.', 'Walmart Stores', 'Wal★Mart', 'Wa-mart', 'Super Walmart', 'Supermercado de Walmart', 'Wal-Mart Café', 'Wal-Marts', 'List of Walmart logos', 'Walmart', 'Wal*Mart', 'Wally Mart', 'Walmart.com', 'Largest retailer', 'Walmart*', 'Discount City', 'Loren Wade', 'Walmart Stores Inc', 'Walmart Stores, Inc.', 'Wal-Mart Stores', 'Walmart supercenter', 'Wal Mart', 'Wal-Mart discount store', 'Wall-Mart', 'Walmart logos and trademarks', 'Supermercado De Walmart', 'Wal-Mart Cafe', 'Wal-Mart Tire & Lube Express', 'Wal-Mart Discount Stores', 'Supermercado de Wal Mart', 'Walmart Brasil', 'WAL-MART', 'Wal mart', 'Wal-Mart Supercentre', 'Wal ★ Mart', 'Walmart (India)', 'Supermercado de Wal-Mart', 'Walmart CEO', 'Wal-Mart Supercenters', 'List of Wal-Mart articles', 'Wal-Mart Stores Inc.', 'Walmarts', 'Super Wal-Mart', 'Walmart soundcheck', 'Walton Five and Dime', 'Wal-mart', 'Wal-Mart', 'Walmart Stores Inc.', 'Wal⋆Mart', ""Walton's Five and Dime"", 'Radiogrill', 'Radio Grill', 'Wal-Mart International', 'Wal-Mart Asia', 'Wal-Mart Stores, Inc.', 'Wal-Mart Supercenter']", Wal-Mart,0.8922484517097473,0,0,0
4918,"Answer the question concisely. Q: ""What philosopher said """"God is dead""""?"" A:","['Nietzshe', 'Fredirich Nietzsche', 'Freidrich Neitzsche', 'FriedrichNietzsche', 'Frederich Nietzsche', 'Neetshe', 'Willhelm Nietsche', 'Nieztche', 'Neetsche', 'Friedrich nietschze', 'Nitzche', 'Nietze', 'Fredreich Nietzsche', 'Wilhelm Nietsche', 'Neetzshe', 'Nietche', 'Neeche', 'Friedrich Nietszche', 'Friedrich Neitzsche', 'Neitschze', 'Niezsche', 'Nietzsche, Friedrich', 'Neetcha', 'Friedrich Nietzche', 'Wilhelm Nietzche', 'Neetche', 'Neitzsche', 'Neitche', 'Freidrich Nietzsche', 'Niezshe', 'Franziska Oehler', 'TheWillToPower', 'Nietzsche', 'Fredrick Nietzche', 'F. W. Nietzsche', 'Nietshze', 'Nietshe', 'Neitshe', 'Neitzche', 'Friederich Wilhelm Nietzsche', 'Friedrich Nietsche', 'Nietszshe', 'Nietsche', 'Neetschze', 'Friedrich nietzsche', 'Friederich Nietzsche', 'Neitzchse', 'Nietzcheism', 'Neitsche', 'F. Nietzsche', 'Nitshe', 'Nieztsche', 'Willhelm Nietszche', 'Neitshze', 'Nietsha', 'Nietzche', 'Neitsze', 'Nietschze', 'Friedrick Nietzsche', 'Neechee', 'Wilhelm Nietzsche', 'Wilhelm Nietszche', 'Nietsje', 'Friedrich Wilhelm Nietzsche', 'Nietszche', 'Willhelm Nietzche', 'Friedrich Nietzsche', 'Nieche', 'Neischze', 'Friedrich Neitszche', 'Neetza', 'Nitzsche', 'Friedriche Nietzsche', 'Fredericke Nietsche', 'Neitze']"," ""No one",0.39372384548187256,1,1,1
4922,Answer the question concisely. Q: What is the most popular ice cream flavor in America? A:,"['Vanilla flavouring', 'Vanilla bean', 'French vanilla', 'History of vanilla', 'Butterscotch Vanilla', 'Vanilla', 'Vanila', 'Vanilla Beans', 'French Vanilla', 'Bourbon vanilla']", Vanilla,0.8894422650337219,0,0,0
4926,Answer the question concisely. Q: What did Peter Piper pick a peck of? A:,"['Fermented pepper mash', 'Pickled pepper', 'Pickled Peppers', 'Pepper Mash', 'Pickled peppers', 'Hot pepper mash']", Peas,0.11782215535640717,1,1,1
4931,Answer the question concisely. Q: What is the capital of Oz? A:,"['Central City (Tin Man)', 'Emerald City', 'The Emerald City']", Oz,0.06608161330223083,1,1,1
4935,Answer the question concisely. Q: Who would do anything for love (but not that)? A:,"['Smoked meatloaf', 'Turkey meatloaf', 'Smoked Meatloaf', 'Turkey Meatloaf', 'Meatloaf']", Anyone,0.06274235248565674,1,1,1
4936,Answer the question concisely. Q: What cereal is kid-tested and mother-approved? A:,"['KIX', 'KIX (disambiguation)', 'Kix', 'Kix (TV channel)', 'Kix (disambiguation)']", Frosted Flakes,0.12253142893314362,1,1,1
4941,Answer the question concisely. Q: What type of whale was Moby Dick? A:,"['Sperm whales', 'Physeteridae catadon', 'Catodon whale', 'Physeter', 'Sperm whale', 'Sperm-Whale', 'Cachelot', 'Physeter catodon', 'Physeteridae Catadon', 'Common Cachalot', 'Sperm Whale', 'Spermwhale', 'Physeter macrocephalus', 'Spermacet whale', 'Cachalot', 'Potvis', 'Sperm wale', 'Social behavior of sperm whales', 'Kashalot']", A sperm whale,0.6978459358215332,0,0,0
4949,Answer the question concisely. Q: What is the only country in which the Komodo Dragon is found in the wild? A:,"['Unitary state of republic of indonesia', 'Indonesian Republic', 'INDONESIA', 'ISO 3166-1:ID', ""The world's most populous Muslim nation"", 'Unitary State of Republic of Indonesia', 'Indonezio', 'Wildlife of Indonesia', 'Indonnesia', 'Indoneshia', 'Etymology of Indonesia', 'Republic of Indonesia', 'Indonesia, Republic of', 'Unitary State of the Republic of Indonesia', 'Indonesia', 'Indonesie', 'Indonesian government', 'Ecology of Indonesia', 'Indnonesia', 'Republic Of Indonesia', 'Unitary state of the republic of indonesia', 'Indonesian Empire', 'Indonésie', 'Indonisia', 'Republik Indonesia']", Indonesia,0.720703125,0,0,0
4959,Answer the question concisely. Q: Romaine & Butterhead are types of what? A:,"['L. sativa', '生菜', 'Iceburg lettuce', 'Iceberg lettuce', 'Lettus', 'Lollo rossa', 'Winter density', 'Crisphead', 'Lollo rosso', 'Garden lettuce', 'Lettuce', 'Boston lettuce', 'Butter lettuce', 'Lettuces', 'Sheng cai', 'Shengcai', 'Lollo rosa', 'Lettace', 'Lactuca sativa']", Romaine & Butterhead are types of lettuce,0.27239176630973816,1,0,0
4961,Answer the question concisely. Q: What fictional doctor talks to animals? A:,"['Dr. Doolittle', 'Dr. Dolittle', 'Doctor Dolittle', 'Dr doolittle', 'Dr Dolittle', 'Doctor Doolittle', 'Doctor Dolittle (Book Series)']", The Doctor,0.20308247208595276,1,1,1
4989,Answer the question concisely. Q: What kind of bird is the Ugly Duckling? A:,"['Cob (bird)', 'Cygninae', 'Cob (swan)', 'Cygnus (genus)', 'Wild Swan', 'Swan', 'Cygnini', 'Cygnus (swan)', 'Swanling', 'Cygnet (bird)']", A duck,0.22792008519172668,1,1,1
4997,Answer the question concisely. Q: What kind of bean is used to make tempeh? A:,"['Soy Isoflavones', 'Soya Bean', 'Soy product', 'Soy infant formula', 'Soy beans', 'Soy flour', 'Soyabean nuggets', 'Soy-based infant formula', 'Soy products', 'Cancer risk of soy products', 'SBIF', 'Soy controversy', 'Soya flour', 'Soya nuggets', 'Soya beans', 'Soy bean', 'Glycine max', 'Soybean-based infant formula', 'Soybeans', 'Soy isoflavones', 'Soyabean', 'Soya bean', 'Soja bean', 'Soybean', 'Soy', 'Soybeen']", Soybeans,0.9232007265090942,0,0,0
4999,Answer the question concisely. Q: What would you find in a menagerie? A:,"['Animal Phylogeny', 'Basal metazoan', 'Animal types', 'Animalia Kingdom', 'Anamalia', 'Animal', 'New animal phylogeny', 'Animalia', 'Non-human animal', 'Kingdom Animal', 'Kingdom animal', 'Basal metazoa', 'KingdomAnimalia', 'Animal reproduction', 'Animal Characteristics', 'Metazoan', 'Animals', 'Animal phylum', 'Metazoon', 'Animal (Metazoan) Evolution', 'Classification of animals', 'Metazoic', 'Anumal', 'Metazoans', 'Animal life', 'Kingdom Animalia', 'Kingdom animalia', 'New Animal Phylogeny', 'Metazoa', 'ANIMAL', 'Nonhuman animal', 'Water animal', 'Animal body']", A menagerie,0.37092313170433044,1,1,1
5007,Answer the question concisely. Q: Who commissioned the Domesday Book? A:,"['King William I of England', 'The Conqueror William I', 'William II of Normandy', 'William the conqueror', 'Conqueror William I', 'Guillaume Le Conquereur', 'Agatha of normandy', 'William I the Conqueror', 'William I the Bastard', 'William The Bastard', 'Guillaume II, Duke of Normandy', 'William I the Conqueror of Normandy and England', 'William the Conqueror.', 'William of Normandy', 'William the Conqueror', 'Guillaume le Conquérant', 'William I the Conqueror of England', 'William the Conquorer', 'Genealogy of William the Conqueror', 'William, Duke of Normandy', 'William the conquerer', 'William Of Normandy', 'Guillaume le Bâtard', 'William The Conquerer', 'William The Conqueror', 'Guillaume le Conquerant', 'William I of England', 'William I, King of the English', 'William the conqueor', 'Williame I', 'William the bastard', 'William the Conquerer', 'William the Duke of Normandy', 'William I the Conqueror of England and Normandy', 'Guillaume le conquerant', 'William I, King of England', 'William I (of England)', 'Guillaume II of Normandy', 'William the Bastard', 'William II, Duke of Normandy', 'Agatha of Normandy', 'Duke William II of Normandy', 'William, duke of Normandy', 'William I the Conqueror of Normandy', 'Guillaume II']", William the Conqueror,0.9234954118728638,0,0,0
5017,Answer the question concisely. Q: What is the word for a pile of rocks that marks a hiking trail? A:,"['Rock pile', 'Cairns (hiking)', 'Cairn', 'Karens (hiking)', 'Burial cairn', 'Ducks (hiking)']", A trail marker,0.08395299315452576,1,0,1
5033,Answer the question concisely. Q: What is the tallest building in London? A:,"['The Shard', 'Shard skyscraper', 'London Bridge Tower', 'Shard London Bridge Tower', 'London Shard', '32 London Bridge', 'Shard of Glass', 'Shard London', 'Shangri-La London', 'The Shard London Bridge Tower', 'Shard London Bridge', 'The Shard of Glass', 'Shard of glass']", The Shard,0.9026186466217041,0,0,0
5040,Answer the question concisely. Q: What city is also known as Wien? A:,"['Capital of Austria', 'Wien', 'Architecture of Vienna', 'Vinarborg', 'Government of Vienna', 'Vienna', 'Viena', 'Demographics of Vienna', 'City of Vienna', 'Vienna (state)', 'Wienna', 'Vienna, AT-9', 'Habsburg, Austria', 'Vienna Porcelain', 'Wene', 'UN/LOCODE:ATVIE', 'Vienna (Austria)', 'Europe/Vienna', 'Vindabona', 'Vienna porcelain', 'Vínarborg', 'Wien, Austria', 'Vienna, Austria', 'Gemeinderat of Vienna', 'Vindobonensis', 'Bécs']", Vienna,0.7282063961029053,0,0,0
5049,Answer the question concisely. Q: What major American city is located on Puget Sound? A:,"['Seattle, Washington.', 'Seattle Weekly news', 'Jet City', 'Seattle, Washington, USA', 'Seattle WA', 'Seattle, United States of America', '舍路', 'City of Seattle', 'Seattle Washington', 'Seattle, US-WA', 'Seattle (WA)', 'Seattle, Wa', 'Seattle, WA', 'Seattle, Washington', 'St. Anne Seattle', 'Seattle (Wash.)', 'The weather in Seattle', 'Seattle, Washington (State)', 'Emerald City, Washington', 'Seattleans', ""Seattle's"", 'Seattle, Wash.', 'Duwamps', 'St. Anne School, Seattle, Washington', 'Seattle, wa', 'Seattleites', 'Seattle, Washington Territory', 'Seattle, United States', 'Seatle', 'Seattle, USA', 'UN/LOCODE:USSEA', 'St. Anne School (Seattle, Washington)', 'Seattle', 'Seattle, WA, USA']", Seattle,0.7395176887512207,0,0,0
5058,Answer the question concisely. Q: Who is said to have cut the Gordian Knot? A:,"['Μέγας Ἀλέξανδρος', 'Alexandrian period', 'Αλέξανδρος ο Μέγας', 'Iskander the Accursed', 'Alexander Magnus', 'Alexander of Macedonia', 'Alexander Macedonian', 'Megas aleksandros', 'Alexander the Great', 'Great Alexander', 'Sikandar Mahan', 'Sikunder', 'Alexnader the great', 'Alexandrian Empire', 'Alexander The Great', 'Alexandrian era', 'Alexandros the Great', 'Letter to Darius III', 'Aleksander the Great', 'Ἀλέξανδρος ὁ Μέγας', 'Alexander the graet', 'Alexandros III of Macedon', 'Alexander III of Macedon', 'Letter to Darius II', 'Alex the great', 'Alexander the Macedonian', 'Sikandar-e-Azam', 'Alexander-the-great', 'Iskandar Zulkarnain', 'Aleksandar ī Hrōmāyīg', 'Aléxandros ho Mégas', 'AlexanderTheGreat', 'Alexander the great']", The Gordian Knot was cut by Alexander the Great,0.31489455699920654,1,0,0
5071,Answer the question concisely. Q: What movie was about a dunking Golden Retriever named Buddy? A:,"['Air Bud: Aussie Rules', 'Air Bud (film)', 'Airbud', 'Air Bud', 'Air Bud (movie)']", The Sandlot,0.09383399039506912,1,1,1
5072,"Answer the question concisely. Q: ""What movie featured the song """"The Time Warp""""?"" A:","['RHPC', 'Frank-N-Furter', 'The rocky horror picture show', 'Brad Majors', 'Rocky Horror Picture Show/Riff Raff', 'The Denton Affair', 'Revenge of the Old Queen', 'Frank N. Furter', 'The Rocky Horror Picture Show', 'TRHPS', 'RHPS', 'Dr. Frank-N-Furter', 'Dr. Everett Scott', 'Rocky horror picture show', 'Rocky Horror Picture Show', 'Doctor Everett Scott', 'Janet Weiss (Rocky Horror)']"," ""The Rocky Horror Picture Show",0.8706334829330444,0,0,0
5079,"Answer the question concisely. Q: ""What movie's sequel is subtitled """"Havana Nights""""?"" A:","['Jimmy Castle', 'Dirty Dancing (1987 film)', 'Dirty dancing', 'Dirty Dancing (2014 film)', 'Dirty Dancing (film)', 'Dirty Dancing (2013 film)', 'Dirty Dancing']"," ""The Godfather Part II",0.16966301202774048,1,1,1
5084,"Answer the question concisely. Q: ""What was the most famous song from the movie """"Frozen""""?"" A:","['Let It Go (disambiguation)', 'Let It Go (song)', 'Let it Go', 'Let It Go (Single)', 'Let It Go', 'Let it Go (song)', 'Let It Go (album)', 'Let it go']"," ""Let it go",0.8778388500213623,0,0,0
5096,Answer the question concisely. Q: What kind of animal are Chip and Dale? A:,"['Chipmonk', 'Chip monk', 'Chipmunk', 'Microbear', 'Tamias', 'Chipmunks', 'Chip munk', '🐿']", Chipmunks,0.8976231813430786,0,0,0
5100,Answer the question concisely. Q: What animal kills more Americans than any other? A:,"['Anthophila', 'Apiformes', 'Ground bee', 'Bee flight', 'Solitary bees', 'Bee', 'Bees', 'Ground bees', 'Apiforme', 'Solitary bee']", The American,0.0255361869931221,1,1,1
5101,Answer the question concisely. Q: What company makes Big Red and Juicy Fruit gum? A:,"['Wrigley', 'Wrigley (disambiguation)']", Wrigley,0.8978548049926758,0,0,0
5138,Answer the question concisely. Q: In which country was kung fu expert Bruce Lee born? A:,"['The United States of America', 'United States Of Amerca', 'Us of a', 'U.–S.–A.', 'Americaland', 'United States (U.S.A.)', 'Amurika', 'Unite states of america', 'United States of America (redirect)', 'The U S A', 'Unietd States', 'EE UU', 'The U.S.A.', 'U.-S.-A.', 'Usa', 'United Staets of America', 'Unites States', ""États-Unis d'Amérique"", 'Verenigde State', 'U.–S.', 'The United States of America.', 'The U-S-A', 'EEUU', 'U. S. A.', 'Nagkaisang mga Estado', 'The U. S. of America', 'The USA', 'America (United States)', 'The U. S. A.', 'U S of America', 'UNITED STATES', 'Estados Unidos', 'The U–S', 'American United States', 'US and A', 'Unitd states', 'The US of A', 'EE.UU.', 'U-S', 'The U-S', 'Etymology of the United States', 'U.S.A.)', 'EE. UU.', 'United states of america', 'US of america', 'Verenigde State van Amerika', 'Nited States', 'United-States', 'Unite States', 'Estados Unidos de América', 'UnitedStates', 'Estaos Unios', 'US of America', 'The Usa', 'United states of America', 'Untied States of America', 'The U S of America', 'THE AMERICAN UNITED STATES', 'The United-States', 'U S A', 'AmericA', 'Estados Unidos de America', 'United states', 'The U.S. of America', 'Amerka', 'United–States', 'U.s.a.', 'United States of America', 'United State of America', 'United States (US)', 'The U.S. of A', 'America', 'Amercia', ""Stati Uniti d'America"", 'Los Estados Unidos de America', 'United Stated', 'U.S.', 'United States (of America)', 'United States', 'States of America', 'America-class', 'Los Estados Unidos', 'U,S,', 'United States (country)', 'Federal United States', 'ISO 3166-1:US', 'Untied States', 'The U.–S.–A.', 'VS America', 'Amurica', ""Etats-Unis d'Amerique"", 'US', 'U.S. OF A', 'USofA', 'Etats-Unis', 'U.S. of A', 'United States of America (U.S.A.)', 'Amarica', 'The United States', 'U-S-A', 'United States/Introduction', 'The Us', 'Unitesd states', 'The U S of A', 'America class', 'America magazine', 'الولايات المتحدة الأمريكية', 'The U. S. of A', 'U S', '(USA)', 'The United–States', 'United States (U.S.)', 'U.-S.', 'United States of America (USA)', ""'merica"", 'The US', 'United States of America.', 'UNited States', 'The U.S.', 'AMERICA', 'United States of America/OldPage', 'United+States', 'The U S', 'United Sates', 'THE UNITED STATES OF AMERICA', 'U–S–A', 'United States Of America', 'U.S. of America', 'U–S', 'Los Estados Unidos de América', 'The U.-S.', 'United sates', 'The United States Of America', 'America (country)', 'United States of American', 'United state of america', 'The U.–S.', 'Amurka', 'U. S. of A', 'The U. S.', 'United States America', 'US of A', 'États-Unis', 'USoA', 'USA', 'Estaos Uníos', 'America, United States of', 'U. S. of America', 'U.S.American', '(US)', 'The U–S–A', 'U. S.', 'U.S. America', 'U.S. A', 'Yankee land', 'America (US)', 'U.S', 'America (United States of)', 'US (country)', 'UNITED STATES OF AMERICA', 'U.S.A', 'Estados unidos', 'Americia', 'The US of america', 'Vereinigte Staaten', 'US America', 'These United States of America', 'VS Amerika', 'Name of the United States', 'The united states of america', 'Estatos Unitos', 'America (USA)', 'The U.-S.-A.', 'United States of America/Introduction', 'The US of America', 'Americophile', 'V.S. America', 'U.S.A.', 'U S of A', 'V.S. Amerika', 'United+States+of+America', 'The Unites States of America']", Hong Kong,0.3620200753211975,1,1,1
5146,Answer the question concisely. Q: Which football team play their home games at the Liberty Stadium? A:,"['History of Swansea City A F C', 'Swansea City F.C.', 'Swansea Town F.C.', 'Swansea City Association Football Club', 'History of Swansea City AFC', 'SCAFC', 'Swansea A.F.C.', 'Swansea City A. F. C.', 'Swansea City', 'Swansea F.C.', 'Malcolm Struel', 'Swansea City A.F.C.', 'Swansea City A F C', 'Swansea FC', 'Swansea City Football Club', 'Swansea City FC', 'Swansea City AFC', 'Swansea Town A.F.C.', 'History of Swansea City A. F. C.', 'History of Swansea City A.F.C.']", The Newcastle United Football Club,0.42311257123947144,1,1,1
5149,"Answer the question concisely. Q: In which religion is the temple, or place of worship, known as the gurdwara? A:","['Sikh faith', 'Sikhi', 'Sikhsim', 'Sikh Brahmins', 'SIKHISM', 'Sikhism Other Observations', 'Sikh religion', 'Sikhism', 'The Sikh Religion', 'The Ten Gurus', 'Sikism', 'Baptized Sikh', 'Sikkhi', 'Ten gurus', 'Sikha Dharma']", Sikhism,0.8783308863639832,0,0,0
5153,"Answer the question concisely. Q: ""In the novel, """"Nicholas Nickelby"""", by Charles Dickens, what was the name of the school, run by Wackford Squeers?"" A:","['Nicholas Nickelby', 'The Life and Adventures of Nicholas Nickleby', 'Nicholas Nickleby', 'Mr. Wackford Squeers', 'DOTHEBOYS HALL', 'Wackford Squeers', 'Dotheboys Hall', 'Nicholas Nickleby (protagonist)', ""Do-the-Boys'-Hall"", 'Squeer']"," ""Nicholas Nickelby's School for Young Ladies",0.3494868874549866,1,1,1
5177,"Answer the question concisely. Q: What was the first name of the Dutch explorer, Tasman, after whom Tasmania is named? A:","['ABEL', 'Abel (name)', 'Abel (disambiguation)']", Tasmanius,0.08513431996107101,1,1,1
5183,Answer the question concisely. Q: The 2010 Winter Olympics will be held where? A:,"['Vancouver, Canada', 'Vancouver (Canada)', 'Corpus Christi Elementary School (Canada)', 'UN/LOCODE:CAVAN', 'Vancouver, British Columbia, Canada', 'Vancouver, BC, Canada', 'Vancouver, British-Columbia', 'Vancouver, B.C., Canada', 'Vancouver', 'Vancouver, British Colombia', 'Vancover, British Columbia', 'Vansterdam', 'Vancouver (BC)', 'Hastings East (Vancouver)', 'Vancouver British Columbia', 'Vancouver Canada', 'City of Vancouver', 'Vancouver, BC', 'Vancouver (B.C.)', 'Vancouver City Centre, British Columbia', 'Vancouver, B.C.', 'South Vancouver, British Columbia', 'Vancouverite', 'Vancouver, British Columbia', 'Vancouver Christian School', 'Vancouvr', 'Hong kouver', 'Vancouverites', 'Hongcouver', 'Vancouver, bc', 'Corpus Christi Elementary', 'Hong couver', 'Greater Vancouver Bridges', 'Vancover', 'Vanocuver', 'Vancouver BC']"," Vancouver, Canada",0.9248493909835815,0,0,0
5184,Answer the question concisely. Q: The Old Faithful geyser is in which American national park? A:,"['Yellowstone National Park Archives', 'Yellowstone History', 'Yellow Stone', 'Yellowstone Act', 'Yellowstone Park', 'Yellow Stone National Park', 'Yellowstone National Parc', 'Mallard Lake trail', 'Yellowstone climate', 'Yellowstone', 'Yellowstone National Park, WY', 'Yellowstone NP', 'Yellowstone National Park, Montana', 'Yellowstone National park', 'Yellowstone Nationa Park', 'Yellowstone National Park']", Yellowstone National Park,0.9156666398048401,0,0,0
5185,Answer the question concisely. Q: Which famous novelist also wrote under the pseudonym Richard Bachman? A:,"['Stephen King', 'Stephen king', 'The Works of Stephen King', 'Steven King Accident', 'List of books that stephen king has written', 'Stephen Edwin King', 'Stephen king accident', 'List of times the name %22Stephen King%22 or a Stephen King work is mentioned in some context', 'List of cultural references to Stephen King', 'Naomi Rachel', 'John Swithen', 'Stephen E. King', 'Naomi King', 'Stephan king', 'King, Stephen']", Stephen King,0.8697938919067383,0,0,0
5231,Answer the question concisely. Q: What is the name of the lake formed in 1932 when the Zuider Zee was cut off from the North Sea by a dyke? A:,"['IJselmeer', 'Lake ijssel', 'Ijselmeer', 'IJsselmeer', 'Lake Ĳssel', 'Ijseelmeer', 'Ĳsselmeer', 'Ijsselmeer', 'Lake IJssel', 'Iesselmeer']", The Zuider Zee,0.46653246879577637,1,1,1
5236,Answer the question concisely. Q: Which shocking fish is also known as a torpedo? A:,"['Torpediniformes', 'ELECTRIC RAY', 'Electric Ray', 'Torpedo (fish)', 'Torpedo (zoology)', 'Electric rays', 'Torpedofish', 'Torpedo Ray', 'Electric ray', 'Torpedo fish', 'Torpedo ray']", The electric eel,0.3696998655796051,1,1,1
5240,Answer the question concisely. Q: An encephalogram is an X-Ray photograph of which part of the human body? A:,"['Brain cell', 'Encephalon', 'THE BRAIN', 'Brainy', 'Brain function', 'Mind myths', 'The brain', 'Mammalian brain', 'Visual verbal ability', 'The Brain', 'Mind Myths', 'Brain functions', 'Brain', 'Brain metabolism', 'Brain marrow', 'Brain Function', 'Vertebrate brain']", The brain,0.9136158227920532,0,0,0
5247,"Answer the question concisely. Q: In the 1994 Cash for Questions affair, in which the Guardian exposed two Tory MPs taking payments from Mohamed Al-Fayed, who was the MP for Beaconsfield implicated? A:","['Tim Smith (disambiguation)', 'Timothy Smith', 'Tim Smith', 'Smith, Tim']", Peter Lilley,0.2739110589027405,1,1,1
5259,"Answer the question concisely. Q: Which Pacific nation consists of over 800 islands and islets, the largest being Viti Levu? A:","['Fiji (disambiguation)', 'FIJI']", Fiji,0.37087172269821167,1,0,0
5261,"Answer the question concisely. Q: ""Who wrote the TV series """"Pennies From Heaven"""", and """"The Singing Detective""""?"" A:","['Dennis C. G. Potter', 'Dennis Christopher George Potter', 'Dennis Potter', 'Denis Potter', 'DENNIS POTTER']"," ""Robert Downey Jr",0.14193013310432434,1,1,1
5268,Answer the question concisely. Q: Which football manager as the nickname the bald eagle? A:,"['Jim Smith', 'Jim Smith (disambiguation)', 'Jim Smith (basketball)', 'Smith, Jim', 'JIM SMITH']", Arsene Wenger,0.13420370221138,1,1,1
5274,"Answer the question concisely. Q: Which media mogul married actress Jane Fonda in 1991, the marriage ending in divorce ten years later? A:","['TED TURNER', 'Robert Edward Turner', 'Billionaire Ted', 'Robert Edward III Turner', 'R.E. Turner', 'Ted Turner', 'Robert Edward Turner III', 'Ted Turner Foundation', 'Turner Foundation', 'Former owner of WCW']", Rupert Murdoch,0.2906123399734497,1,1,1
5275,Answer the question concisely. Q: Which adjective is used when pertaining to the fox? A:,"['Vulpine', 'Vixen', 'Todde', 'Vulpini', 'VULPINE', 'Fox', 'Foxes', 'Fox penis', 'River fox', 'Fox habitat', 'Focks', 'Foxp', 'Fox (zoology)', 'Foxs', 'Sexual characteristics of foxes']", Foxy,0.40304678678512573,1,1,0
5280,Answer the question concisely. Q: Which year saw the assassination of US President James Garfield? A:,"['one thousand, eight hundred and eighty-one', '1881']", 1881,0.7521600127220154,0,0,0
5282,Answer the question concisely. Q: What is the current occupation of rock singer Bruce Dickinson? A:,"['Airline Captain', 'Pilot in command', 'Pilot-in-command', 'Captain (aeronautics)', 'Captain (aeronautical)', 'Captain (airlines)', 'Airline pilot', 'Airline Pilot', 'Captain (civil aviation)', 'Airline pilots']", I am the current singer of Iron Maiden,0.1455506533384323,1,1,1
5297,Answer the question concisely. Q: What is the American word for a short-hand typist? A:,"['Brachygraphic', 'Shorthand', 'Stenography', 'Stenographer', 'Stenographers', 'Short Hand', 'Shorthand writing', 'Stenographic', 'Brachygraphy', 'Shorthand typist', 'Tachygraphy']", A secretary,0.0511629581451416,1,1,1
5323,Answer the question concisely. Q: Who was head of the Gestapo from1936? A:,"['Himler', 'Heinrich Luitpold Himler', 'HimmlerHeinrich', 'Heinrich Hitzinger', 'Himler, Heinrich', 'Himmler Heinrich', 'Heinreich Himmler', 'Heinrich Himler', 'Hinrich Himler', 'Heinrich Himmler', 'Heini Himmler', 'Himler,Heinrich Luitpold', 'HeinreichHimmler', 'Himmler, Heinreich', 'Himmler, Heinreich Luitpold', 'Himler Heinrich', 'Himmler,Heinreich Luitpold', 'Himler, Heinreich Luitpold', 'Himmler Heinreich', 'HeinrichHimler', 'Himmler,Heinreich', 'Heinrich himmler', 'Himler, Heinrich Luitpold', 'Heinreich Hitzinger', 'Heinreich Himler', 'HimlerHeinreich', 'Himmler, Heinrich Luitpold', 'Hinrich Himmler', 'Heinrich Hemmler', 'HeinreichHimler', 'Himler, Heinreich', 'Himler Heinreich', 'Himmler,Heinrich Luitpold', 'Himler,Heinreich', 'HimlerHeinrich', 'Himler,Heinrich', 'Heinrich Luitpold Himmler', 'HimmlerHeinreich', 'Himmler, Heinrich', 'Heinreich Luitpold Himmler', 'Heinreich Luitpold Himler', 'Himmler,Heinrich', 'Hinreich Himmler', 'Himmler', 'Himler,Heinreich Luitpold', 'HeinrichHimmler', 'Hinreich Himler']", Heinrich Himmler,0.8896422982215881,0,0,0
5336,Answer the question concisely. Q: In which year did Picasso die? A:,"['one thousand, nine hundred and seventy-three', '1973']", In 1973,0.44735169410705566,1,0,0
5343,Answer the question concisely. Q: Which town is the capital of Papua New Guinea? A:,"['PG-NCD', 'Port Moresby, PG-CPM', 'National Capital District (Papua New Guinea)', 'Capital of Papua New Guinea', 'Mosbi', 'Port Moresby, Papua New Guinea', 'Port Morseby', 'Pacific/Port Moresby', 'Port Moresby', 'National Capital District, Papua New Guinea', 'Port Moresby, PG-NCD']", Port Moresby,0.9281651973724365,0,0,0
5345,"Answer the question concisely. Q: In which country is the Sierra Madre mountain range, with its highest peak at Cerro Mohinora? A:","['Mexican Republic', 'MEXICO', 'Estados Unidos de México', 'Sierra de la Estrella', 'Mexico (country)', 'Mexicó', 'The United Mexican States', 'Estados Unidos de Mexico', 'Central Mexico', 'ISO 3166-1:MX', 'Mexiko', 'Méjico', 'Mexique', 'Mexican United States', ""Mexican'"", 'The United State of Mexico', 'Mountains of Mexico', 'Old Mexico', 'United states of mexico', 'EUM', 'Messico', 'Mejico', 'The United States of Mexicans', 'Untied Mexican States', 'México', 'Etymology of Mexico', 'Meixcan', 'Estados Unidos Mexicanos', 'Mexic', 'Mexxico', 'Mexican Union', 'The United States of Mexico', 'United State of Mexico', 'Mexico', 'Republic of Mexico', 'Mexican Federal Republic', 'United Mexican States', 'Mexican coast', 'Mehico', 'United States of Mexicans', 'United States of Mexico']", Bolivia,0.32711082696914673,1,1,1
5361,Answer the question concisely. Q: What was the original use of the building which now houses the Tate Modern Art Gallery in London? A:,"['Bankside Power Station', 'Bankside Power station', '(Bankside) Power Station']", It was a power station,0.4175478219985962,1,0,0
5364,Answer the question concisely. Q: What is the anatomical name for the upper jaw bone? A:,"['Upper jawbone', 'Maxilla', 'Maxillæ', 'Ossification of maxilla', 'Maxillary diseases', 'Maxillae', 'Upper mandible', 'Maxillary bone', 'Maxilliferous', 'Superior maxillary', 'Superior maxillary bone', 'Mustache bone', 'Upper jaw']", The maxilla,0.4821815490722656,1,0,0
5366,Answer the question concisely. Q: PIA is the national airline of which country? A:,"['Union of Pakistan', 'Pakistani Federation', 'PAKISTAN', 'Pakastan', 'Pakistán', 'Packistan', 'پاکِستان', 'پاكِستان', 'Pakistana', 'Name of Pakistan', 'Etymology of Pakistan', 'Pakistan', 'Bakistan', 'Pakistano', 'Islamic Republic Of Pakistan', 'Paquistan', 'Pākistān', 'Paakistan', 'IROP', 'Paskitan', 'Islāmī Jumhūriyah-yi Pākistān', 'Republic of Pakistan', 'اسلامی جمہوریۂ پاكِستان', 'Islamic Republic of Pakistan', 'پاکستان', 'Bakistaan', 'Mumlikat-e-Khudad-e-Pakistan', 'Pakistāna', 'اسلامی جمہوریہ پاکستان', 'Islāmī Jumhūrī-ye Pākistān', 'ISO 3166-1:PK', 'Pakland', 'Pakistan, Islamic Republic', 'Islamic Republic Pakistan', 'The Islamic Republic Pakistan', 'Pakisthan', 'Federation of pakistan', 'Al-Pakistan', 'اسلامی جمہوریۂ پاکستان', 'Paquistao', 'Paquistán', 'Pákistán', 'Pakasthan', 'The Islamic Republic of Pakistan', 'Pakistaan', 'Pak-e-stan', 'Pakistan.', 'Islamic Pakistan', 'Federation of Pakistan', 'Pakstan', 'Islamic State of Pakistan', 'Pakistan, Islamic Republic of', 'Bakstaan', 'Pakistani Republic', ""Pakistan's"", 'State of Pakistan', 'باكستان', 'Pakistani state', 'The State of Pakistan', 'The Republic of Pakistan', 'Al-Bakistan', 'Paquistão', 'Pakisatan', 'Mumlikat e Khudad e Pakistan', 'I.R. of Pakistan', 'پاڪستان', 'Pak-i-stan']", Pakistan,0.7523930668830872,0,0,0
5373,Answer the question concisely. Q: What was said to have been guarded by the Fisher King? A:,"['Sangrael', 'Grail legend', 'The Holy Glair', 'Grail mythos', 'Sangraal', 'Quest for the Holy Grail', 'The Holy Grail', 'Grail Quest', 'Holy Grail', 'Grail Myth', 'Queste du Graal', 'Sangreal', 'The Quest of the Holy Grail', 'Sangrail', 'Grail', 'Holy grail', 'Holy Graal', 'San Greal', 'Grail myth', 'Holy Grail Quest']", The Holy Grail,0.9232279658317566,0,0,0
5379,Answer the question concisely. Q: What was the name if the submarine lost in Liverpool Bay in June 1939? A:,"['HMS Thetis', '(HMS) Thetis']", The U-boat U-971,0.14517927169799805,1,1,1
5384,"Answer the question concisely. Q: In the Bible, who was put to death, because King Ahab coveted his vineyard? A:","[""Naboth's vineyard"", 'Naboth', 'NABOTH', ""Naboth's Vineyard""]", Elijah,0.15546712279319763,1,1,1
5414,"Answer the question concisely. Q: What is the meaning of the Arabic word 'Hezbollah', the Shi'ite Muslim group? A:","['Khizbollah', 'Herzbollah', 'Organization of the Oppressed on Earth', 'Hesbolla', 'Hezboolah', 'The Hezbollah External Security Organization', 'Hezbollah', 'Organization of Right Against Wrong', 'Hezb Allah', 'Hezbulla', 'Hezbollah External Security Organisation', 'Hezzbollah', 'Hizbula - Moslem religion social and terror organization', 'Hezbula', 'Ḥizbu-llāh', 'Hizbulla', 'Hizbalah', 'Hizb Allah', 'Hizbolla', 'Hisbollah', 'HezbAllah', 'Hezbolla', 'Party of God', 'Huzbollah', ""Hez b'Allah"", ""Hizbu'llah"", 'Hizbullah', 'Hezbola', 'Party of God (Lebanon)', ""Hizb'allah"", 'Hesbollah', 'Hizbollah', 'Hezballah', 'Revolutionary Justice Organization', ""Hizballah's External Security Organisation"", 'Hizbu-llah', 'Party of Allah', 'Hezbollah (Lebanon)', 'Hizballa', 'Hizballah', 'Hezbolah', 'Hezballa', 'Hezbullah', 'Hesbola']", It means 'Party of God,0.6514971852302551,0,0,0
5419,Answer the question concisely. Q: In which city were the 2009 World Athletic Championships held? A:,"['Berlin-Zentrum', 'Capital of East Germany', 'Athens on the Spree', 'Cuisine of Berlin', 'DEBER', 'Berlin, Germany', 'Berlin.de', 'CityBerlin', 'Berlin', 'Spreeathen', 'Silicon Allee', 'Federal State of Berlin', 'Berlib', 'City of Berlin', 'Berlin (Germany)', 'Historical sites in berlin', 'Land Berlin', 'UN/LOCODE:DEBER']"," Beijing, China",0.3373261094093323,1,1,1
5421,Answer the question concisely. Q: Leofric of Mercia was the husband of which famous woman? A:,"['Godgyfu', 'Godgifu of Mercia', 'Lady Godiva', 'Peeping Tom of Coventry', 'Peeping Tom', 'Aethenoth', 'Pru Porretta', 'Godiva']", The wife of King Alfred the Great,0.19830596446990967,1,1,1
5434,"Answer the question concisely. Q: ""To what was Wordsworth referring when he wrote, """"Shall I call thee bird, or but a wandering voice?"" A:","['THE CUCKOO', 'Kukushka', 'The Cuckoo (disambiguation)', 'The Cuckoo', 'Cuckoo (movie)', 'The cuckoo']"," ""A bird",0.0976526141166687,1,1,1
5435,Answer the question concisely. Q: The Cesarewitch horse race is run at Newmarket during which month of the year? A:,"['Ocotber', 'October', '8ber', '㋉', 'Oct.', 'OCTOBER', 'Roctober']", October,0.6688016057014465,0,0,0
5440,Answer the question concisely. Q: In which English city is the HQ of the Ordnance Survey? A:,"['Southampton', 'Southhampton, England', 'Sotonian', 'Southhampton', 'Southampton, U.K.', 'Southampton (city)', 'Southampton, Hampshire', 'Soton', 'Southampton UA', 'Southampton Corporation', ""So'ton"", 'Southampton (district)', 'County Borough of Southampton', 'Southampton Council', 'City of Southampton', 'UN/LOCODE:GBSOU', 'Southampton, England', 'The weather in Southampton']", London,0.2747341990470886,1,1,1
5457,Answer the question concisely. Q: Where is the Headquarters of Boeing? A:,"['Seattle, Washington.', 'Seattle Weekly news', 'Jet City', 'Seattle, Washington, USA', 'SEATTLE', 'Seattle WA', 'Seattle, United States of America', '舍路', 'City of Seattle', 'Seattle Washington', 'Seattle, US-WA', 'Seattle (WA)', 'Seattle, Wa', 'Seattle, WA', 'Seattle, Washington', 'St. Anne Seattle', 'Seattle (Wash.)', 'The weather in Seattle', 'Seattle, Washington (State)', 'Emerald City, Washington', 'Seattleans', ""Seattle's"", 'Seattle, Wash.', 'Duwamps', 'St. Anne School, Seattle, Washington', 'Seattle, wa', 'Seattleites', 'Seattle, Washington Territory', 'Seattle, United States', 'Seatle', 'Seattle, USA', 'UN/LOCODE:USSEA', 'St. Anne School (Seattle, Washington)', 'Seattle', 'Seattle, WA, USA']"," Seattle, Washington",0.9168287515640259,0,0,0
5458,Answer the question concisely. Q: In the book David Copperfield what was Mr Micawber's first name? A:,"['Wilkin', 'Wilkins (disambiguation)', 'WILKINS', 'Wilkins']", David,0.052739985287189484,1,1,1
5460,Answer the question concisely. Q: Which television detective was created by Glenn Chandler? A:,"['Killer (Taggart)', 'Taggart', ""There's been a murder"", 'DCI Matt Burke', 'TAGGART', 'Taggart (TV series)']", The Lone Ranger,0.17055638134479523,1,1,1
5494,Answer the question concisely. Q: Actress Fenella Fielding was the sister of which famous comedian and comic actor? A:,"['Lauretta Feldman', 'Marty Feldman', 'MARTY FELDMAN', 'Marty feldman']", Robin Williams,0.16408264636993408,1,1,1
5499,Answer the question concisely. Q: Which island in the Grenadines of St. Vincent was bought by Colin Tennant in 1958? Princess Margaret built a holiday home there in the 1960's. A:,"['MUSTIQUE', 'Mustique']", St. Vincent,0.06223088502883911,1,1,1
5511,Answer the question concisely. Q: The film 'Pushing Tin' features which occupation? A:,"['Approach Control', 'Aviation system', 'Terminal radar approach control', 'Approach Contol', 'Airport tower', 'Handoff (aviation)', 'Air-traffic-control tower', 'Aviation ATCS', 'Air-traffic control', 'Terminal Radar Approach Control Facility', 'Air traffic tower', 'Air Control', 'Airport Traffic Control Tower', 'Air traffic flow control', 'Control Towers', 'Terminal Radar Approach Control', 'Control tower', 'Aircraft traffic', 'Air Traffic Control System', 'TRACON', 'Terminal control center', 'Air traffic', 'Air control', 'ATCT', 'Tower control', 'Air traffic control tower', 'E-strip', 'Air Traffic Control', 'Terminal Control Center', 'ATC tower', 'RAPCON', 'Air-Traffic Control', 'Air navigation installations', 'Tower (aviation)', 'Air control tower', 'Air Traffic Control Tower', 'Aviation System', 'Airport control tower', 'Tracon', 'Aviation control', 'Radar Approach Control', 'Clearance delivery', 'Air traffic control']", The film 'Pushing Tin' features a character who is a pilot,0.2510870397090912,1,1,1
5522,Answer the question concisely. Q: What would you serve in a samovar? A:,"['Tea brewing', 'Teamelier', 'Tea Leaf', 'Tea preparation', 'Cold-brewed tea', 'Tealeaves', 'Tea mashing', 'Brewing tea', 'Tea leaf', 'Tea (drink)', 'Steeped Tea', 'Lemon tea', 'Alternative Tea', 'History of tea in Korea', 'Organic Tea', 'Tea leafs', 'Loose tea', 'Tea plantation', 'Tea leaves', 'Tea', 'Cup of tea', 'Tea growing', 'Peach tea', 'Indian tea', 'Brewing (tea)', 'Pitewey', 'Tea stall', 'Gourmet tea', 'Instant tea']", Tea,0.8166446089744568,0,0,0
5550,Answer the question concisely. Q: By what name was Peggy Hookham DBE better known? A:,"['Peggy Hookham', 'Dame Margot Fonteyn', 'Dame Margot Fonteyn De Arias', 'Margaret Evelyn Hookham', 'Margot Fontaine', 'Margaret Hookham', 'Dame Margot', 'Margot Fonteyn de Arias', 'Dame Margot Fonteyn de Arias', 'Margot Fonteyn', 'Fonteyn', 'Margot fonteyn dancer']", By the name of Peggy Hookham,0.5625600218772888,0,0,0
5573,Answer the question concisely. Q: What type of animal is a corvid? A:,"['Avians', 'Avialan', 'Chick guard stage', 'Bird breeding', 'Flying Bird', 'Nestling', 'Baby birds', 'Avafauna', 'Aves', 'Bird', 'Avialians', '🐣', 'Living sauropods', '🐥', '🐤', 'Roosting', 'Pet bird', 'Aviala', 'Nestlings', 'Avialian', 'Ornithes', 'Avifauna', 'Living sauropods in Africa', 'Living dinosaurs in Oceania', 'Neornithes', 'Roost site', 'Neornithine', 'Avian proteins', 'Surviving Dinosaurs', 'Birds mating', 'Avian reproduction', 'Modern bird', 'Birds', 'Bird reproduction', 'Ornis', 'Living dinosaurs in Australasia', 'Avian dinosaur', '🐦', 'Modern birds', 'Class aves', 'Modern Dinosaurs', 'Birdness', 'Chick (bird)']", A crow,0.2647644281387329,1,0,0
5578,"Answer the question concisely. Q: ""The song """"If I Ruled The World"""" comes from which musical?"" A:","['PICKWICK', 'Pickwick', 'Pickwick (disambiguation)']"," ""The Sound of Music",0.07686354964971542,1,1,1
5596,Answer the question concisely. Q: What is the capital of Australia's Northern Territory? A:,"['Darvino', 'Darwin (disambiguation)', 'Darwin (crater)', 'Darwin']", Darwin,0.7364490032196045,0,0,0
5600,Answer the question concisely. Q: In which US state is New Haven? A:,"['Economy of Connecticut', 'Regions In connecticut', 'Connecticut locations by per capita income', 'Connecticut, United States', 'State of Connecticut', 'Climate of Connecticut', 'Nutmeg State', 'Connecticutt', 'Connecticuit', 'Government of Connecticut', 'Connectecut', 'Connecticut', 'Conecticut', 'Geography of Connecticut', 'Shorelands Neighborhood', 'Connnecticut', 'Connetecuit', 'Conn.', 'Connecticut (state)', 'Fifth State', 'Sports in Connecticut', 'Demographics of Connecticut', 'Connectecuit', 'Religion in Connecticut', 'Education in Connecticut', 'Connecticuter', 'Conetticut', 'Law of Connecticut', 'The Constitution State', 'Inland Connecticut', '5th State', 'Constitution State', 'CT, USA', 'Connetecut', 'Richest Places in Connecticut', 'Politics of Connecticut', 'The Nutmeg State', 'US-CT', 'Conneticut', 'Connecticut (U.S. state)', 'Conneticuit']", Connecticut,0.7846701145172119,0,0,0
5603,Answer the question concisely. Q: What kind of aircraft gave the space shuttle a piggy-back prior to 1981? A:,"['Boeing 747-48EF', 'Boeing 747-121A', 'Boeing 747SR-81', 'Boeing 747-368', '747-100', 'Boeing 7474', 'Boeing 747-244B', 'Brien Wygle', 'Boeing 747-700X', 'Boeing 747X', 'Boeing 747-100', 'Boeing 747-3B5', 'Boeing 747-2R7F', 'Boeing 747-2B5F', '747-700X', 'Boeing 747-4B5', 'Boeing 747-409', 'Boeing 747-200BM', 'Boeing Model 747', 'B742', 'B747', 'BOEING 747', 'Boeing747', 'Boeing 747-SR46', 'Boeing 747SP-09', '747adv', 'Boeing 747-244B Combi', 'Boeing 747-100SR', '747-SR46', '747-100B', 'Boeing 747 Classic', '747-200', 'Boeing 747-121SF', 'B747-300B', 'Boing 747', '747-200F', 'Jack Waddell', 'Boeing 747-130', 'Boeing 747-357', 'Boeing 747-230B', 'Boeing 747-283B', 'Boeing B-747 200B', 'Boeing B-747 200F', 'Boeing 747-146SR', 'Boeing 747-236B', 'Boeing 747-300B', 'Boeing 747SP-21', 'Boeing 747-200', 'Boeing 747-258F/SCD', 'Boeing 747-428BCF', '747-300', 'Boeing 747-121', 'Boeing 747-122', 'Boeing B747', 'Boeing 747-430', 'Boeing 747-209B', 'Boeing 747-438', 'Boeing 747SR', 'Boeing 747-600X', 'Boeing 747-249F', 'Boeing 747-100SR-46', 'Boeing 747-237', 'Boeing 747-230', 'Boeing 747SR-46', 'Boeing 747-200M', 'Boeing 747-200B', 'Boeing 747-200C', 'Boeing 747-131', 'B747-100B', 'Boeing 747-200F', 'Boeing 747-136', 'B 747', 'Boeing 742', 'Boeing 747', 'Boieng 74', 'Boeing 747 B-18210', 'Boeing 747-258F', 'Queen of the Skies', 'Boeing 747-100B', '747-600X', 'Boeing 747-300', 'Boeing 747-246B', 'Boeing 747-237B', 'B74F', 'Boeing 747-500X', '747X', 'Boeing C-19', '747-300B', 'Megatop', '747-500X', 'Boeing 747–44AF (SCD)', 'Boeing 747-168B', 'Boeing 747-206B', 'B-747', 'Boeing 747-44AF (SCD)', 'The Boeing 747', '74M', 'Boeing-747']", A: A: A: A: A: A: A: A: A: A: A: A: A: A: A: A: A: A: A: A: A: A: A: A: A: A: A: A: A: A: A: A:,0.297751247882843,1,1,1
5622,Answer the question concisely. Q: Give a year in the reign of King Stephen. A:,['1135-1154'], Stephen reigned from 1066 to 1072,0.11344578117132187,1,1,1
5624,"Answer the question concisely. Q: ""Which country did Tsar Nicholas I of Russia call """"the sick man of Europe""""?"" A:","['Turkey', 'Turkey (country)', 'Türkiye Respublikasi', 'Turky', 'Turkei', 'Tuerkiye Cumhuriyeti', 'Tuerkiye', 'Turquie', 'ISO 3166-1:TR', 'Turquia', 'TurkeY', 'Turkey (Country)', 'Turkiye', 'Turkey (state)', 'Terky', 'Republic of Turkey', 'Türkiye', 'Turkish Republic', 'Republic of Turkiye', 'Turkish republic', 'The Republic of Turkey', 'Turkey (nation)', 'Türkiye Respublikası', 'Türkei', 'Tuerkei', 'Turkiye Cumhuriyeti', 'TURKEY', 'Republic of turkey', 'Etymology of Turkey', 'Turkie', 'Turkia', 'Türkiye Cumhuriyeti']"," ""Russia",0.49878549575805664,1,1,1
5627,Answer the question concisely. Q: Which US state is known as the Palmetto State? A:,"['Eighth State', 'Hurricanes in South Carolina', 'South Carolina (state)', 'Transport in South Carolina', 'The Palmetto State', 'Religion in South Carolina', 'South Carolina', 'US-SC', 'Iodine State', 'South Carolina (U.S. state)', 'State of South Carolina', '8th State', 'Transportation in South Carolina', 'South carolina', 'Geography of South Carolina', 'Education in South Carolina', 'South Carolina (USA State)', 'S. Carolina', 'South Carolina Department of Archives and History', 'South Carolina, United States', 'South Carolina (State)', 'Economy of South Carolina']", South Carolina,0.8790329098701477,0,0,0
5637,Answer the question concisely. Q: What was the codename for the German invasion of Russia in 1941? A:,"['Barbarossa (disambiguation)', 'BARBAROSSA', 'Barbarossa']", Operation Barbarossa,0.6532750129699707,0,0,0
5645,"Answer the question concisely. Q: When George Formby sang the lines: 'It may be sticky, but I never complain, I like to have a nibble at it now and again', to what was he ostensibly referring? A:",['(My Little Stick of) Blackpool Rock']," The sticky, slimy, slimy, slimy, slimy, slimy, slimy, slimy, slimy, slimy, slimy, slimy, slimy, slimy, slimy, slimy, slimy, slimy, slimy, slimy, slimy, slim",0.23601111769676208,1,1,1
5648,"Answer the question concisely. Q: Manhattan Island is bounded by three rivers, the Hudson, the East and which other? A:","['List of crossings of the Harlem River', 'Sherman Creek, New York', 'The Harlem River', 'Sherman Creek (New York)', 'Harlem River']", The East River,0.323907732963562,1,1,1
5670,Answer the question concisely. Q: Which author created the fictional character Sergeant Cuff? A:,"['Collins, Wilkie', 'WW Collins', 'Collinsian', 'William Wilkie Collins', 'Wilkie Collins', 'William %22Wilkie%22 Collins']", John D. MacDonald,0.3172893524169922,1,1,1
5677,"Answer the question concisely. Q: Which country has provinces including Masvingo, Midlands and Manicaland? A:","['Zimbobwe', 'Health care in Zimbabwe', 'Zimbabwean cultural practices', 'People of Zimbabwe', 'Republic of Zimbabwe', 'Zimbabwean legends', 'Zimbabwae', 'Zimbabwian', 'Republic Of Zimbabwe', 'Cuisine of Zimbabwe', 'Zimbabwean cuisine', 'ZWE', 'Zimbabwei', 'Zimbabwe', 'Etymology of Zimbabwe', 'ISO 3166-1:ZW', 'Republic Zimbabwe', 'Zimbawean', 'Zimbabwean', 'Name of Zimbabwe', 'Chimpabwe']", Zimbabwe,0.8247771859169006,0,0,0
5682,Answer the question concisely. Q: Who played Claude Greengrass in 'Heartbeat'? A:,"['Walter Frederick George Williams', 'Bill Maynard', 'BILL MAYNARD']", John Hannah,0.18188321590423584,1,1,1
5687,"Answer the question concisely. Q: Which bird, in relation to its size, has the thickest skull? A:","['Wood pecker', 'Woodpeckers', 'Picidae', 'Woodpecker (bird)', 'THE WOODPECKER', 'Woodpecker']", The ostrich,0.16701236367225647,1,1,1
5694,"Answer the question concisely. Q: ""In 1999, whom did William Hague describe as """"a candidate of probity and integrity""""?"" A:","['Baron Archer of Weston-super-Mare', 'Jeffrey Howard Archer, Baron Archer of Weston-super-Mare', 'Lord Archer of Weston Super Mare', 'Lord Archer of Weston-Super-Mare', 'The Clifton Chronicles', 'Lord Archer of Weston-super-Mare', 'Jeffrey Archer', 'Jeffrey Archer, Baron Archer of Weston-super-Mare', 'Jeffrey Howard Archer, Baron Archer', 'Baron Archer of Weston-Super-Mare', 'Jeffrey Howard Archer']"," ""Tony Blair",0.17369404435157776,1,1,1
5703,"Answer the question concisely. Q: What was the middle name of Senator Edward M Kennedy, who died in August 2009? A:","['Moore Theater Building', 'The Moore', 'MOORE', 'Moore Theatre', 'Moore Theatre (Seattle, Washington)', 'Moore Theater']", Edward,0.02841624617576599,1,1,1
5718,Answer the question concisely. Q: In which field of the arts has American born Annie Leibovitz achieved fame? A:,"['Pet photography', 'Pet Photography', 'Photography as an art form', 'Photographing', 'Commercial photography', 'Photography', 'Fotografy', 'Art Photography', 'Print finishing', 'Commercial Photography', 'Photographic', 'Early photography', 'Photographic technique', 'Still photographers', 'Commercial photographer', 'Photography, History of', 'Photography techniques', 'Photography business', 'Photographics', 'Technology of Photography', 'Photo picture', ""Photo's"", 'PHOTOGRAPHY', 'Yachting photography']", In the field of photography,0.5867116451263428,0,0,0
5725,Answer the question concisely. Q: Silkworms feed on the leaves of which tree? A:,"['Mulberry tea', 'Mulberry trees', 'Mulberries', 'Mullberry', 'Mulbery', 'Moriculture', 'Mulberry', 'Morus (plant)', 'Mulberry tree', 'Mulberry Tree']", The leaves of the cotton plant,0.482011616230011,1,1,1
5727,Answer the question concisely. Q: The name of which Chinese dish translates as 'bits and pieces'? A:,"['Tjap tjoy', 'Zasui', 'Zásùi', 'Chop suey sandwich', 'Tsa-sui', 'Zasuei', 'Chop Suey', 'Chop suey']", Peking duck,0.5762782692909241,0,1,1
5730,Answer the question concisely. Q: In GB Shaw's Major Barbara in which army was Barbara a major? A:,"['Sally-ann', 'Uniform of The Salvation Army', 'Salvationists', 'Sally ann', 'Salvos', 'Salvation Army', 'Camp Sunrise', 'Red Shield', 'The Salvation Army', 'Corps (church)', 'SALVATION ARMY', 'Slum sister', 'Salvation army', 'Staines salvation army', 'The Christian Mission', 'Staines Salvation Army', 'The Salvation Army Nashville Area Command', 'Sally Army', 'Salvation army adult rehabilitation center', 'Sally Ally', 'East London Christian Mission', 'Sallies', 'Salvationist', 'Salvationism', 'List of Salvation Army corps in the United Kingdom in 1900', 'Armée du Salut', 'The Red Shield']", The British Army,0.278190553188324,1,1,1
5738,"Answer the question concisely. Q: When Brian Deane scored the first ever goal in the Premier League in 1992, against Man Utd., for which club was he playing? A:","['Piggy Blunts', 'Sheff Utd', 'Sheffield United F.C.', 'Sheffield Utd', 'Sheffield United A.F.C.', 'Sheffield United FC', 'SHEFFIELD UTD.', 'Sheff U', 'Sheffield United Football Club', 'Sheffield United F C', 'Sheffield United', 'Thrash Wednesday', 'Sheffield United F. C.', 'Sheffield United F.C', 'Red and White Wizards']", Blackburn Rovers,0.5326195955276489,0,1,1
5751,Answer the question concisely. Q: Of what type of rock is the Rock of Gibraltar made? A:,"['Cretaceous limestone', 'Limestone', 'Limestones', 'Lime Stone', 'Shackleton Limestone', 'Chalkstone', 'Coralline limestone', 'Limestone (mineral)', 'Lime stone']", Rock,0.0912400335073471,1,1,1
5756,"Answer the question concisely. Q: ""Which English comedian/actor said """"Girls are like pianos. When they're not upright they're grand""""?"" A:","['Benny Hill', 'Alfred Hawthorne', 'Bennie Hill', 'Alfred Hawthorne Hill', 'Beny hill', 'Benny hill']"," ""David Mitchell",0.20942190289497375,1,1,1
5768,"Answer the question concisely. Q: Who, during a radio microphone test in 1984 said, 'I just signed legislation which outlaws Russia forever The bombing begins in five minutes? A:","['President Regan', ""Ronald Reagan's Alzheimer's letter"", 'Ronald W Reagan', '40th President of the United States', 'Reagan', 'Reaganian', 'Ronald Reagon', 'Reagen', 'Ronnie Reagan', 'Public image of Ronald Reagan', 'Ronald Reagan presidential campaign, 1976', 'Ronald Reagan', 'Reagan, Ronald', 'Reagan, Ronald Wilson', 'President Reagan', 'Reagan (president)', 'Health of Ronald Reagan', 'President Ronald Reagan', 'Ronald Reagan Centennial Commission Act', 'Ronald reagan', 'Reaganesque', 'Reaganite', 'Ronald Raegen', 'Ronald regean', 'Ronald Wilson Reagan', 'Ronald Regan', 'Ronald Reagan Centennial Commission', 'Dutch Reagan', 'Ronaldus Magnus', 'Ronald Reagen', 'Cultural and political image of Ronald Reagan', 'Ronal Reagan', 'Reagan Ronald', 'Ronald Raegan', 'Ronald W. Reagan']", Ronald Reagan,0.8758909702301025,0,0,0
5778,"Answer the question concisely. Q: In children's cartoons, which character lives in a pineapple under the sea? A:","['Money And Music', 'Sand Mountain (Bikini Bottom)', 'Boat mobile', ""Mrs. Puff's Boating School"", 'Patrick Starfish (character)', 'Spongebob squarepants controversy', 'Krusty Towers (location)', 'SpongeBob squarepants', 'Bikini Bottom Jail', 'National No SpongeBob Day', 'The ugly barnacle', 'SpongeBob Universe', 'Bikini Bottom Boat', 'Boys Who Cry', 'Sea Needle', 'Spongebob (video game)', 'Krusty Krab 2', 'SpongeBob theme song', 'Frozen Face Off', 'Spongebobs', 'Krabby patty Secret Sauce', 'Music of SpongeBob SquarePants', 'TV Networks airing SpongeBob SquarePants', 'SpongeBob SquarePants (TV show)', 'The SpongeBob SquarePants Movie (film franchise)', 'Bikini Bottom News', 'The Rusty Krab', 'Shady Shoals Rest Homes', 'Chumbucket', 'SpongeBob Nation', 'Changed Names (SpongeBob TV Series)', 'Patrick Bio', 'SpongeBob SquareShorts', 'Stingray 5000', 'SpongeBob SquarePants', 'Shell Shack', 'Sponge-bob-square-pants', 'SpongeBob SquarePants theme song', 'Krabby Patty formula', 'Name changes on SpongeBob SquarePants', 'Spongebob joystick game', 'SpongeBoy SquarePants', 'SpongeBob SquarePants: Collapse!', 'Ultimate SpongeBob SpongeBash', 'Criticism of Spongebob Squarepants', 'Spongebob Sqaurepants', 'Goo Lagoon', 'Port-O-Head', 'The SpongeBob SquarePants Movie (series)', 'Spongebob (the show)', 'Spongeboob', 'The Wisenheimers', 'Bikini Bottom', 'Astrology with Squidward', 'SpongeBob SquarePants TV Game', 'Sponge Bob Squarepants', 'SpongeBob SquarePants (TV series)', 'Deuueaugh', 'Spongebob Squarepants theme song', 'Shady Shoals Rest Home', 'Krusty krab pizza', 'Jellyfish Fields', 'Bob Esponja', ""Barg'n Mart"", 'Rusty Krab', 'Criticism of SpongeBob SquarePants', 'Kuddly Krab', 'Sponge Bob SquarePants', 'Recurring jokes in SpongeBob SquarePants', 'Patrick Star Adventures', 'Boatmobile', 'Spongbob', 'Krabby patty', 'Palace of Pranks', 'Jellyfishing(Hobby)', 'SüngerBob KarePantolon', 'Jellyfishing (hobby)', 'Frycook of The Chum Bucket', 'King Amoeba', 'List of places in Bikini Bottom', 'Monster Krabby Patty', 'List of SpongeBob SquarePants crew', 'SpongeBob SquarePants controversy', 'Evil Spongebob', 'Bikini Bottomshire', 'Spongebobsquarepants', 'Spongebob SquarePants', 'Mr. Seaweed', 'SpongeBob.com', 'What Zit Tooya', 'Who lives in a pineapple under the sea%3F', 'Spongebob', 'Doodle Bob', 'Spongebob Squarepants', 'SpongePedia', 'The KK', 'SquarePants', 'International Following of SpongeBob SquarePants', 'Spongebob squarepants series', 'First Nautical Bank', 'SpongeBob Squarepants Controversy', 'Sponge Bob', 'Queen Mildew', 'SpongeBob', 'Crabby Patty', 'Mr. Sea Chicken', 'Spongebob squarepants', 'The SpongeBob SquarePants Movie (film series)', 'What zit tooya', 'Every Villian is Lemons', 'Jellyfish (SpongeBob SquarePants)', 'History of SpongeBob SquarePants', 'Oops ouchskies', 'SPONGEBOB SQUAREPANTS', ""Bob l'éponge"", 'Shady Shoals', 'Who lives in a pineapple under the sea', 'SpongeBob SquarePants cast', 'SpongeBoy Ahoy!', ""Spongebob's Jobs"", 'Sponge Bob Square Pants', 'SpongeBob Square Pants', 'Spongebob theme song', 'Mindy the Mermaid', 'Sponge-bob square-pants', 'King Jellyfish', 'Krusty Krab Inc.', 'SpongeBob (video game)', 'International following of SpongeBob SquarePants', 'SpongeBob Squarepants', 'Bulac', ""Spongebob's Pineapple House"", 'SpongeBob Bio', 'Spongebob and the Mystery with a Twistery', 'Duhfish', 'S. S. Cheapskate', 'Sponge bob square pants', 'SpongeBob SquarePants (series)', 'SpongeBob & The Hi-Seas']", Spongebob Squarepants,0.9556873440742493,0,0,0
5780,"Answer the question concisely. Q: Who, on 23rd July 2009, became the leading Australian batsman, having accumulated more runs in 1st class cricket than the legendary Don Bradman? A:","['JL Langer', 'Justin Langer', 'JUSTIN LANGER']", Ricky Ponting,0.25857704877853394,1,1,1
5793,Answer the question concisely. Q: Who played the female lead in the 1957 film 'An Affair To Remember'? A:,"['Deborah Kerr-Trimmer', 'Deborah Jane Kerr-Trimmer', 'Debbie Kerr', 'Deborah Jane Kerr', 'Deborah Kerr', 'Deborrah Kerr']", Rita Hayworth,0.42099523544311523,1,1,1
5819,Answer the question concisely. Q: Who won Oscars for directing Platoon (1986) and Born on the Fourth of July (1989)? A:,"['Stones Law', 'Oliver Stone', ""Stone's Law""]", Oliver Stone and Tom Cruise,0.4615175127983093,1,1,1
5842,Answer the question concisely. Q: In which country are the ruins of the ancient city of Carthage? A:,"['ISO 3166-1:TN', 'Tunisian Republic', 'Republic of Tunisia', 'Tounes', 'Tunisia', 'Tunisia in the middle ages', 'Tunisie', 'Etymology of Tunisia', 'Medieval tunisia', 'الجمهورية التونسية', 'Classical tunisia', 'Tunnisia', 'Name of Tunisia', 'Administrative divisions of Tunisia', 'Ancient tunisia', 'Tounisiyya', 'Tunisa', 'Tunesia', 'Al-Jumhūriyya at-Tūnisiyya']", North Africa,0.23804724216461182,1,1,1
5847,Answer the question concisely. Q: From which 1976 musical does the song 'Oh What a Circus' come? A:,"['Evita', 'Evita (movie)', 'Evita movie', 'Evita (film)', 'Evita (disambiguation)']", The Rocky Horror Picture Show,0.18975487351417542,1,1,1
5852,Answer the question concisely. Q: What was Groucho Marx's real first name? A:,"['Gens Iulia', 'Julian clan', 'Julii', 'Julius', 'Julius (gens)', 'Gens Julia', 'Claudius Caesar', 'House of Julii', 'Julia (gens)', 'JULIUS', 'Iulius', 'Julian gens', 'Iulii']", Groucho,0.08498385548591614,1,1,1
5872,Answer the question concisely. Q: Which metal is obtained from the mineral ore haematite? A:,"['Scunthorpe & Lindsey United F.C.', 'Scunthorpe and Lindsey United F.C.', 'History of Scunthorpe United F.C.', 'Scunthorpe & Lindsey United', 'Scunthorpe United', 'Scunthorpe United Football Club', 'Scunthorpe United F.C.', 'Scunthorpe United F. C.', 'Scunthorpe United FC', 'The Iron', 'IRON', 'Scunthorpe United F C', 'Scunthorpe Utd', 'Iron-Bru.net']", Iron,0.5881323218345642,0,0,0
5873,Answer the question concisely. Q: Under what sign of the Zodiac is someone who has their birthday on Christmas Day? A:,"['Capricorni', 'Capricorn', 'Capricorne', 'Capricorn (disambiguation)', 'Capricorn (album)', 'Capricorns', 'CAPRICORN']", Aries,0.07403875887393951,1,1,1
5874,Answer the question concisely. Q: For which minor sport do the USA and Europe compete annually for the Weber Cup? A:,"['Ten-Pin bowling', 'Ten-Pin Bowling', 'Tenpins', 'Ten Pin Bowling', '10 pin bowling', 'Ten pin bowling', 'Big Four (bowling)', 'Ten-pin', 'Perfect series', 'Tenpin bowling', 'Ten pin', 'Ten-pin bowling', 'TEN PIN BOWLING', 'List of Bowling terms', 'Bowling terms', 'Tenpin Bowling', '10-Pin Bowling']", The World Cup of Hockey,0.1708357334136963,1,1,1
5886,"Answer the question concisely. Q: In 2004, Chechen terrorists took schoolchildren hostage resulting in a shoot-out in which hundreds died, in which city was it? A:","['Beslant', 'Beslanskoye Urban Settlement', 'Beslanskaya', 'Beslanskoye', 'Bezlan', 'Beslansky', 'Beslan', 'Beslam']"," Beslan, Russia",0.6376849412918091,0,0,0
5889,"Answer the question concisely. Q: Name the Mexican/American boxer, who retired from the ring in 2008, who is the only man to win world titles in six different weight divisions? A:","['Óscar De La Hoya', 'Oscar de la Hoya', 'Oscar Dee la Hoya', 'Oscar De la Hoya', 'Oscar Delahoya', 'Óscar de la Hoya', 'Oscar De La Hoya', 'De La Hoya', 'Oscar de La Hoya']", Julio Cesar Chavez Jr,0.22554734349250793,1,1,1
5890,"Answer the question concisely. Q: Who, in 2010, became the first batsman to score 200 runs in a limited overs international match? A:","['सचिन रमेश तेंडुलकर', 'Sachin r tendulkar', 'Tendulkar', 'Sachin the maestro', 'SR Tendulkar', 'Sachin Tandulkar', 'Shachin Tendulkar', 'List of batsmen who have scored 100 centuries in international cricket', 'Sachin Tendukar', 'S Tendulkar', 'Relation of the Universe to God', 'Arjun Tendulkar', 'S R Tendulkar', 'Anjali Tendulkar', 'Tbon', 'Ramesh Tendulkar', 'Sachin Ramesh Tendulkar', 'Sachin Tendulkar records', 'सचिन तेंडुलकर', 'Sachin Tendulkar', 'S. R. Tendulkar']", Sachin Tendulkar,0.9646291732788086,0,0,0
5910,Answer the question concisely. Q: In which country is the Deccan Plateau? A:,"['ഭാരത മഹാരാജ്യം', 'هندستانڀارت،', 'भारतीय गणराज्याच्या', 'Bhārtiya Prajāsattāk', 'Indian Republic', 'ভারতরাষ্টৃ', 'Indian republic', 'ಭಾರತ ಗಣರಾಜ್ಯ', 'Union of India', 'இந்தியக் குடியரசு', 'भारतीय प्रजासत्ताक', 'India (country)', 'ISO 3166-1:IN', 'Indea', 'Etymology of India', 'ভারত গণরাজ্য', 'Republic Of India', 'INDIA', 'ભારતીય ગણતંત્ર', 'ভারত', 'Republic of India', 'Les Indes', 'Bhārat Gaṇarājya', 'جمہوٗرِیت بًارت', 'भारतमहाराज्यम्', 'Indya', 'Bharat Ganrajya', 'جمہوریہ بھارت', 'இந்திய', 'ଭାରତ ଗଣରାଜ୍ଯ', 'भारत गणराज्य', 'Republic of india', 'जुम्हूरियत भारत', 'Hindio', 'The Republic of India', 'భారత గణతంత్ర రాజ్యము', ""India's"", 'Hindistan', 'ਭਾਰਤ ਗਣਤੰਤਰ', 'Bhart', 'India', 'భారత రిపబ్లిక్', 'India.', 'ভাৰত গণৰাজ্য', 'Indian State', 'ISO 3166-1 alpha-3/IND', 'ভারতীয় প্রজাতন্ত্র']", India,0.6906077861785889,0,0,0
5939,Answer the question concisely. Q: Who partnered Jo Durie when she won the Wimbledon mixed doubles title in 1987? A:,"['Jeremy Bates (disambiguation)', 'Jeremy Bates']", John McEnroe,0.20797568559646606,1,1,1
5948,Answer the question concisely. Q: Who played the lawyer Miranda Hobbes in the TV series 'Sex and the City'? A:,"['Cynthia Nixon', 'Cynthia Ellen Nixon']", Cynthia Nixon,0.9243541955947876,0,0,0
5957,"Answer the question concisely. Q: What was the name of the second wife of Johnny Cash, who he married in 1968? A:","['June Carter Cash', 'June Cash', 'June Carter-Cash', 'June Carter']", June Carter,0.9126201272010803,0,0,0
5963,Answer the question concisely. Q: What is the capital of Rwanda? A:,"['Kigali City', 'Kigali', 'Ville de Kigali', 'Kigale', 'Kiggers', 'Municipality of Kigali', 'Kigali-Ville Province', 'Kigali Province, Rwanda', 'Kigali, Rwanda', 'Kigali Province (Rwanda)', 'Kigali province', 'Kigali Province', 'Capital of Rwanda', 'Kigali-Ville', 'Kigli']", Kigali,0.9776178598403931,0,0,0
5980,Answer the question concisely. Q: The former cricket umpire Harold (Dicky) Bird played cricket for Yorkshire and which other county? A:,"['Leics', 'Leics.', 'LEICESTERSHIRE', 'Leicestershire, England', 'Leicestershire County Council County Hall', 'Leycestershire', 'Leicestershire', 'County of Leicester', 'Leicstershire', 'Leicestershire (administrative)']", Kent,0.1513637751340866,1,1,1
5985,Answer the question concisely. Q: Who was the last British Prime Minister to represent a Welsh constituency? A:,"['James Callaghan (1912-2005)', 'Leonard James Callaghan, Baron Callaghan of Cardiff', 'Lord Callaghan', 'Jim Callaghan', 'Lord Callaghan of Cardiff', 'James Callaghan, Baron Callaghan', 'Lord James Callaghan', 'James, Baron Callaghan of Cardiff Callaghan', 'Premiership of James Callaghan', 'JAMES CALLAGHAN', 'Baron Callaghan of Cardiff', 'James Callaghan', 'Leonard James Callaghan', 'James Callaghan, Baron Callaghan of Cardiff']", David Lloyd George,0.2054949849843979,1,1,1
5987,Answer the question concisely. Q: Who is the patron saint of music? (Feast Day 22nd November) A:,"['St Cecilia', 'Sancta Caecilia', ""St Cecilia's Day"", ""St. Cecilia's Day"", ""St. Cecilia's day"", 'St. Cicilia', 'St. cecilia', 'St. Cecilia', 'Cecilia (saint)', 'St. Cecil', ""Saint Cecilia's Day"", 'Sankta Cecilia', 'Saint Cecilia', 'Cecilia of Rome']", St. Cecilia,0.8903787136077881,0,0,0
5990,Answer the question concisely. Q: Which musical work of 1898 features a section called 'Nimrod'? A:,"['Enigma variation', 'Variations on an Original Theme For Orchestra', 'The Enigma Variations', 'Variations on an Original Theme for Orchestra', 'Variations on an Original Theme, Op. 36', 'Enigma Variations', 'Variations on an Original Theme, Op. 36 (Elgar)', 'Variations On An Original Theme', 'Variations on an original theme, for orchestra', 'Variations on an Original Theme']", The opera 'Nimrod' by Richard Strauss,0.26753249764442444,1,1,1
5996,Answer the question concisely. Q: Hawley Harvey were the first names of which criminal? A:,"['Cora Turner', 'Dr Crippen', 'Hawley Crippen', 'Dr. Crippen', 'Dr crippen', 'Cora Crippen', 'Belle Elmore', 'Dr. Hawley Crippen', 'Doctor Crippen', 'Hawley Harvey Crippen', 'Ethel le Neve', 'Dr. Crippen (film)', 'Harvey Crippen', 'Kunigunde Mackamotski']", The first names of the criminals were Hawley Harvey and his wife,0.29099851846694946,1,1,1
6001,"Answer the question concisely. Q: Edward Oxford and Rodney Maclean, et al, tried to assassinate which British monarch? A:","[""Queen Victoria's Diamond Jubilee"", 'We are not amused', 'Queen Victoria I of the United Kingdom', 'Queen Victoria', 'William Hamilton (criminal)', 'Queen Victoria of England', 'Victoria of Great Britain and Ireland', 'Victoria of India', 'Victoria Wettin', 'Queen Victoria of the United Kingdom', 'Victoria of the UK', 'Alexandrina Victoria von Wettin, nee Hanover', 'Victoria I', 'Victoria of United Kingdom', 'Victoria (queen)', 'List of titles and honours of Queen Victoria', 'Alexandrina Victoria von Wettin, née Hanover', 'Victoria of England', 'Alexandrina Victoria von Wettin', 'Victoria of the United Kingdom (1819-1901)', 'Victoria of the United Kingdom', 'Victoria, Queen of England', 'Alexandrina Victoria', 'Victoria Regina', 'Queen victoria', 'Her Britannic Majesty Queen Victoria', 'Wedding of Queen Victoria and Prince Albert of Saxe-Coburg and Gotha', 'Victoria Queen', 'Queen Victoria I', 'Victoria of Great Britain', 'Victoria I of the United Kingdom', 'Diamond Jubilee of Queen Victoria', 'Victoria of Britain', 'Grandmother of Europe', 'Victoria of Scotland', 'Queen Victoria (died 1901)', 'Queen Alexandrina Victoria', 'Victoria, Queen of Great Britain', 'Victoria, Queen of the United Kingdom']", Queen Victoria,0.9129085540771484,0,0,0
6019,Answer the question concisely. Q: Buenos Aires is located on the estuary of which river? A:,"['The River Plate (disambiguation)', 'The River Plate', 'River Plate (disambiguation)', 'River Plate (Disambiguation)', 'RIVER PLATE', 'River Plate']", The Río de la Plata,0.49800771474838257,1,0,1
6052,Answer the question concisely. Q: The Zugspitze is the highest mountain in which country? A:,"['United States of Germany', 'Tyskland', 'Nimska', 'Bundesdeutsch', 'Vokietija', 'Deuchland', 'Germny', 'GermanY', 'FR Germany', 'Almanya', 'Federal Republic of Germany', 'Jermany', 'Geramny', 'Etymology of Germany', 'Nemska', 'Germany', 'Niemcy', 'GERMANY', 'ISO 3166-1:DE', 'Land der Dichter und Denker', 'Federal Republic Of Germany', 'F.R. Germany', 'Deutschland', 'Bundesrepublik Deutschland', 'BR Deutschland', 'Germanio', 'Thyskaland', 'GerMany', 'Germeny', 'Teutonica', 'Deutchland', 'Duitsland', 'THyskaland', 'Alemanha', 'Němska', 'Foederal Republic of Germany']", Germany,0.6121902465820312,0,0,0
6071,Answer the question concisely. Q: In popular music how is Paul Hewson better known? A:,"['Paul Hewson', 'Bono Vox', 'Bono (U2)', 'Paul David Hewson', 'BONO', 'Bono']", As the drummer for the band Coldplay,0.16422852873802185,1,1,1
6080,Answer the question concisely. Q: Which zodiac sign is between Libra and Sagittarius? A:,"['Scorpio', 'Skorpio', 'SCORPIO', 'Scorpio (disambiguation)']", Gemini,0.13752621412277222,1,1,1
6131,"Answer the question concisely. Q: Which mischievous fairy, also called Robin Goodfellow, appears in Shakespeare's 'A Midsummer Night's Dream'? A:","['PUCK', 'Puck', 'Puck (disambiguation)']", The fairy who is the cause of the play's title,0.11351428925991058,1,1,1
6145,Answer the question concisely. Q: Who hit six sixes in one over at 2007 Cricket World Cup in the West Indies? A:,"['Herschelle Gibbs', 'Hh gibbs', 'H Gibbs', 'HH Gibbs', '(Herschelle) GIBBS']", Sachin Tendulkar,0.17833252251148224,1,1,1
6173,Answer the question concisely. Q: What was the nickname of United States General Joseph Stilwell? A:,"['VINEGAR JOE', 'Vinegar Joe (disambiguation)', 'Vinegar Joe']", The Butcher of the Boer War,0.12291125953197479,1,1,1
6201,Answer the question concisely. Q: Elizabeth Gaskill based her fictional village 'Cranford' on which place in Cheshire? A:,"['Knuttesford', 'High Legh Primary School', 'High Legh primary shool', 'Knutsford', 'KNUTSFORD']", The village of 'Cranford' is based on the village of 'Cranford' in Cheshire,0.2826940417289734,1,1,1
6202,Answer the question concisely. Q: Who discovered the planet Uranus? A:,"['William H. Herschel', 'Sir William Herschel', 'Sir william herschel', 'Herschelian', 'Friedrich Wilhelm Herschel', 'Frederick William Herschel', 'William Herschel', 'Sir Frederick William Herschel', 'Wilhelm Friedrich Herschel', 'WILLIAM HERSCHEL', 'Wilhelm Herschel', 'Frederick Herschel']", The dog,0.05226685106754303,1,1,1
6207,Answer the question concisely. Q: Which insects live in a vespiary? A:,"['Wasp venoms', 'Ground wasps', 'Wasp facts', 'Wasp', 'Vespine', 'Social wasp', 'Wasps']", Bees,0.18671727180480957,1,1,1
6220,"Answer the question concisely. Q: What name connects 'Cold Comfort Farm, stamp collecting and ancient Rome? A:","['GIBBONS', 'Gibbons', 'Gibbons (surname)']", The Roman Empire,0.06546494364738464,1,1,1
6225,Answer the question concisely. Q: The London restaurant Le Gavroche is run by which chef? A:,['Michel (Albert) Roux'], Michel Roux Jr,0.5157100558280945,0,1,1
6226,Answer the question concisely. Q: What name is given to a figure of speech by means of which contradictory terms are combined? A:,"['Oxy moron', 'Oxymora', 'Oxymoronical', 'Plastic silverware', 'Oxymorons', 'Self-contradictory', 'Oxymoron', 'Oxymoronic', 'Oximoron']", A paradox,0.16289427876472473,1,1,1
6229,Answer the question concisely. Q: Whose cottage features in Constable's painting 'The Hay Wain'? A:,['WILLY LOTT'], Constable's,0.05120331048965454,1,1,1
6245,Answer the question concisely. Q: What is added to a martini to make a 'Bronx' cocktail? A:,"['Orange juice', 'Virgin Screwdriver', 'Not From Concentrate', 'Orang juice', 'Orange juise', 'FCOJ']", A dash of bitters,0.2426447570323944,1,1,1
6246,Answer the question concisely. Q: Arthur Seaton is the hero of which 1958 novel set in Nottingham? A:,"['Saturday Night and Sunday Morning', 'Saturday Night and Sunday Morning (novel)', 'Saturday night and sunday morning']", The Outsider,0.10373164713382721,1,1,1
6250,Answer the question concisely. Q: What was the title of Status Quo's first UK No. 1 hit? A:,"['Down Down (song)', 'Down Down', 'Down Down (Status Quo song)', 'Down down']", Down Down Down,0.7654073238372803,0,1,1
6263,"Answer the question concisely. Q: Dmitri, Ivan and Alexei are the eponymous central characters of which 1880 novel by Fyodor Dostoyevsky? A:","['The Brothers Kazamarov', 'Karamosov', 'Smerdyakov', 'Dmitry Fyodorvich Karamazov', 'The Brothers Karamazov', 'Pavel Fyodorovich Smerdyakov', 'Karamozov', 'Ivan Fyodorovich Karamazov', 'Karamazov', 'The Brothers Karamazov (novel)', 'Kolya Krassotkin', 'Pyotr Alexandrovich Miusov', 'Brothers Karamanzov', 'Brothers Karamozov', 'Ivan Karamazov', ""Brat'ya Karamazovy"", 'The Brothers Kazmarov', 'Bratya Karamazovy', 'Miuzov', 'Brothers Karamazov']", Crime and Punishment,0.10369060933589935,1,1,1
6265,"Answer the question concisely. Q: ""Which recreational item was, in its early days in the USA, known as""""The Whirlo-Way"""" and """"The Pluto Platter'?"" A:","['Physics of flying disks', 'Flying discs', 'Flying Disk', 'Frisbe', 'Frizbee', 'Plastic disc', 'Frisbee', 'Flying disk', 'Physics of flying discs', 'Flying disc']"," ""The Whirlo-Way",0.10879620909690857,1,1,1
6294,Answer the question concisely. Q: On whose life is Somerset Maugham's 'The Moon and Sixpence' loosely based? A:,"['Paul Gaugin', 'Eugčne Henri Paul Gauguin', 'Paul Gauguin', 'Eugcne Henri Paul Gauguin', 'Eugène Henri Paul Gauguin', 'Gauguin', 'Eugene Henri Paul Gauguin', 'Gaugin']", The author's own,0.0442764014005661,1,1,1
6312,Answer the question concisely. Q: Which former cabinet minister was debarred from Parliament because of irregularities in his 2010 election campaign for his Oldham East and Saddleworth constituency? A:,"['Woolas', 'Philip James Woolas', 'Phil Woolas', 'PHIL WOOLAS']", David Mellor,0.18585553765296936,1,1,1
6335,"Answer the question concisely. Q: ""What is the traditional flavouring of """"water pudding""""?"" A:","['Lemon', '🍋', 'Lemon (fruit)', 'Lemon juice', 'Lemon oil', 'Citrus x limon', 'Lemons', 'Nimbu', 'Citrus ×limon', 'Citrus × limon', 'Citrus limon']"," ""Water",0.09126092493534088,1,1,1
6343,Answer the question concisely. Q: Which contestant was first to be voted off the 2011 'Strictly Come Dancing' competition? A:,"['Edwina Curry', 'EDWINA CURRIE', 'Edwina Currie']", Brendan Cole,0.2625665068626404,1,1,1
6363,"Answer the question concisely. Q: ""In which opera would you find the """"Anvil Chorus""""?"" A:","['IL TROVATORE', 'Dei miei bollenti spiriti', 'II Trovatore', 'Azucena (gypsy)', 'Le trouvère', 'The Troubador', 'Leonora (Il trovatore)', 'Il Trovatore', 'Il trovatore']"," ""The Barber of Seville",0.2658175230026245,1,1,1
6395,Answer the question concisely. Q: Arthur Thistlewood led which failed conspiracy in 1820? A:,"['CATO STREET', 'Cato Street']", The 1820 conspiracy,0.0378759503364563,1,1,1
6403,"Answer the question concisely. Q: Introduced in 1908, for what does the B in the degree-equivalent course MBA stand? A:","['The business', 'The Business (disambiguation)', 'BUSINESS', 'The Business']", Business,0.6698251366615295,0,0,0
6449,Answer the question concisely. Q: In which Bond film does the villain's car turn into a small aeroplane to enable him to escape? A:,"['The Man with the Golden Gun', 'The man with the golden gun', 'The Man with the Golden Gun (disambiguation)', 'TMWTGG', 'Man with the golden gun', 'The Man With the Golden Gun', 'The Man With The Golden Gun']", Goldfinger,0.2665829360485077,1,1,1
6462,Answer the question concisely. Q: Shining Tor is the highest point in which county? A:,"['Cheshire (England)', 'County Palatine of Cheshire', 'Ivy Bank County Primary School', 'County Palatine of Chester', 'Cheshire', 'Cheshire, England, UK', 'Legeceasterscir', 'Chestershire', 'County of Chester', 'Cheshire, England']", County of Kerry,0.3793233036994934,1,1,1
6463,"Answer the question concisely. Q: Which river flows through Cork City where it splits in two for a short distance, creating an island on which Cork's city centre is built? A:","['River Lee, Ireland', 'River Lee (disambiguation)', 'River Lee', 'River Lee (Ireland)']", The Lee,0.3443223834037781,1,0,0
6476,Answer the question concisely. Q: What species of fly has the Latin name calliphora vomitoria? A:,"['Blue bottles', 'BLUEBOTTLE', 'Bluebottle', 'Bluebottle (disambiguation)', 'Blue bottle', 'Bluebottles', 'Blue bottle (disambiguation)', 'Blue Bottle']", The common housefly,0.18283727765083313,1,1,1
6484,"Answer the question concisely. Q: Which cocktail consists of rum, curacao and lime juice? A:","['Mai tai', 'Maitai', 'Mai Tai', 'Mai-Tai', 'Mai-tai']", The Rum-Coconut-Lime,0.1409262716770172,1,1,1
6495,Answer the question concisely. Q: Nagaland is a constituent state of which SE Asian country? A:,"['ഭാരത മഹാരാജ്യം', 'هندستانڀارت،', 'भारतीय गणराज्याच्या', 'Bhārtiya Prajāsattāk', 'Indian Republic', 'ভারতরাষ্টৃ', 'Indian republic', 'ಭಾರತ ಗಣರಾಜ್ಯ', 'Union of India', 'இந்தியக் குடியரசு', 'भारतीय प्रजासत्ताक', 'India (country)', 'ISO 3166-1:IN', 'Indea', 'Etymology of India', 'ভারত গণরাজ্য', 'Republic Of India', 'INDIA', 'ભારતીય ગણતંત્ર', 'ভারত', 'Republic of India', 'Les Indes', 'Bhārat Gaṇarājya', 'جمہوٗرِیت بًارت', 'भारतमहाराज्यम्', 'Indya', 'Bharat Ganrajya', 'جمہوریہ بھارت', 'இந்திய', 'ଭାରତ ଗଣରାଜ୍ଯ', 'भारत गणराज्य', 'Republic of india', 'जुम्हूरियत भारत', 'Hindio', 'The Republic of India', 'భారత గణతంత్ర రాజ్యము', ""India's"", 'Hindistan', 'ਭਾਰਤ ਗਣਤੰਤਰ', 'Bhart', 'India', 'భారత రిపబ్లిక్', 'India.', 'ভাৰত গণৰাজ্য', 'Indian State', 'ISO 3166-1 alpha-3/IND', 'ভারতীয় প্রজাতন্ত্র']", India,0.6906077861785889,0,0,0
6499,Answer the question concisely. Q: Name the year: Kate Middleton is born; Mail on Sunday first published; Laker Airways collapsed A:,"['one thousand, nine hundred and eighty-two', '1982']", Kate Middleton is born; Mail on Sunday first published; Laker Airways,0.05379314720630646,1,1,1
6501,Answer the question concisely. Q: Which indigenous people call their country Aotearoa? A:,"['Mäori', 'Mâori', 'Maori', 'Māori', 'Māori (disambiguation)']", The Maori,0.5892804861068726,0,0,0
6518,Answer the question concisely. Q: In 2001 which movie was the first winner of the Best Animated Movie Oscar? A:,"['Shrek One', 'Shrek in the Swamp Karaoke Dance Party', 'Cast of Shrek', 'Shrek (Movie)', 'Shrek (film)', 'SHReK', 'Shrek: The Series (season 2)', 'Shrek 1', 'Shrek: The Series (season 1)', 'Shrek I', 'List of Shrek: The Series episodes', 'Shrek: The Series (season 4)', 'שרעק', 'Shrek: The Series (season 3)', 'Shrek the First', 'Production of Shrek', 'Shrek Timeline', 'Shrek', 'Shrek (comics)']", The Incredibles,0.14419859647750854,1,1,1
6531,Answer the question concisely. Q: Which art movement was pioneered by Pablo Picasso and George Braque? A:,"['Analytical Cubism', 'Cubistic', 'Multiple perspective', 'Synthetic cubism', 'Cubist artist', 'CUBISM', 'Cubists', 'Analytic cubism', 'Cubist painting', 'Cubist', 'Analytical cubism', 'Synthetic Cubism', 'Cubism', 'Analytic Cubism']", Cubism,0.8698982000350952,0,0,0
6544,Answer the question concisely. Q: Who was the UK Poet Laureate or the longest period? A:,"['A. tennyson', 'Baron Alfred Tennyson', 'Tennyson (poet)', 'Alfred Tennyson, Lord Tennyson', 'Tennyson, Alfred, 1st Lord', 'Alfred Tennyson Tennyson', 'Alfred Lord Tennison', 'Tennyson', 'A Tennyson', 'Lord Tennyson', 'Tennysonian', 'Alfred Tennyson, 1st Baron Tennyson', 'Alfred, Lord Tennyson', 'Alfred Tennyson', 'Lord Tennyson Alfred', 'Alfred Lord Tennyson', 'Lord Alfred Tennyson']", I don't know,0.1196601614356041,1,1,1
6545,Answer the question concisely. Q: Who had a UK No.1 hit with the instrumental 'Eye Level' in 1973? A:,"['Simon Park', 'The Simon Park Orchestra', 'Simon Park Orchestra']", The Kinks,0.13920973241329193,1,1,1
6550,Answer the question concisely. Q: Which American motor manufacturer's logo is the head of a ram? A:,"['Dodge', 'Dodge V8', 'Dodge Brothers', 'Dodge Motors', 'Dodge Brothers Motor Car Company', 'Dodge Brothers Company', 'Dodge Brothers, Inc', 'Dadge', 'Grab life by the horns', 'Dodge Motor Company', 'Dodge (car)', 'Dodge Brothers Motor Vehicle Company', 'The Dodge Brothers Company', 'Dodge division', 'Dodge Cars', 'Fratzog']", Ford,0.3120133578777313,1,1,1
6556,"Answer the question concisely. Q: What is the pen-name of the gossip columnist in the Daily Express, first written by Tom Driberg in 1928 and later Nigel Dempster in the 1960s? A:","['William Hickey', 'Hickey, William', 'William Hickey (disambiguation)']", The answer is,0.037923261523246765,1,1,1
6564,Answer the question concisely. Q: In which Verdi opera do the gypsies sing the 'Anvil Chorus'? A:,"['Dei miei bollenti spiriti', 'II Trovatore', 'Azucena (gypsy)', 'Le trouvère', 'The Troubador', 'Leonora (Il trovatore)', 'Il Trovatore', 'Il trovatore']", Rigoletto,0.18331845104694366,1,1,1
6570,Answer the question concisely. Q: Which Gilbert and Sullivan opera has the alternate title 'Bunthome's Bride'? A:,"['Patience', 'Patiently', 'Patiency', 'Impatience', 'Patience (character trait)']", The Mikado,0.07370541244745255,1,1,1
6575,"Answer the question concisely. Q: Presented in February 2013, which film won the 2012 Best Film Oscar? A:",['Argo'], The Artist,0.054576002061367035,1,1,1
6577,Answer the question concisely. Q: What is the collective noun for a group of alligators? A:,"['Congregants', 'Congregations', 'Religious Congregation', 'The congregation', 'Congregation', 'Congregation (worship)', 'Congregation (disambiguation)', 'The english congregation']", A gaggle,0.03508952260017395,1,1,1
6591,"Answer the question concisely. Q: ""What hit musical show includes """"The Lambeth Walk""""?"" A:","['Me & My Girl', 'Me And My Girl', 'Me and My Girl']"," ""The Book of Mormon",0.12734165787696838,1,1,1
6609,Answer the question concisely. Q: Who was the only British medal winner at the 2010 Winter Olympics? A:,"['AMY WILLIAMS', 'Amy Williams']", Alex Harvey,0.20404088497161865,1,1,1
6622,"Answer the question concisely. Q: The Royal Armouries has three locations, London, Leeds and which other city? A:","['Portsmouth UA', 'Portsmouth Corporation', 'Portsmouth, England', 'Portsmouth', 'Havenmuiden', 'UN/LOCODE:GBPME', ""St Edmund's RC School (Portsmouth)"", 'King Richard Secondary School (Portsmouth)', 'County Borough of Portsmouth', 'Portsmouth, Britain', 'Portsmouth, United Kingdom', 'Milton Cross School (Portsmouth)', ""St Luke's School (Portsmouth)"", 'South Hampshire Rapid Transit', 'City of Portsmouth', 'Portsmouth (district)']", York,0.2120979130268097,1,1,1
6628,Answer the question concisely. Q: Which French Canadian became Prime Minister of Canada in 1968? A:,"['Pierre Elliott Trudeau', 'No place for the state in the bedrooms of the nation', 'Pierre Trudeau', 'Joseph Philippe Pierre Yves Elliott Trudeau', 'Joseph Philipp Pierre', 'Pierre-Elliot Trudeau', 'Pierre Eliott Trudeau', 'Joseph Philipp Pierre Yves Elliott Trudeau', 'PET (prime minister)', 'Pierre Elliot Trudeau', 'Pierre-Elliott Trudeau', 'Joseph Philippe Pierre Ives Elliott Trudeau', 'Pierre E. Trudeau', 'Pierre Philippe Yves Elliott Trudeau', 'Joseph Phillipe Pierre Yves Elliott Trudeau', 'Pierre trudeau']", Pierre Trudeau,0.92619788646698,0,0,0
6636,Answer the question concisely. Q: The marine iguana can only be found on which islands? A:,"['Galápagos Islands xeric scrub', 'Galapagos', 'Galapagos Islands xeric scrub', 'Galagapos Islands', 'Galapogos islands', 'Galapagon', 'Galapagas', 'Galápagan', 'Galapagos island', 'Galápagos archipelago', 'Gilapicos', 'Galápagos islands', 'Galápagos Islands', 'Galapogos', 'Pacific/Galapagos', 'Archipielago de Colon', 'Galapagos archipelago', 'Galopogoes', 'Galapagos islands', 'Galápagos', 'Gal%5CxC3%5CxA1pagos Islands', 'History of the Galapagos Islands', 'Los Galapagos', 'Galapagos Islands', 'Islas Galápagos', 'Galápagon', 'Galopagos', 'Galápagas', 'Galapogos Islands', 'Galapagan', 'Archipiélago de Colón', 'GALAPAGOS ISLANDS']", The marine iguana can only be found on which islands? A: The marine iguana can only be found on which islands? A: The marine iguana can only be found on which islands? A: The marine iguana can only be found on which islands? A: The marine iguana can only be found,0.6487721800804138,0,1,1
6642,Answer the question concisely. Q: Which King of England was married to Anne of Denmark? A:,"['James VI of Scotland, James I of England', 'James I', 'James VI, King of Scots', 'Seumas VI of Scotland', 'James, King of England, Ireland and Scotland', 'James VI', 'James I of England', 'James VI of Scotland', 'James I and VI', 'James I of England, Scotland, and Ireland', 'The wisest fool', 'James I of England and VI of Scotland', 'James VI of England', 'James I of England, Scotland, and Irerland', 'Wisest fool', 'The wisest fool in Christendom', 'Wisest fool in Christendom', 'James I of the UK', 'James I of Wales', 'King James VI of Scotland', 'James VI of Scotland and I of England', 'James I (England)', 'King James VI', 'James I of Great Britain', 'James the 6th', 'James VI and I', 'JAMES I', 'King James the First', 'James I, King of England', 'James I of England and James VI of Scotland', 'James I (of England)', 'James vi', 'James I of Ireland', 'King James VI & I', 'King James VI of Scotland and I of England', 'James the first', 'King James I of England', 'James VI & I', 'King James VI and I', 'James VI of Scotland and England', 'King James I', 'King James I of England and VI of Scotland', 'James I of england', 'James I of the United Kingdom', 'James VI (Scotland)', 'James the First', 'King James VI &I']", Henry VIII,0.3776746988296509,1,1,1
6645,Answer the question concisely. Q: In which county is Blacksticks Blue cheese produced? A:,"['Lancastershire', 'Lancashire, England', 'County Palatine of Lancaster', 'LANCASHIRE', 'The Red Rose County', 'County of Lancaster', 'Lancashire (England)', 'Lancashire County Palatine', 'Lancashire Administration County', 'Countie of Lancaster', 'Lancashire', 'Lancashire Enterprise Zone', 'County palatine of Lancaster']", In the county of Blacksticks,0.32285863161087036,1,1,1
6647,Answer the question concisely. Q: In 2001-2 what was the new name given to Venture Scouts? A:,"['Explorer Scout', 'Malvern Challenge', 'EXPLORER SCOUTS', 'Explorer Scouts (The Scout Association)', 'Explorer Scouts']", Venture Scouts,0.4446636438369751,1,1,1
6666,Answer the question concisely. Q: From which Daphne DuMaurier book is the opening line 'Last night I dreamt I went to Manderlay again'? A:,"['Rifkah', 'Rifko', 'REBECCA', 'Rifka', 'Rifkoh', 'Ribhqah', 'Rivqah', 'Rebeccah', 'Rebekah', 'Rivqa', 'Rivko', 'Rivka', 'Rebbecca', 'Rebecca', 'Rivkoh']", From 'Rebecca,0.5602506399154663,0,0,0
6672,Answer the question concisely. Q: Name the space craft that exploded 72 seconds after lift off killing all 7 crew members in 1986. A:,"['OV-099', 'Space Shuttle Challanger', 'Challenger Space Shuttle', 'STA-099', 'Shuttle Orbiter Challenger', 'Space shuttle challenger', 'Challenger space shuttle', 'The challenger', 'CHALLENGER', 'Space shuttle Challenger', 'Shuttle Challenger', 'Space Shuttle Challenger', 'OV-99', 'Challenger Spacecraft', 'OV-199', 'Challenger (Space Shuttle)']", Challenger,0.45015543699264526,1,0,0
6682,Answer the question concisely. Q: The most northerly part of mainland Australia is in which state? A:,"['Sunshine State (Australia)', 'Constitution of Queensland', 'Queenland', 'Queensland, Australia', 'AU-QLD', ""Queen's land"", 'QUEENSLAND', 'Queensland. Beautiful One Day. Perfect the Next.', 'Northeastern Australia', 'Colony of Queensland', 'Queensland (Australia)', 'Queensland', 'QLD', 'State of Queensland', 'Qld', 'Queenslnad', 'Northeast Australia']", Western Australia,0.5732834935188293,0,1,1
6693,Answer the question concisely. Q: Which Rugby Union Premiership team play home fixtures at Kingston Park? A:,"['Newcastle Falcons', 'Newcastle Gosforth', 'NEWCASTLE FALCONS']", Gloucester,0.25681108236312866,1,1,1
6698,"Answer the question concisely. Q: ""According to an advertising campaign in the 1990s, what beer was """"The cream of Manchester""""?"" A:","[""Boddington's"", 'Boddingtons Brewery', 'Boddingtons', 'Boddington Group']"," ""Budweiser",0.14619320631027222,1,1,1
6710,Answer the question concisely. Q: Which Florentine painter 1535-1607 used the name Bronzino after the death of his 'uncle'? A:,"['Alessandro Allori', 'ALESSANDRO ALLORI']", Michelangelo,0.12109003961086273,1,1,1
6713,Answer the question concisely. Q: What in South America is a pampero? A:,"['WIND (disambiguation)', 'WIND', 'A WIND']", A pampero is a person who is very friendly and helpful,0.15050558745861053,1,1,1
6717,Answer the question concisely. Q: Cambridge Favourite is a variety of which fruit? A:,"['Fragaria ananassa', 'Pineapple strawberry', 'Fragaria x ananassa', 'Fragaria × ananassa', 'Culture of strawberry', 'STRAWBERRY', 'Fragaria xananassa', 'Gariguette', 'Garden strawberries', 'Garden strawberry', 'Strawberry', '🍓', 'Strawberries', 'Ananas strawberry', 'Strawberrys', 'Garden Strawberry', 'Strawberry juice', 'Strawbarry', 'Fragaria ×ananassa']", Apple,0.1272229552268982,1,1,1
6725,Answer the question concisely. Q: On which island is Mahon situated? A:,"['Minorca, Spain', 'Minorca', 'Minorcan', 'British Minorca', 'History of Minorca', 'List of Minorcan kings', 'Cala Galdana', 'Menorca', 'Caixer', 'MENORCA', 'Minorcans']", The island of Mahon,0.209407776594162,1,1,1
6729,"Answer the question concisely. Q: Which American state, with the capital Salem, is nicknamed the Beaver State? A:","['Demographics of Oregon', 'Ore.', 'Oregon (state)', 'Sports in Oregon', ""Oregon's"", 'Regions of Oregon', 'Oregon (U.S. state)', 'US-OR', 'Oregon (State)', 'Oregon', 'Oregroun', 'Oregón', 'Geography of Oregon', 'Thirty-third State', 'Oregon, United States', 'State of Oregon', 'Education in Oregon', 'The Beaver State', '33rd State', 'Oregon, USA', 'Thirty-Third State']", Oregon,0.7754691243171692,0,0,0
6732,Answer the question concisely. Q: Euclid of Alexandria established the foundations of which branch of mathematics? A:,"['Geometric properties', 'Geometrical property', 'Elementary geometry', 'Geometry', 'Geometery', 'Geometrical', 'Geomertry', 'Geometic', 'Geometrically', 'Geometric', 'Geometric features']", Euclid of Alexandria established the foundations of geometry,0.3087911903858185,1,1,0
6737,Answer the question concisely. Q: Alfred Munnings was famous for his paintings of what? A:,"['HORSES', 'Horse', 'Equus caballus aryanus', 'Equus caballus parvus', 'Equus caballus asiaticus', 'Horsie', 'Horſe', '🐎', 'Equus ferus caballus', 'Equus caballus cracoviensis', 'Domestic Horse', 'Equus caballus ewarti', 'Equus laurentius', 'Equus caballus typicus', 'Hot blooded (horse)', 'Equus caballus domesticus', 'Horses', 'Equus caballus nehringi', 'Equine quadruped', 'Nag (horse)', 'Cold blooded (horse)', '🐴', 'Equus caballus nordicus', 'Equus caballus europaeus', 'Equus caballus libycus', 'Equus caballus', 'Equus caballus robustus', 'Equus caballus belgius', 'Equus caballus africanus', 'Equus cabalus', 'Equus caballus brittanicus', 'Equus caballus hibernicus', 'Equine Studies', 'Domesticated horse', 'Equine quadraped', 'Equus caballus varius', 'Equus caballus gallicus', 'Equus caballus gracilis', 'Domestic horse', 'Horsies', 'Equus caballus celticus', 'Equines', 'Equus caballus sylvestris']", The American West,0.12460406124591827,1,1,1
6740,Answer the question concisely. Q: Which actress played Queen Victoria in the 1970s TV drama Edward the Seventh? A:,"['ANNETTE CROSBIE', 'Annette Crosbie', 'Annette Crosby']", Vanessa Redgrave,0.3173680603504181,1,1,1
6756,Answer the question concisely. Q: In which US town or city were the 1932 Winter Olympics held? A:,"['Lake Placid (disambiguation)', 'Lake placid', 'Lake Placid']"," Lake Placid, New York",0.5950294733047485,0,0,0
6757,"Answer the question concisely. Q: Which English football club won the FA Cup Final in 1946, the first after World War Two? A:","['Rammie', 'Derby County Football Club', 'Derby county', 'Derby County F.C.', 'Derby County FC', 'Derby Counrt F.C.', 'Derby County F. C.', 'Derby County F C', 'Derby County F.C', 'Derby County Rams', 'Derby County', 'Derby county F.C.']", Arsenal,0.11243069916963577,1,1,1
6769,"Answer the question concisely. Q: The dance fitness programme, the Zumba, originated in which country? A:","['República de Colombia', 'Etymology of Colombia', 'ISO 3166-1:CO', 'Colombia', 'The Republic of Colombia', 'Republica de Colombia', 'Colombiá', 'Republic of Colombia', 'Name of Colombia', 'Republic of Columbia']", Mexico,0.1879088282585144,1,1,1
6780,Answer the question concisely. Q: Julia Gillard became the first female Prime Minister of which country? A:,"['Australia (Commonwealth realm)', 'AustraliA', 'Continental Australia', 'Australias', 'Peace of Australia', 'Australian city life', 'City life in Australia', 'Australocentrist', 'Mainland Australia', 'Australiia', 'Straya', 'Australia (commonwealth)', 'Austraila', 'Ausrtalia', 'Australia (nation)', 'Australien', 'New Australian', 'Australia (dominion)', 'Australia (federation)', 'Australia (country)', 'Aussieland', 'Federal Australia', 'Country life in Australia', 'Orstraya', 'Australia (nation state)', 'Australia (commonwealth realm)', 'Australia', 'Australocentrism', 'Austraya', 'Australie', 'AUSTRALIA', 'Geopolitics of Australia', 'Australia (nation-state)', ""Australia's"", 'Australian mainland', 'Australian country life', ""Australian Woman's Day"", 'Imperial Australia', 'United States of Australia', 'Australia (realm)', 'Australia (constitutional monarchy)', 'Austalia', 'Etymology of Australia', 'Philosophy in Australia', 'Commonwealth of Australia', 'Australija', 'Australia (monarchy)', 'Dominion of Australia', 'Empire of Australia', 'Ostralia', 'Modern Australia', 'Commonwealth of australia', 'Australia (empire)', 'Australo', 'The Commonwealth of Australia', 'Australia.', 'Austrlia', 'Australlia', 'AUSTRALIAN', 'Australia (state)', 'ISO 3166-1:AU', 'Austrailia', 'Commonwealth Australia', 'Pax Australiana', 'Australian Commonwealth', 'Australocentric', 'Austrlaia', 'Technology in Australia', 'Australia (Commonwealth)', 'Australai', 'Australian geopolitics', 'Asutralia', 'Australo-', ""Australian's"", 'Science in Australia']", Australia,0.7347337007522583,0,0,0
6791,Answer the question concisely. Q: Which motor manufacturer makes the models Note and Juke? A:,"['Nissan Motor', 'Nissan Motor Company, Limited', 'Nissan 180 Plan', 'Nsany', 'Nissan Motor Co. Ltd.', 'Nissan foria', 'Nissan Commercial Vehicles', 'Nissan cars', 'Nissan North America', 'Nissan North America, Inc.', 'Tom Lane (Nissan)', 'Nissan Motors', 'Nissan Red and Blue Stage', 'Nissan Motor Co., Ltd.', 'Nissan Satio Store', 'Nissan Motor Co.', 'The Nissan Motor Company', 'Nissan Bluebird Store', 'Nissan North America Inc.', 'Nissan Red Stage', 'Nissan USA', 'Nissan Revival Plan', 'Nissan vehicles', 'Nissan', 'Cabstar', '日産', 'Nissan Saito Store', 'Nissan Motor Store', 'Nissan Motor Company, Ltd.', 'Nissan Cherry Store', 'Nissan Motor Company Ltd', 'Nissan (automobile)', 'Nissan Motor Corporation', 'Nissan Motor Corporation, U.S.A.', 'Nissan Motor Co (Australia)', 'Nissan Jidosha KK', 'Nissan Foria', '.datsun', 'Nissan Blue Stage', 'Nissan car', 'Nissan Motor Company', 'Nissan Motor Corporation U.S.A.']", Nissan,0.6940675973892212,0,0,0
6802,"Answer the question concisely. Q: What name is given to the curve seen at the surface of a liquid, particularly in a narrow tube? A:","['Meniscal', 'Miniscus', 'The miniscus', 'Meniscus', 'Menisci']", The surface of a liquid is called the surface of the liquid,0.31211212277412415,1,1,1
6811,Answer the question concisely. Q: Which controversial novel was originally to have been called 'Tenderness'? A:,"['Wragby Hall', ""Lady Chatterley's Lover (book)"", ""Lady Chatterly's Lover"", 'Chatterley ban', 'Oliver Mellors', 'Connie Chatterley', 'Lady Chatterley', 'Constance Chatterley', 'Lady Chatterly', 'Short and sharp', ""Lady Chatterley's Lover"", 'Lady Chatterley’s Lover']", The Bible,0.0737055316567421,1,1,1
6814,"Answer the question concisely. Q: In 480 BC, Leonidas led his 300 Spartans against the Persian army, led by Xerxes, in which land battle? A:","['Thermopalee', 'Θερμοπύλες', 'Thermopoli', 'Thermapolyae', 'Thermoplyae', 'Thermopalae', 'Thermopale', 'Thermapoalye', 'Θερμοπύλαι', 'Thermopoly', 'Thermpoali', 'Thermopyle', 'Thermopylee', 'Thermopolae', 'Thermopolyae', 'Thermopylae']", Greece,0.06854040920734406,1,1,1
6815,Answer the question concisely. Q: Which Wagner opera tells the story of the eponymous swan knight and features The Bridal Chorus? A:,"['Loherangrin', 'Lorengel', 'Lohengrin']", Tristan und Isolde,0.3266066908836365,1,1,1
6834,Answer the question concisely. Q: What spirit is added to tomato juice to make a Bloody Maria? A:,"['Tequila Manhattan', 'Tequila fruit', 'Reposado', 'Tequilla', 'Tequila', '100%25 agave', 'Mixtos', 'Extra Añejo', 'List of Tequila brands', 'TEQUILA']", The blood of a virgin,0.11169877648353577,1,1,1
6841,Answer the question concisely. Q: Forest Whitaker won the Oscar for Best Actor for his role in which 2006 film? A:,"['Last King Of Scotland', 'THE LAST KING OF SCOTLAND', 'Nicholas Garrigan', 'Last King of Scotland', 'The Last King Of Scotland', 'The Last King of Scotland', 'Last king of scotland', 'The Last King of Scotland (book)', 'The last king of scotland']", The Last King of Scotland,0.9309142827987671,0,0,0
6857,Answer the question concisely. Q: What is the highest mountain in the world not in a mountain range? A:,"['Mawensi', 'Mt. Kilimanjaro', 'Kibo (volcano)', 'Mount killimanjaro', 'Highest mountain in Africa', 'Kilimanjaro Massif', 'Stella Point', 'Kilimandjaro', 'Kilimonjaro', 'KILIMANJARO', 'Kilimanjaro', ""Gilman's Point"", 'Killimanjaro', 'Kilima-Njaro', 'Kiliminjaro', 'Mt Kilimanjaro', 'Kilimanjaro Mountain', 'Mount Kilimanjaro', 'Mawenzi', 'Uhuru Peak', 'Kilimanjiro', 'Kaiser-Wilhelm-Spitze', 'Mt Kilamanjaro', 'Mount Kiliminjaro', 'Mount Kilimandjaro', 'Mount Kilamanjaro', 'Tussock Grassland (Tanzania)', 'Kilamanjaro']", Everest,0.32024675607681274,1,1,1
6878,Answer the question concisely. Q: Who was the original drummer/singer with the Monkees pop group? A:,"['Micky Dolenz', 'Michael Dolenz', 'Mickey Dolenz', 'Micky Braddock']", Peter Tork,0.19064554572105408,1,1,1
6879,"Answer the question concisely. Q: According to the World Meteorological Organisation and the UK Met Office, what is the highest number on the Beaufort scale, representing hurricane force? A:","['twelve', '12']", 8,0.18203800916671753,1,1,1
6894,Answer the question concisely. Q: In which US state is Green Bay? A:,"['Badger State', 'State of Wisconsin', 'Wis.', 'Transportation in Wisconsin', 'Government of Wisconsin', 'Climate of Wisconsin', 'Wisconsin, USA', 'Wiscosin, USA', 'Wisconsin', '30th State', 'Wisconson', 'Politics of Wisconsin', 'Demographics of Wisconsin', ""America's Dairyland"", 'Winconsin', 'Religion in Wisconsin', 'Transport in Wisconsin', 'US-WI', 'Wisconsin state', 'Economy of Wisconsin', 'The Badger State', 'Wisconsin (state)', 'Education in Wisconsin', 'Geography of Wisconsin', 'Wiskonsin', 'Wisconsin (U.S. state)', 'Thirtieth State', 'Film industry in Wisconsin', 'Wisc.', 'Badger state', 'Wisconsin, United States']", Wisconsin,0.7590917944908142,0,0,
6900,Answer the question concisely. Q: Who wrote the operas Oedipus Rex and The Rake's Progress? A:,"['Strawinski', 'Igor Fyodorovich Stravinskij', 'Igor Fydorovich Stravinsky', 'Stravinsky Igor', 'Igor Stravinski', 'Stravinsky, Igor Fedorovich', 'Strawinsky', 'Igor stravinsky', 'Igor Stravinsky', 'Stravinsky', 'Igor Fedorovich Stravinsky', 'Igor Stravinskij', 'Igor Fyodorovitch Stravinsky', 'Stravinski', 'Stravinksy', ""Igor' Fëdorovič Stravinskij"", 'Katerina Nossenko', 'Stravinsky, Igor', 'Игорь Фёдорович Стравинский', 'Igor Fyodorovich Stravinsky', 'Igor Strawinsky', 'Stravinskij']", Sophocles,0.30260705947875977,1,1,1
6904,Answer the question concisely. Q: The A57 road runs from Liverpool to which English town or city? A:,"['Lincoln (Amtrak station)', 'Lincoln Station', 'Lincoln (city)', 'City of Lincoln', 'Lincoln State (disambiguation)', 'Lincoln', 'Lincoln (film)', 'Lincolns', 'Lincoln State', 'Lincoln (proposed state)', 'LINCOLN', 'Lincon', 'Lincoln (disambiguation)']", Liverpool,0.07106173038482666,1,1,1
6920,"Answer the question concisely. Q: Give a year in the life of St Ignatius Loyola, founder of the Jesuits. A:",['1491-1556'], He was born in 1542 in Spain. He was a soldier in the Spanish army. He was a soldier in the Spanish army. He was a soldier in the Spanish army. He was a soldier in the Spanish army. He was a soldier in the Spanish army. He was a soldier in the Spanish army. He,0.436750590801239,1,1,1
6924,Answer the question concisely. Q: Who was the RAF captain that Princess Margaret declined to marry in 1955-bowing to pressure from the Court and Government? A:,['(Group Captain) Peter Townsend'], Peter Townsend,0.5391584634780884,0,0,0
6968,Answer the question concisely. Q: In which European City did the Peace Palace open in 1913? A:,"['The hague', 'Hague, Netherlands', 'The Hauge', 'UN/LOCODE:NLHAG', ""'s-Gravenhage"", 'The haig', 'THE HAGUE', 'Hague, The', 'Den hague', 'S%60Gravenshage', 'Lahey', 'S-Gravenhage', ""'s Gravenhage"", 'Hague', 'Den Hagg', '’s-Gravenhage', 'Den Haag', 'The Hague, Netherlands', 'The Hague', 'Gravenhage', 'The Hague, The Netherlands', 'Municipality of The Hague', 'Den haag']", The Hague,0.88312828540802,0,0,0
6970,Answer the question concisely. Q: Which golfer won the Open Championship five times between 1975 and 1983? A:,"['Tommy Watson', 'Tom Watson (politician)', 'Tom Watson MP', 'Tommy Watson (footballer)', 'Thomas Watson', 'Thomas Watson (disambiguation)', 'Thomas Watson (MP)', 'Tom Watson', 'Watson, Thomas']", Jack Nicklaus,0.18840324878692627,1,1,1
6980,Answer the question concisely. Q: Which company produced the Hastings and Herald aircraft? A:,"['Handley Page Ltd', 'Handley Page, Limited', 'Handley-Page', 'Handley Page Limited', 'Handley Page Aircraft Company', 'Handley Page (Reading)', 'Handley-Page Aircraft Company', 'Handley Page O/100 and O/400', 'Handley Page', 'Handley Page Slat', 'O/100 and O/400, Handley Page']", The British Aircraft Corporation,0.3180062174797058,1,1,1
6985,Answer the question concisely. Q: Which singer was nicknamed the Walrus of Love? A:,"['Walrus Of Love', 'Barry White (singer)', 'BARRY WHITE', 'Barry Eugene White', 'Barry white', 'Barry White', 'Barrence Eugene Carter', 'Barry White & Love Unlimited Orchestra']", The Beatles,0.10203268378973007,1,1,1
6992,Answer the question concisely. Q: The opera Gloriana is by which English composer? A:,"['Britten, Benjamin', 'Benjamin, Baron Britten', 'Edward Benjamin Britten', 'Ballets by Benjamin Britten', 'Britten', 'Lord Britten', 'Edward Benjamin Britten, Baron Britten', 'BENJAMIN BRITTEN', 'Baron Britten', 'Baron Britten of Aldeburgh', 'Britten, Benjamin, Baron', 'Benjamin Britten', 'Edward Benjamin Britten, Baron Britten OM CH', 'Benjamin Britten, 1st Baron Britten', 'Benjamen Britten', 'E B Britten', 'Benjamin Britten, Baron Britten', 'Benjamin Britain', 'Benjamin britten', 'Edward Benjamin Britten, Baron Britten, OM CH']", John Gay,0.1447809338569641,1,1,1
7004,Answer the question concisely. Q: Which author created the LAPD detective Harry Bosch? A:,"['Michael Connelly', '(Michael) CONNELLY', 'Roy Lindell']", Michael Connelly,0.9043002724647522,0,0,0
7005,Answer the question concisely. Q: What name is given to a word or phrase in a computer document that can be clicked on In order to move to a related document? A:,"['Weblinks', 'Web link', 'Blue Links', 'Hyperlinks', 'Hyper links', 'Embeded Link', 'Href=', 'Wikilinking', 'Outbound links', 'Wikilinks', 'HTML link', 'HYPERLINK', 'Weblink', 'Blue link', 'Embedded Link', 'Hyperlink', 'Wikilink', 'Hyperlinking', 'Embedded link', 'Hyper-link', 'Wikilinked', 'Hypertext anchor', 'HyperLink', 'Navigation element', 'Linky', 'Hyper link', 'Href', 'Outbound link', 'Link (web)']", A hyperlink,0.5168755054473877,0,0,0
7015,Answer the question concisely. Q: What word is used to describe the process of giving birth by animals such as dogs and wolves? A:,"['WHELPING', 'Whelping', 'Births', 'Birth', 'Parturition']", Pregnancy,0.27379509806632996,1,1,1
7017,"Answer the question concisely. Q: Which musician and composer said 'Wagner has wonderful moments, and dreadful quarters of an hour'? A:","['Gioachino Antonio Rossini', 'Gioacchino Rossini', 'Giovacchino Rossini', 'Gioachino Rossini', 'Giacomo Rossini', 'Ballets to the music of Gioachino Rossini', 'G. Rossini', 'Gioacchino Antonio Rossini', 'Gioacchimo Rossini', 'GIOACHINO ROSSINI', 'Rossini', 'Giacchino Rossini', 'Giachino Rossini']", Mozart,0.20262745022773743,1,1,1
7021,Answer the question concisely. Q: During World War II in which country did the Battle of the Kasserine Pass take place? A:,"['ISO 3166-1:TN', 'Tunisian Republic', 'Republic of Tunisia', 'Tounes', 'Tunisia', 'Tunisia in the middle ages', 'Tunisie', 'Etymology of Tunisia', 'Medieval tunisia', 'TUNISIA', 'الجمهورية التونسية', 'Classical tunisia', 'Tunnisia', 'Name of Tunisia', 'Administrative divisions of Tunisia', 'Ancient tunisia', 'Tounisiyya', 'Tunisa', 'Tunesia', 'Al-Jumhūriyya at-Tūnisiyya']", Tunisia,0.8047993779182434,0,0,0
7027,Answer the question concisely. Q: Who wrote the opera A Masked Ball? A:,"['G. Verdi', 'Guiseppe Verdi', 'José Verdi', 'Verdi Competition', 'Guisippe Verdi', 'Giuseppe Fortunino Francesco Verdi', 'Giuseppe Fortuning Francesco Verdi', ""Verdi's"", 'Guiseppe verdi', 'G Verdi', 'VERDI', 'Giuseppe Verdi', 'Giuseppe verdi', 'Guiseppi Verdi', 'Verdi']", Mozart,0.18366818130016327,1,1,1
7030,Answer the question concisely. Q: Which US state is known as The First State as it was first to ratify the Constitution in 1787? A:,"['Religion in Delaware', 'Alcohol law of Delaware', 'Delaware alcohol law', 'Delaware', 'Three lower counties', 'Alcohol laws of Delaware', 'The Small Wonder', 'Delaware (State)', 'Alcohol laws in Delaware', 'Sports in Delaware', 'Delaware alcohol laws', 'Del.', 'Delawarean', 'DelawarE', 'Delaware, United States', 'Transportation in Delaware', 'US-DE', 'Education in Delaware', 'Government of Delaware', 'The Blue Hen State', 'Alcohol law in Delaware', 'Deleware (state)', 'Geography of Delaware', 'Delaware, U.S.', 'State of Delaware', 'Economy of Delaware', 'Culture of Delaware', 'Delaware (U.S. state)', 'Delaware (state)', 'Transport in Delaware', 'Delaware trivia', 'Demographics of Delaware', 'The First State', 'Climate of Delaware', 'Deleware', '1st State']", Delaware,0.7918561697006226,0,0,0
7036,Answer the question concisely. Q: Former tennis player Vijay Armitrage apears in which James Bond film? A:,"['Kamal kahn', 'List of Bond girls in Octopussy', 'Magda (James Bond)', 'List of James Bond allies in Octopussy', 'Vijay (James Bond)', 'Bond 13', 'Octopussy (character)', 'Penelope Smallbone', 'Octopussy', 'General Orlov', 'Kamal Khan', 'Octopussy (film)', 'List of James Bond villains in Octopussy', 'Jim Fanning (James Bond)']", Goldfinger,0.11538933217525482,1,1,1
7053,Answer the question concisely. Q: Who was the last Briton to win the Nobel Prize for Literature? A:,"['Jane Somers', 'Doris Lessing', 'Briefing for a Descent into Hell', 'Doris Lessig', 'Lessing, Doris', 'Doris May Lessing CH, OBE', 'Doris lessing', 'Doris May Lessing', 'Doris Tayler']", William Golding,0.16882860660552979,1,1,1
7060,Answer the question concisely. Q: In which decade was the English League Cup first contested? A:,"['Sixties Revolution', 'Turbulent Sixties', '1960s (decade)', ""The '60's"", ""60's"", '1960s in sports', ""1960's"", 'Nineteen sixties', 'The 60s', '1960s', ""The '60s"", 'Sixties', ""The 60's"", 'Nineteen-sixties', '1960ies', '1960–1969', '%6060s', ""'60s"", '1960-1969', '1960’s', 'The Sixties']", The 1980s,0.6701486706733704,0,1,1
7066,"Answer the question concisely. Q: The 1 penny black was the first British stamp, which was the second? A:",['THE TWOPENNY BLUE'], The 1 penny black was the second stamp issued by the British Post Office,0.1598530411720276,1,1,1
7067,"Answer the question concisely. Q: Who, c1819, wrote the poem Ode to the West Wind? A:","['Percy Bysse Shelley', 'Percy Byshe Shelley', 'A Gentleman of the University of Oxford', 'Percy Bysshe Shelley', 'My Aunt Margaret Nicholson', 'Bysshe', 'PB shelley', 'P.B. Shelley', 'Percy Bysshe', 'Percy Shelley', 'Elena Adelaide Shelley', 'A Gentleman of Oxford', 'The Question (Shelley)', 'Percy Bysshe Shelly', 'Percy B. Shelley', 'The Question (poem)', 'P. B. Shelley', 'Percy Shelly', 'PERCY BYSSHE SHELLY']", John Keats,0.310295432806015,1,1,1
7072,"Answer the question concisely. Q: In a film who married Princess Fiona, the daughter of King Harold and Queen Lillian of Far, Far Away? A:","['Shrek One', 'Shrek in the Swamp Karaoke Dance Party', 'Cast of Shrek', 'Shrek (Movie)', 'Shrek (film)', 'SHReK', 'Shrek: The Series (season 2)', 'Shrek 1', 'Shrek: The Series (season 1)', 'Shrek I', 'List of Shrek: The Series episodes', 'Shrek: The Series (season 4)', 'שרעק', 'Shrek: The Series (season 3)', 'Shrek the First', 'Production of Shrek', 'Shrek Timeline', 'Shrek', 'Shrek (comics)']", Shrek,0.9335337281227112,0,0,0
7076,Answer the question concisely. Q: The dotterel belongs to which family of birds? A:,"['Plover', 'Charadriinae', 'Dotterels', 'Plovers', 'Sandplover', 'Plivver']", The dotterel belongs to the family of the dotterel,0.31154268980026245,1,1,0
7080,Answer the question concisely. Q: In the Children?s TV series Peppa Pig who is Peppa's best friend? A:,"['Suzy (disambiguation)', 'Suzy']", George,0.025351330637931824,1,1,1
7121,Answer the question concisely. Q: Little Monsters are Twitter followers of which female singer-songwriter? ; A:,"['@ladygaga', 'Red and Blue (Lady Gaga ep)', 'Fancy pants (song)', 'Lady Gaga as a gay icon', 'Joanne Stefani Germanotta', 'Little Monsters (social networking site)', 'Stefani joanne angelina germanotta', 'Little monsters (fan)', 'Popart (album)', 'Lady Ga Ga', 'Fancy Pants (Lady Gaga song)', 'Electric Kiss', 'Tea (song)', 'Lady gaga', 'Mother Monster', 'Luc Carl', 'Little Monsters (fandom)', 'Stefani Joanne Angelina Germanotta', 'Lady GaGa (band)', 'Fame Monster: The Lady Gaga Story', 'Stefani germanotta', 'List of Lady Gaga concerts tours', 'Little Monsters (Lady Gaga Fans)', 'Germanotta', 'Stefani Joanne Germanotta', 'Lady Gaga in popular culture', 'Ledi Gaga', 'Lady Gaga', 'List of Lady Gaga concert tours', 'Ladz Gaga', 'Lada Gaga', 'Stefani Germanotta', 'Lady Gaga as gay icon', 'Monster (fragrance)', 'LADY GAGA', 'Joe Calderone', 'Earthquake (lady gaga song)', 'Lady GaGa', 'Stefani J. A. Germanotta', 'High Princess (Stache)', 'Jo Calderone', 'Lady Caca', 'Little Monsters (fan)', 'Glitter & Grease', 'Little Monsters (social network)', 'Still Have Fun', 'Lady Gaga on Twitter']", Taylor Swift,0.2191127985715866,1,1,1
7122,Answer the question concisely. Q: Which standard orchestral instrument has a name which derives from the French for high wood? A:,"['Conservatoire oboe', 'Hautboy', 'Oboe', 'Making oboe reeds', 'Hoboe', 'Haut-boy', 'French oboe', 'Hoboy', 'Oboe reed making', 'Baroque oboe', 'Oboe Reed making', 'Classic oboe', 'Oboes', 'Hautbois']", The French Horn,0.4295276999473572,1,1,1
7135,Answer the question concisely. Q: Under what name did Dr Brooke Magnanti write her blog about her life as a call girl? A:,"['Belle du Jour', 'Belle de jour (disambiguation)', 'Belle de Jour (disambiguation)', 'Belle de Jour', 'Belle de jour']", The name of her blog was “The Call Girl”.,0.14382977783679962,1,1,1
7143,Answer the question concisely. Q: In which Canadian province or state is Cape Race? A:,"['Newfoundland and labrador', 'Newfoundland, Canada', 'Province of Newfoundland', 'Newfoundland and Labrador', 'Newfoundland And Labrador', 'New Foundland & Labrador', 'Neufundland', 'Newfoundlanders', 'NEWFOUNDLAND', 'Nfld', 'Province of Newfoundland and Labrador', 'Terre-Neuve (province)', 'Newfoundland & Labrador', 'NFLD', 'Newfoundland (province)', 'CA-NL', 'Terre-Neuve-et-Labrador', 'Terra Nova, Canada', 'Newfoundland', 'Newfoundlander', 'Nfld.']", Newfoundland and,0.649462103843689,0,1,0
7148,"Answer the question concisely. Q: ""Who composed the works """"The Fountains of Rome"""" and """"The Pines of Rome"""" in 1916 and 1924 respectively?"" A:","['Ottorino RESPIGHI', 'Respighi, Ottorino', 'Ottorino Resphigi', 'Ottorino Respighi']"," ""The composer was the same person, but the works were not written by the same person",0.253515362739563,1,1,1
7158,Answer the question concisely. Q: How is his holiness Tenzin Gyatso better known? A:,"['Dalai-lama', 'Dalli lama', 'HHDL', 'Dali Lama', ""Taa-la'i bla-ma"", 'Dalai-Lama', 'Dálài Lǎmā', 'Dali lamma', 'Sku mdun', 'Taa-la’i bla-ma', 'Dali lama', 'Dalai Lamas', 'Dalai lama', 'The Dalai Lama', 'Dalai Llama', 'Dali Llama', 'His Holiness the XIVth Dalai Lama', 'Sku-mdun', 'Dalai Lama', 'Dolly Llama', 'ཏཱ་ལའི་བླ་མ་', 'Dalaï-lama', 'Dalai Blama', 'H.H. Dalai Lama']", He is the Dalai Lama,0.7546831965446472,0,0,0
7183,Answer the question concisely. Q: In which Yorkshire town is the Harlow Carr RHS Gardens situated? A:,"['HARROGATE', 'Harrogate, England', 'Harrogate, North Yorkshire', 'Harrogate', 'Rossett Acre', 'South stanley harrogate', 'Oatlands, North Yorkshire', 'Harrowgate Borough Council', 'Low Harrogate']"," Harlow Carr, Harrogate",0.5574892163276672,0,1,
7189,Answer the question concisely. Q: SS Thistlegorm is the name of the sunken WWII munitions ship which is an attraction to divers in which area of water? A:,"['Red Sea (disambiguation)', 'Red Sea (album)', 'The Red Sea']"," The ship is located in the Gulf of Mexico, approximately 100 miles off the coast of Louisiana",0.18196053802967072,1,1,1
7194,Answer the question concisely. Q: With which sport do you associate the Coventry bees? A:,"['Speedway Racing', 'Speedways', 'Speed ways', 'Speedway racing', 'Speedway', 'SPEEDWAY', 'Speed way', 'Speedway (disambiguation)']", Cricket,0.10766337811946869,1,1,1
7202,"Answer the question concisely. Q: ""Which character did Robert De Niro portray in the film """"Taxi Driver"""""" A:","['Travis bickle', 'Travis Bickle']"," ""Robert De Niro played Travis Bickle, a Vietnam veteran who is a taxi driver in New York City",0.22913450002670288,1,0,0
7207,"Answer the question concisely. Q: Which US group of the 1970s consisted of Dewy Bunnell, Dan Peek and Gerry Beckley and had hits including Tin Man and Sister Golden Hair? A:","['The United States of America', 'United States Of Amerca', 'Us of a', 'U.–S.–A.', 'Americaland', 'United States (U.S.A.)', 'Amurika', 'Unite states of america', 'United States of America (redirect)', 'The U S A', 'Unietd States', 'EE UU', 'The U.S.A.', 'U.-S.-A.', 'Usa', 'United Staets of America', 'Unites States', ""États-Unis d'Amérique"", 'Verenigde State', 'U.–S.', 'The United States of America.', 'The U-S-A', 'EEUU', 'U. S. A.', 'Nagkaisang mga Estado', 'The U. S. of America', 'The USA', 'America (United States)', 'The U. S. A.', 'U S of America', 'UNITED STATES', 'Estados Unidos', 'The U–S', 'American United States', 'US and A', 'Unitd states', 'The US of A', 'EE.UU.', 'U-S', 'The U-S', 'Etymology of the United States', 'U.S.A.)', 'EE. UU.', 'United states of america', 'US of america', 'Verenigde State van Amerika', 'Nited States', 'United-States', 'Unite States', 'Estados Unidos de América', 'UnitedStates', 'Estaos Unios', 'US of America', 'The Usa', 'United states of America', 'Untied States of America', 'The U S of America', 'THE AMERICAN UNITED STATES', 'The United-States', 'U S A', 'AmericA', 'Estados Unidos de America', 'United states', 'The U.S. of America', 'Amerka', 'United–States', 'U.s.a.', 'United States of America', 'United State of America', 'United States (US)', 'The U.S. of A', 'America', 'Amercia', ""Stati Uniti d'America"", 'Los Estados Unidos de America', 'United Stated', 'U.S.', 'United States (of America)', 'United States', 'States of America', 'America-class', 'Los Estados Unidos', 'U,S,', 'United States (country)', 'Federal United States', 'ISO 3166-1:US', 'Untied States', 'The U.–S.–A.', 'VS America', 'Amurica', ""Etats-Unis d'Amerique"", 'US', 'U.S. OF A', 'USofA', 'Etats-Unis', 'U.S. of A', 'United States of America (U.S.A.)', 'Amarica', 'The United States', 'U-S-A', 'United States/Introduction', 'The Us', 'Unitesd states', 'The U S of A', 'America class', 'America magazine', 'الولايات المتحدة الأمريكية', 'The U. S. of A', 'U S', '(USA)', 'The United–States', 'United States (U.S.)', 'U.-S.', 'United States of America (USA)', ""'merica"", 'The US', 'United States of America.', 'UNited States', 'The U.S.', 'AMERICA', 'United States of America/OldPage', 'United+States', 'The U S', 'United Sates', 'THE UNITED STATES OF AMERICA', 'U–S–A', 'United States Of America', 'U.S. of America', 'U–S', 'Los Estados Unidos de América', 'The U.-S.', 'United sates', 'The United States Of America', 'America (country)', 'United States of American', 'United state of america', 'The U.–S.', 'Amurka', 'U. S. of A', 'The U. S.', 'United States America', 'US of A', 'États-Unis', 'USoA', 'USA', 'Estaos Uníos', 'America, United States of', 'U. S. of America', 'U.S.American', '(US)', 'The U–S–A', 'U. S.', 'U.S. America', 'U.S. A', 'Yankee land', 'America (US)', 'U.S', 'America (United States of)', 'US (country)', 'UNITED STATES OF AMERICA', 'U.S.A', 'Estados unidos', 'Americia', 'The US of america', 'Vereinigte Staaten', 'US America', 'These United States of America', 'VS Amerika', 'Name of the United States', 'The united states of america', 'Estatos Unitos', 'America (USA)', 'The U.-S.-A.', 'United States of America/Introduction', 'The US of America', 'Americophile', 'V.S. America', 'U.S.A.', 'U S of A', 'V.S. Amerika', 'United+States+of+America', 'The Unites States of America']", The Eagles,0.261283278465271,1,1,1
7211,Answer the question concisely. Q: In the 1856 novel by Flaubert what was Madame Bovary’s Christian name? A:,"['Emma (singer)', 'Emma (1996)', 'Emma', 'Emma (1996 movie)', 'Emma (film)', 'Emma (disambiguation)', 'EMMA', 'Emma (1996 film)']", Madame Bovary,0.0849999487400055,1,1,1
7232,Answer the question concisely. Q: What is measured by a Hygrometer? A:,"['Humid', 'Specific Humidity', 'Humidity', 'Specific humidity', 'Air humidity', 'Moisture ratio', 'Absolute humidity', 'Hygric', 'Sultry', 'Absolute Humidity']", The relative humidity of the air,0.6031997799873352,0,1,1
7245,"Answer the question concisely. Q: Sue Nicholls who plays Gail?s mother in Coronation Street, played Joan Greengross the secretary of which character in a 1970s sitcom? A:","['Companies featured in The Fall and Rise of Reginald Perrin', 'The Death of Reginald Perrin', 'Reginald Perrin', 'Fall and Rise of Reginald Perrin', 'Sunshine Desserts', 'The Fall And Rise of Reginald Perrin', 'The Fall and Rise of Reginald Perrin', 'Fall & Rise of Reginald Perrin', 'REGINALD PERRIN', 'The Legacy of Reginald Perrin', 'The Fall and Rise of Reggie Perrin', 'The Fall & Rise of Reginald Perrin']"," Joan Greengross played the secretary of the character played by Barbara Windsor in the 1970s sitcom, The Good Life",0.1767674684524536,1,1,1
7285,Answer the question concisely. Q: Which British Prime Minister served the constituencies of Limehouse and Walthamstow West? A:,"['Premiership of Clement Attlee', '1st Earl Attlee', 'Clement Richard Attlee, 1st Earl Attlee', 'Attlee', 'Clement Attlee', 'Clement Richard Attlee', 'C.R. Attlee', 'Clement Richard Atlee', 'Clement Richard Attlee, 1st Earl Attlee of Walthamstow, Viscount Prestwood', 'C. R. Attlee', 'Clem Atlee', 'Clem Attlee', 'Clement Attlee, 1st Earl Attlee', 'Clement Atlee', 'Sir Clement Richard Attlee 1st Earl Attlee', 'Clement R. Attlee']", David Cameron,0.2399747669696808,1,1,1
7303,Answer the question concisely. Q: The Getz and the Elantra are car-models made by which manufacturer? A:,"['Hyundae', 'Hunday', 'Hyundai Business Group', 'Hyeondae', 'Hyundaï', 'Hyundai', '현대', 'Corporate social responsibility at Hyundai', 'Blue Chip PC', 'Hyndai', 'Hundai', 'Hyundai (conglomerate)', 'Hyeondae Group']", Hyundai,0.7259197235107422,0,0,0
7304,"Answer the question concisely. Q: ""Who wrote the 1999 novel """"Chocolat"""" set in the French village of Lansquenet-sous-Tannes?"" A:",['Joanne Harris']," ""Francois Truffaut",0.10653623193502426,1,1,1
7317,Answer the question concisely. Q: Who was on the thrones of England and Scotland at the time of the Act of Union in 1707? A:,"['Anne', 'Ann (name)']", The King of England and the King of Scotland,0.16366472840309143,1,1,1
7332,Answer the question concisely. Q: Who became the acting leader of the Labour Party following the sudden death of John Smith in 1994? A:,"['Margaret Becket', 'Foreign Secretary Margaret Beckett', 'Margaret Mary Beckett', 'Margaret Beckett', 'Margaret Mary Jackson', 'MARGARET BECKETT']", Tony Blair,0.20235902070999146,1,1,1
7339,"Answer the question concisely. Q: Sardinian, Cetti’s and Dartford are among varieties of which bird? A:","['Warblers', 'Warbler (disambiguation)', 'Warbler']", The answer is a bird that is native to the Mediterranean region,0.13020770251750946,1,1,1
7340,"Answer the question concisely. Q: The Planets suite, written between 1914/1916, is a work by which composer? A:","['Gustav von holst', 'Gustav holst', 'Gustavus Theodore Von Holst', 'Gustav holtz', 'Gustav Theodore Von Holst', 'Gustav Theodore von Holst', 'Holst, Gustav Theodore', 'Gustav Theodore Holst', 'Gustav Holst', 'Gustavus Theodor Holst']", Gustav Holst,0.9068453311920166,0,0,0
7363,Answer the question concisely. Q: Estelle Parsons won a best supporting actress Oscar for her role in which 1967 film? A:,"['Prentiss Oakley', 'Clyde Champion Barrow', 'Bonnie & Clyde', 'Barrow gang', 'Bonnie and clyde', 'Bonnie Parker', 'Bonny & Clyde', 'Bonnie + Clyde', 'Prentis Oakley', 'Bonney Parker', 'Bonny and Clyde', 'Bonnie&Clyde', 'Bonnie Parker and Clyde Barrow', 'Clyde Barrow', 'Bonnie & Clide', 'Bonnie And Clyde', 'Roy Thornton', 'The story of bonnie and clyde', 'Bonny + Clyde', 'Clyde Chestnut Barrow', 'Bonnie Elizabeth Parker', 'Bonnie and Clyde']", The Graduate,0.0900900587439537,1,1,1
7366,"Answer the question concisely. Q: Who is the lexicographer, adjudicator, and longest-serving member of the on-screen team on Countdown? A:","['SUSIE DENT', 'Susie Dent', 'Susan Dent']"," The late, great, and much-missed Bob Grant",0.09404603391885757,1,1,1
7389,Answer the question concisely. Q: The 1999 film 10 Things I Hate About You starring Heath Ledger and Julia Stiles is a modern version of which Shakespeare play? A:,"['Hortensio', 'The Taming of The Shrew', 'TTOTS', 'The Taming Of The Shrew', 'Taming of a Shrew', 'Kate (The Taming of the Shrew)', 'The Taming of the Shrew (opera)', 'The Taming of a Shrew', 'Taming of the shrew', 'Lucentio', 'The taming of the shrew', 'THE TAMING OF THE SHREW', 'The taming of the shew', 'The Taming of the Shrew Act 1', 'Taming Of The Shrew', 'The Taming of the Shrew', 'Taming of the Shrew', 'Katerina Minola']", The Taming of the Shrew,0.9311549067497253,0,0,0
7392,Answer the question concisely. Q: Who has been announced as the next presenter of QI? A:,"['SANDI TOKSVIG', 'Sandy Toksvig', 'Sandi Toksvig']", Stephen Fry,0.2792786955833435,1,1,1
7396,Answer the question concisely. Q: Which actor played the part of Ross Poldark in the BBC’s mid 1970’s television series? A:,"['Robin Ellis', 'ROBIN ELLIS']", Aidan Turner,0.2712678611278534,1,1,1
7405,Answer the question concisely. Q: Who has been Secretary of State for Work and Pensions since May 2010? A:,"['Ian Duncan Smith', 'Iain Duncan-Smith', 'Iain Duncan Smith', 'George Iain Duncan Smith', 'Ian duncan-smith', 'Ian Duncan Cough', 'Ian Duncan-Smith', 'Ellen Oshey', 'Iain Duncan Cough']", Iain Duncan Smith,0.938322901725769,0,0,0
7443,"Answer the question concisely. Q: """"""At night they fly, you better run, these winged things are not much fun."""" """"In the jungle you must wait, until the dice read five or eight."""" """"A tiny bite can make you itch, make you sneeze, make you twitch."""" """"This will not be an easy mission, monkeys slow the expedition."""" Clues from what 1995 movie game?"" A:","['Jumangi', 'Jumanji (reboot)', 'Jumanji (film)', 'Jumanji (movie)', 'Jumanji (2014 film)', 'Jumanji (2016 film)', 'Carl Bentley', 'Jumanij', 'Jumanji', 'Jumanji (2015 film)', 'Sam Parrish', 'Jumanji 3', 'Jumanji 2', 'Sarah Whittle']"," ""The Jungle Book",0.10797227919101715,1,1,1
7478,Answer the question concisely. Q: What is the world's smallest land-locked country? A:,"['Geology of the Vatican City', 'Christianity in Vatican City', 'ISO 3166-1:VA', 'People of Vatican City', 'State of Vatican City', 'Ecclesiastical governnment', 'Vaticana City', 'The Vatican City State', 'Communications in the Vatican City', 'Roman Catholicism in the Vatican City', 'Vatican City/Communications', 'History of Vatican', 'Vatican City-State', 'State of the City of the Vatican', 'Demographics of the Vatican City', 'State of Vatican', 'Roman Catholicism in Rome', 'State of the Vatican City', 'Holy See (The Vatican)', 'Catholic City', 'Europe/Vatican', 'The Vatican City', 'Vatican City State', 'Vatican city', 'CittA del vaticano', 'Demographics of Vatican City', 'Population of Vatican City', 'Città del vaticano', 'History of Vatican City', 'Religion in the Vatican City', 'Vatikan', 'Capital of Vatican City', 'Vatican City/People', 'Sovereign of the State of the Vatican City', 'Sport in the Vatican City', 'Stato della Città del Vaticano', 'Holy See (Vatican)', 'Status Civitatis Vaticanae', 'Vatican City', 'Vatican City/History', 'Citta del Vaticano', 'Città del Vaticano', 'History of the Vatican City', 'Vatican State', 'Vatican citizenship', 'CittÃ del vaticano', 'Roman Catholicism in Vatican City', 'List of companies of Vatican City', 'Vatican City (Holy See)', ""Apostolic Palace & St. Peter's Basilica, Vatican City"", 'Citta del vaticano']", Liechtenstein,0.1800212860107422,1,1,1
7484,Answer the question concisely. Q: Which Japanese island that has its capital at Sapporo is the traditional home of the Ainu people? A:,"['Hokkaidou prefecture', '北海道', 'Hokkaido region', 'Bilkalberta', 'Mosir', 'Hokkaidō Prefecture', 'Hokkaido Prefecture', 'Hokkaidou', 'JP-01', 'Hokkaido Japan', 'Hokkaidō, Japan', 'Hokkaidoh prefecture', 'Hokkaidoo', 'Ezochi', 'Hokkaidô, Japan', 'Hokkaido, Japan', 'Hokkaidoo prefecture', 'Hokkai', 'Hokkai-do', 'Hokkaidoo region', 'Beihaidao', 'Hokkaidō region', 'Bilk (drink)', 'Hokaido', 'Hokkaidō', 'Hokkaido (Japan)', 'Hokkaidou Prefecture', 'Hokkaidô Prefecture', 'Hokkaidô', 'Hokkaido Island', 'Hokkaidoh', 'Jesso', 'Hokkaidō prefecture', 'Hokkaido', 'Hokkaido prefecture']", Hokkaido,0.8725335001945496,0,0,0
7488,Answer the question concisely. Q: Which country is separated into two parts by the town of Limbang of Malaysia? A:,"['Abode of Peace', 'BRUNEI', 'Health in Brunei', 'Burnei', 'State of Brunei Darussalam', 'Nation of Brunei, the Abode of Peace', 'برني دارالسلا', 'Brunei', 'Bruneian Sultanate', 'Brunei Darrussalam', 'State of Brunei', 'Brunai', 'Nation of Brunei', 'ISO 3166-1:BN', 'Asia/Brunei', 'Human rights in Brunei', 'Brunei Darsussalam', 'Nation of Brunei, Abode of Peace', 'Negara Brunei Darussalam', 'Subdivisions of Brunei', 'Brunei Darussalam', 'Administrative divisions of Brunei', 'Brunei Sultanate', 'بروني', 'Legal system of Brunei', 'State of Brunei, Abode of Peace', 'Etymology of Brunei']", Malaysia,0.29616034030914307,1,1,1
7489,Answer the question concisely. Q: The flag of which country prominently features 'The Eagle of Saladin' holding a scroll bearing the name of the country in Arabic? A:,"['EGY', 'Arab Republic of Egypt', 'A .R . EGYPT', 'The Arab Republic of Egypt', 'Eygpt', 'Etymology of Egypt', 'مصر', 'Kemmet', 'Gift of the Nile', 'Arab Republic Of Egypt', 'Names of Egypt', 'Miṣr', 'A .R . Egypt', 'Eytp', 'National identity of Egyptians', ""Jumhuriyat Misr al'Arabiyah"", 'Eypt', 'Egyptian Republic', 'Ejipt', 'Name of Egypt', 'Egipto', 'Kimet', 'جمهوريّة مصرالعربيّة', 'Egypte', 'Egypt (name)', 'Egypt', 'جمهورية مصرالعربية', 'A.R. Egypt', 'Republic of Eygpt', 'Égypte', 'Second Egyptian Republic', 'Egipt', 'ISO 3166-1:EG', 'Egypt info']", The flag of which country prominently features 'The Eagle of Saladin' holding a scroll bearing the name of the country in Arabic,0.31824368238449097,1,0,1
7508,Answer the question concisely. Q: What is the name of the vessel in Paul Gallico's 1969 adventure novel that has been adapted as a film four times? A:,"['Earth Shaker', 'God Of The Seas', 'Poseidon, The Sea King', 'Mythology Neptune', 'Neptune (Roman religion and mythology)', 'Neptune Equester', 'Aegaeus', 'Posiden', 'Poseidon facts', 'Posidon', 'Greek god of earthquakes', 'Poseidons love for demeter', 'Poseidon (mythology)', 'Poseidon', 'Poseidon Enosichthon', 'Poseidone', 'Poiseidon', 'Clieto', 'Posseidon', 'Enosichthon', 'Posedian', 'Posiedon']", The Flying Dutchman,0.3216186761856079,1,1,1
7510,Answer the question concisely. Q: What is the subject of the best-known works of writers Theodor Mommsen and Edward Gibbon? A:,"['Medieval Rome', ""Rome's history"", 'Roman history', 'Roman civilisation', 'Rome, Roman Empire, etc', 'Population of Rome', 'Roman History', 'History of Rome', 'Roman civilization', 'History of rome']", The history of the Roman Empire,0.6592345833778381,0,0,0
7513,Answer the question concisely. Q: A fictional species of great apes called 'Mangani' are responsible for raising which popular character? A:,"['Lord Greystoke', 'Tarzan']", The character of 'Mangani' is responsible for raising the character of 'Mangani,0.4155203700065613,1,1,1
7514,Answer the question concisely. Q: The first name of which science fiction hero created by Alex Raymond was retitled as 'Speed' in Australia to avoid a negative connotation of the word by which we know him better? A:,"['Speed Gordon', 'Flash gordon', 'Flash (Gordon)', 'Flash Gordan', 'Flash Gordon 3D', 'Flash Gordon']", Flash Gordon,0.9142740964889526,0,0,0
7515,Answer the question concisely. Q: Washington Irving's classic story Rip Van Winkle is set in which geographic region of New York state? A:,"['Catskill Mountains, New York', 'Catskill Mountains', 'Kaatskill', 'Catskills Mountains', 'Catskills', 'The Catskills', 'The Catskill Mountains']", The Catskills,0.9163500070571899,0,0,0
7535,"Answer the question concisely. Q: In genetics, who is the woman who lived approximately 190,000-200,000 years ago and who was the most recent woman from whom all living humans today descend? A:","['Eve (genetics)', 'Mt-MRCA', 'Complete Replacement theory', 'MtEve', 'Mt-mrca', 'MtMRCA', 'Eve hypothesis', 'Genetics Eve', 'Mitochondrial Eve in popular culture', 'Mitochondrial mother', 'Mitochondrial Eve hypothesis', 'Genetic Eve', 'African Eve', 'Mt-Eve', 'Mitochondrial Eve', 'Mitochondrial eve', 'Mitochondria Eve', 'Mitochordrial Eve', 'Genetics eve']", Lucy,0.42704296112060547,1,1,
7554,"Answer the question concisely. Q: In 2009, the tennis player Shahar Peer was prevented from playing at the Dubai Tennis Championships after she was denied a visa mainly for her nationality. Which country was she representing? A:","['İsrail', 'ISRAEL', 'Israeli Republic', 'Isræl', 'Medinat Yisrael', 'מְדִינַת יִשְׂרָאֵל', 'Istrael', 'Israeli (nation)', 'ISO 3166-1:IL', 'Medinat Israel', ""Dawlat Isra'il"", 'State of israel', 'Yisraél', ""Isra'il"", 'Republic of Israel', 'دولة إسرائيل', 'Israel', 'Israël', 'Israelim', ""Medinat Yisra'el"", 'ישראל', 'State of Israel', 'יִשְרָאֵל', 'מדינת ישראל', ""Dawlat Isrā'īl"", ""Yisra'el"", 'Yisrael', 'Israeli state', 'The state of Israel', 'Jewish Republic', 'Israil', 'Jewish Palestine', 'Etymology of Israel', 'Isreal', 'Yisroel', 'Israyl', 'Israel (nation)', 'Modern Israel', 'Israelian', 'Hebrew state', ""M'dinat Yisrael"", 'Israe;', 'Izrael (state)', 'Isreael', 'Isreali', 'יִשְׂרָאֵל', ""Medīnat Yisrā'el"", 'Yisroeil', 'Israel (country)']", Israel,0.7912331819534302,0,0,0
7561,Answer the question concisely. Q: From which fruit is Slivovitz made? A:,"['Prunus subg. Prunus', 'Culture of plum', 'PLUMS', 'Plum', 'Plum tree', 'Alubukhara', 'Prunello', 'Plums', 'Gages', 'Plum (botany)']", The plum,0.4078442454338074,1,0,0
7573,Answer the question concisely. Q: Who played the title role in the 2008 film 'The Curious Case Of Benjamin Button'? A:,"['Bradley Pitt', 'Brad Pitt', 'Brad pitt', 'Pitt, William Bradley', 'Brad Pit', 'William Bradley Pitt', 'BRAD PITT']", Brad Pitt,0.905626118183136,0,0,0
7583,"Answer the question concisely. Q: Which coral atoll, the largest island in the Chagos Archipelago, was forcibly depopulated in 1971 to make way for a joint UK/USA military base? A:","['Deigo garcia', 'FJDG', 'DIEGO GARCIA', 'Anniversary Island', 'Diego Garcia', 'Diego Garcia Tracking Station', 'Deigo Garcia']", Diego Garcia,0.9323465824127197,0,0,0
7585,Answer the question concisely. Q: Who was the last non-American (non-Williams) to win the Ladies \singles at Wimbledon? A:,"['Amélie Mauresmo', 'Mauresmo', 'Amelie Mauresmo', 'AMELIE MAURESMO', 'Amelie mauresmo']", Maria Sharapova,0.33161431550979614,1,1,1
7595,Answer the question concisely. Q: Who was the Muse of Comedy? A:,"['Thalia (album)', 'Θάλεια', 'Thalia (Greek mythology)', 'THALIA', 'Thalia', 'Thalia (disambiguation)']", The Muse of Comedy was a woman who was a prostitute. She was a prostitute because she was a woman,0.3156587481498718,1,1,1
7607,"Answer the question concisely. Q: In imperial measure, how many gills are there in a gallon? A:","['32', 'thirty-two']", 4,0.13105309009552002,1,1,1
7620,"Answer the question concisely. Q: What name is given to the lowest commissioned officer in a cavalry regiment, such as Prince Harry? A:","['The Cornet', 'CORNET']", A: A: A: A: A: A: A: A: A: A: A: A: A: A: A: A: A: A: A: A: A: A: A: A: A: A: A: A: A: A: A: A:,0.26471343636512756,1,1,1
7639,Answer the question concisely. Q: Which word completes the name of the rock band 'Half Man Half...'? A:,"['Nuclear launch codes', 'Gold Codes', ""'BISCUIT'"", 'The biscuit', 'Gold Code', 'Nuclear codes']", Half Man Half Biscuit,0.37397482991218567,1,1,1
7650,"Answer the question concisely. Q: In a car, what can be an 'SU', a 'Weber', or a 'Zenith'? A:","['Four barrel carburetor', 'Carburetters', 'Heated-surface carburetor', 'CARBURETTOR', 'Carburator', 'Gasoline carburettor', 'Fuel vapors', 'Carburetors', 'Variable venturi carburetor', 'Carburretor', 'Carbie', 'Diaphragm carburetor', 'Carburetor', 'Carburettors', 'Carburators', 'Mixture control', 'Vaporizer (internal combustion engine)', 'Surface carburetor', 'Carbureted', 'Carburettor', 'Carburation', 'Carbereuter', 'Carburetter', 'Carburated', 'Carburetion', 'Carberator', 'Dual quads', 'Carborator']", A 'Weber' is a 'Weber' and a 'Zenith' is a 'Zenith,0.3877807855606079,1,1,1
7651,Answer the question concisely. Q: What was the middle name of the character 'Albert Steptoe' from the t.v. series 'Steptoe and Son'? A:,"['Ladysmith', 'Ladysmith (disambiguation)', ""'LADYSMITH'""]", Albert,0.07918830215930939,1,1,1
7657,Answer the question concisely. Q: Who was hanged in 1962 for the murder of Michael Gregson? A:,"['A6 murder case', 'Valerie J. Storie', 'Valerie Storie', 'A6 murder', 'Murder of Michael Gregsten', 'The A6 Murder', 'JAMES HANRATTY', 'Peter Alphon', 'Michael J. Gregsten', 'James Hanratty', 'Michael Gregsten']", John Christie,0.2574194669723511,1,1,1
7666,"Answer the question concisely. Q: Which fashion designer wrote the book, 'Men Without Ties'? A:","['GIANNI VERSACE', 'Giani Versaci', 'Gianni Versace']", Karl Lagerfeld,0.16936978697776794,1,1,1
7669,Answer the question concisely. Q: RAF Lakenheath is situated in which English county? A:,"['Wyverstone Street', 'County of Suffolk', 'Suffolk, England', 'Yoxford Little Street', 'SUFFOLK', 'Suffolk']", Suffolk,0.8318309187889099,0,0,0
7685,Answer the question concisely. Q: The Zodiac sign 'Libra' belongs to which element? A:,"['Air (film)', 'AIR Lab', 'Air (album)', 'Air (song)', 'AIR', 'A.I.R.', 'Air (1970s band)', 'Air (band)', 'Air (disambiguation)', 'Air (computer game)']", Air,0.4126608371734619,1,0,0
7694,"Answer the question concisely. Q: Christina Kirchner was elected as the first female President of which South American country, in 2007? A:","['Arxintina', 'Argintina', 'Argentyna', 'آرژانتین', 'República Argentina', 'Land of silver', 'Argentina', 'ארגנטינה', 'Arghantina', 'Republica Argentina', 'Argentine republic', 'Аргентына', 'Nación Argentina', 'Argentinien', 'Nacion Argentina', 'Argie', 'アルゼンチン', 'Airgintín', 'Аржентина', 'Argentína', 'Argentine Republic', 'Argentīna', 'Argentinean', 'Argentiina', 'The Argentine Republic', 'Arxentina', 'Արգենտինա', ""Arc'hantina"", 'ARGENTINA', 'Argies', 'Antonia Merce Y Luque', 'People of Argintina', 'ISO 3166-1:AR', 'Argentinië', 'אַרגענטינע', 'Arjantin', 'अर्जेन्टीना', 'الأرجنتين', 'Argentina Information', 'Republic of Argentina', 'Ariannin', 'Argentina Republic', 'Argentinie', 'Argentinia', 'Airgintin', 'Argjentina']", Argentina,0.7963684797286987,0,0,0
7709,"Answer the question concisely. Q: Born on this day in 1962 John Hannah played which detective on TV, the role being taken over after the first series by Ken Stott? A:","['The Inspector Rebus novels', 'Inspector Rebus', '(INSPECTOR) REBUS', 'The Inspector Rebus books']", Inspector Morse,0.3334079384803772,1,1,1
7714,Answer the question concisely. Q: Which word can mean a unit of measurement of a small island? A:,"['English inch', 'Inch (unit)', 'International inch', 'Decimal inch', 'U.S. survey inch', 'Inches', 'Ynch', '㏌', 'Scottish inch', 'Decimal Inch', 'Inch (Scottish length)', 'Inch', 'Inch (length)', 'Inch (Scots)', 'Scots inch', 'In (unit)']", A: A: A: A: A: A: A: A: A: A: A: A: A: A: A: A: A: A: A: A: A: A: A: A: A: A: A: A: A: A: A: A:,0.3295794725418091,1,1,1
7719,Answer the question concisely. Q: How many Enigma Variations did Edward Elgar compose? A:,"['FOURTEEN', 'fourteen', '14']", Three,0.08180905878543854,1,1,1
7728,"Answer the question concisely. Q: Which unit of weight, equal to one gram per 9,000 metres, is used to measure the fineness of nylon? A:","['DENIER', 'Denier', 'Dennier', 'Deniers', 'Denier (disambiguation)']", The fineness of nylon is measured in microns,0.11755277216434479,1,1,1
7736,"Answer the question concisely. Q: Winning 102 caps between 1988 and 202, who is the Republic of Ireland's most capped player? A:","['STEVE STAUNTON', 'Steve Staunton', 'Stephen Staunton', 'Stan Staunton']", Roy Keane,0.18606337904930115,1,1,1
7739,Answer the question concisely. Q: Who played the title role in the TV series 'The Rockford Files'? A:,"['James Scott Bumgarner', 'Garner, James', 'James Baumgarner', 'JAMES GARNER', 'James Bumgarner', 'James Garner', 'James garner']", James Garner,0.8715885877609253,0,0,0
7750,"Answer the question concisely. Q: Which detective, played on TV by Martin Shaw, was created by Alan Hunter? A:","['Inspector George Gently (TV series)', 'George Gently', ""'INSPECTOR GEORGE GENTLY'"", 'Inspector George Gently']", Inspector Morse,0.23601438105106354,1,1,1
7759,Answer the question concisely. Q: Verdigris is a green deposit that develops on which metallic element when exposed to air or seawater? A:,"['COPPER', 'The Copper', 'Der Greifer', 'The Grasper']", Copper,0.5933549404144287,0,0,0
7781,"Answer the question concisely. Q: Having risen in Plynlimmon, which is the only English city through which the River Wye flows? A:","['Hereford, England', 'Hereford City Council', 'Hennffordd', 'Hereford, Herefordshire', 'HEREFORD', 'Hereford']", Plynlimmon,0.12139482796192169,1,1,1
7787,Answer the question concisely. Q: How many books are there in the New Testament of the Bible? A:,"['27', 'twenty-seven']"," There are four Gospels, the Acts of the Apostles, the Epistles of Paul, and the Revelation of John",0.1770041584968567,1,1,1
7807,Answer the question concisely. Q: What colour is the flower of the Celandine? A:,"['YELLOW', 'Hong Jin-ho', 'Hong Jinho', 'Hong Jin-Ho', 'YellOw']", Red,0.11533644050359726,1,1,1
7814,Answer the question concisely. Q: Who was the scheming wife of the Roman emperor Claudius? A:,"['Valeria Messallina', 'Messalina', 'Messalina Valeria', 'Empress Messalina', 'Valeria Messalina', 'Messelina']", Julia Domna,0.5998497605323792,0,1,1
7827,Answer the question concisely. Q: Who played the part of 'The Penguin' in the TV series 'Batman'? A:,"['BURGESS MEREDITH', 'Burgess Meredith', 'Oliver Meredith', 'Oliver Burgess Meredith']", Jack Nicholson,0.1756478250026703,1,1,1
7849,"Answer the question concisely. Q: Sandra Bullock won this year's 'Oscar' for Best Actress for her role as 'Leigh Anne Tuohy', in which film? A:","['Blind Side (film)', 'The Blind Side', 'The blind side', ""'THE BLIND SIDE'"", 'Blind side', 'Blind Side (disambiguation)', 'Blindside', 'Blind Side', 'The Blind Side (disambiguation)']", The Blind Side,0.914969801902771,0,0,0
7853,Answer the question concisely. Q: Which company first sponsored the big wheel called 'The London Eye'? A:,"['Ba.com', 'British Airlines', 'British Airways Plc', 'Flight Information and Control of Operations', 'British Airways Club World Business', 'British Airways Express', 'Executive Club', 'Britishairways.com', 'British Airways plc', 'British Airways Museum', 'British Airways', 'British airways lounges', 'Britishairways.co.uk', 'British Airways PLC', 'British Airways Ads', 'Baholidays.com', 'British Air', 'British airways', 'British Airways Club World', 'British Airways p.l.c.', 'Speedbird House', 'British Airways Flight Numbers', 'Club Europe', 'High Life (magazine)', 'Flight information and control of operations', 'Club World', 'BRITISH AIRWAYS', 'British Airway Group', 'British Airways Plc.', 'British Airways Holidays', 'Bashares.com']", The London Eye was first sponsored by the London Borough of Tower Hamlets in the year 2000,0.1787124127149582,1,1,
7868,Answer the question concisely. Q: Give any year in the life of the Portuguese prince known as Henry the Navigator. A:,['1394-1460'], 1497,0.29892221093177795,1,1,1
7872,Answer the question concisely. Q: What breed of dog is Marmaduke in the newspaper cartoon strip of that name? A:,"['Great daine', 'Great Danes', 'Deutsche Dogge', 'Boarhound', 'GREAT DANE', 'German Mastiff', 'Great dane', 'Grand danois', 'Great Dane']", A mutt,0.07543717324733734,1,1,1
7880,"Answer the question concisely. Q: Which modern day motor car company made the World War II Japanese aircraft, the 'Zero'? A:","['Mitsubishi Electric Corp.', 'Mitsubishi Denki Kabushiki-gaisha', 'Mitsubishi Electric Corp. - 三菱電機株式会社', 'Mitsubishi Electric Corporation', 'Mitsubishi Electronics', 'EVLI', 'Mitsubishi Escalator', 'Mitsubishi Elevator', 'MITSUBISHI', '三菱電機株式会社', 'Mitsubishi Electric Corp', 'Mitsubishi Electric']", Honda,0.21760332584381104,1,1,1
7887,Answer the question concisely. Q: To which foodstuff does the adjective 'Butyric' apply? A:,"['Butter', 'BUTTER', 'Butter pat', 'Whey butter', 'Buttered', 'Lightly salted butter', 'Buter', 'Cultured butter', 'Unsalted butter']", Butyric acid,0.21414771676063538,1,1,1
7894,Answer the question concisely. Q: Which fictional/historical character owned a dog called 'Cabal' (or Cavall)? A:,"['KING ARTHUR', 'King, Arthur', 'Arthur King', 'Arthur King (disambiguation)']"," The character is a member of the Cabal, a secret society of wizards",0.25429868698120117,1,1,1
7899,"Answer the question concisely. Q: Napoleon called this the 'Battle of Mont Saint Jean', by what name do we know it? A:","['Waterloo', 'Waterloo (film)', 'WATERLOO', 'Waterloo (disambiguation)', 'Waterloo (movie)', 'Waterloo, Canada (disambiguation)', 'Waterloo (song)', 'Waterloo/film']", The Battle of Waterloo,0.5239939093589783,0,0,1
7909,Answer the question concisely. Q: What fundamental ingredient of many cocktails is produced from the bark of the Cusparia tree? A:,"['Angostura Bitters', 'Angostura bitters', 'ANGOSTURA BITTERS', 'Angostura (flavouring)', 'Angostura bitter']", The key ingredient in many cocktails is the Cusparia tree,0.18731433153152466,1,1,1
7922,Answer the question concisely. Q: Which vegetable do the French call Chou-Fleur? A:,"['Purple cauliflower', 'Cauliflower', 'Caulliflower', 'Cauliflour', 'Chou Romanesco', 'Cauliflowers', 'Botrytis Group']"," The French call it ""Chou-Fleur",0.3917827606201172,1,0,1
7923,Answer the question concisely. Q: In which musical would you hear the song Have Yourself a Merry Little Christmas? A:,"['Meet Me In St Louis', 'Meet Me In St. Louis', 'Meet Me in St Louis', 'Meet Me in St. Louis (film)', 'Meet Me in St. Louis']", The Sound of Music,0.18130898475646973,1,1,1
7930,Answer the question concisely. Q: Which film finds Mike Myers deeply suspicious about his newly-married wife's skills with a meat cleaver? A:,"['Harriet Michaels', 'SIMAAM', 'So I Married An Axe Murderer', 'So I Married an Axe Murderer', 'So i married an axe murderer', ""'SO I MARRIED AN AXE MURDERER'"", 'So I Married an Axe-Murderer']", The Love Guru,0.19899791479110718,1,1,1
7932,"Answer the question concisely. Q: What is analysed by, and of special interest to, a 'Graphologist'? A:","['HAND-WRITING', 'Handwriting', 'Handwritten', 'Hand (handwriting)']", The structure of the graph,0.14438080787658691,1,1,1
7950,Answer the question concisely. Q: Which singer's real name is Elaine Bookbinder? A:,"['ELKIE BROOKS', ""We've Got Tonight (Castle)"", ""We've Got Tonight - Spectrum"", 'No More the Fool (2003 album)', 'No More The Fool - Compilation', 'Songs of Love (Elkie Brooks album)', ""We've Got Tonight (Spectrum)"", 'Elkie Brooks discography', ""We've Got Tonight (Elkie Brooks album)"", 'Elaine Bookbinder', 'Songs Of Love (Elkie Brooks Album)', 'Elkie Brooks']", Elayne Boosler,0.48140448331832886,1,1,1
7955,"Answer the question concisely. Q: Which US TV series of the 1960's starring Ray Walston as 'Uncle Martin' and Bill Bixby, was remade in 1999 as a film starring Christopher Lloyd and Jeff Daniels? A:","[""Tim O'Hara"", 'My favourite martian', 'My Favorite Martians', 'Uncle Martin', 'My Favourite Martian', 'My Favorite Martian', ""'MY FAVORITE MARTIAN'""]", The Odd Couple,0.2528632581233978,1,1,1
7970,Answer the question concisely. Q: In Old Possums book of practical cats what is the name of the cat who is the terror of the Thames? A:,"[""Growltiger's Last Stand"", 'Growltiger', 'GROWLTIGER']", The Thames Terror,0.08905777335166931,1,1,1
7975,Answer the question concisely. Q: Which motorway runs from Cambridge to London? A:,"['M11', 'M-11', 'M11 (disambiguation)', 'M.11', 'Highway M11']", The M1,0.09574654698371887,1,1,1
7979,Answer the question concisely. Q: Which English brewer produces 'Spitfire' Kentish ale? A:,"['Master Brew', 'Shepherd Neame', 'Spitfire ale', 'Shepherd Neame brewery', 'Spitfire (beer)', 'Spitfire Beer', 'Late Red Autumn Hop Ale', 'Bishops Finger', 'SHEPHERD NEAME', 'Shepherd Neame Brewery', 'Goldings Summer Hop Ale', 'Master Brew (Shepherd Neame beer)', 'Early Bird Spring Hop Ale', ""Bishop's Finger""]", Fuller's,0.09885647892951965,1,1,1
7988,Answer the question concisely. Q: Who preceded Neil Kinnock as leader of the British Labour Party? A:,"['Michael Mackintosh Foot', 'Foot Heads Arms Body', 'MICHAEL FOOT', 'Michael Foot', 'Agent Boot']", Tony Benn,0.16747000813484192,1,1,1
8006,Answer the question concisely. Q: Which is the largest island off the west coast of North America? A:,"['CIVI-TV', 'A Victoria', 'A-Channel Vancouver Island', 'A-Victoria', 'CTV Two Vancouver Island', 'A-Channel Victoria', 'CIVI-DT-2', 'CTV Vancouver Island', 'A Vancouver Island', ""'A' Vancouver"", '%22A%22 Vancouver', '%22A%22 Vancouver Island', ""'A' Vancouver Island"", 'CIVI-DT', 'VANCOUVER ISLAND', 'The New VI', 'CTV Two Victoria', ""'A' Victoria"", 'CIVI', '%22A%22 Victoria']", Hawaii,0.172274649143219,1,1,1
8011,Answer the question concisely. Q: In which US state is the Innoko River? A:,"['Forty-ninth State', 'Arasuka', 'Alaska, United States', 'Alyaska', 'Religion in Alaska', 'Forty-Ninth State', 'Аляска', 'Alaska City, Alaska', 'ALASKA', 'Alaska (U.S. state)', 'Alaska, USA', 'Education in Alaska', 'Rail transport in Alaska', 'Town (Alaska)', 'Alasca', 'Alaskan', '49th State', 'Alaska', 'Alaska Heritage Resources Survey', 'Alaskans', 'Elaska', 'State of Alaska', 'Alaksa', 'City (Alaska)', 'US-AK', 'Culture of Alaska', 'Ulaska', 'Largest US state', 'AlaskA', 'Film industry in Alaska', 'Recording District (Alaska)', 'Alaska (state)']", Alaska,0.8201771974563599,0,0,0
8019,"Answer the question concisely. Q: Which artist, a member of the Order of Merit, was born in Bradford in July 1937? A:","['Hockney', 'DAVID HOCKNEY', 'David Hockney']", David Bowie,0.21811217069625854,1,1,1
8021,Answer the question concisely. Q: Which novel features the scholar 'Humbert Humbert'? A:,"['The Hunted Enchanters', ""'LOLITA'"", 'Enchanted Hunters', 'The Enchanted Hunters', 'List of Lolita characters', 'Lolita Haze', 'Confessions of a White Widowed Male', 'Lolita (novel)', 'Lolitha', 'Lolita (movie)', 'Confession of a white widowed male', 'Hunted Enchanters', 'Lolita (book)', 'Lolitas', 'Humbert Humbert (Lolita)', 'Clare Quilty', 'Nymphette', 'Lolita Method', 'The Confessions of a White Widowed Male', 'Dolores Haze', 'Richard F. Schiller', 'Lolita', 'Humbert Humbert']", Lolita,0.9552401900291443,0,0,0
8032,Answer the question concisely. Q: 'Jomo Kenyatta Airport' serves which African city? A:,"['Nairobi Province, Kenya', 'KE-110', 'Nairobi, KE-110', 'Nyrobi', 'Nairobi Municipality', 'NAIROBI', 'Nairobi, Kenya', 'Safari Capital of the World', 'Nairobi Province', 'Demographics of Nairobi', 'Capital of Kenya', 'Nairobi Area', 'Citi Hoppa', 'Nairobi Area, Kenya', 'Nairobi']"," 'Jomo Kenyatta Airport' serves Nairobi, Kenya",0.4815436601638794,1,0,0
8038,Answer the question concisely. Q: The Crossbill belongs to which bird family? A:,"['Fringillidae', 'Carduelidae', 'FINCH', 'Carduelini', 'Finches', 'True finch', 'Finch', 'Finch (bird)']", The Crossbill belongs to the family Thraupidae,0.2297947108745575,1,1,1
8039,"Answer the question concisely. Q: Which Latin phrase means 'to excess, to a sickening degree'? A:","['Ad nauseum', 'Argumentum Ad Infinitum', 'Ad naseum', 'Ad nausium', 'Argument by repetition', 'Argumentum ad nauseum', 'Ad nosium', 'Adnosium', 'Nauseum', 'Argument from repetition', 'AD NAUSEAM', 'Argumentum ad nauseam', 'Ad Nauseum', 'Argumentum ad infinitum', 'Ad Nauseam', 'Ad nauseam']"," 'Excessus est, quod est, quod est, quod est",0.24851831793785095,1,1,1
8044,"Answer the question concisely. Q: In Norse mythology, what kind of creatures were 'Hugin' and 'Munin' who sat on Odin's shoulder? A:","[""Raven's Advanced Progressive Matrices"", ""Raven's Progressive Matrices"", ""Raven's matrices%3F"", 'Progressive Matrices', 'Raven Advanced Progressive Matrices', 'Progressive matrix test', ""Raven's"", 'Raven s progressive matrices', ""Raven's Test"", ""Raven's progressive matrices"", 'RAVENS', 'Raven matrices', 'Raven Progressive Matrices', ""Raven's Matrices"", 'Matrix test']", They were giants,0.12575218081474304,1,1,1
8049,Answer the question concisely. Q: Which of Puccini's operatic characters commits suicide with her father's sword? A:,"['Madam Butterfly', 'Lieutenant Pinkerton', 'Madama Butterfly', 'Un bel di vedremo', 'B. F. Pinkerton', ""'MADAME BUTTERFLY'"", 'Cio-Cio-San', 'Cio Cio San', 'Cio-Cio San', 'Un bel dì vedremo', 'Un bel di', 'Madame Butterfly', 'B.F. Pinkerton', 'Vogliatemi bene', 'Un Bel Di']", Tosca,0.14751753211021423,1,1,1
8064,Answer the question concisely. Q: Give a year in the life of painter Sir Joshua Reynolds. A:,['1723-1792'], He was born in 1723 and died in 1792,0.33170410990715027,1,0,0
8075,"Answer the question concisely. Q: Founded in London in 1844 by George Williams, which organisation was established to provide low cost housing in a safe environment? A:","['Indian Princesses', 'World Alliance of Young Mens Christian Associations', 'YMCA of America Inc.', 'Y.M.C.A.', 'Ymca', ""Young Men's and"", ""Young Men's Christian Associations"", 'YMCA Adventure Guides', 'The Young Mens Christian Association (the YMCA)', ""Young Men's Christian"", 'Y-Guides', 'Young Men’s Christian Association', 'YMCA International', 'YMCA London South West', ""Young Men's Christian Association"", ""Young Men's Christian's association"", 'CVJM', 'The Young Mens Christian Association ( the YMCA )', 'The Y', 'World Alliance of YMCAs', 'YMCA Canada', 'YMCA (diving organization)', 'Ymca wimbledon', 'YMCA', 'Camp Storer', 'YCMA Indian Guides']", The National Housing Federation,0.2895313501358032,1,1,1
8082,Answer the question concisely. Q: The Cerval is one of the more uncommon members of which family of animals? A:,"['C.A.T', 'Cat (disambiguation)', 'C.A.T.', 'CAT']", The horse family,0.09286963194608688,1,1,1
8098,Answer the question concisely. Q: Which country is the world's largest producer of copper? A:,"['ISO 3166-1:CL', 'Cxilio', 'Cile', 'Etymology of Chile', 'Republic of Chile', 'Chilean Republic', 'State of Chile', 'Chile', 'CHILE', 'Name of Chile', 'República de Chile', 'Chilé']", Chile,0.7676857113838196,0,0,0
8099,"Answer the question concisely. Q: John Lennon had two number one hits in 1981. 'Imagine' was one, what was the other? A:","['A women', 'A woman', 'A Woman', ""'WOMAN'""]", 'Give Peace a Chance,0.20025679469108582,1,1,
8102,"Answer the question concisely. Q: Which country's national railway has bought out 'English, Welsh and Scottish Railways' and is negotiating to buy the government's one third share in Eurostar? A:","['United States of Germany', 'Tyskland', 'Nimska', 'Bundesdeutsch', 'Vokietija', 'Deuchland', 'Germny', 'GermanY', 'FR Germany', 'Almanya', 'Federal Republic of Germany', 'Jermany', 'Geramny', 'Etymology of Germany', 'Nemska', 'Germany', 'Niemcy', 'GERMANY', 'ISO 3166-1:DE', 'Land der Dichter und Denker', 'Federal Republic Of Germany', 'F.R. Germany', 'Deutschland', 'Bundesrepublik Deutschland', 'BR Deutschland', 'Germanio', 'Thyskaland', 'GerMany', 'Germeny', 'Teutonica', 'Deutchland', 'Duitsland', 'THyskaland', 'Alemanha', 'Němska', 'Foederal Republic of Germany']", The United Kingdom,0.4086964726448059,1,1,1
8106,Answer the question concisely. Q: Of which football club was Santiago Bernabeu the President from 1943 to 1978? A:,"['Real madrid cf', 'Sociedad Madrid Foot-ball Club', 'Real Madrid', 'Madrid FC', 'Real madrid', 'Supporters of Real Madrid C.F.', 'Real Madrid F.C.', 'Real Madrid Club de Fútbol', 'Real Madrid FC', 'Real Madrid C.F.', 'Madrid CF', 'REAL MADRID', 'Real Madrid C. F.', 'Real Madrid C F', 'RMCF', 'Los Blancos', 'Real Madrid C.F', 'Realmadrid.com', 'Real Madrid CF', 'Real Madrid Captains', 'Royal Madrid', 'Real Madrid Club de Futbol', 'The Real Madrid', 'Real Madrid Statistics 2005/06']", Real Madrid,0.894489049911499,0,0,0
8116,Answer the question concisely. Q: Which Rodgers & Hammerstein musical of 1945 features the songs 'June Is Bustin' Out All Over' and 'If I Loved You'? A:,"['Carousels', '🎠', 'Merry-go-round', 'Loof', 'Marry Go Round', 'Merry-Go-Round', 'Merry Go Round', 'Merry go round', 'Merry-go-Round', 'Merrygoround', 'Carousel', 'Carrousel', ""'CAROUSEL'""]", Oklahoma,0.17233172059059143,1,1,1
8124,Answer the question concisely. Q: Who played Detective Sergeant Trotter in the original 1952 West End cast of The Mousetrap? A:,"['Richard Samuel, Baron of Richmond upon Thames Attenborough', 'Silver Ghost (2014 film)', 'Lord Richard Attenborough', 'Attenborough, Richard Samuel, Baron of Richmond upon Thames', 'Richard Attenbrough', 'Sir Richard Attenborough', 'Silver Ghost (film)', 'Richard Samuel Attenborough, Baron Attenborough', 'Dickie Attenborough', 'Baron Attenborough', 'Richard Attenborough, Baron Attenborough', 'Baron of Richmond upon Thames Attenborough Richard Samuel', 'Richard Samuel Attenborough', 'Richard attenborough', 'Lord Attenborough', 'Richard Attenborough']", John Gielgud,0.26715967059135437,1,1,1
8150,"Answer the question concisely. Q: Blacksmith is a general term for a worker in iron, but what specific name is given to someone who shoes horses? A:","[""American Farrier's Association"", 'Shoeing Smith', 'Farrier', 'Farriery', 'Shoesmith', 'Farriers', 'FARRIER']", A horse shod blacksmith,0.2250600904226303,1,1,0
8157,Answer the question concisely. Q: In which country is the most northerly point on mainland Africa? A:,"['ISO 3166-1:TN', 'Tunisian Republic', 'Republic of Tunisia', 'Tounes', 'Tunisia', 'Tunisia in the middle ages', 'Tunisie', 'Etymology of Tunisia', 'Medieval tunisia', 'TUNISIA', 'الجمهورية التونسية', 'Classical tunisia', 'Tunnisia', 'Name of Tunisia', 'Administrative divisions of Tunisia', 'Ancient tunisia', 'Tounisiyya', 'Tunisa', 'Tunesia', 'Al-Jumhūriyya at-Tūnisiyya']"," Cape Agulhas, South Africa",0.2685365378856659,1,1,1
8159,Answer the question concisely. Q: New Britain and New Ireland are two of the islands that make up which country? A:,"['ISO 3166-1:PG', 'Papua Niu Gini', 'New Guinea Papua', 'Independent State of Papua New Guinea', 'Health in Papua New Guinea', 'Papa New Guinea', 'Papouasie-Nouvelle-Guinee', 'Papua-New-Guinea', 'Independen Stet bilong Papua Niugini', 'Papua New Guinea', 'Papua-new guinea', 'State of Papua New Guinea', 'Papua Niugini', 'Niugini', 'Papa New Guinans', 'Environment of Papua New Guinea', 'PapuaNewGuineA', 'Papua New Guinean', 'Papau New Guinea', 'PAPUA NEW GUINEA', 'Papa new guinea', 'Niu Gini', 'Paupa New Guinea', 'East Papua', 'Pappa New Guinans', 'Pua pua new guniea', 'Papua, New Guinea', 'Pappa New Guinea', 'The Papua New Guinea', 'Papua new guinea', 'Papua-New Guinea', 'Papua New-Guinea', 'Papua NG']", Ireland,0.17202535271644592,1,1,1
8171,"Answer the question concisely. Q: In the famous story by Robert Louis Stevenson, what is Dr Jeckyll’s Christian name? A:","['Henry (disambiguation)', 'Henry (crater)', 'Henry (European rulers)', 'Henry (crater) (disambiguation)', 'Henry']", Mr Hyde,0.1109975129365921,1,1,1
8174,Answer the question concisely. Q: On which horse did Sir Gordon Richards ride his only Epsom Derby winner? A:,['Pinza'], The one that won,0.04182225465774536,1,1,1
8189,"Answer the question concisely. Q: ""In the book of Genesis who asked the question,""""Am I my brotherskeeper""""?"" A:","['Conflict Archive on the INternet', 'CAIN Web Service', 'CAIN', 'Conflict archive on the internet', 'Conflict Archive on the Internet']"," ""God",0.036934517323970795,1,1,1
8201,Answer the question concisely. Q: Which town is home to the University of Ulster? A:,"['Cowlraine', 'Ballysally', 'Coleraine', 'Greenmount Housing Estate', 'Kilrea Primary School', 'List of secondary schools around Coleraine', 'COLERAINE']", Belfast,0.23810112476348877,1,1,1
8228,"Answer the question concisely. Q: Later a 'Blue Peter' presenter, who played 'Steven Taylor', an assistant to William Hartnell's 'Doctor Who'? A:","['PETER PURVES', 'Peter Purves']", Yes,0.06267319619655609,1,1,1
8234,Answer the question concisely. Q: What type of company is 'Dunder Mifflin' in the US version of 'The Office'? A:,"['Loose paper', 'Sheets of paper', 'Granite paper', 'Homemade paper', 'Printer paper', 'Paper sheet', 'Paper', 'PAPER', 'Paper stock', 'Sheet of paper', 'Scratch paper', 'Papper']", A paper company,0.26833438873291016,1,1,1
8236,Answer the question concisely. Q: Who coached New Zealand when they won the 2011 Rugby Union World Cup? A:,"['Graham Henry', 'GRAHAM HENRY', 'Sir Graham Henry']", Graham Henry,0.9084581136703491,0,0,0
8237,Answer the question concisely. Q: In a 1970's safety campaign what did Jimmy Savile advise us to do every car trip? A:,"[""'CLUNK CLICK'"", 'Clunk Click Every Trip', 'Clunk Click']"," ""Don't be a fool, wear your seatbelt",0.1283988505601883,1,1,1
8245,Answer the question concisely. Q: The 'Colossus of Rhodes' was a bronze statue of who? A:,"['Apollo (ballet)', 'Apollon musagète', 'APOLLO', 'Apollo (Balanchine)', 'Apolo Musageta', 'Apollo, Leader of the Muses', 'Apollon Musagete', 'Apollon musagete (Stravinsky)', 'Apollon musagete', 'Apollo musagetes', 'Apollon Musagete (ballet)', 'Apollon Musagète', 'Apollo Musagète']", A Greek hero,0.25652024149894714,1,1,1
8261,Answer the question concisely. Q: Which Rod Stewart song mentions Celtic football club? A:,"[""You're In My Heart"", ""You're in My Heart"", ""You're in My Heart (disambiguation)"", ""'YOU'RE IN MY HEART'""]"," ""You're in the wrong place, you're in the wrong place, you're in the wrong place, you're in the wrong place, you're in the wrong place, you're in the wrong place, you're in the wrong place, you're in the wrong place, you're in the wrong place,",0.538425087928772,0,1,1
8263,"Answer the question concisely. Q: Paul McCartney and Heather Mills became parents together, Michael Howard became leader of the Conservative Party and Saddam Hussein was captured. Which year? A:","['2003', 'two thousand and three']", 2001,0.15421032905578613,1,1,1
8273,Answer the question concisely. Q: On which Scottish island is Brodick Castle? A:,"['Arran (disambiguation)', 'Arran', 'ARRAN']", The Isle of Brodick,0.1260594129562378,1,1,1
8330,Answer the question concisely. Q: Which screen tough-guy won a Best Actor Oscar for the 1953 film 'Stalag 17'? A:,"['William F. Holden', 'William Holden', 'William Holden (actor)', 'William holden (actor)']", Gary Cooper,0.2029608190059662,1,1,1
8336,Answer the question concisely. Q: In heraldry which word is used to indicate an animal is flying A:,"['Volant', 'Volant (disambiguation)']", An eagle,0.2016867697238922,1,1,1
8338,"Answer the question concisely. Q: ""Written and first recorded in 1937, """"One O'Clock Jump"""" became the theme tune of which orchestra?"" A:","['COUNT BASIE ORCHESTRA', ""Count Basie's Orchestra"", 'Basie Orchestra', 'The Count Basie Orchestra', 'Count Basie Orchestra', 'Count Basie and His Orchestra', ""Jumpin' at the Woodside"", 'Count Basie & His Orchestra', 'Count Basie and his Orchestra', 'The Count Basie Big Band']", The New York Philharmonic,0.31435656547546387,1,1,1
8340,Answer the question concisely. Q: Who has been married to actor James McAvoy since 2006? A:,"['Anne-Marie Duff', 'ANNE-MARIE DUFF', 'Anne Marie Duff']"," His wife, Anne-Marie Duff",0.614098310470581,0,0,0
8346,"Answer the question concisely. Q: In which street would you find 'Smiffy', 'Wilfred', 'Danny' and 'Plug'? A:","['When the Bell Rings', 'Bash Street', ""'BASH STREET'"", 'Plug (The Bash Street Kids)', 'Bash Street Kids', 'Bash St School', 'Bash Street Kids/Plug', 'Bash Street Kids/Danny', 'Class 2B', 'The Bash Street Kids', ""'Plug"", 'Bash Street School', ""Plug's"", 'Bash Street Kids Adventures', 'Percival Proudfoot Plugsley']"," The street of 'Smiffy', 'Wilfred', 'Danny' and 'Plug",0.3415777087211609,1,1,0
8357,Answer the question concisely. Q: Who wrote the children's books 'Pigeon Post' and 'Coot Club'? A:,"['Arthur Michell Ransome', 'Ransome, Arthur Michell', 'Arthur Ransome', 'ARTHUR RANSOME']", I did,0.03323851525783539,1,1,1
8377,"Answer the question concisely. Q: Associated with salmon fishing and whisky production, which is the second longest river in Scotland? A:","['Spey (disambiguation)', 'SPEY', 'Spey']", The River Spey,0.5066595077514648,0,0,0
8396,Answer the question concisely. Q: The Habit of Art is a play by Alan Bennett about a fictional meeting between Benjamin Britten and which poet? A:,"['W.H Auden', 'W Auden', 'W.H.Auden', ""W.H. Auden's"", 'WH Auden', 'W H AUDEN', 'Auden, Wystan Hugh', 'Tell Me the Truth About Love', 'Wh auden', 'Wystan. H. Auden', 'W.H. Auden', 'WH auden', 'W H Auden', 'W. H. Auden', 'Wystan Hugh Auden', 'Wystan Auden', 'W h auden', 'Fleet Visit']", John Betjeman,0.2679847478866577,1,1,1
8397,"Answer the question concisely. Q: Scotland beat Argentina 21-19 in a rugby union international in June played in Córdoba in a stadium named after which footballer, winner of the Golden Boot in the 1978 FIFA World Cup? A:","['Mario Alberto Kempes', 'MARIO KEMPES', 'Mario Kempes']", Diego Maradona,0.21361660957336426,1,1,1
8398,Answer the question concisely. Q: The 2007 film 300 is a fictionalised retelling of which battle? A:,"['Battle of termophylae', 'The Battle Of Thermopylai', 'The Battle Of Thermopylae', 'Battle of Thermopylae pass', 'Battle of Thermopolae', 'Battle of Thermopylae', 'Battle of Thermophyle', 'Battle of Thermopylae (480 BC)', 'BATTLE OF THERMOPYLAE', 'Battle of Thermopayle', 'Battle Of Thermopylae', 'Battle of thermopylae', 'Battle Of Thermopylai', 'Wars of sparta', 'The war of 300', 'The Battle at the Pass of Thermopylae', 'Thermopolye', ""King Leonidas's Last Stand"", 'Battle of Termophylae', 'Battle of Thermopylæ', 'Thermopylai', 'The Battle of Thermopylae', 'Thermophylae', '300 Spartans', 'Battle of thermopolye']", The Battle of Thermopylae,0.9476466178894043,0,0,0
8403,Answer the question concisely. Q: In 1902 which food company started production in a disused malthouse in Burton-on-Trent? A:,"['MARMITE', 'Marmageddon', 'Marmite reaction', 'Marmite', 'Our Mate', 'Marmite effect', 'Where to buy marmite', ""Ma'amite""]", Heinz,0.050174906849861145,1,1,1
8420,"Answer the question concisely. Q: Which author has been nominated for the Booker Prize for the novels 'Briefing For A Descent Into Hell', 'The Sirian Experiments' and 'The Good Terrorist' but is yet to win the award? A:","['Jane Somers', 'Doris Lessing', 'Briefing for a Descent into Hell', 'Doris Lessig', 'Lessing, Doris', 'Doris May Lessing CH, OBE', 'DORIS LESSING', 'Doris lessing', 'Doris May Lessing', 'Doris Tayler']", Salman Rushdie,0.20470792055130005,1,1,1
8432,Answer the question concisely. Q: Which company made the 'Tigra' model of car? A:,"['Renault Trafic Passenger', 'Opel/Vauxhall Vivaro', 'Chevrolet Trafic', 'Vauxhall vivaro', 'Renault Trafic', 'Opel/Vauxhall Vivaro Tour', 'VAUXHALL', 'General Motors Vivaro', 'Nissan Primastar', 'The Vauxhall', 'Vauxhall Vivaro', 'Opel Vivaro', 'Vauxhall Arena', 'Opel Arena']", Ford,0.14266686141490936,1,1,1
8442,"Answer the question concisely. Q: ""Who starred in and directed the 2004 movie """"Beyond the Sea""""?"" A:","['Kevin spacy', 'Kevin Spacey filmography', 'Kevin Spacey', 'List of awards and nominations received by Kevin Spacey', 'Kevin Spacey Fowler', 'Kevin spacey']"," ""George Clooney and Steven Soderbergh",0.2544148564338684,1,1,1
8443,Answer the question concisely. Q: Which 17th/18th century Irish politician leader was nicknamed 'the Liberator”? A:,"[""'monster meetings'"", 'Daniel O’Connell', 'Dónal Ó Conaill', 'Monster meetings', ""Daniel O'Connell"", 'Dónall Ó Conaill', ""Danial O'Connell""]", Oliver Cromwell,0.563879668712616,0,1,1
8449,Answer the question concisely. Q: Which British city is served by Eastleigh airport? A:,"['Southampton', 'Southhampton, England', 'Sotonian', 'Southhampton', 'Southampton, U.K.', 'Southampton (city)', 'Southampton, Hampshire', 'Soton', 'Southampton UA', 'Southampton Corporation', ""So'ton"", 'Southampton (district)', 'County Borough of Southampton', 'Southampton Council', 'City of Southampton', 'UN/LOCODE:GBSOU', 'Southampton, England', 'The weather in Southampton']", Southampton,0.7453663945198059,0,0,0
8467,Answer the question concisely. Q: Which country's national flag contains a Yin and Yang symbol at its centre? A:,"['Nam Chosun', 'Korea, Republic Of', 'So. Korea', 'ISO 3166-1:KR', 'R.O.K.', 'Korea, Republic of', 'Korea, South', 'Daehan Minguk', 'Republic Of Korea', 'S. Korea', 'R. Korea', 'South Kroea', 'South korea', 'Republican Korea', 'Korea (R.O.K.)', 'The republic of korea', 'SOUTH KOREA', 'Korea South', 'ROK', 'Daehanminkook', '남한', 'South Korea/Economy', 'Daehanmingook', 'Korea (South)', 'Korea Republic', 'SKorea', 'S Korea', '韓國', 'South-korea', 'Republican Corea', 'Republic of KOREA', 'Corea Republic', 'Daehanminkuk', 'Korea (Republic of)', 'Republic of korea', 'Korea (ROK)', 'South Koreans', 'Free Korea', 'Daehanminguk', '대한민국', 'South Corea', 'Modern Corea', 'South corea', ""Taehan-min'guk"", 'S.Korea', '大韓民國', 'South-Korea', 'Republic of Corea', 'S. Koreans', 'S. Korean', 'South Korean', 'Korea (Seoul)', 'Namjoseon', 'Republic of Korea', 'Korea, S', 'Korean Republic', 'Republic of South Korea', 'South Korea', '한국', 'Corean Republic']", China,0.479236900806427,1,1,1
8468,Answer the question concisely. Q: What was the pseudonym of author John Griffith Chaney? A:,"['“To the Man on Trail”', 'John Griffith Chaney', 'Love of Life (story)', 'London, Jack', 'JACK LONDON', 'Jack london biography', ""Jack London's"", 'John Griffith London', 'Útek zo zlatej krajiny', 'Jack London', 'Blaine Winchester', 'Jack london']", John Griffith Chaney,0.9334626793861389,0,0,0
8476,Answer the question concisely. Q: The Livadia Palace near which Crimean city was the site of a 1945 Peace Conference? A:,"['Yalta', 'Yalta, Ukraine', 'YALTA', 'Jalta', 'Ялта', 'Yalita']", Sevastopol,0.4057468771934509,1,1,1
8526,Answer the question concisely. Q: Anne of Bohemia was the wife of which English king? A:,"['Richard ii', 'Richard II, King of the English', 'Richard, Duke of Cornwall', 'Richard II (England)', 'Richard II, King of England', 'Richard II', 'King Richard II of England', 'RICHARD II', 'King Richard II', 'Richard II of england', 'Richard II of England']", Henry VIII,0.17532172799110413,1,1,1
8566,Answer the question concisely. Q: In which city was King George II born? A:,"['Hanover', 'Hannovre', 'Hannover', 'Hanover, Germany', 'Hannover, Germany', ""Hannover's Museums"", 'Hannover UNRRA displaced persons camp', 'Hannoveraner', 'Offensen', 'UN/LOCODE:DEHAJ']", London,0.16073492169380188,1,1,1
8570,Answer the question concisely. Q: Which quadrilateral has one pair of parallel edges of unequal length? A:,"['Trapezium (disambiguation)', 'Trapezium']", The parallelogram,0.0689782053232193,1,1,1
8587,Answer the question concisely. Q: Who is the current occupant of Dorneywood in Buckinghamshire? A:,"['Gideon Osborne', 'Chancellor George Osborne', 'George Osbourne', 'George osborne', 'George Gideon Oliver Osborne', 'George Osborne MP', 'Gideon George Oliver Osborne', 'George Osborne']", The current occupant of Dorneywood is the Duke of Buckingham,0.1840379238128662,1,1,1
8588,"Answer the question concisely. Q: ""Complete the proverb; """"Hope for the best....""""?"" A:",['But prepare for the worst']," ""Hope for the best, prepare for the worst",0.5839884281158447,0,0,0
8591,"Answer the question concisely. Q: ""Complete the name of the group for whom Young Girl was a Number One single in 1968 – """"Gary ???? and the Union Gap""""."" A:","['PUCKETT', 'Puckette', 'Puckett']"," ""Gary ???? and the Union Gap",0.05858813226222992,1,1,1
8594,Answer the question concisely. Q: Michael Fassbender was nominated as Best Actor at the 88th Academy Awards for his role in which biographical drama? A:,"['Jobs, Steven Paul', 'Stephen Jobs', 'Steve P Jobs', 'Steve Paul Jobs', 'Steve Mobbs', 'Steven P. Jobs', 'ISad', 'Steve Jobs', 'STEVE JOBS', 'Steven P Jobs', 'Steven Jobs', 'Death of Steve Jobs', 'S jobs', 'Stevie Jobs', 'Remember Steve Jobs', 'El jobso', 'Steve P. Jobs', 'Stev Jobs', 'Steve Jobbs', 'Mr. Steve Jobs', 'Jobs Steve', 'Jobsian', 'SteveJobs', 'His Steveness', 'Steven Paul Jobs', 'Jobs, Steve', 'ICEO', 'Steve jobs', 'The Steve', 'Steve Job', 'Steve Jobs dies', 'Steve jobs effect']", Shame,0.07613462209701538,1,1,1
8595,Answer the question concisely. Q: Who was the Principal Conductor of the Halle Orchestra from 1943 to 1970? A:,"['Sir John Barbirolli', 'Barbirolli', 'Sir Barbirolli', 'Barbirolli, Sir John', 'SIR JOHN BARBIROLLI', 'John Barbirolli']", Hans Swarowsky,0.1818840503692627,1,1,1
8607,"Answer the question concisely. Q: Which British sculptor is famed for simple geometric shapes carved in wood, stone, bronze and alabaster, such as Pierced Form and Four Square? A:","['Dame Barbara Hepworth', 'Barbara Hepworth', '(Barbara) Hepworth']", Henry Moore,0.15374182164669037,1,1,1
8609,Answer the question concisely. Q: In 1985 who became the first man to run the 1500 metres in less than 3 mins 30 secs? A:,"['Stephen Cram', 'The Jarrow Arrow', '(Steve) Cram', 'Steve Cram', 'Cram, Steve', 'Jarrow Arrow']", Steve Ovett,0.3937820792198181,1,1,1
8610,Answer the question concisely. Q: Which country has the international car registration code HKJ? A:,"['Jordan (country)', 'Al-Urdunn', 'أردنّ', 'JOrdan', 'Urdun', 'Hashemite Kingdom of Transjordan', 'Urdunn', 'The Hashemite Kingdom of Jordan', 'Administrative divisions of Jordan', 'HKJ', 'State of Jordan', 'Jordan', 'Jordanian Kingdom', 'Languages of Jordan', 'Hashemite Kingdom of the Jordan', 'Jordanie', 'Al-Mamlakah al', ""Al-'Urdun"", 'Hashemite Kingdom of Jordan', 'ISO 3166-1:JO', 'الأردن', 'Kingdom of the Jordan', 'Ottoman Jordon', 'Al-Urdun', 'H.K of Jordan', 'Etymology of Jordan', 'المملكة الأردنّيّة الهاشميّة', 'Kingdom of Jordan']", Hong Kong,0.24075673520565033,1,1,1
8616,Answer the question concisely. Q: The letters PS underneath a triangle containing the number 6 indicates that an item is made from which plastic? A:,"['POLYSTYRENE', 'Thermocole', 'Extruded polystyrene', 'Expanded Polystyrene Foam', 'Thermocol', 'Depron foam', 'High impact polystyrene', 'Thermacol', 'EPS Foam Cup', 'HIPS Cups', 'Poly(styrene)', '6 (plastic)', 'Styrox', 'Expanded Polystyrene', 'Polystyrene foam', 'Expanded-polystyrene', 'Polystyrene', 'Polystyrol', 'Expanded polystyrene foam', '6 (resin identification code)', 'Oriented polystyrene', 'EPS Foam Cups', 'High Impact Polystyrene', 'Polyphenylethene', 'Isopor', 'Depron', 'High-impact polystyrene', 'Expanded polystyrene', 'High-impact plastic', 'Bextrene', 'Polystyrenes', 'Styropor']", Polystyrene,0.9866524934768677,0,0,0
8620,Answer the question concisely. Q: In which country was England Rugby Union player Dylan Hartley born? A:,"['N Z', 'Nouvelle-Zelande', 'Kiwiland', ""New Zealand's"", 'New Zealand.', 'Nz', 'New Zealand,', 'NEW Z', 'N Zealand', 'NEW ZEALAND', 'New Zealend', 'Administrative divisions of new zealand', 'New Zaeland', 'N z', 'Kiwistan', 'Enzed', 'NewZealand', 'NZ', 'Name of New Zealand', 'Staten Landt', 'New+Zealand', 'NZL', 'Nu Tirani', 'Neo Zealand', 'ISO 3166-1:NZ', 'New Zealnd', 'AoTeAroa', 'Sheepland', 'Aotearoa / New Zealand', 'Subdivisions of New Zealand', 'Its got that new zeal', 'New Zealand', 'Newzealand', 'New Zeland', 'New-Zealand', 'New Zeeland', 'Administrative divisions of New Zealand', 'New Zealnad', 'Staten Land', 'N.Z.', 'Staaten land', 'New.Zealand', 'Mew Zealand', 'Maoriland', 'N. Zealand', 'Etymology of New Zealand', 'New Xealand', 'Māoria', 'New zelanad', 'Niu Tireni', 'New zealand', 'New zeland', 'Nova Zeelandia', 'New zeeland']", England,0.4649507403373718,1,1,1
8630,Answer the question concisely. Q: For which 1960 film did Billy Wilder become the first person to win three Oscars for the same film? A:,"['The Apartment', 'The apartment']", The Apartment,0.9097529649734497,0,0,0
8637,"Answer the question concisely. Q: ""Which singer recently made a surprise return to the top of the UK charts after 29 years, with his album """"50""""?"" A:","['Rickard Astley', 'Rick ashley', 'Playlist: The Best of Rick Astley', 'Rick astley', 'Rick ASTLEY', '(Rick) Astley', 'Dick Spatsley', 'Playlist: The Very Best of Rick Astley', 'Rick Astley', 'D. Spatsley', 'Richard Paul Astley', 'Rick Asley']"," ""David Bowie",0.1249762699007988,1,1,1
8653,Answer the question concisely. Q: What was the name of the racehorse owned by the Queen Mother and ridden by Dick Francis that collapsed whilst leading the 1956 Grand National with just 45 metres to the winning post? A:,"['Devon Lock', 'Devon Loch', 'DEVON LOCH']"," The Queen Mother's horse was called ""The Queen Mother"" and the jockey was called ""Dick Francis",0.24059119820594788,1,1,1
8670,Answer the question concisely. Q: Who plays the title character in the 2003 film Johnny English? A:,"['Rowan Atkinson', 'Rowan Atkinson CBE', 'Rowan Sebastian Atkinson']", Rowan Atkinson,0.9310179948806763,0,0,0
8680,Answer the question concisely. Q: What is the capital and largest city of the Islamic Republic of Mauritania? A:,"['Noukchott', 'Capital of Mauritania', 'Nouakchot', 'Nuwākshūṭ', 'Nouakchott, Mauritania', 'Nawakshut', 'Nawākshūṭ', 'Nouakchott']", Nouakchott,0.9629395008087158,0,0,0
8689,"Answer the question concisely. Q: ""What 1998 film diected by Peter Weir , was advertised with the tag line """"On The Air, Unaware""""?"" A:","[""In case I don't see you... good afternoon, good evening, and good night"", 'The Truman Show', 'Truman Burbank', 'Truman Show', ""'THE TRUMAN SHOW'"", 'The Truman Show (film)']"," ""The Truman Show",0.8540470600128174,0,0,0
8701,"Answer the question concisely. Q: The white wine, Chablis, originates from which wine producing region of France? A:","['Bourgogne (region)', 'Burgundy, France', 'Bourgogne', 'Burgandy', 'Burgundy', 'Burgund', 'Bergundy', 'Burgundy (French region)', 'Burgundy (region)']", Burgundy,0.9213470816612244,0,0,0
8710,"Answer the question concisely. Q: What mission was the fifth human space flight of 'Project Apollo', the third human voyage to the Moon and the first manned mission to land on the Moon? A:","['S-IVB upper stage for Apollo 11', 'First moon landing', 'Appolo 11', 'Apollo 11', 'Evoloterra', 'First Moon Landing', '1969 Moon landing', 'Apollo 11 landing site', '1969 moon landing', 'Apollo Eleven', 'Apolo 11', 'In Event of Moon Disaster', 'The Eagle has landed', 'APOLLO 11', 'The Moon Landing', 'Apollo XI', 'July 20 1969', 'Appollo 11', 'Heavy boots']", The Apollo program was the fifth human space flight of the United States,0.3513735234737396,1,1,1
8713,Answer the question concisely. Q: 'The Birth Of Venus' is probably the most famous work of which Renaissance painter? A:,"['Alessandro Filipepi', 'Filipepi', 'Alessandro Di Mariano', 'The Little Barrel', 'Little Barrel', 'Alessandro di Mariano di Vanni Filipepi', 'Alessandro Botticelli', 'Botticello', 'Di Mariano', 'Botticelli', 'Alessandro di Mariano Filipepi', 'Bottichelli', 'SANDRO BOTTICELLI', 'Sandro Filipepi', 'Alessandro Di Mariano Filipepi', 'Sandro Botticelli', 'Allessandro Botticelli', 'Alessandro Di Mariano Del Filipepi', 'Di Vanni', 'Boticelli', 'Il Botticello']", Michelangelo,0.2511802315711975,1,1,1
8719,Answer the question concisely. Q: Who was the British monarch when Theodore Roosevelt was the US President? A:,"['Eduard VII', 'Prince Albert Edward, Prince of Wales', 'Edward vii', 'Albert Edward, Prince of Wales', 'Prince Albert Edward, Duke of Rothesay', 'Albert, Prince of Wales', 'Albert Edward, Duke of Rothesay', 'Albert Edward, Duke of Cornwall', 'King edward vii', 'Edward VII of the United Kingdom', 'Edward VII', 'Prince Albert Edward, Duke of Cornwall', 'Prince Albert Edward', 'Edward vii of the united kingdom', 'Edward VII of England', 'Edward VII of Great Britain', 'EDWARD VII', 'Edward VII of Scotland', 'Edward VII of the UK', 'Edward 7', 'King Edward VII of the United Kingdom', 'Edward VII of Britain', 'Prince Albert Edward of the United Kingdom', 'King Edward VII', 'Edward Vii', 'Albert Edward of the United Kingdom']", Queen Victoria,0.29165759682655334,1,1,1
8720,Answer the question concisely. Q: 'London Is The Place For Me' which was sung by Lord Kitchener as he disembarked from the 'MV Empire Windrush' in 1951 is what type of song? A:,"['CALYPSO', 'M/S The Calypso', 'Calypso (cruise ship)', 'The Calypso', 'IMO 6715372', 'The Calypso (cruise ship)', 'MS The Calypso']", A song about the British Empire,0.17433041334152222,1,1,1
8726,"Answer the question concisely. Q: What is the alternative two-word name for the Ratel, a member of the weasel family? A:","['Mellivora', 'Al-girta', 'Ratel', 'Al-ghirayri', 'Mellivora capensis', 'Honey Badger', 'Honeybadger', 'Man-eating badger', 'Mellivorinae', 'Honey badger']", Rottweiler,0.15210486948490143,1,1,1
8728,"Answer the question concisely. Q: Situated in the West Pennine Moors, what are Turton and Entwistle, Jumbles and Wayoh A:","['Artificial lakes', 'Artificial lake', 'Bankside reservoir', 'Reservoir (water)', 'Headpond', 'Artificial loch', 'Full pool', 'Dam reservoir', 'Man made lake', 'Resevoir', 'Bankside reservoirs', 'Reservoir dam', 'Manmade lake', 'Water reservoir', 'Storage pond', 'Storage reservoir', 'Reservoir', 'Service reservoir', 'Artificial Lake', 'Réservoir', 'Reservoirs', 'Man-made lake']"," A small village in the West Pennine Moors, situated in the West Pennine Moors, what are Turton and Entwistle, Jumbles and Wayoh",0.2769758105278015,1,1,1
8735,Answer the question concisely. Q: Motor Racing. Which team has announced that they are to withdraw from Formula One racing at the end of the year? A:,"['B.M.W', 'Bayer Motoren Werke', 'Bayrische Motoren Werke', 'Bayerische Motoren Werke Ag', 'BMW model designations', 'Bayerische Motoren werke', 'BMW V Series', 'BMW (company)', 'Bayerische Motorenwerke', 'BMW Z2', 'B.M.W. A.G.', 'B.M.W.', 'Bayerische Motoren Werke AG', 'Bayerische Motoren Werke', 'Bmw', 'BMW Group', 'B. M. W.', 'BMW', 'ConnectedDrive', 'B M W', 'Bavarian Motor Works', '.bmw', 'BMW AG', 'Bayerische Motoren Werke GmbH', 'BMW (automobile)', 'Motoren Werke AG', 'BMW V-Series', 'BMW motorcyc le clubs', 'BMW Korea', 'BMW motorcycle clubs']", McLaren,0.4381512999534607,1,1,1
8751,Answer the question concisely. Q: Which former Taoiseach of the Republic of Ireland died in August A:,"['Reynolds, Albert', 'Albert Reynolds', 'Ailbhe Mac Raghnaill']", Charles Haughey,0.33822911977767944,1,1,1
8791,Answer the question concisely. Q: In which country is the annual International Alphorn Festival held? A:,"['ISO 3166-1:CH', 'Svissland', 'Etymology of Switzerland', 'Confederation Helvetia', 'Swizerland', 'Confederatio Helvetica', 'Environmental Integrity Group', 'Confoederatio Helvetica', 'Svizra', 'SWITZERLAND', 'Confédération suisse', 'SwissEnergy', 'Schweitz', 'Švýcarsko', 'Die Schweiz', 'Schwitzerland', 'Confederation suisse', 'Der Schweiz', 'Swiss Confederated States', 'Suiza', 'Switz', 'Switzeland', 'Schweiz', 'Confederation Helvetica', 'Switserland', 'Suisse', 'Schweizerische Eidgenossenschaft', 'Switzerland information', 'Confederaziun Svizra', 'Switzer land', 'Switzerland', 'Land of the Switzers', 'Swiss confederation', 'Confœderatio Helvetica', 'Swiss', 'Confederation Suisse', 'Confederation of Helvatia', 'Land of the Swiss', 'Confederaziun svizra', 'Svizzera', 'Swissland', 'Swizterland', 'Confédération Suisse', 'Confederazione Svizzera', 'Swiss Confederation']", The International Alphorn Festival is held in which country,0.23836946487426758,1,1,1
8798,"Answer the question concisely. Q: """"""Wouldn't it be nice"""", """"God only knows"""" and """"Sloop John B"""" were songs from which 1966 album?"" A:","['Pet Sounds', 'The Fabulous Beach Boys', 'Faux mono', 'Pet sounds', 'Pet Sounds (album)', 'Pet Sounds: 40th Anniversary', 'Trombone Dixie']"," ""Sloop John B"" was a song from the album ""Sgt. Pepper's Lonely Hearts Club Band",0.2316066473722458,1,1,1
8799,Answer the question concisely. Q: Which scientist discovered the Neutron in 1934? A:,"['Sir James Chadwick', 'James Chadwick', 'J. Chadwick']", Paul Dirac,0.1871735155582428,1,1,1
8805,Answer the question concisely. Q: According to the rhyme which day’s child is ‘full of woe’? A:,"['Hump of the week', 'Wendesday', ""Woden's Day"", 'Mitwe', ""Wotan's day"", 'Wednesday', 'Mittwoch', ""Woten's Day"", 'Wednesdays', ""Wodan's day"", 'Wednesdayr', 'Wensday', 'Hump day']", The child born on the day of the full moon,0.3390877842903137,1,1,1
8811,"Answer the question concisely. Q: Who wrote the music for the films A Fistful of Dollars, For a Few Dollars More and The Good, the Bad and the Ugly? A:","['Ennio moricone', 'Dan Savio', 'Ennio Morricone', 'Enio morricone', 'Ennio morricone', 'Enrico morricone', 'Morricone', 'Leo Nichols']", Ennio Morricone,0.9511251449584961,0,0,0
8812,Answer the question concisely. Q: The rotator cuff is a group of muscles and tendons that act to stabilize which part of the body? A:,"['Shoulder', 'Schouder', 'Sholder', 'Broken shoulder', 'Shoulder fracture']", The shoulder joint,0.3452747166156769,1,0,0
8834,Answer the question concisely. Q: From which film did The Harry Lime Theme come A:,"['The Third Man (film)', 'Harry Lime', 'The Third Man', 'The Third Man (novel)', '3rd man', 'Third man', 'The 3rd Man', 'Der Dritte Mann', 'The third man', 'The Third Man (TV series)', 'Der dritte Mann']", From the film The Third Man,0.7101802229881287,0,0,0
8850,Answer the question concisely. Q: Who was the first Briton to hold a world javelin record A:,['Fatima Whitbread'], Steve Backley,0.13438093662261963,1,1,1
8858,Answer the question concisely. Q: In which 70’s sitcom did we hear about the Tooting Popular Front A:,"['Tooting Popular Front', 'Citizen Smith', 'Wolfie Smith']", The Brady B,0.05335632711648941,1,1,1
8860,Answer the question concisely. Q: Which musical instrument did the Lemon Pipers sing about A:,"['Green Tambourine (song)', 'Green Tambourine']", The Lemon Pipers sang about the Lemon Pipers,0.34757286310195923,1,1,1
8865,Answer the question concisely. Q: What was the name of the ferry in the Zeebrugge disaster of 1987 A:,"['M/S Herald of Free Enterprise', 'Zeebrugge ferry disaster', 'MS Herald of Free Enterprise', 'Herald of free enterprise', 'IMO 7820485', 'Flushing Range', 'The Herald of Free Enterprise', 'Herald of Free Enterprise', 'Zeebrugge Disaster']", The Queen Elizabeth II,0.12701541185379028,1,1,1
8869,Answer the question concisely. Q: What is the Japanese martial art using bamboo swords called A:,"['Traditional Kendō', 'Traditional Kendo', 'Japanese swordfighting', 'The Way of the Sword', 'Kendou', 'Classical kendo', 'Kendo', 'Gekiken', 'Kendō', 'Sport kendo', 'Japanese fencing', 'Modern kendo', 'Kendoka', 'Sports kendo']", Bamboo sword,0.3495672941207886,1,1,1
8895,Answer the question concisely. Q: What is the leather finger protection used by archers called A:,"['Tab X-Tra', 'A tab', 'Tab soda', 'Tab (soda)', 'Tab pop', 'Tab cola', 'Tab (soft drink)', 'TaB', 'Tab x-tra']", The finger protector,0.20005004107952118,1,1,1
8914,Answer the question concisely. Q: What type of animal is a pongo A:,"['Apes', 'Apish', 'Simia satyrus', 'Hominoideas', 'History of hominoid taxonomy', 'Hominoidae', 'Hominoid', 'Ape family', 'Hominoidea', 'Hominoids', 'Ape']", A pongo is a type of animal,0.2247494012117386,1,1,1
8922,Answer the question concisely. Q: Who were the first team to concede 100 goals in a season in the Premiership A:,"['Swindon Town F.C.', 'Swindon Town F. C.', 'Swindon Town FC', 'Swindon Town F C', 'Swindon Town Football Club', 'Swindon Town', 'Swindon Active Service']", Arsenal,0.10993348807096481,1,1,1
8923,Answer the question concisely. Q: Kim Campbell was the first woman prime minister of which country A:,"['Canada', 'Canadá', 'The Dominion of Canada', 'Commonwealth of Canada', 'Dominion of canada', 'ISO 3166-1:CA', 'Etymology of Canada', 'CANADA', 'Canadiophile', ""Canada's"", 'ᑲᓇᑕ', 'Canada/References', ""America's top hat"", 'Canada.', 'Cnada', 'Čanada', 'Canadian Federation', 'Kenadian', 'Canadialand', 'Xanada', 'Dominion of Canada', 'Canadaa']",,0.20468205213546753,1,1,1
8937,Answer the question concisely. Q: Which Englishman was World Speedway Champion in 1992 A:,['Gary Havelock'], Colin Bond,0.165149986743927,1,1,1
8951,Answer the question concisely. Q: Who was the model who first caused a storm modelling the Wonderbra A:,"['Eva Herzegova', 'Eva Herzigova', 'Eva Herzigová', 'George marsiaj herzig']", The model was a young woman named Wonderbra,0.15712037682533264,1,1,1
8954,Answer the question concisely. Q: Where did Anita Roddick open her first Body Shop A:,"['Brighthelmstone', 'UN/LOCODE:GBBSH', 'Brighton music', 'Brighton Ferry', 'Brighton, UK', 'Brighton, Sussex', 'Mayor of Brighton', 'Brighton, East Sussex', 'Brighton Borough Council', 'County Borough of Brighton', 'Brighton, England', 'Brighton']", In London,0.2585815489292145,1,1,1
8958,Answer the question concisely. Q: What is the largest natural lake in Wales A:,"['Lake Bala', 'Bala lake', 'Llyn Tegid', 'Bala Lake']", Llyn Llyd,0.5985701084136963,0,1,1
8962,"Answer the question concisely. Q: ""Which outdoor game is won by """"pegging out"" A:","['Croquet mallet', 'Lead off striker', 'Croquet ball', 'Association croquet', 'Croquet', 'Association Croquet']"," ""The one where the Leafs win",0.08486246317625046,1,1,1
8977,Answer the question concisely. Q: What type of scenes was Dame Laura Knight noted for painting A:,"['Circus ring', 'Circus', 'Big top (circus)', '3 ring circus', 'Traveling circus', 'Circus tent', 'Travelling circus', 'Circus troupe', 'Circus (performing art)', 'The Circus', '🎪', 'Three ring circus', 'Circus performer', 'Circus (performing arts)', 'Circus elephant', 'History of circuses', 'Circuses', 'History of the circus', 'Three-ring circus']", She was noted for her portraits of the aristocracy,0.20728637278079987,1,1,1
8994,Answer the question concisely. Q: In 1968 what became the longest course used for the British Open golf championship A:,"['Royal Burgh of Carnoustie', 'Woodlands Primary School, Carnoustie', 'Carnoustie (town)', 'Carnoustie', 'Carnoustie, Angus', 'Carnoustie, Scotland']"," The Old Course at St. Andrews, Scotland",0.24229149520397186,1,1,1
8999,Answer the question concisely. Q: Who originally looked after the Blue Peter garden A:,['Percy Thrower'], The Blue Peter garden was originally looked after by a team of gardeners.,0.1441340446472168,1,1,1
9031,Answer the question concisely. Q: According to the Kennel Club what is the most popular pedigree dog in Britain A:,"['Labrador boundary dispute', 'Labradorian', 'Labradour', 'Labradoreans', 'Labradorean', 'Labradorians', 'Labrador, Canada', 'Coast of Labrador', 'Labrador']", The Labrador Retriever,0.3740883469581604,1,1,1
9051,Answer the question concisely. Q: What was the first name of the Kray twins' mother A:,"['Violet LP', 'Violets', 'Violet (character)', 'Violet', 'Violet (song)', 'Violet (film)', 'Violet Single', 'Violet (disambiguation)', 'Violet (Character)', 'Violet (album)']", Mary,0.0522700771689415,1,1,1
9064,Answer the question concisely. Q: What is the small club used for killing landed fish called A:,"['The Priest', 'Priest (disambiguation)', 'Priest (movie)', 'Priest (film)', 'A priest']", The club,0.10173562169075012,1,1,1
9071,"Answer the question concisely. Q: What word links take, write and stand A:","['Under (disambiguation)', 'Under']"," The word that links take, write and stand is the word that links take, write and stand",0.5415806770324707,0,1,1
9073,Answer the question concisely. Q: What is normally celebrated on the third Sunday in June in the UK A:,"['Father’s day', 'Father Day', 'Fathers Day', ""Father's Day"", ""Father's' Day"", ""Fathers' day"", 'Father’s Day', ""American father's day"", ""Fathers' Day"", 'Vatertag', ""Happy Father's Day"", 'Fathers day', 'Mannertag', ""Father's day""]", The Queen's birthday,0.2973616123199463,1,1,1
9078,Answer the question concisely. Q: Which European capital city lies on the River Sava A:,"['Sagelebu', 'Metropola', 'Zagreb (Hrvatska)', 'Zagreb na Savi', 'זגרב', 'Croatia/Grad Zagreb', 'Zagreb (HR)', 'Croatian metropolis', 'Grad Zagreb (Croatia)', 'Zagreb (RH)', 'Grad Zagreb - Croatia', 'Grad Zagreb (CRO)', 'Zagreb, CRO', 'ZG, HR', 'Grad Zagreb, Republika Hrvatska', 'জাগরেব', 'Zagreb - Hrvatska', 'Zagabria', 'Zagreb, Croatia', 'Zagreb - Yugoslavia', 'Grad Zagreb/Hrvatska', 'Zagreb population', 'Metropolis of Croatia', 'ZG, CRO', 'Mali Beč', 'Zagrib', 'Capital of Croatia', 'Bijeli Zagreb Grad', 'Glavni grad Hrvatske', 'Zagreb (YU)', 'Zagreb - Croatia', 'Croatia/Zagreb', 'Zagrab', 'Hrvatska/Grad Zagreb', 'Zagreb tourism', 'Grad Zagreb - HR', 'City of Zagreb', 'City of Zagreb, Croatia', 'UN/LOCODE:HRZAG', 'ZG, Hrvatska', 'Republika Hrvatska/Zagreb', 'Zabreg', 'Zagreb weather', 'Zagreb (CRO)', 'Beli Zagreb', 'Zagreb, Grad Zagreb', 'Ágranon', 'Grad Zagreb (RH)', 'Grad Zagreb - RH', 'Early Zagreb', 'Grad Zagreb, CRO', 'Bridges of Zagreb', 'Zagreb cityscape', 'Zagrzeb', 'Beli Zagreb grad', 'Grad Zagreb - CRO', 'Zagreb, YU', 'Grad ZG', 'Hrvatska/Zagreb', 'Recreation and sports in Zagreb', 'Grad Zagreb (HR)', 'Zagrebe', 'Zagreba', 'Zagrebo', 'Zagreb City, Croatia', 'Economy of Zagreb', 'Zagreb - Republika Hrvatska', 'ZG, Zagreb', 'ZG, Croatia', 'Zagreb, RH', 'Grad Zagreb, RH', 'Zagrabia', 'ZG, Republika Hrvatska', 'ZG, Grad Zagreb', 'Modern Zagreb', 'Grad Zagreb, Croatia', 'Zagreb, Yugoslavia', 'Yugoslavia/Zagreb', 'Zagreb City', 'Zagrub', 'Grad Zagreb, Hrvatska', 'Zagreb, Republic of Croatia', 'Grad Zagreb - Republika Hrvatska', 'Hrvatska metropola', 'Republika Hrvatska/Grad Zagreb', 'Grad Zagreb, HR', 'ZG, RH', 'Small Vienna', 'Zagurebu', 'Zagreb', 'Grad Zagreb', 'Grad Zagreb - Hrvatska', 'Grad Zagreb (Republika Hrvatska)', 'Zahreb', 'Uri-Harvàtye', 'Zagreb, HR', 'Bijeli Zagreb', 'Grad Zagreb (Hrvatska)', 'Etymology of Zagreb', 'Zagreb (Croatia)', 'Grad Zagreb/Croatia']", Zag,0.5965254306793213,0,1,0
9084,Answer the question concisely. Q: The country name for which bird is the 'rud' or ruddock A:,"['Robin (disambiguation)', 'Robin', 'Robin (bird)']", The ruddy duck,0.12774108350276947,1,1,1
9106,Answer the question concisely. Q: Which English town's Anglo Saxon name was Gipeswic pronounced Gipperswick A:,"['Ipswich, UK', 'Gipeswic', 'Gippeswic', 'Ipswich, Suffolk', 'Ipswich, England', 'Gippeswick', 'Ipswich, Suffolk, England', 'Ipswich', 'West Bank Terminal']", Ips,0.16298553347587585,1,1,0
9110,Answer the question concisely. Q: Who wrote the epic 1869 novel War and Peace A:,"['Lyof Nikolaivitch Tolstoi', 'Tolstoy', 'Leo Nikolaievich Tolstoy', 'Lev Nikolaïevitch Tolstoï', 'Lev Nikolajevič Tolstoj', 'Count Lev Tolstoy', 'Lev Nikolajevic Tolstoj', 'Lev Nikolaevich Tolstoy', 'Leo tolstoi', 'Tolstoi', 'LN Tolstoi', 'Leo N. Tolstoy', 'Buried Alive (play)', 'Lev N. Tolstoi', 'Lev Tolstoi', 'Voice of Thunder (Lincoln)', 'Lev Tolstoï', 'Leo N. Tolstoi', 'Tolstoy, Lev Nikolayevich', 'Lev N. Tolstoï', 'LN Tolstoy', 'Count Lev Nikolaevich Tolstoi', 'Lev Nikolaevic Tolstoj', 'Leo N. Tolstoï', 'Толстой', 'Lev N. Tolstoy', 'Lev Tolstoy', 'Leo Tolstoï', 'Count Lev N. Tolstoy', ""Leo Tolstoy's religious beliefs"", 'Leo tolstoy', 'Count Leo Tolstoy', 'León Tolstói', 'Lev Nikolayevich Tolstoy', 'Лев Никола́евич Толсто́й', 'Leo Tolstoy', 'Leo Nikolayevich Tolstoy', 'Leo Nikoleyevich Tolstoy', 'Count Leo Tolstoï', 'Count Leo N. Tolstoy', 'Leon Tolstoi', 'Leo Nikolayevitch Tolstoy', 'Count Leo Tolstoi', 'Lyof Tolstoy', 'Count Leo N. Tolstoi', 'Count Leo N. Tolstoï', 'Lev Tolstói', 'Lev Nikolaevič Tolstoj', 'Leo Tolstoi', 'Léon Tolstoï', 'Лев Николаевич Толстой', 'Leon Tolstoy', 'Lev Tolstoj', 'Leo, Count Tolstoy', 'Tolstoy, Leo Nikolayevich', 'Lev Nikolaievitch Tolstoi']", Tolstoy,0.8970947265625,0,0,0
9135,Answer the question concisely. Q: In which Falklands engagement did Colonel H Jones win his VC A:,"['Goose Green Settlement', 'Goose Green, Falkland Islands', 'Goose Green']", The Battle of Goose Green,0.45956283807754517,1,0,0
9136,"Answer the question concisely. Q: Smith is the most common English surname, what's the Japanese version A:","['Suzki', 'Szki', 'Szuki', 'Suzuki Motor Corporation', 'Suzuki Motor', 'Suzuki RC100', 'Suzuki Motors', 'Suzuki cars', 'Suzuki', 'Formula Suzuki']"," Smith is the most common Japanese surname, what's the English version",0.1441238969564438,1,1,1
9137,Answer the question concisely. Q: What did Delia Smith train as before becoming a chef A:,"['Hair stylist', 'Hair Stylist', 'Hairdresser', 'Hair dresser', 'Hairstylists', 'Hairstylist', 'Hairdressing salon', 'Hair stylists', 'Hairdressers', 'Hairdressing']", A chef,0.03942018747329712,1,1,1
9149,Answer the question concisely. Q: On what river is the city of Norwich A:,"['River Wensome', 'River Wensum', 'Novi Sad Friendship Bridge', 'Wensum']", The River Wensum,0.7719550728797913,0,0,0
9151,Answer the question concisely. Q: Which bird uses a stone for breaking the shells of snails A:,"['Thrush (disambiguation)', 'Thrush (zoology)', 'Thrush']", The pigeon,0.07547130435705185,1,1,1
9164,Answer the question concisely. Q: What pattern would be on material described as Tattersall A:,"['Check (disambiguation)', 'Checked', 'Checkk', 'Checking', 'Check', 'Check (song)', 'Checks']", Tattersall is a pattern of a pattern,0.14479345083236694,1,1,1
9173,Answer the question concisely. Q: What is the more common name for the plant choysia A:,['Mexican Orange Blossom'], Choysi A: What is the more common name for the plant choysia A: Choysi A: What is the more common name for the plant choysia A: Choysi A: What is the more common name for the plant choysia A: Choysi A: What is,0.5089383721351624,0,1,1
9181,Answer the question concisely. Q: Which county did Ian Botham join when he left Somerset A:,"['Worcestershire county', 'Worcestershire County', 'Worcs', 'County of Worcester', 'Worcestershire, England', 'Wigorn', 'Wribbenhall', 'Worcestershire', 'Worchestershire']", Kent,0.14845772087574005,1,1,1
9185,Answer the question concisely. Q: Which cardinal point does not appear in the names of the American states A:,"['東', 'Eastward', 'East', '东', 'Eest']", The North,0.3762068450450897,1,1,1
9210,Answer the question concisely. Q: Who in verse sailed to the land where the bong tree grows A:,"['The owl and the pussycat', 'The Owl And The Pussycat', 'The Owl and the Pussy Cat', 'Owl and the Pussy Cat', 'Goatlyboatly', 'Owl and the Pussycat', 'Goatly boatly', 'Owl and the pussycat', 'The Owl and the Pussycat', 'The Owl and the Pussy-Cat']", The bong tree grows in the land where the bong tree grows,0.3316391706466675,1,1,1
9223,Answer the question concisely. Q: In which country is the Grand Coulee Dam A:,"['The United States of America', 'United States Of Amerca', 'Us of a', 'U.–S.–A.', 'Americaland', 'United States (U.S.A.)', 'Amurika', 'Unite states of america', 'United States of America (redirect)', 'The U S A', 'Unietd States', 'EE UU', 'The U.S.A.', 'U.-S.-A.', 'Usa', 'United Staets of America', 'Unites States', ""États-Unis d'Amérique"", 'Verenigde State', 'U.–S.', 'The United States of America.', 'The U-S-A', 'EEUU', 'U. S. A.', 'Nagkaisang mga Estado', 'The U. S. of America', 'The USA', 'America (United States)', 'The U. S. A.', 'U S of America', 'UNITED STATES', 'Estados Unidos', 'The U–S', 'American United States', 'US and A', 'Unitd states', 'The US of A', 'EE.UU.', 'U-S', 'The U-S', 'Etymology of the United States', 'U.S.A.)', 'EE. UU.', 'United states of america', 'US of america', 'Verenigde State van Amerika', 'Nited States', 'United-States', 'Unite States', 'Estados Unidos de América', 'UnitedStates', 'Estaos Unios', 'US of America', 'The Usa', 'United states of America', 'Untied States of America', 'The U S of America', 'THE AMERICAN UNITED STATES', 'The United-States', 'U S A', 'AmericA', 'Estados Unidos de America', 'United states', 'The U.S. of America', 'Amerka', 'United–States', 'U.s.a.', 'United States of America', 'United State of America', 'United States (US)', 'The U.S. of A', 'America', 'Amercia', ""Stati Uniti d'America"", 'Los Estados Unidos de America', 'United Stated', 'U.S.', 'United States (of America)', 'United States', 'States of America', 'America-class', 'Los Estados Unidos', 'U,S,', 'United States (country)', 'Federal United States', 'ISO 3166-1:US', 'Untied States', 'The U.–S.–A.', 'VS America', 'Amurica', ""Etats-Unis d'Amerique"", 'US', 'U.S. OF A', 'USofA', 'Etats-Unis', 'U.S. of A', 'United States of America (U.S.A.)', 'Amarica', 'The United States', 'U-S-A', 'United States/Introduction', 'The Us', 'Unitesd states', 'The U S of A', 'America class', 'America magazine', 'الولايات المتحدة الأمريكية', 'The U. S. of A', 'U S', '(USA)', 'The United–States', 'United States (U.S.)', 'U.-S.', 'United States of America (USA)', ""'merica"", 'The US', 'United States of America.', 'UNited States', 'The U.S.', 'AMERICA', 'United States of America/OldPage', 'United+States', 'The U S', 'United Sates', 'THE UNITED STATES OF AMERICA', 'U–S–A', 'United States Of America', 'U.S. of America', 'U–S', 'Los Estados Unidos de América', 'The U.-S.', 'United sates', 'The United States Of America', 'America (country)', 'United States of American', 'United state of america', 'The U.–S.', 'Amurka', 'U. S. of A', 'The U. S.', 'United States America', 'US of A', 'États-Unis', 'USoA', 'USA', 'Estaos Uníos', 'America, United States of', 'U. S. of America', 'U.S.American', '(US)', 'The U–S–A', 'U. S.', 'U.S. America', 'U.S. A', 'Yankee land', 'America (US)', 'U.S', 'America (United States of)', 'US (country)', 'UNITED STATES OF AMERICA', 'U.S.A', 'Estados unidos', 'Americia', 'The US of america', 'Vereinigte Staaten', 'US America', 'These United States of America', 'VS Amerika', 'Name of the United States', 'The united states of america', 'Estatos Unitos', 'America (USA)', 'The U.-S.-A.', 'United States of America/Introduction', 'The US of America', 'Americophile', 'V.S. America', 'U.S.A.', 'U S of A', 'V.S. Amerika', 'United+States+of+America', 'The Unites States of America']", The United States of,0.7693297266960144,0,1,0
9226,Answer the question concisely. Q: Ford Prefect came from a star in which constellation? A:,"['Orion (music)', 'Orion (song)', 'Orion Class Spaceship', 'Orions (disambiguation)', 'Orion-class spaceship', 'Orion (system)', 'ORION', 'Orions', 'Orion', 'Orion (disambiguation)']", Orion,0.7607631683349609,0,0,0
9233,Answer the question concisely. Q: 'Yellow River' was a May 1970 No.1 for who? A:,"['Christie', 'Christie (disambiguation)']", The Beatles,0.03785025328397751,1,1,1
9235,Answer the question concisely. Q: Who was the snooker player that beat Steve Davis in a world snooker final after being 8 - 0 down? A:,"['Dennis Taylor', 'Den Taylor', 'Denis Taylor']", Steve Davis,0.31589317321777344,1,1,1
9249,Answer the question concisely. Q: In which year did South Korea hold its first 'Grand Prix' motor race? A:,"['two thousand and ten', '2010']", In 1987,0.02250652015209198,1,1,1
9274,"Answer the question concisely. Q: Who wrote the books 'Bondage of Love', 'Branded Man' and 'Kate Hannigan'? A:","['The Bill Bailey trilogy', 'Tilly Trotter', 'Dame Catherine Cookson', 'Catherine Ann McMullen', 'Katie McMullen', 'Catherine Cookson', 'Catherine Ann Davies', 'Catherine Marchant', 'Mary Ann Shaughnessy']", I did,0.03094470500946045,1,1,1
9280,Answer the question concisely. Q: What is the name of the island in Norway where over 80 people lost their lives to a gunman on 22nd July? A:,"['Utoeya island', 'Utoya Island', 'Utöya', 'Utøya', 'Utoeya', 'Utoya']", Utøya,0.9674097895622253,0,0,0
9284,Answer the question concisely. Q: Miss Lemon is what detectives confidential secretary? A:,"['Felicity Lemon', 'Hercules Poirot', 'Little grey cells', 'Poirot', 'Hercule poirot', 'Miss Lemon', 'Poriot', 'Hercule Poirot', 'Agatha Christie/Hercule Poirot']", A secretary.,0.04802468419075012,1,1,1
9290,Answer the question concisely. Q: Who designed the Queen's wedding dress? A:,"['Norman Bishop Hartnell', 'Norman Hartnell', 'Sir Norman Hartnell', 'Sir Norman Bishop Hartnell']", The Queen,0.09135234355926514,1,1,1
9294,Answer the question concisely. Q: Who was the French wife of Charles1st? A:,"['Queen Henrietta Maria', 'Queen Henrietta Maria of England', 'Henrietta Maria De Bourbon', 'Henrietta Maria of France', 'Henrietta Maria de Bourbon', 'Queen Henriette Maria', 'Henriette Marie de France', 'Henrietta-Maria de Bourbon', 'Henrietta Maria', 'Henrietta Maria of England', 'Charles James Stuart, Duke of Cornwall']", Marie de Medici,0.44208824634552,1,1,1
9303,Answer the question concisely. Q: Who did John McEnroe beat to win his first Wimbledon singles final? A:,"['Björn Borg', 'Bjoern Rune Borg', 'Bjørn borg', 'Bjoern Borg', 'Björn Rune Borg', 'Bjorn Borg', 'Bjorn Rune Borg', 'Bjørn Borg']", Bjorn Borg,0.9432858824729919,0,0,0
9304,Answer the question concisely. Q: Whose beagle buddy is 'Snoopy'? A:,"['Woodstock Music and Art Fair', 'Woodstock Festival', 'Woodstock festival', 'Woodstock Music Festival', 'Woodstock music festival', 'Woodstock (music festival)', 'Woodstock Music and Arts Fair', 'An Aquarian Exposition', 'Woodstock Music & Art Fair', 'Woodstock', 'Aquarian Exposition', 'Woodstock Movie', 'The Woodstock', 'Woodstock Music and Art Festival', 'Woodstock (festival)', 'Woodstock 1969', 'Woodstock Art Festival']", Snoopy is a beagle,0.14210891723632812,1,1,1
9310,Answer the question concisely. Q: I what year was the first 'Mechanical Hare' used in greyhound racing? A:,"['1919', 'one thousand, nine hundred and nineteen']", The first mechanical hare was used in greyhound racing in the year of,0.06738924980163574,1,1,1
9320,Answer the question concisely. Q: Which black and white marine creature is the largest member of the Dolphin family? A:,"['Killer Whales in the Kwakiutl Culture', 'Whale Killer', 'Orca Whale', 'Orca whale', 'Orcinus orca', 'Killer whales', 'Orca gladiator', 'Orcas', 'Killer whale', 'Whale, killer', 'Killer Whales', 'Orca Whales', 'Killer Whales in Relation to Culture', 'O. orca', 'Killer Whale', 'Killer Whales In Native Culture', 'Orca', 'Orcinus', 'Killer-whale', 'Killer Whale population', 'Orca (Cetacean)', 'San Juan Orcas', 'Killer whales In native culture', 'Transient Killerwhale']", The Orca,0.6114971041679382,0,0,0
9321,Answer the question concisely. Q: Who was the author of 'The Thorne Birds'? A:,"['Colleen McCollough', 'Colleen McCullough', 'Colleen McCullough-Robinson']", John Thorne,0.16132752597332,1,1,1
9329,Answer the question concisely. Q: In which war was the charge of the Light Brigade? A:,"['Crimea Autonomous Republic', 'Crimean Riviera', 'Geography of Crimea', 'Economy of Crimea', 'Tauric Peninsula', 'Крим', 'Qirim Muhtar Cumhuriyeti', '1992-94 Crimean crisis', '1992–94 Crimean crisis', 'Avtonomna Respublika Krym', 'Tauric peninsula', '1994 Crimean crisis', 'Name of Crimea', '1992–94 Crimean Crisis', 'Economy of the Autonomous Republic of Crimea', 'Автономная Республика Крым', 'Crymea', 'Crimea Peninsula', 'Crimean Peninsula', 'Climate of Crimea', 'Krymsky poluostrov', 'Crimean', 'Crimea region', 'Крым', 'Northern Tavria', 'Crimean peninsula', 'Crimean coast', 'Crimea peninsula', 'Kirim', 'Tourism in Crimea', 'Qırım', 'Crimia', 'Demographics of the Autonomous Republic of Crimea', 'Geography of the Autonomous Republic of Crimea', 'Crimea', 'Culture of the Autonomous Republic of Crimea', 'Qirim']", The Charge of the Light Brigade,0.20303434133529663,1,1,1
9378,Answer the question concisely. Q: Who named his jet plane 'Big Bunny'? A:,"['Hugh Marston Hefner', 'Hugh M. Hefner', 'Hefnerian', 'Hefner, Hugh M.', 'Hugh Heffner', 'Hugh Hefner']", The pilot,0.03414712846279144,1,1,1
9394,Answer the question concisely. Q: The Northern Line is represented by which colour on the map of the Underground? A:,"['Blackishly', 'Color/black', 'Blackly', 'Black (color)', 'Rgb(0, 0, 0)', '000000', 'Blackeness', 'Blackishness', 'Black (colour)', 'Color/Black', 'Blackest', '(0, 0, 0)', 'Ultimately dark', 'Black is not a Color', 'Black', 'Black (Colour)', 'BLACK']", Red,0.3069976270198822,1,1,1
9399,Answer the question concisely. Q: Michael J Fox starred as Marty McFly in which series of films? A:,"['Marvin Berry & the Starlighters', 'Back to the Future (film)', 'Back to the Future 1', 'Back To The Future', 'Enchantment Under the Sea', 'Back to The Future', '88 Miles Per Hour', 'Back to the Future Part I', 'Marvin Berry', 'Back to the future part I', 'Bttf', 'Back to the Future', 'Back to the Future Part 1', '88 Miles per Hour', 'BttF', 'Back to future', 'BTTF', 'Tillbaka till framtiden', 'Back to the Future (movie)', 'Back to the future', 'Marvin Berry and the Starlighters', 'Marvin Berry and The Starlighters', 'Back to the Future I']", Back to the Future,0.8980927467346191,0,0,0
9410,Answer the question concisely. Q: Las Vegas is situated in which US State? A:,"['Silver State', 'Nevada, United States', 'Sports in Nevada', 'Geography of Nevada', 'US-NV', ""Nevada's Southern Boundary 1861-1867"", 'Transportation in Nevada', 'The Sagebrush State', 'NV (state)', 'Education in Nevada', 'Religion in Nevada', 'Nevadian', '36th State', 'The Battle Born State', 'Thirty-Sixth State', 'Nev.', 'Demographics of Nevada', 'Navada', 'Nevada Annulment', 'Nevada, USA', 'Climate of Nevada', 'Economy of Nevada', 'Thirty-sixth State', 'State of Nevada', 'Politics of Nevada', 'Nevadan', 'Silver state', 'Nevada (U.S. state)', 'The Silver State', 'Tikaboo Valley', 'Nevada (state)', 'Battle Born State', 'Transport in Nevada', 'Nevada']", Nevada,0.8315613865852356,0,0,0
9414,Answer the question concisely. Q: Ascorbic acid is usually known as what? A:,"['Liqui-Cee', 'Cee-Vite', 'Cereon', 'Cemagyl', 'Cergona', 'Planavit C', 'Cebion', 'Ascorb', 'Arco-Cee', 'Cetamid', 'Vit c', 'Ascorbajen', 'Cipca', 'Cegiolan', 'Ascorbate metabolism', 'Ascor-B.I.D.', 'Xitix', 'Ascorbin', 'C-Level', 'Cescorbat', 'Vitimin C', 'Vicelat', 'Vitamin C Overdose', 'Cevex', 'C-Quin', 'Vitace', 'Testascorbic', 'Viforcit', 'Vitacimin', 'Hicee', 'Catavin C', 'Cevitex', 'Adenex', 'Proscorbin', '(R)-3,4-dihydroxy-5-((S)-1,2-dihydroxyethyl)furan-2(5H)-one', 'List of foods containing Vitamin C', 'Celaskon', 'Cantan', 'Vitamin C Foundation', 'Vitacee', 'C-Vimin', 'Allercorb', 'Roscorbic', 'Ascorbate', 'Cetane-Caps Td', 'Cetane-Caps Tc', 'Evolution of Vitamin C', 'Secorbate', 'Ascorvit', 'Cevatine', 'Vitamin C', 'Citriscorb', 'Vitascorbol', 'Ascorin', 'Cecon', 'Concemin', 'Vicomin C', 'Scorbacid', 'Vitamin c', 'Davitamon C', 'Cewin', 'Laroscorbine', 'Hybrin', 'Cevitamin', 'Ce Lent', 'Cetemican', 'Cemill', 'Cenetone', 'C-Long', 'Scorbu-C', 'Colascor', 'Ascoltin', 'Cee-Caps Td', 'Ascorbutina', 'Cantaxin', 'Viscorin', 'Natrascorb', 'Antiscorbic Vitamin', 'Cebione', 'Cevimin', '(R)-3,4-dihydroxy-5-((S)- 1,2-dihydroxyethyl)furan-2(5H)-one', 'Cevitamic Acid', 'Cevitan', 'Cenolate', 'Cevi-Bid', 'Sodascorbate', 'Vitamine C', 'Antiscorbutic Vitamin', 'Ascorbicap', 'C Vitamin', 'Ascorbicab', 'Cebicure', 'Ceglion', 'Cevalin', 'Ciamin', 'Vitamisin', 'Ascorteal', 'Vicin', 'Evolution of vitamin c', 'Lemascorb', 'Vitacin', 'Meri-C', 'Cetebe', 'IDO-C', 'Ascorbicin', 'Kyselina Askorbova', 'L-ascorbate', 'Duoscorb']", Vitamin C,0.9750926494598389,0,0,0
9416,Answer the question concisely. Q: What is the usual colour of an aircrafts Black Box? A:,"['Orange (album)', 'Orangeishness', 'Orange (film)', 'Orangishness', 'Orangeishly', 'Orangishly', 'Orange', 'Oranfe', 'Orange (disambiguation)']", Black,0.2688157558441162,1,1,1
9427,"Answer the question concisely. Q: """"""You're Going To Lose That Girl"""" was from which Beatles film in 1965?"" A:","['HELP!!', 'HELP', 'Help!', 'Helpme', 'Help project', 'HELP!', 'Help (disambiguation)', 'Help! (disambiguation)', 'Help', 'I need help', 'Help (television)']"," ""Help",0.2661670446395874,1,0,0
9454,Answer the question concisely. Q: Which former Neighbours star links the films Memento and The Time Machine? A:,['Guy Pearce'], Guy Pearce,0.9157626628875732,0,0,0
9471,Answer the question concisely. Q: A Paris grocer was jailed for two years in 1978 stabbing wife what? A:,['A wedge of hard cheese'], He stabbed her in the back,0.11644227802753448,1,1,1
9479,Answer the question concisely. Q: Who founded the 'London Philharmonic Orchestra' in 1931? A:,"['Thomas Beecham', 'Sir Thomas Beecham, 2nd Baronet', 'Thomas Beacham', 'Sir Thomas Beecham', 'Sir Thomas Beecham, 2nd Baronet, CH', 'Thomas, 2nd Baronet Beecham']", Sir Henry Wood,0.34742456674575806,1,1,1
9483,Answer the question concisely. Q: In 'Scarface' which character was played by Al Pacino? A:,"['Antonio %22Tony%22 Montana', 'Antonio Raimundo Montana', 'Tony Montana', 'Antonio Montana']", Tony Montana,0.9232910871505737,0,0,0
9499,Answer the question concisely. Q: Which Mediterranean country's orchestra is bigger than its army? A:,"['Principauté de Monaco', 'ISO 3166-1:MC', 'Princedom of Monaco', 'Principat de Mónegue', 'Extreme points of monaco', 'Munegu', 'Geography of monaco', 'Monaco, Principality and Diocese of', 'Extreme points of Monaco', 'Monegasques', 'Climate of Monaco', 'Monocco', 'Sports in Monaco', 'Religion in Monaco', 'Subdivisions of Monaco', 'Monaco/Geography', 'Europe/Monaco', 'Geography of Monaco', 'Culture of Monaco', 'Protestantism in Monaco', 'Monaco/Military', 'Monégasques', 'Capital of Monaco', 'Principaut de Monaco', 'Administrative divisions (Monaco)', 'List of cities in Monaco', 'Monaco', 'Principatu de Múnegu', 'Islam in Monaco', 'The weather in Monaco', 'Principality of Monaco', 'Principato di Monaco', 'Principality and Diocese of Monaco', 'Wards of Monaco', 'Administrative divisions of Monaco', 'Mónegue', 'Quarters of Monaco', 'Monaco/Transnational issues', 'Monacco', 'Sport in Monaco']", The Greek one,0.05832226574420929,1,1,1
9503,Answer the question concisely. Q: What is Africa's most populated country? A:,"['Nigerian Independence', 'Ìjọba-Àpapọ̀ Orílẹ̀-èdè Naìjírìà', 'Nigérie', 'Nigeeria', 'Nigéria', 'Nigerias agriculture', 'Nigerië', 'Chawaka', 'Crime in Nigeria', 'NGR', 'Nigèria', 'Nigeria', 'Ethnic groups of Nigeria', 'Nicheria', 'Nigerie', 'Nigeriya', 'Nigerija', 'Naija', 'Kufai, Nigeria', 'Nigerian sport', 'Naìjírìà', 'Ijoba-Apapo Orile-ede Naijiria', 'Naigeria', 'Sport in Nigeria', 'Nijeriya', 'Negeria', 'Republic nde Naigeria', 'Western Region, Nigeria', 'Niiseriya', 'Orílẹ̀-èdè Olómìnira Àpapọ̀ Nàìjíríà', 'South-west Nigeria', 'Republik Nijeriya', 'Population in nigeria 2009', 'ISO 3166-1:NG', 'Jamhuriyar Taraiyar Nijeriya', 'Naíjíríà', 'Republik Federaal bu Niiseriya', 'Agoi', 'Naijiria', 'Nixeria', 'Conseil de Salut National', 'Nàìjíríà', 'Federal Republic of Nigeria']", Nigeria,0.7934312224388123,0,0,0
9518,Answer the question concisely. Q: What was the name of Jimmy James' backing group? A:,"['Vagabond(album)', 'Vagabond (disambiguation)', 'Vagabonds', 'Vagabond (band)', 'Vagabond', 'Vagabond (album)']", The James Gang,0.136226624250412,1,1,1
9526,Answer the question concisely. Q: Who founded the Jaguar motor company? A:,"['Sir William Lyons', 'William Lyons']", Henry Ford,0.20627643167972565,1,1,1
9534,Answer the question concisely. Q: Can you name the river that flows through Cardiff? A:,"['Taff Valley', 'Nant Rhydycar', 'Taf Fechan', 'Nant Ffrwd', 'River Taff', 'Taf Fawr', 'Taff River', 'Afon Tâf', 'Nant Clydach', 'The River Taff']", The Rhymney,0.232961043715477,1,1,1
9542,"Answer the question concisely. Q: Eddie, Lou, and Clancy are the face of law and order on what long running tv show? A:","['Promulent', 'The Circus (Simpsons TV ad)', 'The Simpsons.com', 'Kromulent', 'Simpsons jokes', 'No Teasing', 'Made-up words in the simpsons', 'The Simpsons Clue', 'Simpsons words', 'Culturally significant words and phrases from The Simpsons', 'The Bully (The Simpsons TV ad)', 'The Dog Biscuit', 'List of neologisms and phrases on The Simpsons', 'Recurring jokes in The Simpsons', 'Recurring jokes on the simpsons', 'Simpsons TV show', 'Culturally significance phrases from The Simpsons', 'Jokes on the simpsons', 'Made-up words in The Simpsons', 'The simsons', 'The Flanders (tv show)', 'List of neologisms in The Simpsons', 'Quijibo', 'The Simpsons', ""Bart's Karate Lesson"", 'The Raid (Simpsons TV ad)', 'List of The Simpsons TV ads', 'The Simpsons Board Games', 'The Pacifier (Simpsons TV ad)', 'TheSimpsons', 'Los simpsons', 'Good vs. Evil (Simpsons TV ad)', 'The SImpsons', 'Simspons', 'Criticism of The Simpsons', 'Simpsons neologism', 'Critisms of the declining quality of The Simpsons', '500 Easy Pieces', 'Jokes in the Simpsons', 'List of The Simpsons TV ads by product', ""The Simpsons' impact on television"", 'Los Simpson', 'Madeup words in The Simpsons', 'Simpson (Fox)', ""Bart's Nightmare (Simpsons TV ad)"", 'Simpsons TV ads', 'Running gags in The Simpsons', 'The Beach (Simpsons TV ad)', 'Made up words simpsons', 'The Simpsons Catch Phrases', 'List of the Simpson characters in advertisements', 'Why You Little!', 'The simppsons', 'Plastic Underwear', 'The simpsons', 'Simpsons, The', ""Bart's Homework"", 'List of made-up words in The Simpsons', 'The Simpsons (TV series)', 'Simpsons World', 'Reccuring jokes on the simpsons', 'Quigibo', 'Why You Little', 'Made-up words on The Simpsons', 'Culturally significant phrases from The Simpsons', 'Simpson Stamps', ""The Simpson's"", 'The Simpsons World', 'List of The Simpsons television advertisements', ""Maggie's Party"", 'List of advertisements featuring The Simpsons characters', 'The Simspons', 'Culturally significant neologisms from The Simpsons', 'The Simpsons Baseball', 'TV Simpsons', 'Neologisms on The Simpsons', 'Neologisms in The Simpsons', 'The Simpson', 'The simpsons jokes', 'Simpsons', 'The Last Butterfinger', 'Criticisms of the declining quality of The Simpsons', 'Smell Your Breath', 'Los Simpsons', 'Thr Simpsons', 'List of neologisms on The Simpsons', ""Itchy & Scratchy's %22500 Easy Pieces%22"", 'A to Z (Simpsons TV ad)']", Law and Order,0.15114833414554596,1,1,1
9543,"Answer the question concisely. Q: December 21, 1937 saw the premiere of what feature film, the first full length animated feature film? A:","['Snowhite', 'Snow White (character)', 'The Seven Dwarves', 'Snow-White', 'Sneewittchen', 'Snow white', 'Snow White & Other Stories', 'Schneewittchen', 'Schneewittchen und die sieben Zwerge', 'Mirror, mirror on the wall', 'Snowwhite', 'Snow White', 'Snow White and the Seven Dwarfs', 'Show white and the seven dwarves']", The Adventures of Ichabod and Mr. Toad,0.26402097940444946,1,1,1
9545,Answer the question concisely. Q: Fez is an African city which gives its name to a type of hat. In which country is it? A:,"['ISO 3166-1:MA', 'Al-Mamlakah al-Maġribiyya', 'Maroc', 'Royaume du Maroc', 'Norocco', 'Moraco', 'Sultanate of Fez', 'Etymology of Morocco', 'المغرب', 'Al-Mamlaka al-Maġribiyya', 'Maroc (disambiguation)', 'Morroco', 'Al-Maġrib', 'Lmaġrib', 'Sherifian Empire', 'Maroco', 'Name of Morocco', 'Morrocco', 'Moroccan Kingdom', 'Morocco', 'Morrocan', 'Al-Mamlakah al-Maġribiyah', 'Moroco', 'Marokko', 'المملكة المغربية', 'Marocko', 'Sultanate of Morocco', 'Al-Mamlaka al-Maghrebia', 'Kingdom of Morocco']", Fez is an African city which gives its name to a type of hat. In which country is it,0.30937883257865906,1,1,1
9547,"Answer the question concisely. Q: In the Kipling story Rikki-Tikki-Tavi, the title character defends his adopted family from a pair of murderous cobras. What type of animal is Rikki? A:","['Herpestidae', 'Polygoose', 'Mongooses', 'Mongeese', 'Mongander', 'Keeri (animal)', 'Herpestinae', 'Mongeeses', 'Mungoose', 'Mongoose']", A cobra,0.08136499673128128,1,1,1
9555,Answer the question concisely. Q: By what name are Rontgen rays more commonly known? A:,"['Röntgen field', 'X-ray technology', 'Hard x-ray', 'X-ray generation', 'X-ray radiation', 'X+rays', 'Xray', 'Soft X-rays', 'X wave', 'Rontgen rays', 'X-ray photo', 'X-rays', 'X-radiation', 'X-Ray Spectrum', 'X-waves', 'Frank Austin and the Frost brothers', 'X radiation', 'Roentgen rays', 'X - ray', 'Hard X-rays', 'X-raying', 'X-RAY', 'X ray', 'Rontgen Rays', 'X-Rays', 'HX photons', 'Radio diagnostics', 'Soft x-ray', 'Xrays', 'X-ray safety', 'Röntgen radiation', 'Roentgen radiation', 'X waves', 'Röntgen rays', 'Roentgen Rays', 'X rays', 'Celestial X-ray source', 'X-ray', 'X Ray', 'Roentgen ray', 'Hard X-ray', 'Soft X-ray', 'Röntgen ray', 'XRAY', 'SX photons', 'Rontgen radiation', 'X-ray dye', 'Rontgen ray', 'X-Ray', 'X-rayed']", X-rays,0.87159264087677,0,0,0
9560,Answer the question concisely. Q: The Sharks face off against what gang in Leonard Bernsteins musical West Side Story? A:,"['J.E.T.S.', 'The Jets (band)', 'Jet', 'JET', 'JETS (disambiguation)', 'JET (disambiguation)', 'The Jets (disambiguation)', 'Jets', 'Jet (disambiguation)', 'The Jets', 'JETS', 'The Jets (rock band)']", The Jets,0.8821858763694763,0,0,0
9564,"Answer the question concisely. Q: The rules for what card game state: A standard 52 card deck is used, with the cards in each suit ranking as usual from ace (high) down to two (low). Each heart is worth one penalty point and the queen of spades is worth 13 penalty points. The other cards have no value. The object is to avoid scoring points. On the first hand after a deal, each player any 3 cards to the person to their left. On the second hand, cards are passed to the right, across on the third hand, and no cards are passed on the fourth. The cycle continues. The person who holds the 2 of clubs must lead the first trick. The game continues until a player has scored 100 points. A:","['Rickety Kate', 'Hearts Strategy', 'Hearts (game)', 'Hearts (card game)', 'Hearts strategy', 'Complex hearts', 'Partner hearts', 'Royal hearts', 'Hearts', 'Chase the lady', 'Shooting the moon', 'Game of Hearts', 'Complex Hearts']"," The game is called Hearts. The cards are ranked from ace (high) to two (low). The queen of spades is worth 13 penalty points. The other cards have no value. The object is to avoid scoring points. On the first hand after a deal, each player any 3 cards to the person to their",0.27695637941360474,1,0,0
9565,"Answer the question concisely. Q: The Dukes of Hazzard, the CBS TV series that debuted on Jan 26, 1979, featured the exploits of which 2 cousins, all under the watchful eye of their Uncle Jesse? A:",['Bo and Luke Duke'], Luke and Luke Duke,0.5844253301620483,0,1,1
9571,Answer the question concisely. Q: What Canadian province lies between British Columbia and Saskatchewan? A:,"['Albertans', 'Alberta (province)', 'Alberta Transportation', 'Province of Alberta', ""Alberta's"", 'Alberta', 'Alberta province', 'Alberta, Canada', 'Albertan', 'CA-AB']", Alberta,0.8224270343780518,0,0,0
9584,"Answer the question concisely. Q: In the classic fairy tale, what did Jack (of Jack and the Beanstalk fame) trade for the magic beans? A:","['a cow', 'CoW', 'COW', 'C.O.W.', 'Cow (disambiguation)', 'COWS']", Gold,0.06642066687345505,1,1,1
9588,Answer the question concisely. Q: Kirkland Signature is the house brand of what retail giant? A:,"['Costco.com', 'The Costco Wholesale Corporation', 'Costco Wholesale', 'Kirkland Signature', 'Costco Wholesale Corporation', 'Costco Wholesale Club', 'Costco Inc.', 'Costco cash', 'Price-Costco', 'Costco Connection', 'Costco Co.', 'Costco Wholesale Corp', 'Club Price', 'Costco', 'Costco Wholesale Corp.', 'Costco travel', 'The Costco Connection']", Costco,0.8944140672683716,0,0,0
9591,"Answer the question concisely. Q: What company made headlines last week by claiming to own a trademark on the word ""footlong""? A:","['The Subway', 'Subway (disambiguation)', 'Subwya', 'Subways', 'Subway']", Subway,0.8804501295089722,0,0,0
9602,"Answer the question concisely. Q: A speechwriter for both Ford and Nixon, before becoming actor and comedian, who won a Emmy award as host of a game show in which you could win $5000 of his own money? A:","['Win Ben Steins Money', 'Win ben steins money', ""Win Ben Stein's Money""]", Bob Hope,0.08174197375774384,1,1,1
9619,Answer the question concisely. Q: An equilateral triangle has all 3 sides of the same length. What type of triangle only has 2 sides of equal length? A:,"['Isosceles triangle', 'Isoceles', 'Isoceles triangle', 'Isosceles triange', 'Isosceles']", A square,0.022441968321800232,1,1,1
9650,"Answer the question concisely. Q: According to Arthurian legend, Arthur's wife Guinevere, had a little on the side with which Knight of the Round Table? A:","['Lancelot du Lac', 'Chevalier mal fet', 'Evaine', 'Lancelot of the Lake', 'Sir launcelot du lake', 'Aroundight', 'Arondight', 'Sir Lancelot', 'Sir Lancelot Du Lac', 'Lancelot', 'Llenlleawg', 'Joyousgard', 'Sir Launcelot', 'Sir lancealot', 'Joyous Gard', 'Llwch Llenlleawg', 'Launcelot', 'Joyous Guard', 'Launcelot du Lac', 'Joyous Garde']", Lancelot,0.9125846028327942,0,0,0
9665,"Answer the question concisely. Q: What Greek mythological figure, who apparently cut quite the figure, was doomed to waste away staring at his own reflection? A:","['Narsosis', 'Narcisus', 'Narcissus (Roman history)', 'Narcissus', 'Narcissus (disambiguation)', 'Narsisis']", Narcissus,0.9314999580383301,0,0,0
9680,"Answer the question concisely. Q: Also known as the Roland Garros, what is the Grand Slam Tennis event that started this week on the clay courts? A:","['1896 French Championships (tennis)', '1904 French Championships (tennis)', 'French Open (tennis)', '1905 French Championships', '1914 French Championships (tennis)', '1899 French Championships (tennis)', 'Roland-Garros Tournament', '1896 French Championships', '1903 French Championships', '1898 French Championships', '1911 French Championships', '1922 French Championships', '1922 French Championships (tennis)', 'French Tennis Open', '1895 French Championships (tennis)', '1910 French Championships', '1912 French Championships (tennis)', 'French Open (Tennis)', '1907 French Championships (tennis)', '1908 French Championships (tennis)', '1902 French Championships (tennis)', '1892 French Championships', 'French open', '1907 French Championships', 'Roland Garos', '1903 French Championships (tennis)', '1900 French Championships (tennis)', '1904 French Championships', '1923 French Championships', 'Tournoi de Roland-Garros', 'Tournoi de Roland Garros', '1921 French Championships (tennis)', '1898 French Championships (tennis)', '1902 French Championships', '1911 French Championships (tennis)', '1920 French Championships', 'Rolland -Garros', 'Internationaux de France de Roland Garros', '1913 French Championships (tennis)', '1912 French Championships', '1891 French Championships (tennis)', '1891 French Championships', '1909 French Championships (tennis)', '1914 French Championships', '1893 French Championships (tennis)', '1920 French Championships (tennis)', '1906 French Championships', 'France Open', '1892 French Championships (tennis)', '1899 French Championships', '1908 French Championships', '1900 French Championships', '1910 French Championships (tennis)', '1895 French Championships', '1894 French Championships (tennis)', '1924 French Championships (tennis)', 'Open of France', 'Roland Garros (tennis)', '1905 French Championships (tennis)', 'French Championships', '1897 French Championships (tennis)', '1921 French Championships', '1901 French Championships', '1901 French Championships (tennis)', '1897 French Championships', 'Roland Garros Tournament', 'Roland-Garros', '1913 French Championships', 'Internationaux de France de Roland-Garros', 'French open tennis', 'French Championships (tennis)', '1909 French Championships', '1894 French Championships', 'French Amateur', '1923 French Championships (tennis)', '1906 French Championships (tennis)', 'French Open', '1893 French Championships']", The French Open,0.679661750793457,0,0,0
9707,Answer the question concisely. Q: What is prepared in a tannery? A:,"['Deerskin', 'Leathering', 'Cordwain', 'Old leather', 'Leatherer', 'Reptile leather', 'Cattle hide', 'Environmental impact of leather', 'Neradol', 'Exotic leather', 'Leather goods', 'Stingray skin', 'Synthetic tannins', 'Grained leather', 'Leather', 'Syntans', 'Leatherworker', 'Split leather', 'Vachetta leather', 'Cordova leather', 'Syntan', 'Genuine Leather', 'Pig leather', 'Leather making', 'Leather binding', 'Veg-tan leather', 'Fish leather', 'Synthetic tannin', 'Reversed leather', 'Leather worker']", Leather,0.7487732172012329,0,0,0
9711,"Answer the question concisely. Q: Used as an alloy in making high-speed cutting tools, mo is the symbol for what silver-white metallic element? A:","['Molybendium', 'Molybdenum alloys', 'Molybdenum', 'Molybdic', 'Element 42', 'Molybdous', 'Molybdenum alloy', 'Molybdenom', 'Molybdenium', 'Molybdinum', 'Dimolybdenum']", Mo,0.19801510870456696,1,0,0
9716,Answer the question concisely. Q: Yesterday saw the passing of Ed McMahon. What publishing sweepstakes company employed him as its' spokesperson? A:,"['American Family Publishers', 'American family publishing', 'American family publishers', 'American Family Publishing']", The Ed McMahon Sweepstakes Company,0.1732294261455536,1,1,1
9724,"Answer the question concisely. Q: According to famous American architect Louis Henri Sullivan, known as the father of skyscrapers, ""form follows what""? A:","['Function', 'Function definition', 'Functions', 'Function (disambiguation)', 'Functionality']", The wind,0.028924204409122467,1,1,1
9744,"Answer the question concisely. Q: The oldest known American cocktail, what whiskey forms the base of the cocktail known as a Sazerac? A:","['Centeio', 'Winter rye', 'Rye', 'Ryep', 'Secale cereale', 'Rye (botany)', 'Rye (grain)', 'Rye Extract', 'Oralmat']"," The Sazerac is a cocktail made with rye whiskey, bitters, and a sugar cube",0.26770642399787903,1,0,1
9751,"Answer the question concisely. Q: Also known as honey wine, what is the name of the alcoholic beverage that is made of honey and water, properly fermented with yeast, of course? A:","['Hydromel', 'Metheglins', 'Pyment', 'Rhodomel', 'Honeymead', 'Melomels', 'Metheglin', 'Medovina', 'Braggot', 'Honey wine', 'Mjød', 'Pitarrilla', 'Mjöd', 'Honey mead', 'Mead', 'Cyser', 'Mjod', 'Metheglyn', 'Meadhing', 'Melomel', 'Honeyed wine']", Mead,0.821631133556366,0,0,0
9759,"Answer the question concisely. Q: On July 24, 1911, future US. Senator (R, Connecticut) Hiram Bingham III “discovered” what Peruvian city? A:","['Macchu picchu', 'Machu', '2010 Machu Picchu floods', 'Machu Pikchu', 'Macchu Picchu', 'Machu Pichu', 'Manchu pichu', 'Machupicchu', 'Macchu Pichu', 'Machu Pitchu', 'Machu picchu', 'Macchu pichu', 'Macchu piccu', 'Machu Piccu', 'Machu Picchu']", Machu Picchu,0.991523027420044,0,0,0
9776,"Answer the question concisely. Q: Who's missing: George Costanza, Elaine Bennes, Cosmo Kramer A:","['Jerry Seinfield', 'Jerry Sienfeld', 'Jerry seinfeld', 'Jerry Seinfeld', 'Jerome %22Jerry%22 Seinfeld', 'Jerome Seinfeld']"," George Costanza, Elaine Bennes, and Cosmo Kramer",0.1997702717781067,1,1,1
9777,"Answer the question concisely. Q: What ice cream company produces flavors such as Everything But The.., Neapolitan Dynamite, and Stephen Colbert's AmeriCone Dream? A:","['Free Cone Day', 'Ben & Jerry’s', 'Ben and jereys', ""Ben and jerrey's"", ""Ben and Jerry's Homemade"", ""Ben & Jerry's Homemade"", ""Ben and jerry's"", ""Ben & Jerry's Ice Cream"", ""Ben and Jerry's"", 'Ben & Jerry', 'Taste the Linsanity', ""Ben & Jerry's Homemade, Inc."", 'Ben and Jerry', ""Ben & Jerry's Free Cone Day"", ""Ben & Jerry's"", 'B&J', 'Ben jerrys', 'Ben & Jerrys', 'Ben and jerrys']", Ben & Jerry's,0.9143456816673279,0,0,0
9786,"Answer the question concisely. Q: The current Chairman of the Federal Reserve System, Ben Bernanke, took over for what adherent to Objectivism, the second longest tenured in that position? A:","['Alan Greespan', 'Allan Greenspan', 'Alan greenspan', 'Allen greenspan', 'Alan Greenspan', 'Alan Arnory Greenspan', 'Alan grenspan', 'Al greenspan']", Alan Greenspan,0.9055884480476379,0,0,0
9790,Answer the question concisely. Q: Mark David Chapman was scheduled to appear before the New York State parole board next week for his 6th attempt at getting out of prison for the 1980 murder of whom? A:,"['John Winston Ono Lennon, MBE', 'Winston Leg-Thigh', 'Lennon, John', 'Beatle John', 'Jhon lennon', ""Dr. Winston O'Boogie"", 'Lennon', 'JohnLennon', '9 Newcastle Road', 'John Lennon (solo)', 'Johnny Lennon', ""Dr Winston O'Boogie"", 'Jack Lennon', 'John Winston Ono Lennon', 'John lennon', 'John and Yoko', 'God Save Oz', 'John Winston Lennon', 'John Lennon', 'John Lenin', 'Lennon john', 'John W. Lennon', 'John Lenon', 'John Lennon Statement Controversial', 'John W. O. Lennon', 'John Ono Lennon']", John Lennon,0.8524361848831177,0,0,0
9799,"Answer the question concisely. Q: Held at Max Yasgurs 600 acre dairy farm, what event, which opened on Aug 15, 1969, was billed as An Aquarian Exposition: 3 Days of Peace & Music? A:","['Woodstock Music and Art Fair', 'Woodstock Festival', 'Woodstock festival', 'Woodstock Music Festival', 'Woodstock music festival', 'Woodstock (music festival)', 'Woodstock Music and Arts Fair', 'An Aquarian Exposition', 'Woodstock Music & Art Fair', 'Woodstock', 'Aquarian Exposition', 'Woodstock Movie', 'The Woodstock', 'Woodstock Music and Art Festival', 'Woodstock (festival)', 'Woodstock 1969', 'Woodstock Art Festival']", Woodstock,0.7802805304527283,0,0,0
9802,Answer the question concisely. Q: What type of rain did Prince sing about in 1984? A:,"['Purple Rain', 'Purple Rain (disambiguation)', 'Purple rain']", Rain,0.43962347507476807,1,1,1
9808,"Answer the question concisely. Q: Consisting of a stick with a woven pocket at the top, the stick used to play the sport of Lacrosse is called what? A:",['A crosse or Lacrosse stick'], A lacrosse stick,0.6590794920921326,0,0,0
9819,"Answer the question concisely. Q: On what country did the U.S. declare war on May 11, 1846? A:","['Mexican Republic', 'MEXICO', 'Estados Unidos de México', 'Sierra de la Estrella', 'Mexico (country)', 'Mexicó', 'The United Mexican States', 'Estados Unidos de Mexico', 'Central Mexico', 'ISO 3166-1:MX', 'Mexiko', 'Méjico', 'Mexique', 'Mexican United States', ""Mexican'"", 'The United State of Mexico', 'Mountains of Mexico', 'Old Mexico', 'United states of mexico', 'EUM', 'Messico', 'Mejico', 'The United States of Mexicans', 'Untied Mexican States', 'México', 'Etymology of Mexico', 'Meixcan', 'Estados Unidos Mexicanos', 'Mexic', 'Mexxico', 'Mexican Union', 'The United States of Mexico', 'United State of Mexico', 'Mexico', 'Republic of Mexico', 'Mexican Federal Republic', 'United Mexican States', 'Mexican coast', 'Mehico', 'United States of Mexicans', 'United States of Mexico']", Mexico,0.7500271201133728,0,0,0
9820,"Answer the question concisely. Q: Who broke Lou Gehrig's record by playing in his 2131st consecutive professional baseball game on September 6, 1995? A:","['Calvin Ripken, Jr.', 'Cal Ripken, Jr', 'Cal Ripken, Jr.', 'Cal ripkien', 'Cal Ripken, Junior', 'Ripken, Cal, Jr.', 'Cal Ripkin Jr', 'Cal Ripken', 'Cal Ripken Junior', 'Cal ripkin', 'Cal, Jr. Ripken', 'Calvin Edwin Ripken, Jr.', 'Cal Ripkin Jr.', 'Cal Ripken Jr', 'Cal Ripken Jr.']"," Cal Ripken, Jr",0.9345612525939941,0,0,0
9834,"Answer the question concisely. Q: What was the location of the worst nuclear disaster in the United States, when a partial core meltdown of reactor #2 resulted in the release of significant quantities of radioactive gas in 1979? A:","['3 mile island', 'Three-Mile Island', '3 Mile Island', 'Three Mile Island station', 'Three Mile Island Nuclear Generating Station', 'Three Mile Island nuclear plant', 'Three Mile Island Nuclear', 'Three Mile Island Nuclear Power Plant', 'Three Mile Island Power Plant', 'Three Mile Island nuclear power plant', 'Three Mile Island']"," Three Mile Island, Pennsylvania",0.75101637840271,0,0,0
9845,"Answer the question concisely. Q: First held on May 17, 1875, what is the oldest, continuously held major sporting event in the United States? A:","['The Kentucky Derby', 'KY Derby', 'The Run for the Roses', 'Kentucky Derby', 'Kentucky derby']", The Kentucky Derby,0.9122167825698853,0,0,0
9854,"Answer the question concisely. Q: On Sept 23, 1846 three astronomers Urbain Le Verrier, John Couch Adams, and Johann Galle co-discovered which one of the current planets? A:","['8th planet', ""Le Verrier's planet"", 'Neptuno (planet)', 'Neptune the blue ocean planet', 'Planet Neptune', 'Sol 8', 'Sol IIX', 'Neptune (Planet)', ""Neptune's weather"", 'Neptune (astronomy)', 'Astronomy Neptune', 'The Scooter (Neptune)', 'Eighth planet', 'Neptune (planet)', '♆', 'Sol-8', 'Neptune', 'Sol VIII', 'Sun i', 'Atmosphere of Neptune', ""Neptune's Atmosphere"", 'Weather of Neptune', ""Neptune's"", 'Magnetosphere of Neptune', 'Neptune planet', 'Neptunus (planet)', 'The planet exterior to Uranus', ""Neptune's atmosphere""]", Uranus,0.6429525017738342,0,1,1
9880,"Answer the question concisely. Q: Name the ingredients that make up that classic American favorite, the Big Mac A:","['Big Mac Sauce', 'Big Mac', 'Two all-beef patties, special sauce, lettuce, cheese, pickles, onions on a sesame seed bun', 'Two all beef patties, special sauce, lettuce, cheese, pickles, onions, on a sesame seed bun', 'Big Mac® Sauce', 'Two all beef patties, special sauce, lettuce, cheese, pickles, onions on a sesame seed bun', 'Big mac', 'Monster Mac', 'Big macs', 'Baby Mac', 'Maharaja Mac', 'Two all beef patties, special sauce, lettuce, cheese, pickles, onions on a sesame seed bun.', 'Two all beef patties special sauce lettuce cheese pickles onions on a sesame seed bun', ""Special sauce (McDonald's)"", 'Twoallbeefpattiesspecialsaucelettucecheesepicklesonionsonasesameseedbun', 'BigMac', 'MacSauce', 'Big Mac slogan', 'Big Mac sauce', 'Gotbot.com', 'Gofbot.com', 'Big Mac(r) Sauce', 'Two all beef patties, special sauce, lettuce, cheese, pickles, onions, on a sesame seed bun.', 'Big mac slogan', 'Special sauce', 'Mega Mac']"," Beef, lettuce, pickles, onions, special sauce, and a sesame seed bun",0.5295644402503967,0,0,0
9900,Answer the question concisely. Q: What is the name of the train station that services Amtrak and Sound Transit's Sounder commuter train for the city of Seattle? A:,"['King Street Station (Amtrak station)', 'King Street Station', 'Seattle railway station', 'Seattle (Sounder station)', 'Seattle King Street Station', 'Seattle Train Station', 'King Street Station (Sounder station)', 'King Street Station (Seattle)', 'Seattle (Amtrak station)', 'Seattle Station']", Seattle Center Station,0.6440320611000061,0,1,1
9911,Answer the question concisely. Q: Friggatriskaidekaphobia (or triskaidekaphobia or paraskevidekatriaphobia) is the fear of what? A:,"['Friday the 13', 'Paraskevidekatriaphobics', 'Paraskavedekatriaphobia', 'Friday The Thirteenth', 'Paraskavidekatriaphobia', 'Friday the thirteenth', 'Paraskavedekatriaphobe', 'Paraskevidekatriaphobia', 'Paraskevidekatriaphobic', 'Friday the 13th', 'Tuesday the 13th', 'Paraskevidekatriaphobe', 'Friggatriskaidekaphobia', 'Friday 13', 'Friday The 13th', 'Friday 13th', 'Friday the Thirteenth']", The number 13,0.5191011428833008,0,1,1
9912,"Answer the question concisely. Q: November 10, 1775 at Tun Tavern, Philadelphia, saw the official birth of branch of the US armed forces? A:","[""America's Marines"", 'U.S. Marines', 'United States marine corp', 'U.S. Marien Corps', 'US Marien Corps', 'The United States Marine Corps', 'Leatherneck.com', 'Marines.mil', 'Marine Corps of the United States', 'Us marines', 'USMC', 'United States Marines Corp', 'US marine', 'Former Marine', 'U.S. marines', 'American Marine Corps', 'United States Marines', 'United States of America Marine Corps', 'Us marines corps', 'U.s. marines', 'Marine Corps Order', 'US Marine Corp', 'Improvise, adapt and overcome', 'U.S. Marine Corps', 'Marine On-Line', 'United States Marine Corps', 'U. S. Marine Corps', 'Usmc', 'US Marine', 'USAMC', 'United States Marien Corps', 'Us Marine', 'U S Marine Corps', 'United States Marine Corp', 'United States Marine', 'Marine online', 'U.S.M.C.', 'Gyrene', 'Us marine corps', 'Adapt Improvise Overcome', 'Marine corps grunt', 'US Marines', 'U.S. Marine', 'US marines', 'United States Marines Corps', 'U.S Marine Corps', 'US Marine Corps', 'American Marines', 'Member of The United States Marine Corp', 'USA Marine Corps', 'USA Marines', 'United States Marine corps']", Yes,0.23893466591835022,1,1,1
9925,"Answer the question concisely. Q: First put on sale last week, Decision Points, currently ranked #1 in books on Amazon.com, is a memoir by what politician? A:","['George Walker Bush', 'Dubya', 'Bush, George W.', 'Bush Jr.', 'George W. Bush (painter)', 'W Bush', 'Bushian', 'Gorge w bush', 'Bush the younger', 'George w', 'Bush 43', 'Bush II', 'George the Younger', 'George W. Bussh', 'George W. Bush Street', 'George Bush (43rd U.S. President)', 'G W Bush', 'Dubyuh', 'George Bush jr.', 'G.W. Bush', 'W. bush', 'Dubya Bush', 'G. W. Bush', 'George W Bush', 'US President George W. Bush', 'G.w.bush', 'Bush Junior', 'George W. Bush, 43rd President of the United States', 'George Bush (2000)', 'George w.', 'George W', 'Gorge W. Bush', 'G. Walker Bush', 'GEORGE W. BUSH', 'George Dubya Bush', 'Geroge W Bush', '2004 Republican Presidential Nominee', 'George w Bush', 'George Bush II', 'George Bush Jr.', 'Baby Bush', 'W. Bush', '2000 Republican Presidential Nominee', 'Junior Bush', 'George W.', 'President Bush (2000)', 'Goerge W. Bush', 'George Bush Jr', 'George W. Budh', '43rd President of the United States', 'George W. Buah', 'G Dub', 'George W Bush Jr', '43rd Pesident of the United States', 'Jorge W. Bush', 'Bush the Younger', 'International perception of george W. Bush', 'GeorgeWBush', 'George w bush', 'George bush 43', 'Bush (43)', 'George Bush 2', 'George Bush (43)', 'Bush-43', 'George Bush Junior', 'W bush', 'George Wаlker Bush', 'Gw bush', 'George w. bush', 'G. W. B.', 'George W. bush', 'Bushists', 'Religious faith of George W. Bush', 'President Bush (43)', 'George W. Bush', 'George W.Bush', 'George W bush', 'George Bush, Jr.', 'G. Dub', 'GW Bush', 'President George W Bush', 'Former President George W. Bush', 'President George Walker Bush']", George W. Bush,0.8730372190475464,0,0,0
9944,"Answer the question concisely. Q: Which series of books tell the story of Precious Ramotswe, a Botswana woman who becomes a private detective to help others and to make Botswana a better place? A:",['‘The No. 1 Ladies’ Detective Agency’ by Alexander McCall Smith']," The books in the series are: The Book of Precious Ramotswe, The Book of Ruth, The Book of Mme. Ntombi, The Book of Mme. Ntombi, The Book of Mme. Ntombi, The Book of Mme. Ntombi",0.32104814052581787,1,1,1
